#ifndef ROM_A2600_dkarcade2600_H
#define ROM_A2600_dkarcade2600_H

#include <stdint.h>

static const uint8_t dkarcade2600[] = {
   0x4C, 0xF0, 0xA0, 0xE3, 0x30, 0xF0, 0xA0, 0xE3, 0x30, 0xF0, 0xA0, 0xE3, 0x30, 0xF0, 0xA0, 0xE3, 
   0x30, 0xF0, 0xA0, 0xE3, 0x00, 0x00, 0x00, 0x00, 0xF0, 0xFF, 0x1F, 0xE5, 0x30, 0xF0, 0xA0, 0xE3, 
   0x1E, 0xAB, 0xAD, 0x10, 0x00, 0x00, 0x00, 0x00, 0x8C, 0x00, 0x00, 0x40, 0x0E, 0xF0, 0xA0, 0xE1, 
   0x00, 0x10, 0xA0, 0xE3, 0xEC, 0x20, 0x9F, 0xE5, 0xA0, 0x11, 0x82, 0xE5, 0xE8, 0x60, 0x9F, 0xE5, 
   0x00, 0x80, 0xA0, 0xE3, 0x08, 0x80, 0x86, 0xE5, 0xFE, 0xFF, 0xFF, 0xEA, 0xD4, 0x00, 0x9F, 0xE5, 
   0xAA, 0x10, 0xA0, 0xE3, 0x55, 0x20, 0xA0, 0xE3, 0x26, 0x30, 0xA0, 0xE3, 0x84, 0x30, 0x80, 0xE5, 
   0x01, 0x30, 0xA0, 0xE3, 0x80, 0x30, 0x80, 0xE5, 0x8C, 0x10, 0x80, 0xE5, 0x8C, 0x20, 0x80, 0xE5, 
   0x88, 0x30, 0x90, 0xE5, 0x40, 0x3E, 0x13, 0xE2, 0xFC, 0xFF, 0xFF, 0x0A, 0x03, 0x30, 0xA0, 0xE3, 
   0x80, 0x30, 0x80, 0xE5, 0x8C, 0x10, 0x80, 0xE5, 0x8C, 0x20, 0x80, 0xE5, 0x94, 0x30, 0x9F, 0xE5, 
   0x00, 0x80, 0xA0, 0xE3, 0x00, 0x80, 0x83, 0xE5, 0x04, 0x20, 0xA0, 0xE3, 0x04, 0x20, 0x83, 0xE5, 
   0x02, 0x60, 0xA0, 0xE3, 0x00, 0x60, 0x83, 0xE5, 0x01, 0x50, 0xA0, 0xE3, 0x00, 0x51, 0xC3, 0xE5, 
   0xA0, 0x51, 0x83, 0xE5, 0x00, 0x10, 0xE0, 0xE3, 0x01, 0x26, 0xA0, 0xE1, 0x14, 0x10, 0x82, 0xE5, 
   0x8F, 0x0F, 0xA0, 0xE3, 0x00, 0x80, 0x82, 0xE7, 0x04, 0x00, 0x40, 0xE2, 0x80, 0x0F, 0x50, 0xE3, 
   0xFB, 0xFF, 0xFF, 0x5A, 0x54, 0x00, 0x9F, 0xE5, 0x34, 0x00, 0x82, 0xE5, 0x50, 0x20, 0x9F, 0xE5, 
   0x00, 0x80, 0x82, 0xE5, 0x04, 0x80, 0x82, 0xE5, 0x48, 0x80, 0x9F, 0xE5, 0x48, 0x50, 0x9F, 0xE5, 
   0x00, 0x80, 0x85, 0xE5, 0x18, 0x80, 0x85, 0xE5, 0xFF, 0x00, 0x88, 0xE3, 0x10, 0x00, 0x85, 0xE5, 
   0x38, 0x70, 0x9F, 0xE5, 0x2F, 0x4A, 0xA0, 0xE1, 0x40, 0x04, 0xA0, 0xE3, 0x30, 0x10, 0x9F, 0xE5, 
   0x00, 0x20, 0x91, 0xE5, 0x01, 0x20, 0x80, 0xE7, 0x04, 0x10, 0x51, 0xE2, 0x04, 0x00, 0x51, 0xE1, 
   0xFA, 0xFF, 0xFF, 0x5A, 0x0B, 0x00, 0x00, 0xEA, 0x00, 0xC0, 0x1F, 0xE0, 0x00, 0x80, 0x02, 0xE0, 
   0x84, 0x06, 0x00, 0x40, 0x00, 0xC0, 0x02, 0xE0, 0x80, 0x00, 0x00, 0xE0, 0x00, 0xC0, 0xFF, 0x3F, 
   0x00, 0xFC, 0xFF, 0xFF, 0xFC, 0x1F, 0x00, 0x00, 0x00, 0x00, 0x00, 0x00, 0x00, 0x00, 0x00, 0x00, 
   0x00, 0x00, 0x00, 0x00, 0x00, 0x00, 0x00, 0x00, 0xD1, 0xF0, 0x21, 0xE3, 0x30, 0xEA, 0x9F, 0xE5, 
   0x30, 0x0A, 0x9F, 0xE5, 0x0C, 0x00, 0x8E, 0xE5, 0x00, 0x00, 0xA0, 0xE3, 0x08, 0x00, 0x8E, 0xE5, 
   0x10, 0x00, 0x8E, 0xE5, 0x02, 0x00, 0xA0, 0xE3, 0x04, 0x00, 0x8E, 0xE5, 0x01, 0x00, 0xA0, 0xE3, 
   0x04, 0x00, 0x8E, 0xE5, 0xD3, 0xF0, 0x21, 0xE3, 0x0C, 0xDA, 0x9F, 0xE5, 0xD2, 0xF0, 0x21, 0xE3, 
   0x08, 0xDA, 0x9F, 0xE5, 0xDF, 0xF0, 0x21, 0xE3, 0x04, 0xCA, 0x9F, 0xE5, 0x04, 0xDA, 0x9F, 0xE5, 
   0x04, 0xBA, 0x9F, 0xE5, 0x04, 0x9A, 0x9F, 0xE5, 0x04, 0xAA, 0x9F, 0xE5, 0xF4, 0x09, 0x9F, 0xE5, 
   0x00, 0x3A, 0x9F, 0xE5, 0x00, 0x1A, 0x9F, 0xE5, 0x01, 0x20, 0x93, 0xE7, 0x01, 0x20, 0x80, 0xE7, 
   0x04, 0x10, 0x51, 0xE2, 0xFB, 0xFF, 0xFF, 0x5A, 0x05, 0x30, 0xA0, 0xE3, 0x40, 0x04, 0x5F, 0xE2, 
   0x0B, 0x00, 0x00, 0x3A, 0xE4, 0x69, 0x9F, 0xE5, 0xB6, 0x11, 0xD5, 0xE1, 0x06, 0x00, 0x51, 0xE1, 
   0xFC, 0xFF, 0xFF, 0x1A, 0xB6, 0x11, 0xD5, 0xE1, 0x06, 0x00, 0x51, 0xE1, 0xF9, 0xFF, 0xFF, 0x1A, 
   0x00, 0x80, 0x85, 0xE5, 0x01, 0xA0, 0xC5, 0xE5, 0xB6, 0x21, 0xD5, 0xE1, 0x02, 0x00, 0x51, 0xE1, 
   0xFC, 0xFF, 0xFF, 0x0A, 0xB8, 0xF9, 0x9F, 0xE5, 0x00, 0x80, 0x85, 0x05, 0xB6, 0x21, 0xD5, 0xE1, 
   0x40, 0x0D, 0x12, 0xE3, 0x0F, 0x00, 0x00, 0x1A, 0xC0, 0x04, 0x0A, 0xE2, 0xD1, 0xF0, 0x21, 0xE3, 
   0x08, 0x10, 0x9E, 0xE5, 0x01, 0x0F, 0x50, 0xE1, 0x0B, 0x80, 0x88, 0x10, 0x0C, 0x90, 0x89, 0x10, 
   0x0D, 0xA0, 0x8A, 0x10, 0xDF, 0xF0, 0x21, 0xE3, 0x40, 0xA4, 0x8A, 0x12, 0xB6, 0x21, 0xD5, 0xE1, 
   0x40, 0x0D, 0x12, 0xE3, 0x00, 0x80, 0x85, 0x05, 0xFB, 0xFF, 0xFF, 0x0A, 0xB6, 0x21, 0xD5, 0xE1, 
   0x40, 0x0D, 0x12, 0xE3, 0xEB, 0xFF, 0xFF, 0x0A, 0x42, 0x0D, 0x52, 0xE3, 0x07, 0x40, 0x02, 0xE2, 
   0x02, 0xF1, 0x99, 0x37, 0x0B, 0x00, 0x42, 0xE0, 0x06, 0x00, 0x50, 0xE3, 0x00, 0x30, 0xA0, 0x31, 
   0x03, 0x06, 0x82, 0xE0, 0x00, 0x40, 0xD7, 0xE7, 0x15, 0x40, 0xC5, 0xE5, 0x01, 0xA0, 0xC5, 0xE5, 
   0xFF, 0x0C, 0x1A, 0xE3, 0xA9, 0x00, 0x54, 0x03, 0xB4, 0x01, 0x00, 0x0A, 0xB6, 0x11, 0xD5, 0xE1, 
   0x02, 0x00, 0x51, 0xE1, 0xFC, 0xFF, 0xFF, 0x0A, 0xEB, 0xFF, 0xFF, 0xEA, 0x00, 0x00, 0x00, 0x00, 
   0x00, 0x00, 0x00, 0x00, 0x00, 0x00, 0x00, 0x00, 0x00, 0x00, 0x00, 0x00, 0x00, 0x00, 0x00, 0x00, 
   0x00, 0x00, 0x00, 0x00, 0x00, 0x00, 0x00, 0x00, 0x00, 0x00, 0x00, 0x00, 0x00, 0x00, 0x00, 0x00, 
   0x00, 0x00, 0x00, 0x00, 0x00, 0x00, 0x00, 0x00, 0x00, 0x00, 0x00, 0x00, 0x00, 0x00, 0x00, 0x00, 
   0x00, 0x00, 0x00, 0x00, 0x00, 0x00, 0x00, 0x00, 0x00, 0x00, 0x00, 0x00, 0x00, 0x00, 0x00, 0x00, 
   0x00, 0x00, 0x00, 0x00, 0x00, 0x00, 0x00, 0x00, 0x00, 0x00, 0x00, 0x00, 0x00, 0x00, 0x00, 0x00, 
   0x00, 0x00, 0x00, 0x00, 0x00, 0x00, 0x00, 0x00, 0x00, 0x00, 0x00, 0x00, 0x00, 0x00, 0x00, 0x00, 
   0x00, 0x00, 0x00, 0x00, 0x00, 0x00, 0x00, 0x00, 0x00, 0x00, 0x00, 0x00, 0x00, 0x00, 0x00, 0x00, 
   0x00, 0x00, 0x00, 0x00, 0x00, 0x00, 0x00, 0x00, 0x00, 0x00, 0x00, 0x00, 0x44, 0x50, 0x43, 0x2B, 
   0x03, 0x00, 0x00, 0x00, 0x00, 0x00, 0x00, 0x00, 0x00, 0x00, 0x00, 0x00, 0x00, 0x0C, 0x00, 0x00, 
   0x00, 0x0C, 0x00, 0x00, 0x00, 0x0C, 0x00, 0x00, 0x88, 0x48, 0x9F, 0xE5, 0x00, 0x00, 0x94, 0xE5, 
   0xE0, 0x05, 0xB0, 0xE1, 0x80, 0xE8, 0x9F, 0xE5, 0x0E, 0x00, 0x20, 0x40, 0x00, 0x00, 0x84, 0xE5, 
   0x15, 0x00, 0xC5, 0xE5, 0x01, 0xA0, 0xC5, 0xE5, 0xCB, 0xFF, 0xFF, 0xEA, 0x64, 0x48, 0x9F, 0xE5, 
   0x00, 0x00, 0x94, 0xE5, 0x00, 0x00, 0xB0, 0xE1, 0x5C, 0xE8, 0x9F, 0xE5, 0x0E, 0x00, 0x20, 0x40, 
   0xE0, 0x0A, 0xA0, 0xE1, 0x00, 0x00, 0x84, 0xE5, 0x15, 0x00, 0xC5, 0xE5, 0x01, 0xA0, 0xC5, 0xE5, 
   0xC1, 0xFF, 0xFF, 0xEA, 0x07, 0x40, 0x04, 0xE2, 0x40, 0xE8, 0x9F, 0xE5, 0x0E, 0x00, 0xD4, 0xE7, 
   0x15, 0x00, 0xC5, 0xE5, 0x01, 0xA0, 0xC5, 0xE5, 0xBB, 0xFF, 0xFF, 0xEA, 0x30, 0x68, 0x9F, 0xE5, 
   0x13, 0x00, 0x96, 0xE8, 0xD1, 0xF0, 0x21, 0xE3, 0xA8, 0x0D, 0xD0, 0xE7, 0xA9, 0x1D, 0xD1, 0xE7, 
   0xAA, 0x4D, 0xD4, 0xE7, 0xDF, 0xF0, 0x21, 0xE3, 0x01, 0x60, 0x84, 0xE0, 0x00, 0x60, 0x86, 0xE0, 
   0x15, 0x60, 0xC5, 0xE5, 0x01, 0xA0, 0xC5, 0xE5, 0xAF, 0xFF, 0xFF, 0xEA, 0x07, 0x40, 0x04, 0xE2, 
   0x04, 0x01, 0x9C, 0xE7, 0x20, 0x1A, 0xDD, 0xE7, 0x15, 0x10, 0xC5, 0xE5, 0x01, 0xA0, 0xC5, 0xE5, 
   0x40, 0x09, 0x80, 0xE2, 0x04, 0x01, 0x8C, 0xE7, 0xA7, 0xFF, 0xFF, 0xEA, 0x07, 0x40, 0x04, 0xE2, 
   0x04, 0xE1, 0xA0, 0xE1, 0x0C, 0x00, 0xBE, 0xE7, 0x20, 0x10, 0x9E, 0xE5, 0x00, 0x62, 0x41, 0xE0, 
   0x01, 0x44, 0x41, 0xE0, 0x06, 0x00, 0x54, 0xE1, 0x20, 0x1A, 0xDD, 0x37, 0x15, 0x10, 0xC5, 0xE5, 
   0x01, 0xA0, 0xC5, 0xE5, 0x40, 0x09, 0x80, 0xE2, 0x00, 0x00, 0x8E, 0xE5, 0x9A, 0xFF, 0xFF, 0xEA, 
   0x07, 0x40, 0x04, 0xE2, 0x10, 0x40, 0x84, 0xE2, 0x04, 0x01, 0x9C, 0xE7, 0x20, 0x1A, 0xDD, 0xE7, 
   0x15, 0x10, 0xC5, 0xE5, 0x01, 0xA0, 0xC5, 0xE5, 0x08, 0xE0, 0x84, 0xE2, 0x0E, 0xE1, 0x9C, 0xE7, 
   0x0E, 0x06, 0x80, 0xE0, 0x04, 0x01, 0x8C, 0xE7, 0x8F, 0xFF, 0xFF, 0xEA, 0x07, 0x40, 0x04, 0xE2, 
   0x04, 0x61, 0xA0, 0xE1, 0x0C, 0x00, 0xB6, 0xE7, 0x20, 0x10, 0x96, 0xE5, 0x00, 0x62, 0x41, 0xE0, 
   0x01, 0x44, 0x41, 0xE0, 0x06, 0x00, 0x54, 0xE1, 0xFF, 0x10, 0xA0, 0x33, 0x15, 0x10, 0xC5, 0xE5, 
   0x01, 0xA0, 0xC5, 0xE5, 0x84, 0xFF, 0xFF, 0xEA, 0x10, 0x40, 0x84, 0xE2, 0x04, 0xE1, 0x9C, 0xE7, 
   0xFF, 0xE6, 0xCE, 0xE3, 0xFF, 0xEA, 0xCE, 0xE3, 0x00, 0x80, 0x85, 0xE5, 0x01, 0x00, 0xA0, 0xE1, 
   0x15, 0x10, 0xD5, 0xE5, 0xB6, 0x61, 0xD5, 0xE1, 0x06, 0x00, 0x52, 0xE1, 0xFA, 0xFF, 0xFF, 0x0A, 
   0x00, 0xEA, 0x8E, 0xE1, 0x04, 0xE1, 0x8C, 0xE7, 0x67, 0xFF, 0xFF, 0xEA, 0x10, 0x40, 0x84, 0xE2, 
   0x04, 0xE1, 0x9C, 0xE7, 0xF0, 0xE4, 0xCE, 0xE3, 0x00, 0x80, 0x85, 0xE5, 0x01, 0x00, 0xA0, 0xE1, 
   0x15, 0x10, 0xD5, 0xE5, 0xB6, 0x61, 0xD5, 0xE1, 0x06, 0x00, 0x52, 0xE1, 0xFA, 0xFF, 0xFF, 0x0A, 
   0x00, 0xEE, 0x8E, 0xE1, 0x04, 0xE1, 0x8C, 0xE7, 0x5B, 0xFF, 0xFF, 0xEA, 0x10, 0x40, 0x84, 0xE2, 
   0x04, 0x01, 0x9C, 0xE7, 0xFF, 0x0A, 0xC0, 0xE3, 0x04, 0x01, 0x8C, 0xE7, 0x08, 0x40, 0x84, 0xE2, 
   0x00, 0x80, 0x85, 0xE5, 0x01, 0x00, 0xA0, 0xE1, 0x15, 0x10, 0xD5, 0xE5, 0xB6, 0x61, 0xD5, 0xE1, 
   0x06, 0x00, 0x52, 0xE1, 0xFA, 0xFF, 0xFF, 0x0A, 0x04, 0x01, 0xCC, 0xE7, 0x4E, 0xFF, 0xFF, 0xEA, 
   0x08, 0x00, 0x02, 0xE2, 0x08, 0x00, 0x20, 0xE2, 0x04, 0x41, 0xA0, 0xE1, 0x22, 0x40, 0x84, 0xE2, 
   0xA0, 0x41, 0x84, 0xE0, 0x00, 0x80, 0x85, 0xE5, 0x01, 0x00, 0xA0, 0xE1, 0x15, 0x10, 0xD5, 0xE5, 
   0xB6, 0x61, 0xD5, 0xE1, 0x06, 0x00, 0x52, 0xE1, 0xFA, 0xFF, 0xFF, 0x0A, 0x04, 0x00, 0xCC, 0xE7, 
   0x41, 0xFF, 0xFF, 0xEA, 0x04, 0x41, 0xA0, 0xE1, 0x04, 0xE0, 0x9C, 0xE7, 0xFF, 0xE6, 0xCE, 0xE3, 
   0x00, 0x80, 0x85, 0xE5, 0x01, 0x00, 0xA0, 0xE1, 0x15, 0x10, 0xD5, 0xE5, 0xB6, 0x61, 0xD5, 0xE1, 
   0x06, 0x00, 0x52, 0xE1, 0xFA, 0xFF, 0xFF, 0x0A, 0x00, 0xEA, 0x8E, 0xE1, 0x04, 0xE0, 0x8C, 0xE7, 
   0x35, 0xFF, 0xFF, 0xEA, 0xFF, 0xAC, 0xCA, 0xE3, 0x00, 0x80, 0x85, 0xE5, 0x01, 0x00, 0xA0, 0xE1, 
   0x15, 0x10, 0xD5, 0xE5, 0xB6, 0x41, 0xD5, 0xE1, 0x04, 0x00, 0x52, 0xE1, 0xFA, 0xFF, 0xFF, 0x0A, 
   0x00, 0xA4, 0x8A, 0xE1, 0x2C, 0xFF, 0xFF, 0xEA, 0x38, 0xE6, 0x9F, 0xE5, 0x00, 0x60, 0xDE, 0xE5, 
   0x01, 0x60, 0x86, 0xE2, 0x00, 0x60, 0xCE, 0xE5, 0x00, 0x80, 0x85, 0xE5, 0x01, 0x00, 0xA0, 0xE1, 
   0x15, 0x10, 0xD5, 0xE5, 0xB6, 0x41, 0xD5, 0xE1, 0x04, 0x00, 0x52, 0xE1, 0xFA, 0xFF, 0xFF, 0x0A, 
   0x0B, 0x00, 0x56, 0xE3, 0x06, 0x00, 0xCE, 0x37, 0x1F, 0xFF, 0xFF, 0xEA, 0x08, 0xE6, 0x9F, 0xE5, 
   0x00, 0x80, 0x85, 0xE5, 0x01, 0x00, 0xA0, 0xE1, 0x15, 0x10, 0xD5, 0xE5, 0xB6, 0x41, 0xD5, 0xE1, 
   0x04, 0x00, 0x52, 0xE1, 0xFA, 0xFF, 0xFF, 0x0A, 0x00, 0x00, 0xCE, 0xE5, 0xB6, 0x41, 0xD5, 0xE1, 
   0x40, 0x4D, 0x84, 0xE3, 0xEA, 0x10, 0xA0, 0xE3, 0x15, 0x10, 0xC5, 0xE5, 0x01, 0xA0, 0xC5, 0xE5, 
   0x8C, 0x15, 0x9F, 0xE5, 0x08, 0x20, 0x91, 0xE5, 0x01, 0x20, 0x82, 0xE2, 0x18, 0x20, 0x81, 0xE5, 
   0x01, 0x20, 0xA0, 0xE3, 0x14, 0x20, 0x81, 0xE5, 0x40, 0x14, 0xA0, 0xE3, 0x28, 0xA0, 0x81, 0xE5, 
   0x10, 0x10, 0xA0, 0xE3, 0xB4, 0x25, 0x9F, 0xE5, 0x10, 0x10, 0x82, 0xE5, 0xFE, 0x00, 0x50, 0xE3, 
   0xD3, 0xF0, 0x21, 0x13, 0x53, 0xF0, 0x21, 0x03, 0xB8, 0x1F, 0x2D, 0xE9, 0x0F, 0xE0, 0xA0, 0xE1, 
   0x47, 0x00, 0x00, 0xEA, 0x00, 0x10, 0xE0, 0xE3, 0x01, 0x26, 0xA0, 0xE1, 0x14, 0x10, 0x82, 0xE5, 
   0x3C, 0x15, 0x9F, 0xE5, 0x00, 0x20, 0xA0, 0xE3, 0x14, 0x20, 0x81, 0xE5, 0xB8, 0x1F, 0xBD, 0xE8, 
   0xDF, 0xF0, 0x21, 0xE3, 0x4C, 0x00, 0xA0, 0xE3, 0x04, 0x04, 0x80, 0xE1, 0x0F, 0x60, 0xA0, 0xE1, 
   0x30, 0x00, 0x00, 0xEA, 0x40, 0x04, 0xA0, 0xE3, 0x28, 0xA0, 0x90, 0xE5, 0xB6, 0x21, 0xD5, 0xE1, 
   0x01, 0xFF, 0xFF, 0xEA, 0x04, 0xE0, 0x5E, 0xE2, 0x67, 0x40, 0x2D, 0xE9, 0x00, 0x15, 0x9F, 0xE5, 
   0x01, 0x20, 0xA0, 0xE3, 0x00, 0x20, 0x81, 0xE5, 0x08, 0x20, 0x91, 0xE5, 0x01, 0x20, 0x82, 0xE2, 
   0x18, 0x20, 0x81, 0xE5, 0x40, 0x24, 0xA0, 0xE3, 0x28, 0x50, 0x92, 0xE5, 0xC0, 0x04, 0x05, 0xE2, 
   0x08, 0x10, 0x91, 0xE5, 0x01, 0x0F, 0x50, 0xE1, 0x40, 0x54, 0x85, 0x12, 0x28, 0x50, 0x82, 0xE5, 
   0xD1, 0xF0, 0x21, 0xE3, 0x08, 0x65, 0x9F, 0xE5, 0x07, 0x00, 0x96, 0xE8, 0xA8, 0x0D, 0xD0, 0xE7, 
   0xA9, 0x1D, 0xD1, 0xE7, 0xAA, 0x2D, 0xD2, 0xE7, 0x0B, 0x80, 0x88, 0x10, 0x0C, 0x90, 0x89, 0x10, 
   0x0D, 0xA0, 0x8A, 0x10, 0x01, 0x60, 0x82, 0xE0, 0x00, 0x60, 0x86, 0xE0, 0xFF, 0x60, 0x06, 0xE2, 
   0xEC, 0x54, 0x9F, 0xE5, 0xEC, 0x04, 0x9F, 0xE5, 0x06, 0x04, 0x80, 0xE1, 0x0F, 0x60, 0xA0, 0xE1, 
   0x0C, 0x00, 0x00, 0xEA, 0x0F, 0x60, 0xA0, 0xE1, 0x0A, 0x00, 0x00, 0xEA, 0x01, 0x00, 0xC5, 0xE5, 
   0xEA, 0x00, 0xA0, 0xE3, 0x0F, 0x60, 0xA0, 0xE1, 0x06, 0x00, 0x00, 0xEA, 0xFF, 0x00, 0xA0, 0xE3, 
   0x01, 0x00, 0xC5, 0xE5, 0xD2, 0xF0, 0x21, 0xE3, 0xFF, 0x00, 0xE0, 0xE3, 0xD0, 0x0E, 0x00, 0xE5, 
   0x67, 0x80, 0xFD, 0xE8, 0x56, 0x34, 0x12, 0xEF, 0xB6, 0x21, 0xD5, 0xE1, 0x82, 0x2A, 0xA0, 0xE1, 
   0xB6, 0x11, 0xD5, 0xE1, 0x81, 0x0A, 0x52, 0xE1, 0xFC, 0xFF, 0xFF, 0x0A, 0x00, 0x00, 0xA0, 0xE1, 
   0x00, 0x00, 0xA0, 0xE1, 0x15, 0x00, 0xC5, 0xE5, 0x20, 0x04, 0xB0, 0xE1, 0xF5, 0xFF, 0xFF, 0x1A, 
   0x06, 0xF0, 0xA0, 0xE1, 0xFE, 0x00, 0x50, 0xE3, 0xC0, 0xFE, 0xA0, 0x23, 0x64, 0x64, 0x9F, 0xE5, 
   0x03, 0x10, 0xA0, 0xE3, 0x00, 0x10, 0xC6, 0xE5, 0x00, 0x00, 0xB0, 0xE1, 0x0E, 0xF0, 0xA0, 0x01, 
   0x02, 0x00, 0x50, 0xE3, 0x04, 0x60, 0x86, 0xE2, 0xB0, 0x40, 0xD6, 0xE1, 0xC0, 0x4E, 0x84, 0xE2, 
   0x80, 0x4C, 0xC4, 0xE3, 0x02, 0x10, 0xD6, 0xE5, 0x07, 0x10, 0x01, 0xE2, 0x01, 0x01, 0x9C, 0xE7, 
   0x00, 0xC4, 0x9F, 0xE5, 0x20, 0xCA, 0x8C, 0xE0, 0x03, 0x10, 0xD6, 0xE5, 0x05, 0x00, 0x00, 0x0A, 
   0x0E, 0xF0, 0xA0, 0x21, 0x01, 0x00, 0xD4, 0xE4, 0x01, 0x00, 0xCC, 0xE4, 0x01, 0x10, 0x51, 0xE2, 
   0xFB, 0xFF, 0xFF, 0x8A, 0x0E, 0xF0, 0xA0, 0xE1, 0x01, 0x40, 0xCC, 0xE4, 0x01, 0x10, 0x51, 0xE2, 
   0xFC, 0xFF, 0xFF, 0x8A, 0x0E, 0xF0, 0xA0, 0xE1, 0xD1, 0xF0, 0x21, 0xE3, 0x00, 0xA0, 0xA0, 0xE3, 
   0xDF, 0xF0, 0x21, 0xE3, 0x00, 0x80, 0x85, 0xE5, 0xA7, 0xFE, 0xFF, 0xEA, 0x07, 0x40, 0x02, 0xE2, 
   0x04, 0x41, 0xA0, 0xE1, 0x04, 0xE0, 0x9C, 0xE7, 0xF0, 0xE4, 0xCE, 0xE3, 0x00, 0x80, 0x85, 0xE5, 
   0x01, 0x00, 0xA0, 0xE1, 0x15, 0x10, 0xD5, 0xE5, 0xB6, 0x61, 0xD5, 0xE1, 0x06, 0x00, 0x52, 0xE1, 
   0xFA, 0xFF, 0xFF, 0x0A, 0x00, 0xEE, 0x8E, 0xE1, 0x04, 0xE0, 0x8C, 0xE7, 0x8A, 0xFE, 0xFF, 0xEA, 
   0xC4, 0xE3, 0x9F, 0xE5, 0x04, 0xE1, 0x8E, 0xE0, 0x00, 0x80, 0x85, 0xE5, 0x01, 0x00, 0xA0, 0xE1, 
   0x15, 0x10, 0xD5, 0xE5, 0xB6, 0x41, 0xD5, 0xE1, 0x04, 0x00, 0x52, 0xE1, 0xFA, 0xFF, 0xFF, 0x0A, 
   0x80, 0x62, 0x8D, 0xE0, 0x00, 0x60, 0x8E, 0xE5, 0x7F, 0xFE, 0xFF, 0xEA, 0x04, 0xE1, 0x9C, 0xE7, 
   0x40, 0xE9, 0x4E, 0xE2, 0x04, 0xE1, 0x8C, 0xE7, 0x00, 0x80, 0x85, 0xE5, 0x01, 0x00, 0xA0, 0xE1, 
   0x15, 0x10, 0xD5, 0xE5, 0xB6, 0x61, 0xD5, 0xE1, 0x06, 0x00, 0x52, 0xE1, 0xFA, 0xFF, 0xFF, 0x0A, 
   0x2E, 0x0A, 0xCD, 0xE7, 0x74, 0xFE, 0xFF, 0xEA, 0x48, 0x43, 0x9F, 0xE5, 0x6C, 0x03, 0x9F, 0xE5, 
   0x00, 0x00, 0x84, 0xE5, 0x00, 0x80, 0x85, 0xE5, 0x7F, 0xFE, 0xFF, 0xEA, 0x3C, 0xE3, 0x9F, 0xE5, 
   0x00, 0x80, 0x85, 0xE5, 0x01, 0x00, 0xA0, 0xE1, 0x15, 0x10, 0xD5, 0xE5, 0xB6, 0x61, 0xD5, 0xE1, 
   0x06, 0x00, 0x52, 0xE1, 0xFA, 0xFF, 0xFF, 0x0A, 0x04, 0x00, 0xCE, 0xE7, 0x66, 0xFE, 0xFF, 0xEA, 
   0x40, 0x6D, 0x8D, 0xE2, 0x00, 0x80, 0x85, 0xE5, 0xD1, 0xF0, 0x21, 0xE3, 0x01, 0x00, 0xA0, 0xE1, 
   0x15, 0x10, 0xD5, 0xE5, 0xB6, 0x41, 0xD5, 0xE1, 0x04, 0x00, 0x52, 0xE1, 0xFA, 0xFF, 0xFF, 0x0A, 
   0x00, 0xB1, 0x96, 0xE7, 0xDF, 0xF0, 0x21, 0xE3, 0x5B, 0xFE, 0xFF, 0xEA, 0x40, 0x6D, 0x8D, 0xE2, 
   0x00, 0x80, 0x85, 0xE5, 0xD1, 0xF0, 0x21, 0xE3, 0x01, 0x00, 0xA0, 0xE1, 0x15, 0x10, 0xD5, 0xE5, 
   0xB6, 0x41, 0xD5, 0xE1, 0x04, 0x00, 0x52, 0xE1, 0xFA, 0xFF, 0xFF, 0x0A, 0x00, 0xC1, 0x96, 0xE7, 
   0xDF, 0xF0, 0x21, 0xE3, 0x50, 0xFE, 0xFF, 0xEA, 0x40, 0x6D, 0x8D, 0xE2, 0x00, 0x80, 0x85, 0xE5, 
   0xD1, 0xF0, 0x21, 0xE3, 0x01, 0x00, 0xA0, 0xE1, 0x15, 0x10, 0xD5, 0xE5, 0xB6, 0x41, 0xD5, 0xE1, 
   0x04, 0x00, 0x52, 0xE1, 0xFA, 0xFF, 0xFF, 0x0A, 0x00, 0xD1, 0x96, 0xE7, 0xDF, 0xF0, 0x21, 0xE3, 
   0x45, 0xFE, 0xFF, 0xEA, 0x04, 0xE1, 0x9C, 0xE7, 0x00, 0x80, 0x85, 0xE5, 0x01, 0x00, 0xA0, 0xE1, 
   0x15, 0x10, 0xD5, 0xE5, 0xB6, 0x61, 0xD5, 0xE1, 0x06, 0x00, 0x52, 0xE1, 0xFA, 0xFF, 0xFF, 0x0A, 
   0x2E, 0x0A, 0xCD, 0xE7, 0x40, 0xE9, 0x8E, 0xE2, 0x04, 0xE1, 0x8C, 0xE7, 0x3A, 0xFE, 0xFF, 0xEA, 
   0x01, 0x00, 0x80, 0xE2, 0x00, 0x40, 0xD7, 0xE7, 0x80, 0x0A, 0xA0, 0xE1, 0x82, 0x2A, 0xA0, 0xE1, 
   0xB6, 0x11, 0xD5, 0xE1, 0x81, 0x0A, 0x52, 0xE1, 0xFC, 0xFF, 0xFF, 0x0A, 0xB6, 0x21, 0xD5, 0xE1, 
   0x82, 0x0A, 0x50, 0xE1, 0x30, 0xFE, 0xFF, 0x1A, 0x28, 0x00, 0x54, 0xE3, 0x04, 0xF1, 0x9F, 0x37, 
   0x36, 0xFE, 0xFF, 0xEA, 0x38, 0x03, 0x00, 0x40, 0x5C, 0x03, 0x00, 0x40, 0x84, 0x03, 0x00, 0x40, 
   0x84, 0x03, 0x00, 0x40, 0x84, 0x03, 0x00, 0x40, 0x9C, 0x03, 0x00, 0x40, 0x9C, 0x03, 0x00, 0x40, 
   0x9C, 0x03, 0x00, 0x40, 0xCC, 0x03, 0x00, 0x40, 0xCC, 0x03, 0x00, 0x40, 0xCC, 0x03, 0x00, 0x40, 
   0xCC, 0x03, 0x00, 0x40, 0xCC, 0x03, 0x00, 0x40, 0xCC, 0x03, 0x00, 0x40, 0xCC, 0x03, 0x00, 0x40, 
   0xCC, 0x03, 0x00, 0x40, 0xEC, 0x03, 0x00, 0x40, 0xEC, 0x03, 0x00, 0x40, 0xEC, 0x03, 0x00, 0x40, 
   0xEC, 0x03, 0x00, 0x40, 0xEC, 0x03, 0x00, 0x40, 0xEC, 0x03, 0x00, 0x40, 0xEC, 0x03, 0x00, 0x40, 
   0xEC, 0x03, 0x00, 0x40, 0x20, 0x04, 0x00, 0x40, 0x20, 0x04, 0x00, 0x40, 0x20, 0x04, 0x00, 0x40, 
   0x20, 0x04, 0x00, 0x40, 0x20, 0x04, 0x00, 0x40, 0x20, 0x04, 0x00, 0x40, 0x20, 0x04, 0x00, 0x40, 
   0x20, 0x04, 0x00, 0x40, 0x4C, 0x04, 0x00, 0x40, 0x4C, 0x04, 0x00, 0x40, 0x4C, 0x04, 0x00, 0x40, 
   0x4C, 0x04, 0x00, 0x40, 0x4C, 0x04, 0x00, 0x40, 0x4C, 0x04, 0x00, 0x40, 0x4C, 0x04, 0x00, 0x40, 
   0x4C, 0x04, 0x00, 0x40, 0x78, 0x04, 0x00, 0x40, 0x78, 0x04, 0x00, 0x40, 0x78, 0x04, 0x00, 0x40, 
   0x78, 0x04, 0x00, 0x40, 0x78, 0x04, 0x00, 0x40, 0x78, 0x04, 0x00, 0x40, 0x78, 0x04, 0x00, 0x40, 
   0x78, 0x04, 0x00, 0x40, 0xAC, 0x04, 0x00, 0x40, 0xAC, 0x04, 0x00, 0x40, 0xAC, 0x04, 0x00, 0x40, 
   0xAC, 0x04, 0x00, 0x40, 0xAC, 0x04, 0x00, 0x40, 0xAC, 0x04, 0x00, 0x40, 0xAC, 0x04, 0x00, 0x40, 
   0xAC, 0x04, 0x00, 0x40, 0xDC, 0x04, 0x00, 0x40, 0xDC, 0x04, 0x00, 0x40, 0xDC, 0x04, 0x00, 0x40, 
   0xDC, 0x04, 0x00, 0x40, 0xDC, 0x04, 0x00, 0x40, 0xDC, 0x04, 0x00, 0x40, 0xDC, 0x04, 0x00, 0x40, 
   0xDC, 0x04, 0x00, 0x40, 0x10, 0x05, 0x00, 0x40, 0x10, 0x05, 0x00, 0x40, 0x10, 0x05, 0x00, 0x40, 
   0x10, 0x05, 0x00, 0x40, 0x10, 0x05, 0x00, 0x40, 0x10, 0x05, 0x00, 0x40, 0x10, 0x05, 0x00, 0x40, 
   0x10, 0x05, 0x00, 0x40, 0x10, 0x05, 0x00, 0x40, 0x10, 0x05, 0x00, 0x40, 0x10, 0x05, 0x00, 0x40, 
   0x10, 0x05, 0x00, 0x40, 0x10, 0x05, 0x00, 0x40, 0x10, 0x05, 0x00, 0x40, 0x10, 0x05, 0x00, 0x40, 
   0x10, 0x05, 0x00, 0x40, 0x44, 0x05, 0x00, 0x40, 0x44, 0x05, 0x00, 0x40, 0x44, 0x05, 0x00, 0x40, 
   0x44, 0x05, 0x00, 0x40, 0x44, 0x05, 0x00, 0x40, 0x44, 0x05, 0x00, 0x40, 0x44, 0x05, 0x00, 0x40, 
   0x44, 0x05, 0x00, 0x40, 0x74, 0x05, 0x00, 0x40, 0x98, 0x05, 0x00, 0x40, 0xCC, 0x05, 0x00, 0x40, 
   0xEC, 0x07, 0x00, 0x40, 0xD8, 0x07, 0x00, 0x40, 0x20, 0x08, 0x00, 0x40, 0x20, 0x08, 0x00, 0x40, 
   0x20, 0x08, 0x00, 0x40, 0x4C, 0x08, 0x00, 0x40, 0x4C, 0x08, 0x00, 0x40, 0x4C, 0x08, 0x00, 0x40, 
   0x4C, 0x08, 0x00, 0x40, 0x4C, 0x08, 0x00, 0x40, 0x4C, 0x08, 0x00, 0x40, 0x4C, 0x08, 0x00, 0x40, 
   0x4C, 0x08, 0x00, 0x40, 0xEC, 0x07, 0x00, 0x40, 0xEC, 0x07, 0x00, 0x40, 0xEC, 0x07, 0x00, 0x40, 
   0xEC, 0x07, 0x00, 0x40, 0xEC, 0x07, 0x00, 0x40, 0xEC, 0x07, 0x00, 0x40, 0xEC, 0x07, 0x00, 0x40, 
   0xEC, 0x07, 0x00, 0x40, 0x78, 0x08, 0x00, 0x40, 0x8C, 0x08, 0x00, 0x40, 0x8C, 0x08, 0x00, 0x40, 
   0x8C, 0x08, 0x00, 0x40, 0x8C, 0x08, 0x00, 0x40, 0xB0, 0x08, 0x00, 0x40, 0xDC, 0x08, 0x00, 0x40, 
   0x08, 0x09, 0x00, 0x40, 0x34, 0x09, 0x00, 0x40, 0x34, 0x09, 0x00, 0x40, 0x34, 0x09, 0x00, 0x40, 
   0x34, 0x09, 0x00, 0x40, 0x34, 0x09, 0x00, 0x40, 0x34, 0x09, 0x00, 0x40, 0x34, 0x09, 0x00, 0x40, 
   0x34, 0x09, 0x00, 0x40, 0x00, 0x40, 0x00, 0xE0, 0xAC, 0x0D, 0x00, 0x00, 0xDC, 0x1F, 0x00, 0x40, 
   0x80, 0x00, 0x00, 0x40, 0x9C, 0x02, 0x00, 0x40, 0x00, 0x0C, 0x00, 0x40, 0xF6, 0x1F, 0x00, 0x00, 
   0x94, 0xC9, 0xFF, 0x3F, 0xFF, 0xFF, 0x00, 0x00, 0x00, 0x6C, 0x00, 0x00, 0xFC, 0x13, 0x00, 0x00, 
   0xF4, 0x1F, 0x00, 0x00, 0x3C, 0x02, 0x00, 0x40, 0x1C, 0x03, 0x00, 0x40, 0x1E, 0xAB, 0xAD, 0x10, 
   0x1B, 0x03, 0x00, 0x40, 0x2C, 0x03, 0x00, 0x40, 0x20, 0x03, 0x00, 0x40, 0x21, 0x03, 0x00, 0x40, 
   0x00, 0xF0, 0xFF, 0xFF, 0x00, 0xC0, 0xFF, 0x3F, 0xA9, 0x00, 0x85, 0x19, 0x18, 0x03, 0x00, 0x40, 
   0x44, 0x50, 0x43, 0x2B, 0x00, 0x00, 0x00, 0x00, 0x00, 0x00, 0x00, 0x00, 0x00, 0x00, 0x00, 0x00, 
   0x01, 0x00, 0x8F, 0xE2, 0x10, 0xFF, 0x2F, 0xE1, 0x0B, 0x48, 0x02, 0x68, 0x00, 0x2A, 0x0C, 0xD4, 
   0x01, 0x32, 0x02, 0x60, 0x01, 0x2A, 0x08, 0xD1, 0x08, 0x48, 0x09, 0x49, 0x09, 0x4A, 0x89, 0x1A, 
   0x04, 0x39, 0x02, 0xD4, 0x43, 0x58, 0x53, 0x50, 0xFA, 0xD1, 0x00, 0xB5, 0x06, 0x48, 0x86, 0x46, 
   0x06, 0x48, 0x00, 0x47, 0x02, 0xBC, 0x08, 0x47, 0x24, 0x00, 0x00, 0x40, 0xB0, 0x13, 0x00, 0x00, 
   0x30, 0x1C, 0x00, 0x40, 0x00, 0x1C, 0x00, 0x40, 0x35, 0x0C, 0x00, 0x00, 0x1D, 0x0E, 0x00, 0x00, 
   0x00, 0x00, 0x00, 0x00, 0x00, 0x00, 0x00, 0x00, 0x00, 0x00, 0x00, 0x00, 0x00, 0x00, 0x00, 0x00, 
   0x00, 0x00, 0x00, 0x00, 0x00, 0x00, 0x00, 0x00, 0x00, 0x00, 0x00, 0x00, 0x00, 0x00, 0x00, 0x00, 
   0x00, 0x00, 0x00, 0x00, 0x00, 0x00, 0x00, 0x00, 0x00, 0x00, 0x00, 0x00, 0x00, 0x00, 0x00, 0x00, 
   0xF0, 0xB5, 0x14, 0x1C, 0xA5, 0x1A, 0x9D, 0x42, 0x09, 0xDA, 0x06, 0x4F, 0x8E, 0x1A, 0x36, 0x5D, 
   0x3F, 0x68, 0x25, 0x06, 0x2D, 0x0E, 0x3E, 0x40, 0x46, 0x55, 0x01, 0x34, 0xF2, 0xE7, 0xF0, 0xBC, 
   0x01, 0xBC, 0x00, 0x47, 0x34, 0x1C, 0x00, 0x40, 0x10, 0xB5, 0x03, 0x1C, 0x1C, 0x1A, 0x94, 0x42, 
   0x02, 0xDA, 0x19, 0x70, 0x01, 0x33, 0xF9, 0xE7, 0x10, 0xBC, 0x01, 0xBC, 0x00, 0x47, 0x00, 0x00, 
   0x05, 0x4B, 0x1B, 0x68, 0x1B, 0x18, 0x1A, 0x1C, 0x2E, 0x32, 0x10, 0x78, 0x26, 0x33, 0x1B, 0x78, 
   0x00, 0x02, 0xC0, 0x18, 0x70, 0x47, 0xC0, 0x46, 0x30, 0x1C, 0x00, 0x40, 0x03, 0x4B, 0x1B, 0x68, 
   0x1B, 0x18, 0x98, 0x7F, 0x9B, 0x7D, 0x00, 0x02, 0xC0, 0x18, 0x70, 0x47, 0x30, 0x1C, 0x00, 0x40, 
   0x06, 0x4B, 0x1A, 0x78, 0x01, 0x3A, 0x90, 0x42, 0x06, 0xD0, 0x05, 0x4B, 0x01, 0x30, 0xC1, 0x5C, 
   0x1B, 0x18, 0x01, 0x3B, 0x19, 0x70, 0xF6, 0xE7, 0x70, 0x47, 0xC0, 0x46, 0x3C, 0x1C, 0x00, 0x40, 
   0x00, 0x1C, 0x00, 0x40, 0xF0, 0xB5, 0x15, 0x4B, 0xDA, 0x68, 0x10, 0x18, 0x44, 0x7D, 0x21, 0x30, 
   0x03, 0x78, 0xFF, 0x20, 0xE5, 0x18, 0x05, 0x40, 0xEF, 0x17, 0xDE, 0x0F, 0x9D, 0x42, 0x77, 0x41, 
   0x51, 0x18, 0x4A, 0x7D, 0x7B, 0x42, 0x21, 0x31, 0x1C, 0x40, 0x0B, 0x78, 0xD1, 0x18, 0x01, 0x40, 
   0xCD, 0x17, 0xD8, 0x0F, 0x99, 0x42, 0x45, 0x41, 0x69, 0x42, 0x0A, 0x40, 0xA2, 0x1A, 0x00, 0x2A, 
   0x07, 0xDD, 0x05, 0x3A, 0x00, 0x2A, 0x04, 0xDD, 0xD0, 0x0F, 0xD9, 0x17, 0x93, 0x42, 0x48, 0x41, 
   0x00, 0xE0, 0x01, 0x20, 0xF0, 0xBC, 0x02, 0xBC, 0x08, 0x47, 0xC0, 0x46, 0x00, 0x1C, 0x00, 0x40, 
   0x15, 0x4B, 0x70, 0xB5, 0x15, 0x4C, 0x1B, 0x68, 0x22, 0x68, 0x1D, 0x1C, 0xD6, 0x00, 0x38, 0x35, 
   0x01, 0x32, 0x22, 0x60, 0x2D, 0x78, 0x1A, 0x1C, 0x37, 0x32, 0x75, 0x19, 0x14, 0x78, 0x1E, 0x1C, 
   0x36, 0x33, 0x1A, 0x78, 0x39, 0x36, 0x24, 0x02, 0xA3, 0x18, 0x36, 0x78, 0x0F, 0x22, 0x0C, 0x49, 
   0x10, 0x40, 0x36, 0x02, 0xC0, 0x00, 0xAD, 0x19, 0x18, 0x18, 0x0E, 0x69, 0x4B, 0x69, 0x75, 0x19, 
   0x18, 0x18, 0x00, 0x23, 0xC2, 0x1A, 0xD2, 0x79, 0xEA, 0x54, 0x01, 0x33, 0x08, 0x2B, 0xF9, 0xD1, 
   0x70, 0xBC, 0x01, 0xBC, 0x00, 0x47, 0xC0, 0x46, 0x30, 0x1C, 0x00, 0x40, 0x38, 0x1C, 0x00, 0x40, 
   0x00, 0x1C, 0x00, 0x40, 0x0F, 0x4B, 0x9B, 0x69, 0x1A, 0x78, 0x03, 0x23, 0x13, 0x40, 0x01, 0x2B, 
   0x0F, 0xD0, 0x00, 0x2B, 0x07, 0xD0, 0x02, 0x2B, 0x13, 0xD1, 0x0B, 0x4B, 0x1B, 0x68, 0x18, 0x18, 
   0x03, 0x78, 0x59, 0x40, 0x0C, 0xE0, 0x08, 0x4B, 0x1B, 0x68, 0x18, 0x18, 0x03, 0x78, 0x19, 0x43, 
   0x06, 0xE0, 0x05, 0x4B, 0x1B, 0x68, 0x18, 0x18, 0x03, 0x78, 0x8B, 0x43, 0x03, 0x70, 0x00, 0xE0, 
   0x01, 0x70, 0x70, 0x47, 0x00, 0x1C, 0x00, 0x40, 0x48, 0x1C, 0x00, 0x40, 0xF0, 0xB5, 0x91, 0xB0, 
   0x85, 0x49, 0x20, 0x22, 0x08, 0xA8, 0x00, 0xF0, 0x6B, 0xFA, 0x84, 0x4B, 0xD8, 0x69, 0x5A, 0x69, 
   0x01, 0x88, 0x51, 0x18, 0x82, 0x4A, 0x9D, 0x69, 0x11, 0x60, 0xAC, 0x78, 0x2A, 0x78, 0x03, 0x21, 
   0x02, 0x94, 0x6E, 0x78, 0xEF, 0x78, 0x8A, 0x43, 0x1C, 0x1C, 0x10, 0x2A, 0x62, 0xD0, 0x0F, 0xD8, 
   0x08, 0x2A, 0x41, 0xD0, 0x0C, 0x2A, 0x50, 0xD0, 0x04, 0x2A, 0x00, 0xD0, 0xB3, 0xE0, 0xF8, 0x08, 
   0x1C, 0x69, 0xFF, 0xF7, 0x2D, 0xFF, 0x77, 0x4B, 0x24, 0x18, 0x1C, 0x60, 0x02, 0x9C, 0x29, 0xE0, 
   0x18, 0x2A, 0x00, 0xD1, 0x8C, 0xE0, 0x1C, 0x2A, 0x00, 0xD1, 0x99, 0xE0, 0x14, 0x2A, 0x00, 0xD0, 
   0xA1, 0xE0, 0x00, 0x22, 0xEA, 0x70, 0x02, 0x9C, 0xDA, 0x68, 0x5B, 0x69, 0x01, 0x93, 0x63, 0x00, 
   0x39, 0x33, 0xD3, 0x18, 0x04, 0x93, 0x23, 0x1C, 0x1C, 0x33, 0x5B, 0x00, 0xD3, 0x18, 0x05, 0x93, 
   0x73, 0x00, 0x39, 0x33, 0x11, 0x19, 0xD3, 0x18, 0x0D, 0x7D, 0x06, 0x93, 0x01, 0x31, 0x33, 0x1C, 
   0xC9, 0x7F, 0x1C, 0x33, 0xAC, 0x46, 0x5B, 0x00, 0xD3, 0x18, 0x61, 0x44, 0x07, 0x93, 0x03, 0x91, 
   0x2B, 0x1C, 0x31, 0xE0, 0xB4, 0x42, 0x00, 0xDD, 0x07, 0xE2, 0x08, 0xAD, 0x20, 0x1C, 0xE9, 0x5D, 
   0xFF, 0xF7, 0x80, 0xFF, 0x01, 0x34, 0xF5, 0xE7, 0xB7, 0x42, 0x00, 0xDD, 0xFD, 0xE1, 0xF8, 0x10, 
   0xFF, 0xF7, 0xEE, 0xFE, 0x25, 0x69, 0x57, 0x4B, 0x2D, 0x18, 0x08, 0xA8, 0xC1, 0x5D, 0x02, 0x98, 
   0x1D, 0x60, 0x01, 0x37, 0xFF, 0xF7, 0x6E, 0xFF, 0xEE, 0xE7, 0xF8, 0x08, 0x1C, 0x69, 0xFF, 0xF7, 
   0xDF, 0xFE, 0x50, 0x4B, 0x24, 0x18, 0x1C, 0x60, 0x08, 0xAA, 0xD1, 0x5D, 0x02, 0x98, 0xFF, 0xF7, 
   0x61, 0xFF, 0xE2, 0xE1, 0xD8, 0x68, 0x00, 0x21, 0x3A, 0x30, 0x4B, 0x4A, 0x50, 0xE0, 0x94, 0x19, 
   0x21, 0x7D, 0x8B, 0x42, 0x04, 0xDA, 0x01, 0x33, 0x03, 0x9C, 0xA3, 0x42, 0xF7, 0xDB, 0xD4, 0xE1, 
   0x60, 0x1C, 0xC0, 0x7F, 0x08, 0x18, 0x83, 0x42, 0xF5, 0xDA, 0x02, 0x9D, 0x50, 0x19, 0x80, 0x7A, 
   0xA4, 0x7A, 0x00, 0x1B, 0x07, 0x30, 0x0E, 0x28, 0xED, 0xDC, 0x04, 0x9F, 0x3D, 0x78, 0x05, 0x9F, 
   0x3C, 0x78, 0x2D, 0x02, 0x2C, 0x19, 0x01, 0x9F, 0x65, 0x46, 0xE4, 0x18, 0x64, 0x1B, 0x3C, 0x19, 
   0x24, 0x78, 0x00, 0x94, 0x06, 0x9C, 0x27, 0x78, 0x07, 0x9C, 0x25, 0x78, 0x3F, 0x02, 0x7D, 0x19, 
   0xED, 0x18, 0x01, 0x9F, 0x6D, 0x1A, 0x7D, 0x19, 0x29, 0x78, 0x81, 0x40, 0x08, 0x1C, 0x00, 0x99, 
   0xCC, 0x01, 0x04, 0x42, 0xCF, 0xD0, 0x2D, 0x4B, 0x9B, 0x69, 0xFF, 0x22, 0xDA, 0x70, 0xA4, 0xE1, 
   0xF0, 0x08, 0x1C, 0x69, 0xFF, 0xF7, 0x94, 0xFE, 0x2A, 0x4B, 0x20, 0x18, 0x18, 0x60, 0x02, 0x9F, 
   0xC3, 0x5D, 0x08, 0xA8, 0x82, 0x5D, 0x13, 0x40, 0x5A, 0x42, 0x53, 0x41, 0xEB, 0x70, 0x94, 0xE1, 
   0x00, 0x20, 0x1C, 0x69, 0xFF, 0xF7, 0x84, 0xFE, 0x80, 0x22, 0x20, 0x18, 0x31, 0x1C, 0xD2, 0x00, 
   0xFF, 0xF7, 0x72, 0xFE, 0x89, 0xE1, 0x21, 0x4A, 0x16, 0x70, 0x00, 0x23, 0xB3, 0x42, 0x05, 0xDA, 
   0x22, 0x1C, 0x20, 0x32, 0x9A, 0x5C, 0xE2, 0x54, 0x01, 0x33, 0xF7, 0xE7, 0x75, 0x1E, 0x02, 0x95, 
   0x25, 0x1C, 0x02, 0x3E, 0x20, 0x35, 0xAD, 0x19, 0x00, 0x2E, 0x1A, 0xDB, 0x68, 0x78, 0x29, 0x78, 
   0x77, 0x1C, 0xFF, 0xF7, 0x8F, 0xFE, 0x01, 0x28, 0x04, 0xD0, 0x02, 0x28, 0x08, 0xD0, 0x00, 0x28, 
   0x0C, 0xD0, 0xF8, 0xE7, 0x02, 0x98, 0x01, 0x38, 0x02, 0x90, 0x30, 0x1C, 0xFF, 0xF7, 0x70, 0xFE, 
   0x63, 0x1C, 0xDF, 0x19, 0xFB, 0x7F, 0x2A, 0x78, 0xFA, 0x77, 0x2B, 0x70, 0x01, 0x3E, 0x01, 0x3D, 
   0xE2, 0xE7, 0x00, 0x23, 0x09, 0x4D, 0x2A, 0x78, 0x93, 0x42, 0x11, 0xDA, 0xE2, 0x5C, 0xE1, 0x68, 
   0xCA, 0x54, 0x01, 0x33, 0xF6, 0xE7, 0xC0, 0x46, 0x90, 0x13, 0x00, 0x00, 0x00, 0x1C, 0x00, 0x40, 
   0x30, 0x1C, 0x00, 0x40, 0x48, 0x1C, 0x00, 0x40, 0x1E, 0x0E, 0x00, 0x00, 0x3C, 0x1C, 0x00, 0x40, 
   0x6E, 0x46, 0x08, 0x27, 0xBF, 0x5D, 0xE6, 0x68, 0x03, 0x20, 0x77, 0x72, 0xFF, 0xF7, 0x3E, 0xFE, 
   0x25, 0x69, 0x00, 0x21, 0x28, 0x18, 0xC0, 0x22, 0xFF, 0xF7, 0x1E, 0xFE, 0x01, 0x20, 0xFF, 0xF7, 
   0x35, 0xFE, 0xE3, 0x68, 0x25, 0x69, 0x37, 0x33, 0x19, 0x78, 0x28, 0x18, 0xC0, 0x22, 0xFF, 0xF7, 
   0x13, 0xFE, 0x00, 0x20, 0xFF, 0xF7, 0x2A, 0xFE, 0xE3, 0x68, 0x25, 0x69, 0x36, 0x33, 0x01, 0x38, 
   0x19, 0x78, 0x28, 0x18, 0xC1, 0x22, 0xFF, 0xF7, 0x07, 0xFE, 0x00, 0x20, 0xFF, 0xF7, 0x1E, 0xFE, 
   0xE3, 0x68, 0xD9, 0x7F, 0x9A, 0x7F, 0x09, 0x02, 0x89, 0x18, 0x62, 0x69, 0x25, 0x69, 0x51, 0x18, 
   0x1A, 0x7D, 0x01, 0x33, 0x28, 0x18, 0xDB, 0x7F, 0xFF, 0xF7, 0xE2, 0xFD, 0x02, 0x20, 0xFF, 0xF7, 
   0x0D, 0xFE, 0xE3, 0x68, 0x1A, 0x1C, 0x39, 0x32, 0x11, 0x78, 0x01, 0x3A, 0x12, 0x78, 0x09, 0x02, 
   0x25, 0x69, 0x89, 0x18, 0x62, 0x69, 0x01, 0x33, 0x51, 0x18, 0xDB, 0x7F, 0x00, 0x22, 0x28, 0x18, 
   0xFF, 0xF7, 0xCE, 0xFD, 0x7F, 0x4A, 0x00, 0x23, 0x13, 0x60, 0x7F, 0x4A, 0x13, 0x60, 0x7E, 0x4D, 
   0x7E, 0x4F, 0x2E, 0x68, 0x7E, 0x4C, 0xBE, 0x42, 0x00, 0xD1, 0xC8, 0xE0, 0x79, 0x4F, 0x7D, 0x49, 
   0x3B, 0x68, 0x22, 0x69, 0xFF, 0x20, 0xE6, 0x5C, 0x08, 0x60, 0x03, 0x20, 0x05, 0x92, 0xFF, 0xF7, 
   0xE5, 0xFD, 0x73, 0x00, 0x04, 0x93, 0x31, 0x1C, 0x05, 0x9B, 0x15, 0x31, 0x01, 0x91, 0x1B, 0x18, 
   0x04, 0x99, 0xE0, 0x68, 0x32, 0x1C, 0x21, 0x32, 0x03, 0x92, 0x42, 0x18, 0x3B, 0x32, 0x11, 0x78, 
   0x32, 0x1C, 0x1D, 0x32, 0x52, 0x00, 0x12, 0x5C, 0x09, 0x02, 0x9C, 0x46, 0x89, 0x18, 0x01, 0x9B, 
   0x62, 0x69, 0x51, 0x18, 0xC2, 0x5C, 0x03, 0x9B, 0xC3, 0x5C, 0x60, 0x46, 0x05, 0x93, 0xFF, 0xF7, 
   0x97, 0xFD, 0x68, 0x49, 0x22, 0x69, 0xFF, 0x20, 0x08, 0x60, 0x01, 0x20, 0x05, 0x92, 0xFF, 0xF7, 
   0xBD, 0xFD, 0x05, 0x99, 0xE3, 0x68, 0x08, 0x18, 0x04, 0x99, 0x5A, 0x18, 0x4D, 0x32, 0x11, 0x78, 
   0x32, 0x1C, 0x26, 0x32, 0x52, 0x00, 0xD2, 0x5C, 0x09, 0x02, 0x01, 0x9E, 0x89, 0x18, 0x62, 0x69, 
   0x51, 0x18, 0x9A, 0x5D, 0x03, 0x9E, 0x9B, 0x5D, 0xFF, 0xF7, 0x7A, 0xFD, 0x28, 0x68, 0x5A, 0x4E, 
   0xE3, 0x68, 0x30, 0x60, 0x01, 0x9A, 0x03, 0x98, 0x99, 0x5C, 0x1A, 0x5C, 0x8A, 0x18, 0xFF, 0x21, 
   0x0A, 0x40, 0x2A, 0x60, 0x3A, 0x68, 0x01, 0x92, 0xA4, 0x18, 0x64, 0x78, 0x03, 0x94, 0x02, 0x9C, 
   0xA2, 0x42, 0x04, 0xD0, 0x03, 0x9C, 0x1B, 0x19, 0x5B, 0x7D, 0xAF, 0x2B, 0x03, 0xD9, 0x4B, 0x48, 
   0x00, 0x23, 0x28, 0x60, 0x33, 0x60, 0x4A, 0x4C, 0x21, 0x69, 0x04, 0x20, 0x04, 0x91, 0xFF, 0xF7, 
   0x85, 0xFD, 0x01, 0x9A, 0x04, 0x9B, 0x80, 0x18, 0x19, 0x18, 0x2A, 0x68, 0x33, 0x68, 0x01, 0x9E, 
   0xD3, 0x1A, 0x75, 0x10, 0x5D, 0x1B, 0x6D, 0x10, 0x2D, 0x06, 0x2D, 0x0E, 0x0D, 0x70, 0x03, 0x9D, 
   0xE0, 0x68, 0x0B, 0x35, 0x42, 0x19, 0x13, 0x78, 0x9F, 0x2B, 0x05, 0xD9, 0xA0, 0x21, 0xD0, 0x2B, 
   0x00, 0xD9, 0x60, 0x21, 0x5B, 0x1A, 0x13, 0x70, 0x05, 0x20, 0xFF, 0xF7, 0x59, 0xFD, 0x39, 0x68, 
   0x26, 0x69, 0x40, 0x18, 0xE3, 0x68, 0x32, 0x18, 0x03, 0x98, 0x1E, 0x18, 0x2A, 0x36, 0x33, 0x78, 
   0x07, 0x20, 0x13, 0x70, 0xFF, 0xF7, 0x4C, 0xFD, 0x39, 0x68, 0x26, 0x69, 0x40, 0x18, 0xE2, 0x68, 
   0x30, 0x18, 0x32, 0x4E, 0x53, 0x5D, 0x31, 0x68, 0xCB, 0x18, 0x42, 0x33, 0x1B, 0x78, 0x03, 0x70, 
   0x22, 0x69, 0x05, 0x20, 0x01, 0x92, 0xFF, 0xF7, 0x49, 0xFD, 0x3B, 0x68, 0xE2, 0x68, 0x01, 0x99, 
   0xC0, 0x18, 0x08, 0x18, 0x53, 0x5D, 0xE0, 0x21, 0x49, 0x01, 0x5B, 0x5C, 0x32, 0x68, 0xD3, 0x5C, 
   0x03, 0x70, 0x23, 0x69, 0x06, 0x20, 0x01, 0x93, 0xFF, 0xF7, 0x38, 0xFD, 0xE3, 0x68, 0x39, 0x68, 
   0x01, 0x9A, 0x5B, 0x5D, 0xE0, 0x24, 0x40, 0x18, 0x64, 0x01, 0x1B, 0x5D, 0x10, 0x18, 0x32, 0x68, 
   0xD3, 0x18, 0xDB, 0x7A, 0x03, 0x70, 0x3B, 0x68, 0x01, 0x33, 0x3B, 0x60, 0x2F, 0xE7, 0x1A, 0x4B, 
   0x01, 0x22, 0x1A, 0x60, 0xE3, 0x68, 0x33, 0x33, 0x18, 0x78, 0xFF, 0xF7, 0x69, 0xFD, 0xE3, 0x68, 
   0x33, 0x33, 0x18, 0x78, 0x00, 0x09, 0xFF, 0xF7, 0x63, 0xFD, 0xE3, 0x68, 0x34, 0x33, 0x18, 0x78, 
   0xFF, 0xF7, 0x5E, 0xFD, 0xE3, 0x68, 0x34, 0x33, 0x18, 0x78, 0x00, 0x09, 0xFF, 0xF7, 0x58, 0xFD, 
   0xE3, 0x68, 0x35, 0x33, 0x18, 0x78, 0xFF, 0xF7, 0x53, 0xFD, 0xE3, 0x68, 0x35, 0x33, 0x18, 0x78, 
   0x00, 0x09, 0xFF, 0xF7, 0x4D, 0xFD, 0x00, 0x20, 0xFF, 0xE7, 0x11, 0xB0, 0xF0, 0xBC, 0x02, 0xBC, 
   0x08, 0x47, 0xC0, 0x46, 0x44, 0x1C, 0x00, 0x40, 0x40, 0x1C, 0x00, 0x40, 0xFF, 0x01, 0x00, 0x00, 
   0x00, 0x1C, 0x00, 0x40, 0x34, 0x1C, 0x00, 0x40, 0x38, 0x1C, 0x00, 0x40, 0x30, 0x1C, 0x00, 0x40, 
   0xF0, 0xB5, 0x0F, 0x2A, 0x3A, 0xD9, 0x0B, 0x1C, 0x03, 0x43, 0x9C, 0x07, 0x3B, 0xD1, 0x13, 0x1C, 
   0x10, 0x3B, 0x1B, 0x09, 0x01, 0x33, 0x1B, 0x01, 0xCC, 0x18, 0x05, 0x1C, 0x0E, 0x68, 0x2E, 0x60, 
   0x4E, 0x68, 0x6E, 0x60, 0x8E, 0x68, 0xAE, 0x60, 0xCE, 0x68, 0x10, 0x31, 0xEE, 0x60, 0x10, 0x35, 
   0x8C, 0x42, 0xF3, 0xD1, 0x0F, 0x25, 0xC3, 0x18, 0x15, 0x40, 0x03, 0x2D, 0x26, 0xD9, 0x04, 0x3D, 
   0xAD, 0x08, 0xAF, 0x00, 0x04, 0x37, 0xAC, 0x46, 0x21, 0x1C, 0xE7, 0x19, 0x1D, 0x1C, 0x40, 0xC9, 
   0x40, 0xC5, 0xB9, 0x42, 0xFB, 0xD1, 0x61, 0x46, 0x01, 0x31, 0x89, 0x00, 0x03, 0x25, 0x2A, 0x40, 
   0x64, 0x18, 0x5B, 0x18, 0x00, 0x2A, 0x06, 0xD0, 0x9A, 0x18, 0x21, 0x78, 0x19, 0x70, 0x01, 0x33, 
   0x01, 0x34, 0x93, 0x42, 0xF9, 0xD1, 0xF0, 0xBC, 0x02, 0xBC, 0x08, 0x47, 0x0C, 0x1C, 0x03, 0x1C, 
   0x00, 0x2A, 0xF1, 0xD1, 0xF7, 0xE7, 0x03, 0x1C, 0x0C, 0x1C, 0xED, 0xE7, 0x2A, 0x1C, 0xF7, 0xE7, 
   0x80, 0x40, 0x20, 0x10, 0x08, 0x04, 0x02, 0x01, 0x01, 0x02, 0x04, 0x08, 0x10, 0x20, 0x40, 0x80, 
   0x80, 0x40, 0x20, 0x10, 0x08, 0x04, 0x02, 0x01, 0x01, 0x02, 0x04, 0x08, 0x10, 0x20, 0x40, 0x80, 
   0x00, 0x01, 0x02, 0x03, 0x04, 0x05, 0x06, 0x07, 0x08, 0x00, 0x00, 0x00, 0xA8, 0x0D, 0x00, 0x40, 
   0x00, 0x0C, 0x00, 0x40, 0x00, 0x0C, 0x00, 0x00, 0xA4, 0x0D, 0x00, 0x40, 0xA0, 0x6D, 0x00, 0x00, 
   0x00, 0x01, 0x02, 0x03, 0x04, 0x05, 0x06, 0x07, 0x08, 0x00, 0x00, 0x00, 0x00, 0x0C, 0x00, 0x40, 
   0x1C, 0x32, 0x63, 0x63, 0x63, 0x26, 0x1C, 0x00, 0x3F, 0x0C, 0x0C, 0x0C, 0x0C, 0x1C, 0x0C, 0x00, 
   0x7F, 0x60, 0x3E, 0x03, 0x03, 0x63, 0x3E, 0x00, 0x3E, 0x63, 0x03, 0x1E, 0x0C, 0x06, 0x7F, 0x00, 
   0x06, 0x06, 0x7F, 0x66, 0x36, 0x1E, 0x0E, 0x00, 0x3E, 0x63, 0x03, 0x03, 0x7E, 0x60, 0x7E, 0x00, 
   0x3E, 0x63, 0x63, 0x7E, 0x60, 0x30, 0x1E, 0x00, 0x18, 0x18, 0x18, 0x0C, 0x06, 0x63, 0x7F, 0x00, 
   0x3E, 0x63, 0x63, 0x3E, 0x63, 0x63, 0x3E, 0x00, 0x3C, 0x06, 0x03, 0x3F, 0x63, 0x63, 0x3E, 0x00, 
   0x00, 0x00, 0x00, 0x00, 0x00, 0x00, 0x00, 0x00, 0x78, 0xD8, 0xA0, 0x00, 0xA5, 0xD0, 0xC9, 0x2C, 
   0xD0, 0x07, 0xA5, 0xD1, 0xC9, 0xA9, 0xD0, 0x01, 0x88, 0xA2, 0x00, 0x8A, 0xE8, 0x9A, 0x48, 0xD0, 
   0xFB, 0x84, 0xCB, 0xA2, 0x08, 0x86, 0xCA, 0x8E, 0x58, 0x10, 0xA2, 0x08, 0xA9, 0xE0, 0x95, 0x9A, 
   0xCA, 0x10, 0xFB, 0xA9, 0x01, 0x85, 0x0A, 0xAD, 0x84, 0x02, 0x8D, 0x71, 0x10, 0xA9, 0x00, 0x8D, 
   0x38, 0x10, 0x8D, 0x39, 0x10, 0x8D, 0x3A, 0x10, 0x8D, 0x3B, 0x10, 0x8D, 0x3C, 0x10, 0x8D, 0x3E, 
   0x10, 0xA9, 0xA5, 0x8D, 0x57, 0x10, 0xA9, 0x0D, 0x8D, 0x6F, 0x10, 0xA9, 0xFF, 0x8D, 0x5A, 0x10, 
   0xA9, 0x1E, 0x48, 0xA9, 0xD5, 0x48, 0x48, 0x48, 0xA2, 0x01, 0x4C, 0xEE, 0xDF, 0xA9, 0x01, 0x85, 
   0x2C, 0x85, 0x09, 0xAD, 0x84, 0x02, 0x30, 0xFB, 0xA9, 0x02, 0x85, 0x02, 0x85, 0x00, 0x85, 0x02, 
   0x85, 0x02, 0x4A, 0x85, 0x02, 0x85, 0x00, 0xA9, 0xA9, 0x8D, 0x96, 0x02, 0xA9, 0xA4, 0x8D, 0x50, 
   0x10, 0xA9, 0x01, 0x8D, 0x68, 0x10, 0xA9, 0x00, 0x8D, 0x78, 0x10, 0xA9, 0x09, 0x8D, 0x78, 0x10, 
   0xA5, 0x80, 0x85, 0x8F, 0xA9, 0xE2, 0x8D, 0x50, 0x10, 0xA9, 0x01, 0x8D, 0x68, 0x10, 0xA2, 0x39, 
   0xB5, 0x85, 0x8D, 0x60, 0x10, 0xCA, 0x10, 0xF8, 0xA9, 0xFF, 0x8D, 0x5A, 0x10, 0xA2, 0xED, 0xAD, 
   0x08, 0x10, 0x95, 0x98, 0xE8, 0x30, 0xF8, 0x20, 0x79, 0x1D, 0x20, 0x41, 0x1C, 0xA2, 0x07, 0xBD, 
   0xBC, 0x1C, 0x9D, 0x28, 0x10, 0xBD, 0xC4, 0x1C, 0x9D, 0x30, 0x10, 0xCA, 0x10, 0xF1, 0x8E, 0x3D, 
   0x10, 0x8E, 0x3F, 0x10, 0xAD, 0x1D, 0x10, 0xAD, 0x1F, 0x10, 0xA6, 0x85, 0xB5, 0xAF, 0x85, 0x05, 
   0x85, 0x0C, 0xA9, 0xFF, 0x85, 0xCC, 0x18, 0xA5, 0x99, 0x65, 0xA5, 0x38, 0xC5, 0xA5, 0x90, 0x04, 
   0xA9, 0x00, 0x85, 0xCC, 0x38, 0xA9, 0x08, 0xE5, 0x99, 0x8D, 0x52, 0x10, 0xA9, 0xD4, 0xE5, 0xCC, 
   0x8D, 0x6A, 0x10, 0xA9, 0x07, 0x8D, 0x42, 0x10, 0x38, 0x65, 0xA5, 0x8D, 0x4A, 0x10, 0xA9, 0x08, 
   0x8D, 0x50, 0x10, 0x85, 0xCC, 0xA9, 0xD5, 0x8D, 0x68, 0x10, 0xA9, 0x07, 0x18, 0x65, 0xC1, 0x8D, 
   0x43, 0x10, 0x38, 0x65, 0xC4, 0x8D, 0x4B, 0x10, 0xA5, 0xCC, 0x18, 0x65, 0xBF, 0x8D, 0x40, 0x10, 
   0x38, 0x65, 0xC2, 0x8D, 0x48, 0x10, 0xAD, 0x84, 0x02, 0x30, 0xFB, 0x85, 0x02, 0xA0, 0x80, 0x84, 
   0x20, 0x84, 0x21, 0x84, 0x22, 0x84, 0x23, 0x84, 0x24, 0xA9, 0xD6, 0x8D, 0x96, 0x02, 0xA9, 0x01, 
   0x85, 0x27, 0x85, 0x25, 0xA9, 0x07, 0x18, 0x65, 0xC0, 0x8D, 0x41, 0x10, 0x38, 0x65, 0xC3, 0x8D, 
   0x49, 0x10, 0xA9, 0x00, 0x85, 0x01, 0x8D, 0x58, 0x10, 0xA9, 0x12, 0x85, 0x1B, 0xEA, 0xA9, 0x18, 
   0x85, 0x0E, 0xA9, 0x08, 0x85, 0x06, 0xA9, 0x09, 0x85, 0x07, 0xA9, 0x0B, 0x85, 0x1C, 0xA9, 0x20, 
   0x85, 0x1D, 0xA9, 0x1E, 0x85, 0x09, 0xA9, 0x1C, 0x85, 0x08, 0xA9, 0x19, 0x85, 0x0F, 0xA9, 0x12, 
   0x85, 0x1B, 0xA9, 0x23, 0x85, 0x1F, 0xA2, 0x70, 0xA9, 0x1A, 0x85, 0x0F, 0x84, 0x21, 0xA9, 0x1B, 
   0x85, 0x0E, 0xA9, 0x0C, 0xF0, 0x44, 0xA8, 0xA9, 0x08, 0xAE, 0x84, 0x02, 0xF0, 0x56, 0x85, 0x2A, 
   0x85, 0x06, 0xA9, 0x09, 0x85, 0x07, 0xA9, 0x0B, 0x85, 0x1C, 0xA9, 0x21, 0x85, 0x1E, 0xA9, 0x18, 
   0x85, 0x0E, 0xA9, 0x19, 0x85, 0x0F, 0xA9, 0x12, 0x85, 0x1B, 0xA9, 0x23, 0x85, 0x1F, 0x88, 0x8C, 
   0x64, 0x10, 0xA0, 0x80, 0xA9, 0x1A, 0x85, 0x0F, 0x84, 0x21, 0xA9, 0x1B, 0x85, 0x0E, 0x04, 0x00, 
   0xEA, 0x86, 0xCE, 0xA9, 0x18, 0x85, 0x0E, 0x4C, 0xB2, 0x59, 0xAC, 0x1F, 0x10, 0xA9, 0x18, 0x85, 
   0x0E, 0xA9, 0x08, 0x85, 0x06, 0xA9, 0x09, 0x85, 0x07, 0xA9, 0x0B, 0x85, 0x1C, 0xA9, 0x21, 0x85, 
   0x1E, 0x6C, 0x0D, 0x10, 0x20, 0x08, 0x5E, 0xA2, 0xFF, 0x8E, 0x58, 0x10, 0x85, 0x02, 0xA9, 0x02, 
   0x85, 0x01, 0xA9, 0xAF, 0x8D, 0x96, 0x02, 0x38, 0xA9, 0xD6, 0xE5, 0xCE, 0xAA, 0x4A, 0x4A, 0x85, 
   0xCD, 0x4A, 0x4A, 0x85, 0xCC, 0x4A, 0x85, 0xCB, 0x18, 0x8A, 0x65, 0xCC, 0x65, 0xCB, 0x38, 0xE5, 
   0xCD, 0x85, 0xCE, 0x4C, 0xE0, 0xDF, 0x85, 0x11, 0xA9, 0x12, 0x85, 0x1B, 0xA9, 0x23, 0x85, 0x1F, 
   0xA9, 0x19, 0x85, 0x0F, 0x04, 0x00, 0xEA, 0xA9, 0x1A, 0x85, 0x0F, 0xA9, 0x1B, 0x85, 0x0E, 0xA9, 
   0x1D, 0x85, 0x05, 0x85, 0x0C, 0x4C, 0x23, 0x1A, 0xA9, 0x12, 0x85, 0x1B, 0x85, 0x11, 0xA9, 0x23, 
   0x85, 0x1F, 0xA9, 0x19, 0x85, 0x0F, 0x04, 0x00, 0xEA, 0xA9, 0x1A, 0x85, 0x0F, 0xA9, 0x1B, 0x85, 
   0x0E, 0xA9, 0x1D, 0x85, 0x05, 0x85, 0x0C, 0x4C, 0x23, 0x1A, 0xA9, 0x12, 0x85, 0x1B, 0xA9, 0x23, 
   0x85, 0x1F, 0x85, 0x11, 0xA9, 0x19, 0x85, 0x0F, 0x04, 0x00, 0xEA, 0xA9, 0x1A, 0x85, 0x0F, 0xA9, 
   0x1B, 0x85, 0x0E, 0xA9, 0x1D, 0x85, 0x05, 0x85, 0x0C, 0x4C, 0x23, 0x1A, 0xA9, 0x12, 0x85, 0x1B, 
   0xA9, 0x23, 0x85, 0x1F, 0xA9, 0x19, 0x85, 0x0F, 0x85, 0x11, 0x04, 0x00, 0xEA, 0xA9, 0x1A, 0x85, 
   0x0F, 0xA9, 0x1B, 0x85, 0x0E, 0xA9, 0x1D, 0x85, 0x05, 0x85, 0x0C, 0x4C, 0x23, 0x1A, 0xA9, 0x12, 
   0x85, 0x1B, 0xA9, 0x23, 0x85, 0x1F, 0xA9, 0x19, 0x85, 0x0F, 0x04, 0x00, 0xEA, 0x85, 0x11, 0xA9, 
   0x1A, 0x85, 0x0F, 0xA9, 0x1B, 0x85, 0x0E, 0xA9, 0x1D, 0x85, 0x05, 0x85, 0x0C, 0x4C, 0x23, 0x1A, 
   0xA9, 0x12, 0x85, 0x1B, 0xA9, 0x23, 0x85, 0x1F, 0xA9, 0x19, 0x85, 0x0F, 0xA9, 0x1D, 0x85, 0x05, 
   0x85, 0x0C, 0xA9, 0x1A, 0x85, 0x0F, 0xA9, 0x1B, 0x85, 0x11, 0x85, 0x0E, 0x86, 0x21, 0xA9, 0x19, 
   0x85, 0x0F, 0xA9, 0x18, 0x85, 0x0E, 0xA9, 0x08, 0x85, 0x2A, 0x85, 0x06, 0xA9, 0x09, 0x85, 0x07, 
   0xA9, 0x0B, 0x85, 0x1C, 0xA9, 0x20, 0x85, 0x1D, 0xA9, 0x1E, 0x85, 0x09, 0xA9, 0x1C, 0x85, 0x08, 
   0xEA, 0x4C, 0xCE, 0x19, 0xA9, 0x12, 0x85, 0x1B, 0xA9, 0x23, 0x85, 0x1F, 0xA9, 0x19, 0x85, 0x0F, 
   0xA9, 0x1D, 0x85, 0x05, 0x85, 0x0C, 0xA9, 0x1A, 0x85, 0x0F, 0xEA, 0x85, 0x11, 0xA9, 0x1B, 0x85, 
   0x0E, 0x04, 0x00, 0x4C, 0x23, 0x1A, 0xA9, 0x12, 0x85, 0x1B, 0xA9, 0x23, 0x85, 0x1F, 0xA9, 0x19, 
   0x85, 0x0F, 0xA9, 0x1D, 0x85, 0x05, 0x85, 0x0C, 0xA9, 0x1A, 0x85, 0x0F, 0xA9, 0x1B, 0x85, 0x0E, 
   0xEA, 0x85, 0x11, 0x04, 0x00, 0x4C, 0x23, 0x1A, 0xA9, 0x12, 0x85, 0x1B, 0xA9, 0x23, 0x85, 0x1F, 
   0xA9, 0x19, 0x85, 0x0F, 0xA9, 0x1D, 0x85, 0x05, 0x85, 0x0C, 0xA9, 0x1A, 0x85, 0x0F, 0xA9, 0x1B, 
   0x85, 0x0E, 0x04, 0x00, 0xEA, 0xA9, 0x18, 0x85, 0x11, 0x04, 0x00, 0x85, 0x0E, 0x4C, 0xB2, 0x19, 
   0xA9, 0x12, 0x85, 0x1B, 0xA9, 0x23, 0x85, 0x1F, 0xA9, 0x19, 0x85, 0x0F, 0xA9, 0x1D, 0x85, 0x05, 
   0x85, 0x0C, 0xA9, 0x1A, 0x85, 0x0F, 0xA9, 0x1B, 0x85, 0x0E, 0xEA, 0xEA, 0xEA, 0xA9, 0x18, 0xAE, 
   0x08, 0x10, 0x85, 0x11, 0x85, 0x0E, 0xA9, 0x09, 0x86, 0x06, 0x4C, 0xB8, 0x19, 0xA9, 0x12, 0x85, 
   0x1B, 0xA9, 0x23, 0x85, 0x1F, 0xA9, 0x19, 0x85, 0x0F, 0xA9, 0x1D, 0x85, 0x05, 0x85, 0x0C, 0xA9, 
   0x1A, 0x85, 0x0F, 0xA9, 0x1B, 0x85, 0x0E, 0x04, 0x00, 0xA9, 0x19, 0x85, 0x0F, 0xAE, 0x08, 0x10, 
   0xA9, 0x18, 0x85, 0x0E, 0x85, 0x11, 0x86, 0x06, 0xA9, 0x09, 0x85, 0x07, 0xA9, 0x0B, 0x85, 0x1C, 
   0xA9, 0x20, 0x85, 0x1D, 0xA9, 0x1E, 0x85, 0x09, 0xA9, 0x1C, 0x85, 0x08, 0x04, 0x00, 0x4C, 0xCE, 
   0x19, 0xAD, 0xAC, 0x1C, 0x8D, 0x50, 0x10, 0xAD, 0xB4, 0x1C, 0x8D, 0x68, 0x10, 0xAD, 0xAD, 0x1C, 
   0x8D, 0x51, 0x10, 0xAD, 0xB5, 0x1C, 0x8D, 0x69, 0x10, 0xAD, 0xAE, 0x1C, 0x8D, 0x52, 0x10, 0xAD, 
   0xB6, 0x1C, 0x8D, 0x6A, 0x10, 0xAD, 0xAF, 0x1C, 0x8D, 0x53, 0x10, 0xAD, 0xB7, 0x1C, 0x8D, 0x6B, 
   0x10, 0xAD, 0xB0, 0x1C, 0x8D, 0x54, 0x10, 0xAD, 0xB8, 0x1C, 0x8D, 0x6C, 0x10, 0xAD, 0xB1, 0x1C, 
   0x8D, 0x55, 0x10, 0xAD, 0xB9, 0x1C, 0x8D, 0x6D, 0x10, 0xAD, 0xB2, 0x1C, 0x8D, 0x56, 0x10, 0xAD, 
   0xBA, 0x1C, 0x8D, 0x6E, 0x10, 0x60, 0x76, 0x98, 0xBA, 0xDC, 0xFE, 0x20, 0x64, 0x86, 0xA8, 0xD0, 
   0xFD, 0x1A, 0x1A, 0x1A, 0x1A, 0x1A, 0x1B, 0x1B, 0x1B, 0x1B, 0x1B, 0x1B, 0x08, 0x08, 0x08, 0x08, 
   0x2D, 0x08, 0x14, 0xA5, 0x05, 0x03, 0x04, 0x02, 0x0B, 0x0B, 0x0B, 0x0D, 0x08, 0x08, 0x08, 0x08, 
   0x08, 0x39, 0xA5, 0x20, 0x06, 0x07, 0x08, 0x09, 0x0A, 0x0B, 0x0B, 0x0B, 0xE0, 0x07, 0x45, 0x0B, 
   0x60, 0x50, 0x40, 0x30, 0x20, 0x10, 0x01, 0xF0, 0xE0, 0xD0, 0xC0, 0xB0, 0xA0, 0x90, 0x80, 0x60, 
   0x50, 0x40, 0x30, 0x20, 0x10, 0x01, 0xF0, 0xE0, 0xD0, 0xC0, 0xB0, 0xA0, 0x90, 0x80, 0x60, 0x50, 
   0x40, 0x30, 0x20, 0x10, 0x01, 0xF0, 0xE0, 0xD0, 0xC0, 0xB0, 0xA0, 0x90, 0x80, 0x60, 0x50, 0x40, 
   0x30, 0x20, 0x10, 0x01, 0xF0, 0xE0, 0xD0, 0xC0, 0xB0, 0xA0, 0x90, 0x80, 0x60, 0x50, 0x40, 0x30, 
   0x20, 0x10, 0x01, 0xF0, 0xE0, 0xD0, 0xC0, 0xB0, 0xA0, 0x90, 0x80, 0x60, 0x50, 0x40, 0x30, 0x20, 
   0x10, 0x01, 0xF0, 0xE0, 0xD0, 0xC0, 0xB0, 0xA0, 0x90, 0x80, 0x60, 0x50, 0x40, 0x30, 0x20, 0x10, 
   0x01, 0xF0, 0xE0, 0xD0, 0xC0, 0xB0, 0xA0, 0x90, 0x80, 0x60, 0x50, 0x40, 0x30, 0x20, 0x10, 0x01, 
   0xF0, 0xE0, 0xD0, 0xC0, 0xB0, 0xA0, 0x90, 0x80, 0x60, 0x50, 0x40, 0x30, 0x20, 0x10, 0x01, 0xF0, 
   0xE0, 0xD0, 0xC0, 0xB0, 0xA0, 0x90, 0x80, 0x60, 0x50, 0x40, 0x30, 0x20, 0x10, 0x01, 0xF0, 0xE0, 
   0xD0, 0xC0, 0xB0, 0xA0, 0x90, 0x80, 0x60, 0x50, 0x40, 0x30, 0x20, 0x10, 0x01, 0xF0, 0xE0, 0xD0, 
   0xC0, 0xB0, 0xA0, 0x90, 0x80, 0x10, 0x01, 0xF0, 0xE0, 0xA2, 0x00, 0xB5, 0x85, 0xAA, 0xB5, 0x90, 
   0xC9, 0xA0, 0x90, 0x0A, 0xC9, 0xD0, 0xB0, 0x02, 0xE9, 0x3F, 0x69, 0x9F, 0x95, 0x90, 0x85, 0x02, 
   0xA2, 0x04, 0x85, 0x81, 0xB5, 0x80, 0x38, 0xE9, 0x0F, 0xB0, 0xFC, 0xEA, 0xEA, 0x95, 0x10, 0x85, 
   0x02, 0xCA, 0x10, 0xF0, 0xA4, 0x80, 0xB9, 0xD0, 0x1C, 0x85, 0x20, 0xA4, 0x81, 0xB9, 0xD0, 0x1C, 
   0x85, 0x21, 0xA4, 0x82, 0xB9, 0xD0, 0x1C, 0x85, 0x22, 0xA4, 0x83, 0xB9, 0xD0, 0x1C, 0x85, 0x23, 
   0xA4, 0x84, 0xB9, 0xD0, 0x1C, 0x85, 0x24, 0x85, 0x02, 0x85, 0x2A, 0x60, 0x84, 0xCB, 0x85, 0xCC, 
   0x86, 0xCD, 0xA2, 0x03, 0xBD, 0xBC, 0x1C, 0x9D, 0x50, 0x10, 0xBD, 0xC4, 0x1C, 0x9D, 0x68, 0x10, 
   0xA5, 0xCC, 0x8D, 0x59, 0x10, 0xA5, 0xCD, 0x8D, 0x59, 0x10, 0x8E, 0x59, 0x10, 0x8C, 0x59, 0x10, 
   0xA9, 0x01, 0x8D, 0x5A, 0x10, 0x18, 0xA5, 0xCC, 0x65, 0xCB, 0x85, 0xCC, 0xA5, 0xCD, 0x69, 0x00, 
   0x85, 0xCD, 0xCA, 0x10, 0xCF, 0x4C, 0xE0, 0xDF, 0xA6, 0xEB, 0x86, 0x06, 0x86, 0x07, 0xA2, 0x00, 
   0x86, 0x0E, 0x86, 0x0B, 0x86, 0x0C, 0x86, 0x1B, 0x86, 0x1C, 0x86, 0x0F, 0x86, 0x2B, 0x86, 0x1D, 
   0x86, 0x1E, 0x86, 0x1F, 0xA5, 0xC6, 0x85, 0x08, 0x85, 0x2B, 0xA2, 0xF0, 0x86, 0x20, 0xA2, 0x45, 
   0x8E, 0x56, 0x10, 0xA2, 0x0B, 0x8E, 0x6E, 0x10, 0xA2, 0x4D, 0x8E, 0x50, 0x10, 0xA2, 0x0B, 0x8E, 
   0x68, 0x10, 0xA2, 0x55, 0x8E, 0x51, 0x10, 0xA2, 0x0B, 0x8E, 0x69, 0x10, 0xA2, 0x5D, 0x8E, 0x52, 
   0x10, 0xA2, 0x0B, 0x8E, 0x6A, 0x10, 0x85, 0x02, 0xA2, 0x00, 0x86, 0x1B, 0x86, 0x1C, 0xA2, 0x65, 
   0x8E, 0x53, 0x10, 0xA2, 0x0B, 0x8E, 0x6B, 0x10, 0xA2, 0x6D, 0x8E, 0x54, 0x10, 0xA2, 0x0B, 0x8E, 
   0x6C, 0x10, 0xA0, 0x07, 0xA2, 0x03, 0x84, 0x25, 0x85, 0x10, 0x85, 0x11, 0x84, 0xCB, 0x86, 0x04, 
   0x86, 0x05, 0x86, 0x26, 0xA2, 0x75, 0x8E, 0x55, 0x10, 0xA2, 0x0B, 0x8E, 0x6D, 0x10, 0x8D, 0x2A, 
   0x00, 0xA9, 0x0E, 0x85, 0x06, 0x85, 0x07, 0xA9, 0x09, 0x85, 0x1B, 0xA9, 0x08, 0x85, 0x1C, 0xA9, 
   0x0B, 0x85, 0x1B, 0xA5, 0xC8, 0x85, 0x0E, 0x04, 0x00, 0xEA, 0xAE, 0x0A, 0x10, 0xAC, 0x0D, 0x10, 
   0xA9, 0x0C, 0x86, 0x1C, 0x84, 0x1B, 0x85, 0x1C, 0x85, 0x1B, 0xA5, 0xC9, 0x85, 0x0E, 0xEA, 0xEA, 
   0xEA, 0xC6, 0xCB, 0x10, 0xCC, 0xA2, 0x00, 0x86, 0x0E, 0x86, 0x1B, 0x86, 0x1C, 0x86, 0x25, 0x86, 
   0x26, 0x86, 0x04, 0x86, 0x05, 0x60, 0xA9, 0x0B, 0x85, 0xE2, 0x20, 0x9E, 0x1F, 0xA9, 0xA2, 0x85, 
   0xB8, 0xA9, 0x60, 0x85, 0xB9, 0xA9, 0x0A, 0x85, 0xBA, 0x85, 0x81, 0xA9, 0x5D, 0x48, 0xA9, 0xE5, 
   0x48, 0xA5, 0x81, 0x48, 0x8A, 0x48, 0xA2, 0x03, 0x4C, 0xEE, 0xDF, 0xA5, 0xE7, 0xC9, 0x04, 0xD0, 
   0x03, 0x4C, 0x5D, 0x1F, 0x85, 0x81, 0xA9, 0x1F, 0x48, 0xA9, 0x1B, 0x48, 0xA9, 0x9F, 0x48, 0xA9, 
   0x09, 0x48, 0xA5, 0x81, 0x48, 0x8A, 0x48, 0xA2, 0x05, 0x4C, 0xEE, 0xDF, 0x20, 0x6F, 0x1F, 0x20, 
   0x9E, 0x1F, 0xA9, 0x30, 0x85, 0x80, 0xA9, 0x02, 0x85, 0x99, 0xA9, 0x2C, 0x85, 0x95, 0xA9, 0x18, 
   0x85, 0x9F, 0xA9, 0x28, 0x85, 0x96, 0xA9, 0xC8, 0x85, 0xA2, 0xA9, 0xA4, 0x8D, 0x50, 0x10, 0xA9, 
   0x01, 0x8D, 0x68, 0x10, 0xA2, 0x08, 0x8E, 0x78, 0x10, 0xA9, 0x09, 0x8D, 0x78, 0x10, 0xA0, 0x10, 
   0x8C, 0x78, 0x10, 0xA9, 0x06, 0x8D, 0x78, 0x10, 0xA9, 0xFF, 0x8D, 0x5A, 0x10, 0x85, 0x81, 0xA9, 
   0x5A, 0x48, 0xA9, 0xED, 0x48, 0xA5, 0x81, 0x48, 0x8A, 0x48, 0xA2, 0x03, 0x4C, 0xEE, 0xDF, 0xA9, 
   0xFE, 0x8D, 0x50, 0x10, 0xA9, 0x01, 0x8D, 0x68, 0x10, 0xA2, 0xA8, 0x8E, 0x78, 0x10, 0xA9, 0x61, 
   0x8D, 0x78, 0x10, 0xA9, 0xEC, 0x8D, 0x50, 0x10, 0xA9, 0x01, 0x8D, 0x68, 0x10, 0xA2, 0xB3, 0x8E, 
   0x78, 0x10, 0xA9, 0x61, 0x8D, 0x78, 0x10, 0xA9, 0x0B, 0x85, 0xAB, 0x4C, 0xE0, 0xDF, 0x85, 0x81, 
   0xA9, 0x1F, 0x48, 0xA9, 0xB5, 0x48, 0xA9, 0x3E, 0x48, 0xA9, 0x44, 0x48, 0xA5, 0x81, 0x48, 0x8A, 
   0x48, 0xA2, 0x02, 0x4C, 0xEE, 0xDF, 0x60, 0xFF, 0xFF, 0xFF, 0xFF, 0xFF, 0xFF, 0xFF, 0xFF, 0xFF, 
   0xFF, 0xFF, 0xFF, 0xFF, 0xFF, 0xFF, 0xFF, 0xFF, 0xFF, 0xFF, 0xFF, 0xFF, 0xFF, 0xFF, 0xFF, 0xFF, 
   0xFF, 0xFF, 0xFF, 0xFF, 0xA2, 0xFF, 0x8E, 0x58, 0x10, 0x9A, 0xA9, 0x18, 0x48, 0xA9, 0x37, 0x48, 
   0x48, 0x8A, 0x48, 0xBA, 0xB5, 0x04, 0x2A, 0x2A, 0x2A, 0x2A, 0x29, 0x07, 0xAA, 0xE8, 0xBD, 0xF5, 
   0x1F, 0x68, 0xAA, 0x68, 0x60, 0xFF, 0xFF, 0xFF, 0xFF, 0xFF, 0xFF, 0xFF, 0xD4, 0x1F, 0xD4, 0x1F, 
   0x00, 0x00, 0x00, 0x00, 0x00, 0x00, 0x00, 0x01, 0x01, 0x01, 0x01, 0x01, 0x01, 0x01, 0x01, 0x01, 
   0x01, 0x01, 0x01, 0x01, 0x01, 0x01, 0x02, 0x02, 0x02, 0x02, 0x02, 0x02, 0x02, 0x02, 0x02, 0x02, 
   0x02, 0x02, 0x02, 0x02, 0x02, 0x03, 0x03, 0x03, 0x03, 0x03, 0x03, 0x03, 0x03, 0x03, 0x03, 0x03, 
   0x03, 0x03, 0x03, 0x03, 0x04, 0x04, 0x04, 0x04, 0x04, 0x04, 0x04, 0x04, 0x04, 0x04, 0x04, 0x04, 
   0x04, 0x04, 0x04, 0x05, 0x05, 0x05, 0x05, 0x05, 0x05, 0x05, 0x05, 0x05, 0x05, 0x05, 0x05, 0x05, 
   0x05, 0x05, 0x06, 0x06, 0x06, 0x06, 0x06, 0x06, 0x06, 0x06, 0x06, 0x06, 0x06, 0x06, 0x06, 0x06, 
   0x06, 0x07, 0x07, 0x07, 0x07, 0x07, 0x07, 0x07, 0x07, 0x07, 0x07, 0x07, 0x07, 0x07, 0x07, 0x07, 
   0x08, 0x08, 0x08, 0x08, 0x08, 0x08, 0x08, 0x08, 0x08, 0x08, 0x08, 0x08, 0x08, 0x08, 0x08, 0x09, 
   0x09, 0x09, 0x09, 0x09, 0x09, 0x09, 0x09, 0x09, 0x09, 0x09, 0x09, 0x09, 0x09, 0x09, 0x0A, 0x0A, 
   0x0A, 0x0A, 0x0A, 0x0A, 0x0A, 0x0A, 0x0A, 0x0A, 0x0A, 0x0A, 0x0A, 0x0A, 0x0A, 0x00, 0x00, 0x00, 
   0xA5, 0xCB, 0x85, 0xCB, 0xA9, 0x28, 0x85, 0x80, 0xA9, 0x00, 0x85, 0xDE, 0xA9, 0x28, 0x85, 0xDD, 
   0xA9, 0xC8, 0x85, 0x9A, 0xA9, 0x9D, 0x85, 0x99, 0xA9, 0x12, 0x85, 0x91, 0xA9, 0x49, 0x85, 0x9B, 
   0xA9, 0x47, 0x85, 0x96, 0xA9, 0x26, 0x85, 0xA0, 0xA9, 0x01, 0x85, 0x0A, 0xA9, 0x02, 0x85, 0xA1, 
   0x85, 0xA2, 0x85, 0xC4, 0xA9, 0x23, 0x85, 0xE6, 0xA9, 0x00, 0x85, 0xD2, 0x85, 0xD1, 0x20, 0xC2, 
   0x3F, 0xA9, 0x08, 0x8D, 0x50, 0x10, 0xA9, 0x0A, 0x8D, 0x68, 0x10, 0xA9, 0xBE, 0x8D, 0x59, 0x10, 
   0xA9, 0x61, 0x8D, 0x59, 0x10, 0xA9, 0x00, 0x8D, 0x59, 0x10, 0xA9, 0x58, 0x8D, 0x59, 0x10, 0xA9, 
   0x01, 0x8D, 0x5A, 0x10, 0xA5, 0x99, 0x18, 0x69, 0x0E, 0x85, 0xCB, 0xA5, 0x80, 0x38, 0xE9, 0x02, 
   0x4A, 0x4A, 0x38, 0xE9, 0x03, 0x85, 0xCC, 0xA5, 0x80, 0x18, 0x69, 0x01, 0x4A, 0x4A, 0x38, 0xE9, 
   0x03, 0x85, 0xCD, 0x20, 0xD3, 0x3B, 0xA5, 0xF0, 0x4A, 0xB0, 0x1E, 0x20, 0x03, 0x3C, 0xA5, 0xF0, 
   0x29, 0x02, 0xD0, 0x15, 0xA5, 0xD1, 0xC9, 0x02, 0xB0, 0x0F, 0xA5, 0xEA, 0x09, 0x08, 0x85, 0xEA, 
   0xE6, 0x99, 0xA9, 0x00, 0x85, 0xD1, 0x4C, 0xB6, 0x31, 0xA5, 0xEA, 0x29, 0x08, 0xF0, 0x03, 0x4C, 
   0x76, 0x34, 0x2C, 0x80, 0x02, 0x30, 0x03, 0x20, 0xC4, 0x35, 0x2C, 0x80, 0x02, 0x70, 0x03, 0x20, 
   0x16, 0x36, 0xA9, 0x10, 0x2C, 0x80, 0x02, 0xD0, 0x09, 0xA5, 0xD1, 0xC9, 0x02, 0xF0, 0x03, 0x20, 
   0xDF, 0x37, 0xA9, 0x20, 0x2C, 0x80, 0x02, 0xD0, 0x09, 0xA5, 0xD1, 0xC9, 0x02, 0xF0, 0x03, 0x20, 
   0xAF, 0x38, 0x24, 0x0C, 0x30, 0x1C, 0xA5, 0xD1, 0xC9, 0x02, 0xB0, 0x16, 0xA5, 0xEA, 0x29, 0x02, 
   0xD0, 0x10, 0xA9, 0x02, 0x85, 0xD1, 0xA9, 0x00, 0x85, 0xDC, 0xA9, 0x04, 0x85, 0xDF, 0xA9, 0x00, 
   0x85, 0xE0, 0x2C, 0x80, 0x02, 0x10, 0x0F, 0x2C, 0x80, 0x02, 0x50, 0x0A, 0xA5, 0xD1, 0xC9, 0x02, 
   0xB0, 0x04, 0xA9, 0x00, 0x85, 0xD1, 0xA2, 0x16, 0x86, 0xA3, 0xA9, 0x62, 0x85, 0xA4, 0x24, 0xF2, 
   0x10, 0x08, 0xA2, 0x25, 0x86, 0xA3, 0xA9, 0x62, 0x85, 0xA4, 0xA6, 0xD1, 0xBD, 0xD5, 0x31, 0x48, 
   0xBD, 0xD9, 0x31, 0x48, 0x60, 0x34, 0x34, 0x35, 0x39, 0xA7, 0xCB, 0x08, 0x61, 0xA9, 0x08, 0x85, 
   0x0B, 0xA5, 0xEA, 0x4A, 0x90, 0x04, 0xA9, 0x00, 0x85, 0x0B, 0xA5, 0xE7, 0xC9, 0x02, 0xD0, 0x12, 
   0x85, 0x81, 0xA9, 0x90, 0x48, 0xA9, 0x84, 0x48, 0xA5, 0x81, 0x48, 0x8A, 0x48, 0xA2, 0x05, 0x4C, 
   0xEE, 0xDF, 0xA9, 0x3A, 0x85, 0x97, 0xA9, 0x4A, 0x85, 0x98, 0xA9, 0x0D, 0x85, 0xB6, 0xA9, 0x05, 
   0x85, 0xB7, 0x24, 0xE4, 0x50, 0x1A, 0xA5, 0x97, 0x18, 0x69, 0x0E, 0x85, 0x97, 0xA5, 0xB6, 0x29, 
   0xF7, 0x85, 0xB6, 0xA5, 0x98, 0x38, 0xE9, 0x12, 0x85, 0x98, 0xA5, 0xB7, 0x09, 0x08, 0x85, 0xB7, 
   0xA5, 0xE4, 0xC9, 0xC0, 0xF0, 0x06, 0x4C, 0xAE, 0x32, 0x4C, 0x49, 0x32, 0xA9, 0x00, 0x85, 0xE4, 
   0xF8, 0xA5, 0xB8, 0x38, 0xE9, 0x01, 0x85, 0xB8, 0xD8, 0xA9, 0x00, 0x85, 0xE9, 0xA6, 0xE9, 0xB5, 
   0x9C, 0xC9, 0xC8, 0xD0, 0x51, 0xA5, 0xF2, 0x29, 0x10, 0xF0, 0x21, 0xA9, 0x28, 0xA6, 0xE9, 0x95, 
   0x92, 0xA9, 0x02, 0xA6, 0xE9, 0x95, 0xD3, 0xA5, 0x80, 0xC9, 0x49, 0xB0, 0x0C, 0xA9, 0x62, 0xA6, 
   0xE9, 0x95, 0x92, 0xA9, 0x01, 0xA6, 0xE9, 0x95, 0xD3, 0x4C, 0x9A, 0x32, 0xA9, 0x20, 0xA6, 0xE9, 
   0x95, 0x92, 0xA9, 0x02, 0xA6, 0xE9, 0x95, 0xD3, 0xA5, 0x80, 0xC9, 0x49, 0xB0, 0x0C, 0xA9, 0x6A, 
   0xA6, 0xE9, 0x95, 0x92, 0xA9, 0x01, 0xA6, 0xE9, 0x95, 0xD3, 0xA6, 0xE9, 0xBD, 0xCF, 0x3B, 0xA6, 
   0xE9, 0x95, 0x9C, 0x4C, 0xAE, 0x32, 0xA5, 0xE9, 0xC9, 0x03, 0xE6, 0xE9, 0x90, 0x9F, 0xA5, 0xE4, 
   0x29, 0x03, 0x85, 0xE9, 0xA6, 0xE9, 0xB5, 0x9C, 0xC9, 0xC8, 0xF0, 0x0C, 0xA6, 0xE9, 0xB5, 0x9C, 
   0x18, 0x69, 0x13, 0x85, 0xCE, 0x4C, 0x33, 0x3C, 0x85, 0x81, 0xA9, 0x50, 0x48, 0xA9, 0x84, 0x48, 
   0xA5, 0x81, 0x48, 0x8A, 0x48, 0xA2, 0x03, 0x4C, 0xEE, 0xDF, 0xE6, 0xE4, 0xA5, 0xE4, 0xC9, 0x60, 
   0xD0, 0x09, 0xF8, 0xA5, 0xB8, 0x38, 0xE9, 0x01, 0x85, 0xB8, 0xD8, 0xA5, 0xB8, 0xD0, 0x03, 0x4C, 
   0x76, 0x34, 0x24, 0xF2, 0x10, 0x07, 0xA9, 0x0F, 0x18, 0x65, 0xEC, 0x85, 0xBD, 0xA9, 0x0F, 0x85, 
   0xA5, 0xA9, 0xFF, 0x8D, 0x38, 0x10, 0x8D, 0x39, 0x10, 0x8D, 0x3A, 0x10, 0x8D, 0x3B, 0x10, 0x8D, 
   0x3C, 0x10, 0x85, 0x81, 0xA9, 0x33, 0x48, 0xA9, 0x29, 0x48, 0xA9, 0x18, 0x48, 0xA9, 0x9C, 0x48, 
   0xA5, 0x81, 0x48, 0x8A, 0x48, 0xA2, 0x01, 0x4C, 0xEE, 0xDF, 0xA9, 0xA4, 0x8D, 0x50, 0x10, 0xA9, 
   0x01, 0x8D, 0x68, 0x10, 0xA9, 0x14, 0x8D, 0x78, 0x10, 0xA9, 0x00, 0x8D, 0x78, 0x10, 0xA9, 0x02, 
   0x8D, 0x78, 0x10, 0xA9, 0xFF, 0x8D, 0x5A, 0x10, 0x2C, 0x08, 0x10, 0x10, 0x07, 0xA9, 0xC8, 0x85, 
   0x9B, 0x20, 0x8E, 0x36, 0xA9, 0xA4, 0x8D, 0x50, 0x10, 0xA9, 0x01, 0x8D, 0x68, 0x10, 0xA9, 0x14, 
   0x8D, 0x78, 0x10, 0xA9, 0x00, 0x8D, 0x78, 0x10, 0xA9, 0x07, 0x8D, 0x78, 0x10, 0xA9, 0xFF, 0x8D, 
   0x5A, 0x10, 0x2C, 0x08, 0x10, 0x10, 0x07, 0xA9, 0xC8, 0x85, 0xA0, 0x20, 0x8E, 0x36, 0xA9, 0xA4, 
   0x8D, 0x50, 0x10, 0xA9, 0x01, 0x8D, 0x68, 0x10, 0xA9, 0x14, 0x8D, 0x78, 0x10, 0xA9, 0x00, 0x8D, 
   0x78, 0x10, 0xA9, 0x03, 0x8D, 0x78, 0x10, 0xA9, 0xFF, 0x8D, 0x5A, 0x10, 0x2C, 0x08, 0x10, 0x10, 
   0x07, 0xA9, 0x00, 0x85, 0xE9, 0x20, 0x8B, 0x34, 0xA9, 0xA4, 0x8D, 0x50, 0x10, 0xA9, 0x01, 0x8D, 
   0x68, 0x10, 0xA9, 0x14, 0x8D, 0x78, 0x10, 0xA9, 0x00, 0x8D, 0x78, 0x10, 0xA9, 0x04, 0x8D, 0x78, 
   0x10, 0xA9, 0xFF, 0x8D, 0x5A, 0x10, 0x2C, 0x08, 0x10, 0x10, 0x07, 0xA9, 0x01, 0x85, 0xE9, 0x20, 
   0x8B, 0x34, 0xA9, 0xA4, 0x8D, 0x50, 0x10, 0xA9, 0x01, 0x8D, 0x68, 0x10, 0xA9, 0x14, 0x8D, 0x78, 
   0x10, 0xA9, 0x00, 0x8D, 0x78, 0x10, 0xA9, 0x05, 0x8D, 0x78, 0x10, 0xA9, 0xFF, 0x8D, 0x5A, 0x10, 
   0x2C, 0x08, 0x10, 0x10, 0x07, 0xA9, 0x02, 0x85, 0xE9, 0x20, 0x8B, 0x34, 0xA9, 0xA4, 0x8D, 0x50, 
   0x10, 0xA9, 0x01, 0x8D, 0x68, 0x10, 0xA9, 0x14, 0x8D, 0x78, 0x10, 0xA9, 0x00, 0x8D, 0x78, 0x10, 
   0xA9, 0x06, 0x8D, 0x78, 0x10, 0xA9, 0xFF, 0x8D, 0x5A, 0x10, 0x2C, 0x08, 0x10, 0x10, 0x07, 0xA9, 
   0x03, 0x85, 0xE9, 0x20, 0x8B, 0x34, 0xA9, 0xA4, 0x8D, 0x50, 0x10, 0xA9, 0x01, 0x8D, 0x68, 0x10, 
   0xA9, 0x14, 0x8D, 0x78, 0x10, 0xA9, 0x00, 0x8D, 0x78, 0x10, 0xA9, 0x08, 0x8D, 0x78, 0x10, 0xA9, 
   0xFF, 0x8D, 0x5A, 0x10, 0x2C, 0x08, 0x10, 0x30, 0x2D, 0xA9, 0xA4, 0x8D, 0x50, 0x10, 0xA9, 0x01, 
   0x8D, 0x68, 0x10, 0xA9, 0x14, 0x8D, 0x78, 0x10, 0xA9, 0x00, 0x8D, 0x78, 0x10, 0xA9, 0x09, 0x8D, 
   0x78, 0x10, 0xA9, 0xFF, 0x8D, 0x5A, 0x10, 0x2C, 0x08, 0x10, 0x30, 0x0A, 0x24, 0x03, 0x50, 0x03, 
   0x4C, 0x66, 0x3B, 0x4C, 0x88, 0x34, 0x85, 0x81, 0xA9, 0x54, 0x48, 0xA9, 0xB7, 0x48, 0xA5, 0x81, 
   0x48, 0x8A, 0x48, 0xA2, 0x03, 0x4C, 0xEE, 0xDF, 0x4C, 0x04, 0x31, 0xA5, 0x99, 0x18, 0x69, 0x0B, 
   0xA6, 0xE9, 0xD5, 0x9C, 0xB0, 0x01, 0x60, 0xA6, 0xE9, 0xB5, 0x9C, 0x18, 0x69, 0x08, 0xC5, 0x99, 
   0xB0, 0x01, 0x60, 0x68, 0x68, 0x4C, 0x76, 0x34, 0x85, 0x81, 0xA9, 0x34, 0x48, 0xA9, 0xBF, 0x48, 
   0xA9, 0x9F, 0x48, 0xA9, 0x09, 0x48, 0xA5, 0x81, 0x48, 0x8A, 0x48, 0xA2, 0x05, 0x4C, 0xEE, 0xDF, 
   0xA5, 0xEA, 0x29, 0x02, 0xF0, 0x03, 0x4C, 0xC5, 0x36, 0x4C, 0xDD, 0x31, 0xA5, 0xE4, 0x29, 0x08, 
   0xF0, 0x0C, 0xA2, 0x34, 0x86, 0xBD, 0xA9, 0x62, 0x85, 0xBE, 0xA9, 0x1E, 0x85, 0xA5, 0xA5, 0xE4, 
   0x29, 0x08, 0xD0, 0x03, 0x4C, 0xED, 0x34, 0xA5, 0xD1, 0xC9, 0x02, 0xD0, 0x0C, 0xA2, 0x52, 0x86, 
   0xBD, 0xA9, 0x62, 0x85, 0xBE, 0xA9, 0x1E, 0x85, 0xA5, 0xA5, 0xBD, 0x85, 0xEC, 0xA5, 0xEA, 0x29, 
   0x02, 0xF0, 0x03, 0x4C, 0xC5, 0x36, 0x4C, 0xDD, 0x31, 0xA5, 0xDC, 0xD0, 0x0D, 0xA5, 0xEA, 0x29, 
   0x02, 0xF0, 0x07, 0xA9, 0x00, 0x85, 0xD1, 0x4C, 0xCC, 0x34, 0xA5, 0x99, 0x18, 0x69, 0x19, 0x85, 
   0xCC, 0xA5, 0x99, 0xA6, 0xDC, 0x18, 0x7D, 0x99, 0x35, 0x85, 0x99, 0xA5, 0xDC, 0xC9, 0x29, 0xD0, 
   0x04, 0xA9, 0x00, 0x85, 0xD1, 0xE6, 0xDC, 0xA5, 0xE4, 0x4A, 0xB0, 0xA2, 0xA5, 0xE7, 0xC9, 0x02, 
   0xD0, 0x03, 0x4C, 0x6F, 0x35, 0xA9, 0x00, 0x85, 0xE9, 0xA5, 0x80, 0xA6, 0xE9, 0xD5, 0x92, 0xD0, 
   0x13, 0xA5, 0x99, 0xA6, 0xE9, 0xD5, 0x9C, 0xB0, 0x0B, 0xA6, 0xE9, 0xB5, 0x9C, 0xC5, 0xCC, 0xB0, 
   0x03, 0x20, 0xBB, 0x3B, 0xA5, 0xE9, 0xC9, 0x03, 0xE6, 0xE9, 0x90, 0xDD, 0x4C, 0xDE, 0x34, 0xA9, 
   0x00, 0x85, 0xE9, 0xA5, 0x80, 0xA6, 0xE9, 0xD5, 0x91, 0xD0, 0x13, 0xA5, 0x99, 0xA6, 0xE9, 0xD5, 
   0x9B, 0xB0, 0x0B, 0xA6, 0xE9, 0xB5, 0x9B, 0xC5, 0xCC, 0xB0, 0x03, 0x20, 0xBB, 0x3B, 0xA5, 0xE9, 
   0xC9, 0x04, 0xE6, 0xE9, 0x90, 0xDD, 0x4C, 0xDE, 0x34, 0xFE, 0xFF, 0xFE, 0xFF, 0xFE, 0xFF, 0xFE, 
   0x00, 0xFF, 0xFF, 0x00, 0xFF, 0x00, 0xFF, 0x00, 0x00, 0x00, 0xFF, 0x00, 0x00, 0x00, 0x00, 0x00, 
   0x01, 0x00, 0x00, 0x00, 0x01, 0x00, 0x01, 0x00, 0x01, 0x01, 0x00, 0x01, 0x01, 0x01, 0x02, 0x01, 
   0x02, 0x01, 0x02, 0xFE, 0xA5, 0xD1, 0xC9, 0x03, 0xF0, 0x46, 0xA5, 0xDE, 0x18, 0x69, 0x5E, 0x85, 
   0xDE, 0xA5, 0xDD, 0x69, 0x00, 0x85, 0xDD, 0x20, 0xC2, 0x3F, 0x20, 0x79, 0x36, 0xA6, 0xE7, 0xBD, 
   0x11, 0x36, 0xC5, 0xDD, 0xB0, 0x0F, 0xA6, 0xE7, 0xBD, 0x11, 0x36, 0x85, 0x80, 0xA9, 0x00, 0x85, 
   0xDE, 0xA5, 0x80, 0x85, 0xDD, 0xA5, 0xE7, 0xC9, 0x04, 0xD0, 0x15, 0xA5, 0x80, 0xC9, 0x28, 0xD0, 
   0x03, 0x4C, 0xA9, 0x39, 0xA5, 0x80, 0xC9, 0x68, 0xD0, 0x03, 0x4C, 0x89, 0x3A, 0x4C, 0x58, 0x36, 
   0x60, 0x00, 0x00, 0x7C, 0x7C, 0x80, 0xA5, 0xD1, 0xC9, 0x03, 0xF0, 0xF4, 0xA5, 0xDE, 0x38, 0xE9, 
   0x5E, 0x85, 0xDE, 0xA5, 0xDD, 0xE9, 0x00, 0x85, 0xDD, 0xA5, 0xEA, 0x29, 0xFE, 0x85, 0xEA, 0x20, 
   0x79, 0x36, 0xA5, 0xDD, 0xC9, 0x0F, 0xB0, 0x08, 0xA9, 0x00, 0x85, 0xDE, 0xA9, 0x0F, 0x85, 0xDD, 
   0xA5, 0xE7, 0xC9, 0x04, 0xD0, 0xCA, 0xA5, 0x80, 0xC9, 0x23, 0xD0, 0x03, 0x4C, 0xA9, 0x39, 0xA5, 
   0x80, 0xC9, 0x63, 0xD0, 0x03, 0x4C, 0x89, 0x3A, 0xA5, 0xD2, 0xC9, 0xFF, 0xF0, 0x01, 0x60, 0xA5, 
   0xF2, 0x09, 0x10, 0x85, 0xF2, 0x68, 0x68, 0x85, 0x81, 0xA9, 0x58, 0x48, 0xA9, 0xF9, 0x48, 0xA5, 
   0x81, 0x48, 0x8A, 0x48, 0xA2, 0x03, 0x4C, 0xEE, 0xDF, 0xA5, 0xDD, 0x85, 0x80, 0xA5, 0xD1, 0xC9, 
   0x02, 0xF0, 0x0A, 0xA9, 0x01, 0x85, 0xD1, 0xA5, 0xDF, 0x09, 0x01, 0x85, 0xDF, 0x60, 0xA5, 0xEA, 
   0x09, 0x02, 0x85, 0xEA, 0xA9, 0x00, 0x85, 0xDB, 0x85, 0xE3, 0xA9, 0x01, 0x85, 0xE5, 0xA9, 0xF8, 
   0x8D, 0x50, 0x10, 0xA9, 0x01, 0x8D, 0x68, 0x10, 0xA2, 0x70, 0x8E, 0x78, 0x10, 0xA9, 0x62, 0x8D, 
   0x78, 0x10, 0x8E, 0x78, 0x10, 0x8D, 0x78, 0x10, 0x8E, 0x78, 0x10, 0x8D, 0x78, 0x10, 0x8E, 0x78, 
   0x10, 0x8D, 0x78, 0x10, 0x60, 0xA5, 0xE4, 0xC9, 0x80, 0xD0, 0x03, 0x4C, 0xD4, 0x36, 0xA5, 0xE4, 
   0xC9, 0xFF, 0xD0, 0x02, 0xE6, 0xDB, 0xA5, 0xDB, 0xC9, 0x05, 0xD0, 0x03, 0x4C, 0x9F, 0x37, 0xA5, 
   0xE4, 0x29, 0x08, 0xF0, 0x54, 0xA5, 0x80, 0x85, 0x90, 0xA5, 0x99, 0x38, 0xE9, 0x0A, 0x85, 0x9A, 
   0xA5, 0x9A, 0x38, 0xE9, 0x01, 0x85, 0xC1, 0xA5, 0x90, 0x18, 0x69, 0x05, 0x85, 0x84, 0xA5, 0xEA, 
   0x4A, 0x90, 0x07, 0xA5, 0x90, 0x18, 0x69, 0x04, 0x85, 0x84, 0xA9, 0xF4, 0x8D, 0x50, 0x10, 0xA9, 
   0x01, 0x8D, 0x68, 0x10, 0xA2, 0x7C, 0x8E, 0x78, 0x10, 0xA9, 0x62, 0x8D, 0x78, 0x10, 0xA9, 0xE2, 
   0x8D, 0x50, 0x10, 0xA9, 0x01, 0x8D, 0x68, 0x10, 0xA2, 0x86, 0x8E, 0x78, 0x10, 0xA9, 0x62, 0x8D, 
   0x78, 0x10, 0xA9, 0x0A, 0x85, 0xA6, 0x4C, 0xDD, 0x31, 0xA5, 0x99, 0x18, 0x69, 0x06, 0x85, 0x9A, 
   0xA5, 0x9A, 0x18, 0x69, 0x03, 0x85, 0xC1, 0xA5, 0x80, 0x38, 0xE9, 0x06, 0x85, 0x90, 0xA9, 0x08, 
   0x85, 0xAF, 0xA5, 0x90, 0x18, 0x69, 0x01, 0x85, 0x84, 0xA5, 0xEA, 0x4A, 0x90, 0x12, 0xA5, 0x80, 
   0x18, 0x69, 0x07, 0x85, 0x90, 0xA9, 0x00, 0x85, 0xAF, 0xA5, 0x90, 0x18, 0x69, 0x08, 0x85, 0x84, 
   0xA9, 0xF4, 0x8D, 0x50, 0x10, 0xA9, 0x01, 0x8D, 0x68, 0x10, 0xA2, 0x90, 0x8E, 0x78, 0x10, 0xA9, 
   0x62, 0x8D, 0x78, 0x10, 0xA9, 0xE2, 0x8D, 0x50, 0x10, 0xA9, 0x01, 0x8D, 0x68, 0x10, 0xA2, 0x98, 
   0x8E, 0x78, 0x10, 0xA9, 0x62, 0x8D, 0x78, 0x10, 0xA9, 0x08, 0x85, 0xA6, 0x4C, 0xDD, 0x31, 0xA5, 
   0xEA, 0x29, 0xFD, 0x85, 0xEA, 0xA9, 0xC8, 0x85, 0x9A, 0x85, 0xC1, 0xA9, 0x00, 0x85, 0xE3, 0xA9, 
   0x01, 0x85, 0xE5, 0xA9, 0xF8, 0x8D, 0x50, 0x10, 0xA9, 0x01, 0x8D, 0x68, 0x10, 0xA2, 0xA0, 0x8E, 
   0x78, 0x10, 0xA9, 0x62, 0x8D, 0x78, 0x10, 0x8E, 0x78, 0x10, 0x8D, 0x78, 0x10, 0x8E, 0x78, 0x10, 
   0x8D, 0x78, 0x10, 0x8E, 0x78, 0x10, 0x8D, 0x78, 0x10, 0x4C, 0xDD, 0x31, 0x4C, 0x07, 0x39, 0xA5, 
   0x99, 0xC9, 0x11, 0x90, 0xF7, 0xA5, 0xEA, 0x29, 0x02, 0xD0, 0xF1, 0xA5, 0xEA, 0x29, 0x04, 0xD0, 
   0xEB, 0xA5, 0xD1, 0xC9, 0x03, 0xF0, 0x44, 0xA5, 0x99, 0x18, 0x69, 0x0B, 0x85, 0xCB, 0xA5, 0x80, 
   0x38, 0xE9, 0x0D, 0x4A, 0x4A, 0x85, 0xCC, 0x20, 0xD3, 0x3B, 0xA5, 0xEA, 0x4A, 0x90, 0x05, 0xA5, 
   0xF0, 0x4A, 0x90, 0x5C, 0xA5, 0x80, 0x4A, 0x4A, 0x38, 0xE9, 0x03, 0x85, 0xCD, 0x20, 0x03, 0x3C, 
   0xA5, 0xEA, 0x4A, 0xB0, 0x06, 0xA5, 0xF0, 0x29, 0x02, 0xF0, 0x45, 0xA9, 0x03, 0x85, 0xD1, 0xA9, 
   0x00, 0x85, 0xEF, 0xA5, 0x99, 0x85, 0xEE, 0x4C, 0x59, 0x38, 0x60, 0xA5, 0xE7, 0xC9, 0x02, 0xF0, 
   0x30, 0xA5, 0x99, 0xC9, 0x11, 0xF0, 0x95, 0xA5, 0x99, 0xC9, 0x7A, 0xF0, 0x8F, 0xA5, 0x99, 0xC9, 
   0x57, 0xF0, 0x89, 0xA5, 0x99, 0xC9, 0x34, 0xF0, 0x83, 0xA5, 0xEF, 0x38, 0xE9, 0x51, 0x85, 0xEF, 
   0xA5, 0xEE, 0xE9, 0x00, 0x85, 0xEE, 0xA5, 0xEE, 0x85, 0x99, 0xA5, 0xDF, 0x09, 0x01, 0x85, 0xDF, 
   0x60, 0xA5, 0x99, 0xC9, 0x7B, 0xD0, 0x03, 0x4C, 0xDC, 0x37, 0xA5, 0x99, 0xC9, 0x59, 0xD0, 0x03, 
   0x4C, 0xDC, 0x37, 0xA5, 0x99, 0xC9, 0x37, 0xD0, 0x03, 0x4C, 0xDC, 0x37, 0xA5, 0x99, 0xC9, 0x15, 
   0xD0, 0x1A, 0xA5, 0xF2, 0x09, 0x04, 0x85, 0xF2, 0x68, 0x68, 0x85, 0x81, 0xA9, 0x1E, 0x48, 0xA9, 
   0xFA, 0x48, 0xA5, 0x81, 0x48, 0x8A, 0x48, 0xA2, 0x01, 0x4C, 0xEE, 0xDF, 0x4C, 0x59, 0x38, 0xA5, 
   0xEA, 0x29, 0x02, 0xD0, 0xBB, 0xA5, 0xEA, 0x29, 0x04, 0xD0, 0xB5, 0xA5, 0xD1, 0xC9, 0x03, 0xF0, 
   0x4B, 0xA5, 0x99, 0xA6, 0xE7, 0x18, 0x7D, 0x5D, 0x39, 0x85, 0xCB, 0xA5, 0x80, 0x38, 0xE9, 0x0D, 
   0x4A, 0x4A, 0x85, 0xCC, 0x20, 0xD3, 0x3B, 0xA5, 0xEA, 0x4A, 0x90, 0x05, 0xA5, 0xF0, 0x4A, 0x90, 
   0x25, 0xA5, 0x80, 0x4A, 0x4A, 0x38, 0xE9, 0x03, 0x85, 0xCD, 0x20, 0x03, 0x3C, 0xA5, 0xEA, 0x4A, 
   0xB0, 0x06, 0xA5, 0xF0, 0x29, 0x02, 0xF0, 0x0E, 0xA9, 0x03, 0x85, 0xD1, 0xE6, 0x99, 0xA9, 0x00, 
   0x85, 0xEF, 0xA5, 0x99, 0x85, 0xEE, 0x60, 0xA9, 0x00, 0x85, 0xD1, 0x60, 0xA5, 0xE7, 0xC9, 0x02, 
   0xF0, 0x1B, 0xA5, 0x99, 0xC9, 0x9D, 0xF0, 0xEF, 0xA5, 0x99, 0xC9, 0x7A, 0xF0, 0xE9, 0xA5, 0x99, 
   0xC9, 0x57, 0xF0, 0xE3, 0xA5, 0x99, 0xC9, 0x34, 0xF0, 0xDD, 0x4C, 0x45, 0x39, 0xA5, 0x99, 0xC9, 
   0x9D, 0xF0, 0xD4, 0xA5, 0x99, 0xC9, 0x7B, 0xF0, 0xCE, 0xA5, 0x99, 0xC9, 0x59, 0xF0, 0xC8, 0xA5, 
   0x99, 0xC9, 0x37, 0xF0, 0xC2, 0xA5, 0xEF, 0x18, 0x69, 0x51, 0x85, 0xEF, 0xA5, 0xEE, 0x69, 0x00, 
   0x85, 0xEE, 0xA5, 0xEE, 0x85, 0x99, 0xA5, 0xDF, 0x09, 0x01, 0x85, 0xDF, 0x60, 0x00, 0x00, 0x15, 
   0x15, 0x16, 0xA2, 0xAC, 0x86, 0xA3, 0xA9, 0x62, 0x85, 0xA4, 0x24, 0xF2, 0x10, 0x08, 0xA2, 0xBB, 
   0x86, 0xA3, 0xA9, 0x62, 0x85, 0xA4, 0xA2, 0xCA, 0x86, 0xBD, 0xA9, 0x62, 0x85, 0xBE, 0xA9, 0x1E, 
   0x85, 0xA5, 0xA5, 0xBD, 0x85, 0xEC, 0xA9, 0x10, 0x2C, 0x80, 0x02, 0xF0, 0x0A, 0xA9, 0x20, 0x2C, 
   0x80, 0x02, 0xF0, 0x03, 0x4C, 0xDD, 0x31, 0xA5, 0xEA, 0x29, 0xFE, 0x85, 0xEA, 0xA5, 0xE4, 0x29, 
   0x08, 0xF0, 0x03, 0x20, 0xC2, 0x3F, 0x4C, 0xDD, 0x31, 0xA9, 0x41, 0xC5, 0x99, 0x90, 0x6A, 0xA9, 
   0x1E, 0xC5, 0x99, 0x90, 0x32, 0xA5, 0xD2, 0x4A, 0xB0, 0x2C, 0xA9, 0xA4, 0x8D, 0x50, 0x10, 0xA9, 
   0x01, 0x8D, 0x68, 0x10, 0xA2, 0x05, 0x8E, 0x78, 0x10, 0xA9, 0x23, 0x8D, 0x78, 0x10, 0xA0, 0x1E, 
   0x8C, 0x78, 0x10, 0xA9, 0x06, 0x8D, 0x78, 0x10, 0xA9, 0xFF, 0x8D, 0x5A, 0x10, 0xA5, 0xD2, 0x09, 
   0x01, 0x85, 0xD2, 0x4C, 0xBB, 0x3B, 0x60, 0xA5, 0xD2, 0x29, 0x02, 0xD0, 0xF9, 0xA9, 0xA4, 0x8D, 
   0x50, 0x10, 0xA9, 0x01, 0x8D, 0x68, 0x10, 0xA2, 0x05, 0x8E, 0x78, 0x10, 0xA9, 0x46, 0x8D, 0x78, 
   0x10, 0xA0, 0x41, 0x8C, 0x78, 0x10, 0xA9, 0x06, 0x8D, 0x78, 0x10, 0xA9, 0xFF, 0x8D, 0x5A, 0x10, 
   0xA5, 0xD2, 0x09, 0x02, 0x85, 0xD2, 0x4C, 0xBB, 0x3B, 0xA9, 0x64, 0xC5, 0x99, 0x90, 0x32, 0xA5, 
   0xD2, 0x29, 0x04, 0xD0, 0xC1, 0xA9, 0xA4, 0x8D, 0x50, 0x10, 0xA9, 0x01, 0x8D, 0x68, 0x10, 0xA2, 
   0x05, 0x8E, 0x78, 0x10, 0xA9, 0x6A, 0x8D, 0x78, 0x10, 0xA0, 0x64, 0x8C, 0x78, 0x10, 0xA9, 0x06, 
   0x8D, 0x78, 0x10, 0xA9, 0xFF, 0x8D, 0x5A, 0x10, 0xA5, 0xD2, 0x09, 0x04, 0x85, 0xD2, 0x4C, 0xBB, 
   0x3B, 0xA9, 0x8A, 0xC5, 0x99, 0x90, 0x8F, 0xA5, 0xD2, 0x29, 0x08, 0xD0, 0x89, 0xA9, 0xA4, 0x8D, 
   0x50, 0x10, 0xA9, 0x01, 0x8D, 0x68, 0x10, 0xA2, 0x05, 0x8E, 0x78, 0x10, 0xA9, 0x8C, 0x8D, 0x78, 
   0x10, 0xA0, 0x87, 0x8C, 0x78, 0x10, 0xA9, 0x06, 0x8D, 0x78, 0x10, 0xA9, 0xFF, 0x8D, 0x5A, 0x10, 
   0xA5, 0xD2, 0x09, 0x08, 0x85, 0xD2, 0x4C, 0xBB, 0x3B, 0xA9, 0x8A, 0xC5, 0x99, 0x90, 0x36, 0xA5, 
   0x99, 0xC9, 0x64, 0x90, 0x31, 0x24, 0xD2, 0x30, 0x2C, 0xA9, 0xA4, 0x8D, 0x50, 0x10, 0xA9, 0x01, 
   0x8D, 0x68, 0x10, 0xA2, 0x05, 0x8E, 0x78, 0x10, 0xA9, 0x8C, 0x8D, 0x78, 0x10, 0xA0, 0x87, 0x8C, 
   0x78, 0x10, 0xA9, 0x16, 0x8D, 0x78, 0x10, 0xA9, 0xFF, 0x8D, 0x5A, 0x10, 0xA5, 0xD2, 0x09, 0x80, 
   0x85, 0xD2, 0x4C, 0xBB, 0x3B, 0x60, 0xA5, 0x99, 0xC9, 0x41, 0x90, 0x30, 0x24, 0xD2, 0x70, 0xF5, 
   0xA9, 0xA4, 0x8D, 0x50, 0x10, 0xA9, 0x01, 0x8D, 0x68, 0x10, 0xA2, 0x05, 0x8E, 0x78, 0x10, 0xA9, 
   0x6A, 0x8D, 0x78, 0x10, 0xA0, 0x64, 0x8C, 0x78, 0x10, 0xA9, 0x16, 0x8D, 0x78, 0x10, 0xA9, 0xFF, 
   0x8D, 0x5A, 0x10, 0xA5, 0xD2, 0x09, 0x40, 0x85, 0xD2, 0x4C, 0xBB, 0x3B, 0xA5, 0x99, 0xC9, 0x1E, 
   0x90, 0x32, 0xA5, 0xD2, 0x29, 0x20, 0xD0, 0xBD, 0xA9, 0xA4, 0x8D, 0x50, 0x10, 0xA9, 0x01, 0x8D, 
   0x68, 0x10, 0xA2, 0x05, 0x8E, 0x78, 0x10, 0xA9, 0x46, 0x8D, 0x78, 0x10, 0xA0, 0x41, 0x8C, 0x78, 
   0x10, 0xA9, 0x16, 0x8D, 0x78, 0x10, 0xA9, 0xFF, 0x8D, 0x5A, 0x10, 0xA5, 0xD2, 0x09, 0x20, 0x85, 
   0xD2, 0x4C, 0xBB, 0x3B, 0xA5, 0xD2, 0x29, 0x10, 0xD0, 0x8B, 0xA9, 0xA4, 0x8D, 0x50, 0x10, 0xA9, 
   0x01, 0x8D, 0x68, 0x10, 0xA2, 0x05, 0x8E, 0x78, 0x10, 0xA9, 0x24, 0x8D, 0x78, 0x10, 0xA0, 0x1E, 
   0x8C, 0x78, 0x10, 0xA9, 0x16, 0x8D, 0x78, 0x10, 0xA9, 0xFF, 0x8D, 0x5A, 0x10, 0xA5, 0xD2, 0x09, 
   0x10, 0x85, 0xD2, 0x4C, 0xBB, 0x3B, 0xA9, 0x00, 0x85, 0xE9, 0xA5, 0xC1, 0xA6, 0xE9, 0xD5, 0x9C, 
   0x90, 0x3E, 0xA6, 0xE9, 0xB5, 0x9C, 0x18, 0x69, 0x0B, 0xC5, 0xC1, 0x90, 0x33, 0xA5, 0x84, 0xA6, 
   0xE9, 0xD5, 0x92, 0x90, 0x2B, 0xA6, 0xE9, 0xB5, 0x92, 0x18, 0x69, 0x08, 0xC5, 0x84, 0x90, 0x20, 
   0xF8, 0xA5, 0xE8, 0x18, 0x69, 0x03, 0x85, 0xE8, 0xD8, 0xA5, 0xDF, 0x09, 0x08, 0x85, 0xDF, 0xA9, 
   0x1E, 0x85, 0xE1, 0xA9, 0x00, 0x85, 0xE0, 0xA9, 0xC8, 0xA6, 0xE9, 0x95, 0x9C, 0x4C, 0x04, 0x31, 
   0xA5, 0xE9, 0xC9, 0x03, 0xE6, 0xE9, 0x90, 0xB2, 0x4C, 0x04, 0x31, 0xF8, 0xA5, 0xE8, 0x18, 0x69, 
   0x01, 0x85, 0xE8, 0xD8, 0xA5, 0xDF, 0x09, 0x02, 0x85, 0xDF, 0xA9, 0x00, 0x85, 0xE0, 0x60, 0x7D, 
   0x5A, 0x37, 0x14, 0xA5, 0xF0, 0x29, 0xFE, 0x85, 0xF0, 0xA9, 0xA4, 0x8D, 0x50, 0x10, 0xA9, 0x01, 
   0x8D, 0x68, 0x10, 0xA9, 0x18, 0x8D, 0x78, 0x10, 0xA5, 0xCC, 0x8D, 0x78, 0x10, 0xA4, 0xCB, 0x8C, 
   0x78, 0x10, 0xA9, 0xFF, 0x8D, 0x5A, 0x10, 0xAD, 0x08, 0x10, 0xD0, 0x06, 0xA5, 0xF0, 0x09, 0x01, 
   0x85, 0xF0, 0x60, 0xA5, 0xF0, 0x29, 0xFD, 0x85, 0xF0, 0xA9, 0xA4, 0x8D, 0x50, 0x10, 0xA9, 0x01, 
   0x8D, 0x68, 0x10, 0xA9, 0x18, 0x8D, 0x78, 0x10, 0xA5, 0xCD, 0x8D, 0x78, 0x10, 0xA4, 0xCB, 0x8C, 
   0x78, 0x10, 0xA9, 0xFF, 0x8D, 0x5A, 0x10, 0xAD, 0x08, 0x10, 0xD0, 0x06, 0xA5, 0xF0, 0x09, 0x02, 
   0x85, 0xF0, 0x60, 0xA6, 0xE9, 0xB5, 0xD3, 0xC9, 0x03, 0xD0, 0x03, 0x4C, 0x46, 0x3C, 0xA6, 0xE9, 
   0xB5, 0xD3, 0xC9, 0x04, 0xD0, 0x25, 0xA6, 0xE9, 0xB5, 0xD7, 0xC5, 0xE6, 0xD0, 0x1A, 0xAD, 0x00, 
   0x10, 0x4A, 0x90, 0x02, 0x49, 0xB4, 0x8D, 0x00, 0x10, 0x29, 0x01, 0x18, 0x69, 0x01, 0xA6, 0xE9, 
   0x95, 0xD3, 0x4C, 0x56, 0x3D, 0x4C, 0x6B, 0x3C, 0x4C, 0x5C, 0x3D, 0xA6, 0xE9, 0xB5, 0x9C, 0x18, 
   0x69, 0x0B, 0x85, 0xCB, 0xA6, 0xE9, 0xB5, 0x92, 0x4A, 0x4A, 0x38, 0xE9, 0x03, 0x85, 0xCC, 0xA6, 
   0xE9, 0xB5, 0x9C, 0x85, 0xCF, 0xA5, 0xE7, 0xC9, 0x03, 0xD0, 0x09, 0xA6, 0xE9, 0xB5, 0x9C, 0x38, 
   0xE9, 0x01, 0x85, 0xCF, 0xA9, 0xF5, 0xCD, 0x00, 0x10, 0xB0, 0x2C, 0xA9, 0xA4, 0x8D, 0x50, 0x10, 
   0xA9, 0x01, 0x8D, 0x68, 0x10, 0xA9, 0x18, 0x8D, 0x78, 0x10, 0xA5, 0xCC, 0x8D, 0x78, 0x10, 0xA4, 
   0xCF, 0x8C, 0x78, 0x10, 0xA9, 0xFF, 0x8D, 0x5A, 0x10, 0xAD, 0x08, 0x10, 0xD0, 0x09, 0xA9, 0x03, 
   0xA6, 0xE9, 0x95, 0xD3, 0x4C, 0x56, 0x3D, 0xA9, 0xF5, 0xCD, 0x00, 0x10, 0xB0, 0x2C, 0xA9, 0xA4, 
   0x8D, 0x50, 0x10, 0xA9, 0x01, 0x8D, 0x68, 0x10, 0xA9, 0x18, 0x8D, 0x78, 0x10, 0xA5, 0xCC, 0x8D, 
   0x78, 0x10, 0xA4, 0xCE, 0x8C, 0x78, 0x10, 0xA9, 0xFF, 0x8D, 0x5A, 0x10, 0xAD, 0x08, 0x10, 0xD0, 
   0x09, 0xA9, 0x04, 0xA6, 0xE9, 0x95, 0xD3, 0x4C, 0x56, 0x3D, 0x20, 0xD3, 0x3B, 0xA5, 0xF0, 0x4A, 
   0x90, 0x22, 0xA5, 0xE6, 0xA6, 0xE9, 0xD5, 0xD7, 0xB0, 0x1A, 0xA9, 0x00, 0xA6, 0xE9, 0x95, 0xD7, 
   0xAD, 0x00, 0x10, 0x4A, 0x90, 0x02, 0x49, 0xB4, 0x8D, 0x00, 0x10, 0x29, 0x01, 0x18, 0x69, 0x01, 
   0xA6, 0xE9, 0x95, 0xD3, 0x20, 0xD3, 0x3B, 0xA6, 0xE9, 0xB5, 0xD3, 0xC9, 0x01, 0xD0, 0x0E, 0xA5, 
   0xF0, 0x4A, 0xB0, 0x09, 0xA9, 0x02, 0xA6, 0xE9, 0x95, 0xD3, 0x4C, 0x5C, 0x3D, 0x20, 0xD3, 0x3B, 
   0xA6, 0xE9, 0xB5, 0xD3, 0xC9, 0x02, 0xD0, 0x0E, 0xA5, 0xF0, 0x4A, 0xB0, 0x09, 0xA9, 0x01, 0xA6, 
   0xE9, 0x95, 0xD3, 0x4C, 0x5C, 0x3D, 0xA9, 0x00, 0xA6, 0xE9, 0x95, 0xD7, 0xA6, 0xE9, 0xB5, 0x92, 
   0xC9, 0x0F, 0xB0, 0x06, 0xA9, 0x02, 0xA6, 0xE9, 0x95, 0xD3, 0xA6, 0xE9, 0xB5, 0xD3, 0xC9, 0x01, 
   0xD0, 0x0A, 0xA6, 0xE9, 0xD6, 0x92, 0xA9, 0x08, 0xA6, 0xE9, 0x95, 0xB1, 0xA6, 0xE9, 0xB5, 0xD3, 
   0xC9, 0x02, 0xD0, 0x0A, 0xA6, 0xE9, 0xF6, 0x92, 0xA9, 0x00, 0xA6, 0xE9, 0x95, 0xB1, 0xA6, 0xE9, 
   0xB5, 0xD3, 0xC9, 0x03, 0xD0, 0x04, 0xA6, 0xE9, 0xD6, 0x9C, 0xA6, 0xE9, 0xB5, 0xD3, 0xC9, 0x04, 
   0xD0, 0x0F, 0xA6, 0xE9, 0xB5, 0x9C, 0x18, 0x69, 0x02, 0xA6, 0xE9, 0x95, 0x9C, 0xA6, 0xE9, 0xF6, 
   0xD7, 0xA6, 0xE9, 0xF6, 0xD7, 0xA5, 0xE6, 0xA6, 0xE9, 0xD5, 0xD7, 0xB0, 0x0A, 0xA5, 0xE6, 0xA6, 
   0xE9, 0x95, 0xD7, 0xA6, 0xE9, 0xD6, 0x9C, 0xA5, 0xE4, 0x29, 0x10, 0xF0, 0x30, 0xA9, 0xE6, 0x8D, 
   0x50, 0x10, 0xA9, 0x01, 0x8D, 0x68, 0x10, 0xA2, 0xE8, 0x8E, 0x78, 0x10, 0xA9, 0x62, 0x8D, 0x78, 
   0x10, 0x8E, 0x78, 0x10, 0x8D, 0x78, 0x10, 0x8E, 0x78, 0x10, 0x8D, 0x78, 0x10, 0x8E, 0x78, 0x10, 
   0x8D, 0x78, 0x10, 0xA9, 0x0B, 0x85, 0xA8, 0x85, 0xA9, 0x85, 0xAA, 0x85, 0xAB, 0xA5, 0xE4, 0x29, 
   0x10, 0xD0, 0x30, 0xA9, 0xE6, 0x8D, 0x50, 0x10, 0xA9, 0x01, 0x8D, 0x68, 0x10, 0xA2, 0xF3, 0x8E, 
   0x78, 0x10, 0xA9, 0x62, 0x8D, 0x78, 0x10, 0x8E, 0x78, 0x10, 0x8D, 0x78, 0x10, 0x8E, 0x78, 0x10, 
   0x8D, 0x78, 0x10, 0x8E, 0x78, 0x10, 0x8D, 0x78, 0x10, 0xA9, 0x0B, 0x85, 0xA8, 0x85, 0xA9, 0x85, 
   0xAA, 0x85, 0xAB, 0x85, 0x81, 0xA9, 0x50, 0x48, 0xA9, 0x84, 0x48, 0xA5, 0x81, 0x48, 0x8A, 0x48, 
   0xA2, 0x03, 0x4C, 0xEE, 0xDF, 0xA9, 0x00, 0x8D, 0x50, 0x10, 0xA9, 0x02, 0x8D, 0x68, 0x10, 0xA2, 
   0xFE, 0x8E, 0x78, 0x10, 0xA9, 0x62, 0x8D, 0x78, 0x10, 0xA9, 0xEE, 0x8D, 0x50, 0x10, 0xA9, 0x01, 
   0x8D, 0x68, 0x10, 0xA2, 0x0F, 0x8E, 0x78, 0x10, 0xA9, 0x63, 0x8D, 0x78, 0x10, 0xA9, 0x11, 0x85, 
   0xAC, 0x24, 0xF2, 0x10, 0x14, 0xA9, 0x00, 0x8D, 0x50, 0x10, 0xA9, 0x02, 0x8D, 0x68, 0x10, 0xA2, 
   0x20, 0x8E, 0x78, 0x10, 0xA9, 0x63, 0x8D, 0x78, 0x10, 0x24, 0xF2, 0x10, 0x18, 0xA9, 0xEE, 0x8D, 
   0x50, 0x10, 0xA9, 0x01, 0x8D, 0x68, 0x10, 0xA2, 0x2F, 0x8E, 0x78, 0x10, 0xA9, 0x63, 0x8D, 0x78, 
   0x10, 0xA9, 0x0F, 0x85, 0xAC, 0xA5, 0xE7, 0xC9, 0x03, 0xF0, 0x03, 0x4C, 0x87, 0x3F, 0xA9, 0x08, 
   0x8D, 0x50, 0x10, 0xA9, 0x0A, 0x8D, 0x68, 0x10, 0xA9, 0x3E, 0x8D, 0x59, 0x10, 0xA9, 0x63, 0x8D, 
   0x59, 0x10, 0xA9, 0x00, 0x8D, 0x59, 0x10, 0xA9, 0x01, 0x8D, 0x59, 0x10, 0xA9, 0x01, 0x8D, 0x5A, 
   0x10, 0x85, 0x81, 0xA9, 0x3E, 0x48, 0xA9, 0xE8, 0x48, 0xA9, 0x9F, 0x48, 0xA9, 0x30, 0x48, 0xA5, 
   0x81, 0x48, 0x8A, 0x48, 0xA2, 0x05, 0x4C, 0xEE, 0xDF, 0xA0, 0xB0, 0xA9, 0x3F, 0xA2, 0x63, 0x85, 
   0x81, 0xA9, 0x3F, 0x48, 0xA9, 0x06, 0x48, 0xA9, 0x1D, 0x48, 0xA9, 0xCB, 0x48, 0xA5, 0x81, 0x48, 
   0x8A, 0x48, 0xA2, 0x01, 0x4C, 0xEE, 0xDF, 0xA9, 0xF4, 0x8D, 0x50, 0x10, 0xA9, 0x01, 0x8D, 0x68, 
   0x10, 0xA2, 0xFF, 0x8E, 0x78, 0x10, 0xA9, 0x65, 0x8D, 0x78, 0x10, 0x8E, 0x78, 0x10, 0x8D, 0x78, 
   0x10, 0xA9, 0xE2, 0x8D, 0x50, 0x10, 0xA9, 0x01, 0x8D, 0x68, 0x10, 0xA2, 0x0E, 0x8E, 0x78, 0x10, 
   0xA9, 0x66, 0x8D, 0x78, 0x10, 0x8E, 0x78, 0x10, 0x8D, 0x78, 0x10, 0xA9, 0x0F, 0x85, 0xA6, 0x85, 
   0xA7, 0xA9, 0xF8, 0x8D, 0x50, 0x10, 0xA9, 0x01, 0x8D, 0x68, 0x10, 0xA2, 0x1D, 0x8E, 0x78, 0x10, 
   0xA9, 0x66, 0x8D, 0x78, 0x10, 0x8E, 0x78, 0x10, 0x8D, 0x78, 0x10, 0xA9, 0x02, 0x8D, 0x50, 0x10, 
   0xA9, 0x02, 0x8D, 0x68, 0x10, 0xA2, 0x28, 0x8E, 0x78, 0x10, 0xA9, 0x66, 0x8D, 0x78, 0x10, 0xA9, 
   0xF0, 0x8D, 0x50, 0x10, 0xA9, 0x01, 0x8D, 0x68, 0x10, 0xA2, 0x31, 0x8E, 0x78, 0x10, 0xA9, 0x66, 
   0x8D, 0x78, 0x10, 0xA9, 0x09, 0x85, 0xAD, 0x4C, 0xE0, 0xDF, 0xA9, 0x00, 0x8D, 0x50, 0x10, 0xA9, 
   0x02, 0x8D, 0x68, 0x10, 0xA2, 0x3A, 0x8E, 0x78, 0x10, 0xA9, 0x66, 0x8D, 0x78, 0x10, 0xA9, 0xEE, 
   0x8D, 0x50, 0x10, 0xA9, 0x01, 0x8D, 0x68, 0x10, 0xA2, 0x52, 0x8E, 0x78, 0x10, 0xA9, 0x66, 0x8D, 
   0x78, 0x10, 0xA9, 0x18, 0x85, 0xAC, 0xA5, 0xE7, 0xC9, 0x02, 0xD0, 0x03, 0x4C, 0x04, 0x31, 0x4C, 
   0xE0, 0xDF, 0xA5, 0xEA, 0x09, 0x01, 0x85, 0xEA, 0x60, 0xFF, 0xFF, 0xFF, 0xFF, 0xFF, 0xFF, 0xFF, 
   0xFF, 0xFF, 0xFF, 0xFF, 0xA2, 0xFF, 0x8E, 0x58, 0x10, 0x9A, 0xA9, 0x18, 0x48, 0xA9, 0x37, 0x48, 
   0x48, 0x8A, 0x48, 0xBA, 0xB5, 0x04, 0x2A, 0x2A, 0x2A, 0x2A, 0x29, 0x07, 0xAA, 0xE8, 0xBD, 0xF5, 
   0x1F, 0x68, 0xAA, 0x68, 0x60, 0xFF, 0xFF, 0xFF, 0xFF, 0xFF, 0xFF, 0xFF, 0xD4, 0x3F, 0xD4, 0x3F, 
   0x00, 0x00, 0x00, 0x00, 0x00, 0x00, 0x00, 0x00, 0x00, 0x00, 0x00, 0x00, 0x00, 0x00, 0x00, 0x00, 
   0x00, 0x00, 0x00, 0x00, 0x00, 0x00, 0x00, 0x00, 0x00, 0x00, 0x00, 0x00, 0x00, 0x00, 0x00, 0x00, 
   0x00, 0x00, 0x00, 0x00, 0x00, 0x00, 0x00, 0x00, 0x00, 0x00, 0x00, 0x00, 0x00, 0x00, 0x00, 0x00, 
   0x00, 0x00, 0x00, 0x00, 0x00, 0x00, 0x00, 0x00, 0x00, 0x00, 0x00, 0x00, 0x00, 0x00, 0x00, 0x00, 
   0x00, 0x00, 0x00, 0x00, 0x00, 0x00, 0x00, 0x00, 0x00, 0x00, 0x00, 0x00, 0x00, 0x00, 0x00, 0x00, 
   0x00, 0x00, 0x00, 0x00, 0x00, 0x00, 0x00, 0x00, 0x00, 0x00, 0x00, 0x00, 0x00, 0x00, 0x00, 0x00, 
   0x00, 0x00, 0x00, 0x00, 0x00, 0x00, 0x00, 0x00, 0x00, 0x00, 0x00, 0x00, 0x00, 0x00, 0x00, 0x00, 
   0x00, 0x00, 0x00, 0x00, 0x00, 0x00, 0x00, 0x00, 0x00, 0x00, 0x00, 0x00, 0x00, 0x00, 0x00, 0x00, 
   0x00, 0xA5, 0xCB, 0x85, 0xCB, 0xA5, 0xB8, 0xC9, 0x09, 0xD0, 0x0F, 0xA5, 0xE4, 0xC9, 0x00, 0xD0, 
   0x09, 0xA9, 0x00, 0x85, 0xE3, 0x85, 0xE5, 0x20, 0x22, 0x5E, 0xA5, 0xB8, 0xC9, 0x10, 0xB0, 0x03, 
   0x4C, 0xCD, 0x51, 0xA9, 0x50, 0x48, 0xA9, 0xBD, 0x48, 0xA6, 0xE7, 0xBD, 0xB4, 0x50, 0x48, 0xBD, 
   0xB9, 0x50, 0x48, 0x60, 0x53, 0x53, 0x53, 0x53, 0x54, 0x5E, 0x5E, 0xA2, 0xF6, 0x2D, 0xA5, 0xDF, 
   0x29, 0x08, 0xF0, 0x03, 0x4C, 0x91, 0x51, 0xA5, 0xDF, 0x29, 0x02, 0xD0, 0x71, 0xA5, 0xDF, 0x29, 
   0x04, 0xF0, 0x03, 0x4C, 0x6F, 0x51, 0xA5, 0xDF, 0x4A, 0x90, 0x03, 0x4C, 0x59, 0x52, 0xA5, 0xE7, 
   0xC9, 0x01, 0xD0, 0x12, 0x85, 0x81, 0xA9, 0x74, 0x48, 0xA9, 0x1B, 0x48, 0xA5, 0x81, 0x48, 0x8A, 
   0x48, 0xA2, 0x04, 0x4C, 0xEE, 0xDF, 0xA5, 0xE7, 0xC9, 0x02, 0xD0, 0x12, 0x85, 0x81, 0xA9, 0x93, 
   0x48, 0xA9, 0x9A, 0x48, 0xA5, 0x81, 0x48, 0x8A, 0x48, 0xA2, 0x05, 0x4C, 0xEE, 0xDF, 0xA5, 0xE7, 
   0xC9, 0x03, 0xD0, 0x12, 0x85, 0x81, 0xA9, 0x9B, 0x48, 0xA9, 0x3E, 0x48, 0xA5, 0x81, 0x48, 0x8A, 
   0x48, 0xA2, 0x05, 0x4C, 0xEE, 0xDF, 0xA5, 0xE7, 0xC9, 0x04, 0xD0, 0x12, 0x85, 0x81, 0xA9, 0x32, 
   0x48, 0xA9, 0xD9, 0x48, 0xA5, 0x81, 0x48, 0x8A, 0x48, 0xA2, 0x02, 0x4C, 0xEE, 0xDF, 0xA9, 0x05, 
   0x85, 0x1A, 0xA9, 0x04, 0x85, 0x16, 0xA6, 0xE0, 0xBD, 0x67, 0x51, 0x85, 0x18, 0xE6, 0xE1, 0xA5, 
   0xE1, 0xC9, 0x05, 0xD0, 0x03, 0x20, 0x0B, 0x58, 0xA6, 0xE0, 0xBD, 0x67, 0x51, 0xC9, 0xFF, 0xD0, 
   0x03, 0x4C, 0x07, 0x52, 0x4C, 0xDE, 0x50, 0x11, 0x0E, 0x0C, 0x0A, 0x0A, 0x0C, 0x0C, 0xFF, 0xA9, 
   0x0C, 0x85, 0x16, 0xA6, 0xE0, 0xBD, 0x14, 0x52, 0x85, 0x1A, 0xE6, 0xE0, 0xA6, 0xE0, 0xBD, 0x14, 
   0x52, 0x85, 0x18, 0xE6, 0xE0, 0xA6, 0xE0, 0xBD, 0x14, 0x52, 0xC9, 0xFF, 0xF0, 0x79, 0x4C, 0xDE, 
   0x50, 0xA5, 0xE1, 0x85, 0x18, 0xA9, 0x0C, 0x85, 0x16, 0xE6, 0xF1, 0xA5, 0xF1, 0x29, 0x03, 0x85, 
   0xCB, 0xA5, 0xE0, 0x85, 0xCC, 0xA9, 0x01, 0x85, 0x1A, 0xA5, 0xCB, 0xC9, 0x02, 0xB0, 0x04, 0xA9, 
   0x06, 0x85, 0x1A, 0xA5, 0xCB, 0xC9, 0x03, 0xD0, 0x0B, 0xA5, 0xE1, 0x85, 0xE0, 0xA5, 0xCC, 0x38, 
   0xE9, 0x06, 0x85, 0xE1, 0xA9, 0x06, 0xC5, 0xE1, 0xB0, 0x3D, 0x4C, 0xDE, 0x50, 0xA6, 0xE3, 0xBD, 
   0x03, 0x52, 0xC9, 0xFF, 0xD0, 0x03, 0x20, 0xEE, 0x53, 0xA9, 0x04, 0x85, 0x15, 0xA9, 0x04, 0x85, 
   0x19, 0xA6, 0xE3, 0xBD, 0x03, 0x52, 0x85, 0x17, 0xE6, 0xE5, 0xA9, 0x03, 0xC5, 0xE5, 0xB0, 0x04, 
   0xA9, 0x00, 0x85, 0x15, 0xA5, 0xE5, 0xC9, 0x0B, 0xD0, 0x06, 0xE6, 0xE3, 0xA9, 0x01, 0x85, 0xE5, 
   0x4C, 0xBE, 0x50, 0x0E, 0x11, 0x13, 0xFF, 0xA9, 0x00, 0x85, 0x1A, 0x85, 0xDF, 0x85, 0xE0, 0x85, 
   0xE1, 0x4C, 0xDE, 0x50, 0x06, 0x0F, 0x06, 0x0F, 0x06, 0x0D, 0x06, 0x0B, 0x06, 0x09, 0x06, 0x08, 
   0x06, 0x08, 0x05, 0x0F, 0x05, 0x0D, 0x05, 0x0D, 0x04, 0x0B, 0x04, 0x09, 0x04, 0x09, 0x04, 0x08, 
   0x03, 0x0F, 0x03, 0x0D, 0x03, 0x0D, 0x03, 0x0B, 0x03, 0x09, 0x03, 0x08, 0x02, 0x0F, 0x02, 0x0D, 
   0x02, 0x0D, 0x02, 0x0B, 0x02, 0x09, 0x02, 0x09, 0x02, 0x08, 0x01, 0x0F, 0x01, 0x0F, 0x01, 0x0D, 
   0x01, 0x0B, 0x01, 0x09, 0x01, 0x08, 0x01, 0x08, 0xFF, 0xA6, 0xE0, 0xBD, 0x80, 0x52, 0x85, 0x1A, 
   0xE6, 0xE0, 0xA6, 0xE0, 0xBD, 0x80, 0x52, 0x85, 0x16, 0xE6, 0xE0, 0xA6, 0xE0, 0xBD, 0x80, 0x52, 
   0x85, 0x18, 0xE6, 0xE0, 0xA6, 0xE0, 0xBD, 0x80, 0x52, 0xC9, 0xFF, 0xF0, 0x8A, 0x4C, 0xDE, 0x50, 
   0x03, 0x0E, 0x01, 0x02, 0x0E, 0x00, 0x01, 0x0E, 0x01, 0x03, 0x06, 0x01, 0x02, 0x01, 0x00, 0x01, 
   0x0C, 0x00, 0x00, 0x00, 0x00, 0x00, 0x00, 0x00, 0x00, 0x00, 0x00, 0x00, 0x00, 0x00, 0x00, 0x00, 
   0x00, 0x00, 0x00, 0x00, 0x00, 0x00, 0x00, 0xFF, 0x05, 0x09, 0x05, 0x02, 0x05, 0x02, 0xFF, 0x04, 
   0x11, 0x06, 0x00, 0x00, 0x18, 0x04, 0x0D, 0x06, 0x00, 0x00, 0x0A, 0x04, 0x0B, 0x04, 0x00, 0x00, 
   0x04, 0x04, 0x0A, 0x04, 0x00, 0x00, 0x04, 0x04, 0x0B, 0x04, 0x00, 0x00, 0x03, 0xFF, 0xA6, 0xE3, 
   0xBD, 0x16, 0x53, 0xC9, 0xFF, 0xD0, 0x03, 0x4C, 0xEE, 0x53, 0xA9, 0x0C, 0x85, 0x15, 0xA6, 0xE3, 
   0xBD, 0x16, 0x53, 0x85, 0x19, 0xD0, 0x0A, 0xA9, 0x01, 0x85, 0xCB, 0x4C, 0x03, 0x53, 0x4C, 0xF3, 
   0x52, 0xE6, 0xE3, 0xA6, 0xE3, 0xBD, 0x16, 0x53, 0x85, 0x17, 0xE6, 0xE3, 0xA6, 0xE3, 0xBD, 0x16, 
   0x53, 0x85, 0xCB, 0xA5, 0xCB, 0xC5, 0xE5, 0xD0, 0x09, 0xE6, 0xE3, 0xA9, 0x01, 0x85, 0xE5, 0x4C, 
   0x15, 0x53, 0x4C, 0x99, 0x53, 0x60, 0x04, 0x1D, 0x0D, 0x00, 0x04, 0x1D, 0x05, 0x00, 0x04, 0x1D, 
   0x05, 0x00, 0x04, 0x1D, 0x0D, 0x00, 0x04, 0x1D, 0x0D, 0x00, 0x04, 0x17, 0x0D, 0x00, 0x04, 0x1D, 
   0x0D, 0x00, 0x04, 0x17, 0x0D, 0x00, 0x04, 0x1D, 0x0D, 0x00, 0x04, 0x17, 0x0D, 0x00, 0x04, 0x17, 
   0x05, 0x00, 0x04, 0x17, 0x05, 0x00, 0x04, 0x17, 0x0D, 0x00, 0x04, 0x17, 0x0D, 0x00, 0x04, 0x13, 
   0x0D, 0x00, 0x04, 0x17, 0x0D, 0x00, 0x04, 0x13, 0x0D, 0x00, 0x04, 0x17, 0x0D, 0xFF, 0xFF, 0xA5, 
   0xEA, 0x29, 0x02, 0xF0, 0x03, 0x4C, 0xCE, 0x52, 0xA5, 0xEA, 0x29, 0x04, 0xF0, 0x03, 0x4C, 0xCE, 
   0x52, 0xA6, 0xE3, 0xBD, 0xAF, 0x52, 0xC9, 0xFF, 0xF0, 0x74, 0xA9, 0x06, 0x85, 0x15, 0xA6, 0xE3, 
   0xBD, 0xAF, 0x52, 0x85, 0x19, 0xE6, 0xE3, 0xA6, 0xE3, 0xBD, 0xAF, 0x52, 0x85, 0x17, 0xE6, 0xE3, 
   0xA6, 0xE3, 0xBD, 0xAF, 0x52, 0xC5, 0xE5, 0xF0, 0x4E, 0xA5, 0xE3, 0x38, 0xE9, 0x02, 0x85, 0xE3, 
   0xE6, 0xE5, 0x60, 0xA5, 0xEA, 0x29, 0x02, 0xF0, 0x03, 0x4C, 0xCE, 0x52, 0xA6, 0xE3, 0xBD, 0xA8, 
   0x52, 0xC9, 0xFF, 0xF0, 0x39, 0xA9, 0x06, 0x85, 0x15, 0xA9, 0x0B, 0x85, 0x17, 0xA6, 0xE3, 0xBD, 
   0xA8, 0x52, 0x85, 0xCB, 0xA5, 0xCB, 0xC9, 0x09, 0xD0, 0x03, 0x4C, 0xD3, 0x53, 0xA5, 0xCB, 0xC9, 
   0x02, 0xD0, 0x07, 0xA9, 0x00, 0x85, 0x19, 0x4C, 0xDE, 0x53, 0xA9, 0x04, 0x85, 0x19, 0xA5, 0xCB, 
   0xC5, 0xE5, 0xF0, 0x03, 0xE6, 0xE5, 0x60, 0xE6, 0xE3, 0xA9, 0x01, 0x85, 0xE5, 0x60, 0xA9, 0x00, 
   0x85, 0xE3, 0xA9, 0x01, 0x85, 0xE5, 0x60, 0xA6, 0xE3, 0xBD, 0x53, 0x54, 0xC9, 0xFF, 0xF0, 0xEE, 
   0xA6, 0xE3, 0xBD, 0x53, 0x54, 0x85, 0x19, 0xE6, 0xE3, 0xA6, 0xE3, 0xBD, 0x53, 0x54, 0x85, 0x15, 
   0xE6, 0xE3, 0xA6, 0xE3, 0xBD, 0x53, 0x54, 0x85, 0x17, 0xE6, 0xE3, 0xA6, 0xE3, 0xBD, 0x53, 0x54, 
   0xC5, 0xE5, 0xF0, 0xC3, 0xA5, 0xE3, 0x38, 0xE9, 0x03, 0x85, 0xE3, 0xE6, 0xE5, 0x60, 0xA5, 0xEA, 
   0x29, 0x02, 0xF0, 0x03, 0x4C, 0xCE, 0x52, 0xA6, 0xE3, 0xBD, 0xA8, 0x52, 0xC9, 0xFF, 0xF0, 0xAE, 
   0xA9, 0x06, 0x85, 0x15, 0xA9, 0x0E, 0x85, 0x17, 0xA5, 0xE3, 0xD0, 0x04, 0xA9, 0x0B, 0x85, 0x17, 
   0x4C, 0xBD, 0x53, 0x04, 0x0F, 0x03, 0x04, 0x04, 0x00, 0x00, 0x02, 0x04, 0x0F, 0x01, 0x04, 0x04, 
   0x00, 0x00, 0x18, 0x04, 0x0F, 0x03, 0x04, 0x04, 0x00, 0x00, 0x02, 0x04, 0x0F, 0x01, 0x04, 0x04, 
   0x00, 0x00, 0x18, 0x04, 0x0F, 0x03, 0x04, 0x04, 0x00, 0x00, 0x02, 0x04, 0x0F, 0x01, 0x04, 0x04, 
   0x00, 0x00, 0x18, 0x04, 0x0F, 0x03, 0x04, 0x04, 0x00, 0x00, 0x02, 0x04, 0x0F, 0x01, 0x04, 0x04, 
   0x00, 0x00, 0x18, 0x08, 0x06, 0x0B, 0x03, 0x07, 0x06, 0x0C, 0x03, 0x06, 0x06, 0x0D, 0x03, 0x05, 
   0x06, 0x0E, 0x03, 0x04, 0x06, 0x0F, 0x03, 0x03, 0x06, 0x10, 0x03, 0x02, 0x06, 0x11, 0x03, 0x01, 
   0x06, 0x12, 0x06, 0x00, 0x00, 0x00, 0x08, 0xFF, 0x24, 0xF2, 0x10, 0x1B, 0x85, 0x81, 0xA9, 0x54, 
   0x48, 0xA9, 0xD3, 0x48, 0xA9, 0x9F, 0x48, 0xA9, 0x09, 0x48, 0xA5, 0x81, 0x48, 0x8A, 0x48, 0xA2, 
   0x05, 0x4C, 0xEE, 0xDF, 0x4C, 0x9A, 0x5D, 0xA2, 0x6A, 0x86, 0xA3, 0xA9, 0x66, 0x85, 0xA4, 0xA9, 
   0xF4, 0x8D, 0x50, 0x10, 0xA9, 0x01, 0x8D, 0x68, 0x10, 0xA2, 0x7A, 0x8E, 0x78, 0x10, 0xA9, 0x66, 
   0x8D, 0x78, 0x10, 0xA9, 0xE2, 0x8D, 0x50, 0x10, 0xA9, 0x01, 0x8D, 0x68, 0x10, 0xA2, 0x8A, 0x8E, 
   0x78, 0x10, 0xA9, 0x66, 0x8D, 0x78, 0x10, 0xA9, 0x10, 0x85, 0xA6, 0xA9, 0xF6, 0x8D, 0x50, 0x10, 
   0xA9, 0x01, 0x8D, 0x68, 0x10, 0xA2, 0x9A, 0x8E, 0x78, 0x10, 0xA9, 0x66, 0x8D, 0x78, 0x10, 0xA9, 
   0xE4, 0x8D, 0x50, 0x10, 0xA9, 0x01, 0x8D, 0x68, 0x10, 0xA2, 0xA9, 0x8E, 0x78, 0x10, 0xA9, 0x66, 
   0x8D, 0x78, 0x10, 0xA9, 0x0F, 0x85, 0xA7, 0xA9, 0xF8, 0x8D, 0x50, 0x10, 0xA9, 0x01, 0x8D, 0x68, 
   0x10, 0xA2, 0xB8, 0x8E, 0x78, 0x10, 0xA9, 0x66, 0x8D, 0x78, 0x10, 0xA9, 0xE6, 0x8D, 0x50, 0x10, 
   0xA9, 0x01, 0x8D, 0x68, 0x10, 0xA2, 0xC7, 0x8E, 0x78, 0x10, 0xA9, 0x66, 0x8D, 0x78, 0x10, 0xA9, 
   0x0F, 0x85, 0xA8, 0x20, 0x91, 0x5D, 0x20, 0xD1, 0x58, 0xA5, 0x99, 0x38, 0xE9, 0x02, 0x85, 0x99, 
   0xA5, 0x80, 0x38, 0xE9, 0x01, 0x85, 0x90, 0xA5, 0x80, 0x18, 0x69, 0x08, 0x85, 0x83, 0xA5, 0x99, 
   0x18, 0x69, 0x05, 0x85, 0xC0, 0xA5, 0x83, 0x85, 0xDE, 0xA5, 0xC0, 0x85, 0xD9, 0xA5, 0x99, 0x85, 
   0xDA, 0xA5, 0x80, 0x85, 0xDF, 0xA9, 0x0A, 0x85, 0xDD, 0xA9, 0x00, 0x85, 0xAF, 0xA5, 0xDB, 0xC9, 
   0x20, 0xD0, 0x03, 0x4C, 0xD4, 0x56, 0xA5, 0xD8, 0x29, 0x08, 0xF0, 0x06, 0xE6, 0xE4, 0xA9, 0x00, 
   0x85, 0xD8, 0xA5, 0xE4, 0xD0, 0x2E, 0xA5, 0x80, 0x85, 0x91, 0xA5, 0xDA, 0x85, 0x9B, 0xA5, 0xDE, 
   0x38, 0xE9, 0x01, 0x85, 0x83, 0xA5, 0xD9, 0x18, 0x69, 0x01, 0x85, 0xC0, 0xA9, 0x04, 0x85, 0xC3, 
   0xA9, 0xC8, 0x85, 0x99, 0x85, 0x9A, 0x85, 0x9C, 0xA2, 0xD6, 0x86, 0xBD, 0xA9, 0x66, 0x85, 0xBE, 
   0xA9, 0x10, 0x85, 0xA5, 0xA5, 0xE4, 0xC9, 0x01, 0xD0, 0x21, 0xA5, 0xDF, 0x85, 0x80, 0xA5, 0xDA, 
   0x85, 0x99, 0x85, 0x9A, 0xA5, 0xDE, 0x85, 0x83, 0xA5, 0xD9, 0x38, 0xE9, 0x01, 0x85, 0xC0, 0xA9, 
   0x08, 0x85, 0xC3, 0xA9, 0xC8, 0x85, 0x9B, 0x85, 0x9C, 0xE6, 0xDB, 0xA5, 0xE4, 0xC9, 0x02, 0xD0, 
   0x25, 0xA5, 0xDF, 0x38, 0xE9, 0x01, 0x85, 0x92, 0xA5, 0xDA, 0x85, 0x9C, 0xA9, 0x03, 0x85, 0xC3, 
   0xA5, 0xDF, 0x38, 0xE9, 0x01, 0x85, 0x83, 0xA5, 0xD9, 0x18, 0x69, 0x02, 0x85, 0xC0, 0xA9, 0xC8, 
   0x85, 0x99, 0x85, 0x9A, 0x85, 0x9B, 0xA5, 0xE4, 0xC9, 0x03, 0xD0, 0x36, 0xA9, 0x08, 0x85, 0x0B, 
   0xA5, 0xAF, 0x09, 0x08, 0x85, 0xAF, 0xA5, 0xDA, 0x85, 0x99, 0x85, 0x9A, 0xA5, 0xDF, 0x38, 0xE9, 
   0x02, 0x85, 0x80, 0xA5, 0xDE, 0x38, 0xE9, 0x09, 0x85, 0x83, 0xA5, 0xD9, 0x85, 0xC0, 0xA9, 0x07, 
   0x85, 0xC3, 0xA9, 0xC8, 0x85, 0x9C, 0xA2, 0xE6, 0x86, 0xBD, 0xA9, 0x66, 0x85, 0xBE, 0xA9, 0x10, 
   0x85, 0xA5, 0x20, 0x8A, 0x56, 0x20, 0x94, 0x5B, 0xA5, 0xE4, 0xC9, 0x04, 0xD0, 0x07, 0xA9, 0x00, 
   0x85, 0xE4, 0x4C, 0x99, 0x55, 0xE6, 0xD8, 0x4C, 0x99, 0x55, 0xA5, 0xDC, 0x85, 0x17, 0xA5, 0xDD, 
   0x85, 0x18, 0xA9, 0x14, 0x85, 0x15, 0x85, 0x16, 0xA5, 0xD8, 0x29, 0x03, 0x85, 0xCB, 0xA5, 0xDC, 
   0x85, 0xCC, 0xA9, 0x03, 0x85, 0x19, 0x85, 0x1A, 0xA5, 0xCB, 0xC9, 0x02, 0xB0, 0x06, 0xA9, 0x06, 
   0x85, 0x19, 0x85, 0x1A, 0xA5, 0xCB, 0xC9, 0x03, 0xD0, 0x0B, 0xA5, 0xDD, 0x85, 0xDC, 0xA5, 0xCC, 
   0x18, 0x69, 0x01, 0x85, 0xDD, 0xA5, 0xDD, 0xC9, 0x18, 0xD0, 0x08, 0xA9, 0x00, 0x85, 0xDC, 0xA9, 
   0x0A, 0x85, 0xDD, 0x60, 0xA2, 0xF6, 0x86, 0xA3, 0xA9, 0x66, 0x85, 0xA4, 0xA2, 0x06, 0x86, 0xBD, 
   0xA9, 0x67, 0x85, 0xBE, 0xA9, 0x10, 0x85, 0xA5, 0xA9, 0xF4, 0x8D, 0x50, 0x10, 0xA9, 0x01, 0x8D, 
   0x68, 0x10, 0xA2, 0x16, 0x8E, 0x78, 0x10, 0xA9, 0x67, 0x8D, 0x78, 0x10, 0xA9, 0xE2, 0x8D, 0x50, 
   0x10, 0xA9, 0x01, 0x8D, 0x68, 0x10, 0xA2, 0x26, 0x8E, 0x78, 0x10, 0xA9, 0x67, 0x8D, 0x78, 0x10, 
   0xA9, 0x10, 0x85, 0xA6, 0x24, 0xF2, 0x10, 0x14, 0xA9, 0xF4, 0x8D, 0x50, 0x10, 0xA9, 0x01, 0x8D, 
   0x68, 0x10, 0xA2, 0x36, 0x8E, 0x78, 0x10, 0xA9, 0x67, 0x8D, 0x78, 0x10, 0x24, 0xF2, 0x10, 0x18, 
   0xA9, 0xE2, 0x8D, 0x50, 0x10, 0xA9, 0x01, 0x8D, 0x68, 0x10, 0xA2, 0x43, 0x8E, 0x78, 0x10, 0xA9, 
   0x67, 0x8D, 0x78, 0x10, 0xA9, 0x0D, 0x85, 0xA6, 0x24, 0xF2, 0x10, 0x08, 0xA2, 0x50, 0x86, 0xA3, 
   0xA9, 0x67, 0x85, 0xA4, 0x24, 0xF2, 0x10, 0x0C, 0xA2, 0x5F, 0x86, 0xBD, 0xA9, 0x67, 0x85, 0xBE, 
   0xA9, 0x0F, 0x85, 0xA5, 0xA5, 0x80, 0x85, 0x90, 0xA9, 0x00, 0x85, 0x0B, 0x85, 0xAF, 0x85, 0xE4, 
   0xA5, 0xEA, 0x29, 0xFE, 0x85, 0xEA, 0xA5, 0xEA, 0x29, 0xFD, 0x85, 0xEA, 0xA5, 0x99, 0x85, 0x9A, 
   0xA9, 0x06, 0x85, 0xC3, 0xA5, 0x9A, 0x18, 0x69, 0x0A, 0x85, 0xC0, 0xA5, 0x80, 0x18, 0x69, 0x09, 
   0x85, 0x83, 0xA5, 0xE8, 0x85, 0xCB, 0x20, 0x89, 0x58, 0xA9, 0x01, 0x2C, 0x82, 0x02, 0xD0, 0x06, 
   0xA5, 0xEA, 0x09, 0x02, 0x85, 0xEA, 0xA9, 0x01, 0x2C, 0x82, 0x02, 0xF0, 0x09, 0xA5, 0xEA, 0x29, 
   0x02, 0xF0, 0x03, 0x6C, 0xFC, 0xFF, 0x24, 0x0C, 0x30, 0x06, 0xA5, 0xEA, 0x09, 0x01, 0x85, 0xEA, 
   0x24, 0x0C, 0x10, 0x0E, 0xA5, 0xEA, 0x4A, 0x90, 0x09, 0xA9, 0x64, 0xC5, 0xE4, 0xB0, 0x03, 0x4C, 
   0x5B, 0x58, 0xA6, 0xE0, 0xBD, 0x50, 0x58, 0xC9, 0xFF, 0xF0, 0x03, 0x20, 0x12, 0x58, 0x20, 0x5E, 
   0x5D, 0x24, 0xF2, 0x10, 0x14, 0xA5, 0x80, 0x18, 0x69, 0x03, 0x85, 0x90, 0xA5, 0x99, 0x18, 0x69, 
   0x02, 0x85, 0x9A, 0xA9, 0x00, 0x85, 0xC2, 0x85, 0xC3, 0x20, 0xA3, 0x5B, 0xE6, 0xE4, 0xA9, 0x64, 
   0xC5, 0xE4, 0xB0, 0x04, 0xA9, 0x65, 0x85, 0xE4, 0x4C, 0x99, 0x57, 0xE6, 0xE0, 0xA9, 0x00, 0x85, 
   0xE1, 0x60, 0xA6, 0xE0, 0xBD, 0x50, 0x58, 0xF0, 0x0B, 0xA9, 0x05, 0x85, 0x1A, 0xA9, 0x06, 0x85, 
   0x19, 0x4C, 0x27, 0x58, 0x20, 0x91, 0x5D, 0xA9, 0x04, 0x85, 0x15, 0xA9, 0x0C, 0x85, 0x16, 0xA6, 
   0xE0, 0xBD, 0x50, 0x58, 0x85, 0x17, 0xE6, 0xE0, 0xA6, 0xE0, 0xBD, 0x50, 0x58, 0x85, 0x18, 0xE6, 
   0xE1, 0xA5, 0xE1, 0xC9, 0x16, 0xD0, 0x06, 0x20, 0x0B, 0x58, 0x4C, 0x4F, 0x58, 0xC6, 0xE0, 0x60, 
   0x12, 0x1F, 0x0F, 0x14, 0x18, 0x18, 0x17, 0x1F, 0x00, 0x00, 0xFF, 0xA9, 0x01, 0x2C, 0x82, 0x02, 
   0xD0, 0x03, 0x6C, 0xFC, 0xFF, 0x20, 0xA3, 0x5B, 0xA5, 0xC8, 0xC9, 0x00, 0xF0, 0x18, 0xA5, 0xC8, 
   0x4A, 0x4A, 0x85, 0xC8, 0x85, 0x81, 0xA9, 0xB6, 0x48, 0xA9, 0xAD, 0x48, 0xA5, 0x81, 0x48, 0x8A, 
   0x48, 0xA2, 0x06, 0x4C, 0xEE, 0xDF, 0x4C, 0x5B, 0x58, 0xA9, 0xA2, 0x8D, 0x57, 0x10, 0xA9, 0x0D, 
   0x8D, 0x6F, 0x10, 0xAD, 0x0F, 0x10, 0x85, 0xB9, 0xAD, 0x0F, 0x10, 0x85, 0xB8, 0xA9, 0x00, 0x85, 
   0xBA, 0xF8, 0x18, 0xA5, 0xCB, 0x65, 0xB9, 0x85, 0xB9, 0xA9, 0x00, 0x65, 0xB8, 0x85, 0xB8, 0xD8, 
   0xA5, 0xB8, 0x8D, 0x67, 0x10, 0xA5, 0xB9, 0x8D, 0x67, 0x10, 0xA5, 0xB8, 0xF0, 0x12, 0x24, 0xEA, 
   0x30, 0x0E, 0xA5, 0xC8, 0x0A, 0x0A, 0x09, 0x01, 0x85, 0xC8, 0xA5, 0xEA, 0x09, 0x80, 0x85, 0xEA, 
   0x60, 0xA9, 0xC8, 0x85, 0x9F, 0x85, 0xA0, 0x85, 0xC1, 0xA9, 0xC8, 0x85, 0x9A, 0x85, 0x9B, 0x85, 
   0x9C, 0x85, 0x9D, 0x85, 0x9E, 0xA9, 0x00, 0x85, 0xE4, 0x85, 0xE6, 0x85, 0xE0, 0x85, 0xE1, 0x85, 
   0xC4, 0x85, 0xD8, 0x85, 0xDB, 0x85, 0xDC, 0x85, 0xE4, 0x60, 0xA9, 0xB1, 0x8D, 0x55, 0x10, 0xA9, 
   0x07, 0x8D, 0x6D, 0x10, 0xA9, 0x00, 0x85, 0xCC, 0xA9, 0x00, 0x8D, 0x65, 0x10, 0xA5, 0xCC, 0xC9, 
   0xAF, 0xE6, 0xCC, 0x90, 0xF3, 0x20, 0x94, 0x5B, 0xA9, 0xB1, 0x8D, 0x56, 0x10, 0xA9, 0x08, 0x8D, 
   0x6E, 0x10, 0xA9, 0x00, 0x85, 0xCC, 0xA9, 0x00, 0x8D, 0x66, 0x10, 0xA5, 0xCC, 0xC9, 0xAF, 0xE6, 
   0xCC, 0x90, 0xF3, 0xA9, 0x05, 0x85, 0xE6, 0x20, 0x94, 0x5B, 0xA9, 0xA4, 0x8D, 0x50, 0x10, 0xA9, 
   0x01, 0x8D, 0x68, 0x10, 0xA2, 0x05, 0x8E, 0x78, 0x10, 0xA9, 0x90, 0x8D, 0x78, 0x10, 0xA0, 0x00, 
   0x8C, 0x78, 0x10, 0xA5, 0xE6, 0x8D, 0x78, 0x10, 0xA9, 0xFF, 0x8D, 0x5A, 0x10, 0xA5, 0xE6, 0xC9, 
   0x07, 0xE6, 0xE6, 0x90, 0xD2, 0x85, 0x81, 0xA9, 0x59, 0x48, 0xA9, 0x7C, 0x48, 0xA9, 0x3E, 0x48, 
   0xA9, 0x44, 0x48, 0xA5, 0x81, 0x48, 0x8A, 0x48, 0xA2, 0x02, 0x4C, 0xEE, 0xDF, 0x20, 0xD1, 0x58, 
   0x20, 0x91, 0x5D, 0xA9, 0x00, 0x85, 0xE8, 0xA9, 0x00, 0x85, 0xE6, 0xA9, 0x02, 0x85, 0x19, 0xA5, 
   0xE6, 0xC9, 0x11, 0xB0, 0x08, 0xA9, 0x04, 0x85, 0x19, 0xA9, 0x19, 0x85, 0x17, 0xA5, 0xE6, 0xC9, 
   0x0B, 0xB0, 0x04, 0xA9, 0x02, 0x85, 0x19, 0xA5, 0xE6, 0xC9, 0x06, 0xB0, 0x0C, 0xA9, 0x04, 0x85, 
   0x19, 0xA9, 0x0C, 0x85, 0x15, 0xA9, 0x14, 0x85, 0x17, 0xA5, 0xE6, 0x29, 0x08, 0xF0, 0x13, 0xA9, 
   0x3A, 0x85, 0x97, 0xA9, 0x4A, 0x85, 0x98, 0xA9, 0x0D, 0x85, 0xB6, 0xA9, 0x05, 0x85, 0xB7, 0x4C, 
   0xE6, 0x59, 0xA9, 0x48, 0x85, 0x97, 0xA5, 0xB6, 0x29, 0xF7, 0x85, 0xB6, 0xA9, 0x38, 0x85, 0x98, 
   0xA5, 0xB7, 0x09, 0x08, 0x85, 0xB7, 0x20, 0x94, 0x5B, 0xA5, 0xE6, 0xC9, 0x15, 0xE6, 0xE6, 0x90, 
   0x9A, 0xA5, 0xE8, 0xC9, 0x05, 0xE6, 0xE8, 0x90, 0x8E, 0xA9, 0xF0, 0x8D, 0x50, 0x10, 0xA9, 0x01, 
   0x8D, 0x68, 0x10, 0xA2, 0x6E, 0x8E, 0x78, 0x10, 0xA9, 0x67, 0x8D, 0x78, 0x10, 0x8E, 0x78, 0x10, 
   0x8D, 0x78, 0x10, 0xA9, 0x1B, 0x85, 0xAD, 0x85, 0xAE, 0x20, 0x91, 0x5D, 0xA9, 0x00, 0x85, 0xE4, 
   0xA9, 0x20, 0x85, 0xA1, 0x85, 0xA2, 0xA9, 0x3C, 0x85, 0x97, 0xA9, 0x4C, 0x85, 0x98, 0xA9, 0x05, 
   0x85, 0xB6, 0xA9, 0x0D, 0x85, 0xB7, 0xF8, 0xA5, 0xB8, 0x18, 0x65, 0xE8, 0x85, 0xCB, 0xD8, 0x20, 
   0x89, 0x58, 0xA9, 0x02, 0x85, 0xE1, 0x4C, 0xB4, 0x5C, 0x85, 0x81, 0xA9, 0x5A, 0x48, 0xA9, 0x60, 
   0x48, 0xA9, 0x1F, 0x48, 0xA9, 0x6E, 0x48, 0xA5, 0x81, 0x48, 0x8A, 0x48, 0xA2, 0x01, 0x4C, 0xEE, 
   0xDF, 0x20, 0x5E, 0x5D, 0x20, 0x94, 0x5B, 0xA5, 0xA1, 0xC9, 0x91, 0xB0, 0x18, 0xE6, 0xA1, 0xE6, 
   0xA2, 0xA9, 0x04, 0x85, 0x19, 0xA9, 0x0C, 0x85, 0x15, 0xA5, 0xA1, 0x4A, 0x4A, 0x38, 0xE9, 0x05, 
   0x85, 0x17, 0x4C, 0x49, 0x5A, 0xA9, 0x1F, 0x85, 0xE6, 0xA9, 0xA4, 0x8D, 0x50, 0x10, 0xA9, 0x01, 
   0x8D, 0x68, 0x10, 0xA2, 0x08, 0x8E, 0x78, 0x10, 0xA9, 0x17, 0x8D, 0x78, 0x10, 0xA4, 0xE6, 0x8C, 
   0x78, 0x10, 0xA9, 0x05, 0x8D, 0x78, 0x10, 0xA9, 0xFF, 0x8D, 0x5A, 0x10, 0xA5, 0xE6, 0xC9, 0x23, 
   0xE6, 0xE6, 0x90, 0xD5, 0xA9, 0x47, 0x85, 0x80, 0xA9, 0x11, 0x85, 0x99, 0xA9, 0x50, 0x85, 0x96, 
   0xA9, 0x0F, 0x85, 0xA0, 0x24, 0xF2, 0x10, 0x04, 0xA9, 0x11, 0x85, 0xA0, 0xA9, 0x4A, 0x85, 0x95, 
   0xA9, 0x29, 0x85, 0x9F, 0xA5, 0xB5, 0x09, 0x08, 0x85, 0xB5, 0xA5, 0xF4, 0xD0, 0x03, 0x4C, 0x45, 
   0x5C, 0xA9, 0x01, 0x2C, 0x82, 0x02, 0xD0, 0x03, 0x6C, 0xFC, 0xFF, 0x4C, 0x49, 0x5A, 0xA9, 0x00, 
   0x85, 0xB7, 0x85, 0xA0, 0x85, 0xE3, 0x85, 0xE5, 0x20, 0xD9, 0x58, 0xA9, 0xC8, 0x85, 0xA1, 0x85, 
   0xC1, 0x24, 0xF2, 0x10, 0x04, 0xA9, 0x02, 0x85, 0xA0, 0xF8, 0xA5, 0xB8, 0x18, 0x65, 0xE8, 0x85, 
   0xCB, 0xD8, 0x20, 0x89, 0x58, 0x20, 0xDE, 0x5B, 0xA5, 0xB5, 0x29, 0xF7, 0x85, 0xB5, 0x20, 0x5E, 
   0x5D, 0x20, 0x94, 0x5B, 0xE6, 0xE4, 0xA5, 0xE4, 0xC9, 0x80, 0xF0, 0x03, 0x4C, 0x15, 0x5B, 0x20, 
   0x91, 0x5D, 0xA9, 0x00, 0x85, 0x15, 0x85, 0x16, 0xA9, 0xC8, 0x85, 0xA0, 0x20, 0x94, 0x5B, 0xA5, 
   0xE4, 0x85, 0x19, 0x38, 0xE9, 0x01, 0x85, 0x1A, 0x20, 0x94, 0x5B, 0x20, 0x94, 0x5B, 0xC6, 0xE4, 
   0xA5, 0xE4, 0xC9, 0x7B, 0xB0, 0x18, 0xA9, 0xEC, 0x8D, 0x50, 0x10, 0xA9, 0x01, 0x8D, 0x68, 0x10, 
   0xA2, 0x89, 0x8E, 0x78, 0x10, 0xA9, 0x67, 0x8D, 0x78, 0x10, 0xA9, 0x0B, 0x85, 0xAB, 0xA5, 0xE4, 
   0xC9, 0x50, 0xB0, 0x1D, 0xA5, 0xE2, 0x18, 0x69, 0x02, 0x85, 0xE2, 0xA9, 0x00, 0x85, 0xE4, 0x85, 
   0x81, 0xA9, 0xB6, 0x48, 0xA9, 0xAD, 0x48, 0xA5, 0x81, 0x48, 0x8A, 0x48, 0xA2, 0x06, 0x4C, 0xEE, 
   0xDF, 0x4C, 0x2F, 0x5B, 0x24, 0xF2, 0x10, 0x07, 0xA9, 0x0F, 0x18, 0x65, 0xEC, 0x85, 0xBD, 0xA9, 
   0x0F, 0x85, 0xA5, 0xA9, 0xFF, 0x8D, 0x38, 0x10, 0x8D, 0x39, 0x10, 0x8D, 0x3A, 0x10, 0x8D, 0x3B, 
   0x10, 0xA5, 0xE7, 0xC9, 0x02, 0xD0, 0x03, 0x4C, 0xC0, 0x5B, 0xA5, 0xE7, 0xC9, 0x04, 0xD0, 0x05, 
   0xA9, 0xFF, 0x8D, 0x3C, 0x10, 0x85, 0x81, 0xA9, 0x5B, 0x48, 0xA9, 0xDC, 0x48, 0xA9, 0x18, 0x48, 
   0xA9, 0x9C, 0x48, 0xA5, 0x81, 0x48, 0x8A, 0x48, 0xA2, 0x01, 0x4C, 0xEE, 0xDF, 0x60, 0xA9, 0x08, 
   0x85, 0x0B, 0xA5, 0xE6, 0xC9, 0x02, 0xD0, 0x01, 0x60, 0xA6, 0xE0, 0xBD, 0x32, 0x5C, 0xF0, 0x09, 
   0xA9, 0x08, 0x85, 0x1A, 0x85, 0x19, 0x4C, 0xFC, 0x5B, 0x20, 0x91, 0x5D, 0xA9, 0x0C, 0x85, 0x15, 
   0x85, 0x16, 0xA6, 0xE0, 0xBD, 0x32, 0x5C, 0x85, 0x17, 0xE6, 0xE0, 0xA6, 0xE0, 0xBD, 0x32, 0x5C, 
   0x85, 0x18, 0xE6, 0xE1, 0xA5, 0xE1, 0xC9, 0x06, 0xD0, 0x06, 0x20, 0x0B, 0x58, 0x4C, 0x22, 0x5C, 
   0xC6, 0xE0, 0xA6, 0xE0, 0xBD, 0x32, 0x5C, 0xC9, 0xFF, 0xD0, 0x06, 0xA9, 0x00, 0x85, 0xE0, 0xE6, 
   0xE6, 0x60, 0x17, 0x12, 0x13, 0x10, 0x12, 0x0E, 0x12, 0x0E, 0x17, 0x12, 0x00, 0x00, 0x00, 0x00, 
   0x00, 0x00, 0x00, 0x00, 0xFF, 0xC6, 0xE1, 0xA9, 0x00, 0xC5, 0xE1, 0xB0, 0x03, 0x4C, 0xE1, 0x5A, 
   0xA2, 0xE8, 0xA1, 0x00, 0xF6, 0x00, 0xD0, 0x02, 0xF6, 0x01, 0x85, 0xCF, 0xA2, 0xE8, 0xA1, 0x00, 
   0xF6, 0x00, 0xD0, 0x02, 0xF6, 0x01, 0x85, 0xD0, 0xA5, 0xCF, 0xC9, 0xFF, 0xD0, 0x07, 0xA9, 0x01, 
   0x85, 0xF4, 0x4C, 0x49, 0x5A, 0xA9, 0x06, 0x85, 0x19, 0xA5, 0xCF, 0x85, 0x15, 0xA5, 0xD0, 0x85, 
   0x17, 0xA2, 0xE8, 0xA1, 0x00, 0xF6, 0x00, 0xD0, 0x02, 0xF6, 0x01, 0x85, 0xCF, 0xA2, 0xE8, 0xA1, 
   0x00, 0xF6, 0x00, 0xD0, 0x02, 0xF6, 0x01, 0x85, 0xD0, 0xA9, 0x06, 0x85, 0x1A, 0xA5, 0xCF, 0x85, 
   0x16, 0xA5, 0xD0, 0x85, 0x18, 0xA2, 0xE8, 0xA1, 0x00, 0xF6, 0x00, 0xD0, 0x02, 0xF6, 0x01, 0x85, 
   0xE1, 0x4C, 0xE1, 0x5A, 0xA9, 0xBF, 0x85, 0xE8, 0xA9, 0x5C, 0x85, 0xE9, 0x4C, 0x5B, 0x5D, 0x00, 
   0x1F, 0x00, 0x18, 0x0A, 0x0C, 0x1F, 0x00, 0x18, 0x12, 0x04, 0x1F, 0x04, 0x18, 0x0A, 0x04, 0x1F, 
   0x04, 0x18, 0x0A, 0x04, 0x1B, 0x04, 0x17, 0x14, 0x04, 0x18, 0x04, 0x14, 0x14, 0x0C, 0x14, 0x0C, 
   0x0F, 0x14, 0x04, 0x12, 0x04, 0x17, 0x14, 0x0C, 0x0F, 0x04, 0x13, 0x0A, 0x0C, 0x0F, 0x04, 0x12, 
   0x0A, 0x0C, 0x14, 0x04, 0x1F, 0x14, 0x0C, 0x12, 0x04, 0x1B, 0x14, 0x0C, 0x18, 0x04, 0x0D, 0x14, 
   0x0C, 0x12, 0x04, 0x0F, 0x0A, 0x0C, 0x12, 0x04, 0x12, 0x0A, 0x0C, 0x18, 0x04, 0x12, 0x0A, 0x00, 
   0x1B, 0x0C, 0x18, 0x0A, 0x0C, 0x1B, 0x04, 0x14, 0x0D, 0x0C, 0x1B, 0x00, 0x00, 0x03, 0x0C, 0x1B, 
   0x04, 0x14, 0x0E, 0x00, 0x14, 0x00, 0x0F, 0x06, 0x0C, 0x14, 0x04, 0x0F, 0x10, 0x0C, 0x14, 0x04, 
   0x13, 0x06, 0x0C, 0x1B, 0x04, 0x12, 0x0C, 0x04, 0x17, 0x0C, 0x1B, 0x0A, 0x0C, 0x14, 0x0C, 0x18, 
   0x0E, 0x00, 0x00, 0x00, 0x00, 0x02, 0x0C, 0x1A, 0x0C, 0x12, 0x17, 0x00, 0x00, 0x00, 0x00, 0x02, 
   0x0C, 0x1F, 0x0C, 0x11, 0x1F, 0x00, 0x00, 0x00, 0x00, 0x12, 0xFF, 0x4C, 0xE1, 0x5A, 0xA9, 0x45, 
   0x8D, 0x50, 0x10, 0xA9, 0x0B, 0x8D, 0x68, 0x10, 0xA9, 0x0A, 0x8D, 0x78, 0x10, 0xA9, 0x0A, 0x8D, 
   0x78, 0x10, 0xA9, 0x0A, 0x8D, 0x78, 0x10, 0xA9, 0x0A, 0x8D, 0x78, 0x10, 0xA9, 0x0A, 0x8D, 0x78, 
   0x10, 0xA9, 0x0A, 0x8D, 0x78, 0x10, 0xA9, 0x0A, 0x8D, 0x78, 0x10, 0xA9, 0x0A, 0x8D, 0x78, 0x10, 
   0x60, 0xA9, 0x00, 0x85, 0x1A, 0x85, 0x19, 0x85, 0xB0, 0x60, 0x20, 0x91, 0x5D, 0x20, 0xD1, 0x58, 
   0xA9, 0x0A, 0x85, 0xDD, 0xA5, 0xDB, 0xC9, 0x20, 0xD0, 0x03, 0x4C, 0xD4, 0x56, 0xA5, 0xD8, 0x29, 
   0x08, 0xF0, 0x06, 0xE6, 0xE4, 0xA9, 0x00, 0x85, 0xD8, 0xA5, 0xE4, 0xC9, 0x01, 0xD0, 0x02, 0xE6, 
   0xDB, 0x20, 0x8A, 0x56, 0xA9, 0x00, 0x85, 0x0B, 0xA5, 0xE4, 0x4A, 0x90, 0x04, 0xA9, 0x08, 0x85, 
   0x0B, 0x20, 0x94, 0x5B, 0xA5, 0xE4, 0xC9, 0x04, 0xD0, 0x07, 0xA9, 0x00, 0x85, 0xE4, 0x4C, 0xA4, 
   0x5D, 0xE6, 0xD8, 0x4C, 0xA4, 0x5D, 0xA9, 0xA4, 0x8D, 0x50, 0x10, 0xA9, 0x01, 0x8D, 0x68, 0x10, 
   0xA2, 0x1C, 0x8E, 0x78, 0x10, 0xA9, 0x00, 0x8D, 0x78, 0x10, 0xA9, 0xFF, 0x8D, 0x5A, 0x10, 0xA9, 
   0x08, 0x8D, 0x50, 0x10, 0xA9, 0x0A, 0x8D, 0x68, 0x10, 0xA9, 0x94, 0x8D, 0x59, 0x10, 0xA9, 0x67, 
   0x8D, 0x59, 0x10, 0xA9, 0x00, 0x8D, 0x59, 0x10, 0xA9, 0x01, 0x8D, 0x59, 0x10, 0xA9, 0x01, 0x8D, 
   0x5A, 0x10, 0xA9, 0x45, 0x8D, 0x50, 0x10, 0xA9, 0x0B, 0x8D, 0x68, 0x10, 0xA9, 0x44, 0x8D, 0x78, 
   0x10, 0xA9, 0x44, 0x8D, 0x78, 0x10, 0xA9, 0x44, 0x8D, 0x78, 0x10, 0xA9, 0x44, 0x8D, 0x78, 0x10, 
   0xA9, 0x44, 0x8D, 0x78, 0x10, 0xA9, 0x44, 0x8D, 0x78, 0x10, 0xA9, 0x44, 0x8D, 0x78, 0x10, 0xA9, 
   0x44, 0x8D, 0x78, 0x10, 0xA5, 0xE7, 0xF0, 0x01, 0x60, 0xA0, 0x0C, 0xA9, 0x95, 0xA2, 0x67, 0x85, 
   0x81, 0xA9, 0x5E, 0x48, 0xA9, 0x76, 0x48, 0xA9, 0x1D, 0x48, 0xA9, 0xCB, 0x48, 0xA5, 0x81, 0x48, 
   0x8A, 0x48, 0xA2, 0x01, 0x4C, 0xEE, 0xDF, 0xA9, 0x01, 0x85, 0xDF, 0xA9, 0x00, 0x85, 0xEA, 0xA9, 
   0x0A, 0x85, 0xE9, 0xA9, 0xE2, 0x8D, 0x50, 0x10, 0xA9, 0x01, 0x8D, 0x68, 0x10, 0xA2, 0xC5, 0x8E, 
   0x78, 0x10, 0xA9, 0x67, 0x8D, 0x78, 0x10, 0xA9, 0x06, 0x85, 0xA6, 0xA9, 0xFE, 0x8D, 0x50, 0x10, 
   0xA9, 0x01, 0x8D, 0x68, 0x10, 0xA2, 0xCB, 0x8E, 0x78, 0x10, 0xA9, 0x67, 0x8D, 0x78, 0x10, 0xA9, 
   0xEC, 0x8D, 0x50, 0x10, 0xA9, 0x01, 0x8D, 0x68, 0x10, 0xA2, 0xD8, 0x8E, 0x78, 0x10, 0xA9, 0x67, 
   0x8D, 0x78, 0x10, 0xA9, 0x0D, 0x85, 0xAB, 0xA9, 0xF6, 0x8D, 0x50, 0x10, 0xA9, 0x01, 0x8D, 0x68, 
   0x10, 0xA2, 0xE5, 0x8E, 0x78, 0x10, 0xA9, 0x67, 0x8D, 0x78, 0x10, 0xA9, 0xE4, 0x8D, 0x50, 0x10, 
   0xA9, 0x01, 0x8D, 0x68, 0x10, 0xA2, 0xF2, 0x8E, 0x78, 0x10, 0xA9, 0x67, 0x8D, 0x78, 0x10, 0xA9, 
   0x0D, 0x85, 0xA7, 0xA2, 0xFF, 0x86, 0xA3, 0xA9, 0x67, 0x85, 0xA4, 0xA2, 0x55, 0x86, 0xBD, 0xA9, 
   0x68, 0x85, 0xBE, 0xA9, 0x56, 0x85, 0xA5, 0xA9, 0xF8, 0x8D, 0x50, 0x10, 0xA9, 0x01, 0x8D, 0x68, 
   0x10, 0xA2, 0xAB, 0x8E, 0x78, 0x10, 0xA9, 0x68, 0x8D, 0x78, 0x10, 0xA9, 0xE6, 0x8D, 0x50, 0x10, 
   0xA9, 0x01, 0x8D, 0x68, 0x10, 0xA2, 0x01, 0x8E, 0x78, 0x10, 0xA9, 0x69, 0x8D, 0x78, 0x10, 0xA9, 
   0x56, 0x85, 0xA8, 0xA9, 0xFC, 0x8D, 0x50, 0x10, 0xA9, 0x01, 0x8D, 0x68, 0x10, 0xA2, 0x57, 0x8E, 
   0x78, 0x10, 0xA9, 0x69, 0x8D, 0x78, 0x10, 0xA9, 0xEA, 0x8D, 0x50, 0x10, 0xA9, 0x01, 0x8D, 0x68, 
   0x10, 0xA2, 0x5C, 0x8E, 0x78, 0x10, 0xA9, 0x69, 0x8D, 0x78, 0x10, 0xA9, 0x05, 0x85, 0xAA, 0x85, 
   0x81, 0xA9, 0xB9, 0x48, 0xA9, 0xD5, 0x48, 0xA5, 0x81, 0x48, 0x8A, 0x48, 0xA2, 0x06, 0x4C, 0xEE, 
   0xDF, 0xA9, 0xF8, 0x8D, 0x50, 0x10, 0xA9, 0x01, 0x8D, 0x68, 0x10, 0xA2, 0x61, 0x8E, 0x78, 0x10, 
   0xA9, 0x69, 0x8D, 0x78, 0x10, 0x8E, 0x78, 0x10, 0x8D, 0x78, 0x10, 0x8E, 0x78, 0x10, 0x8D, 0x78, 
   0x10, 0x8E, 0x78, 0x10, 0x8D, 0x78, 0x10, 0xA9, 0xE6, 0x8D, 0x50, 0x10, 0xA9, 0x01, 0x8D, 0x68, 
   0x10, 0xA2, 0x6C, 0x8E, 0x78, 0x10, 0xA9, 0x69, 0x8D, 0x78, 0x10, 0x8E, 0x78, 0x10, 0x8D, 0x78, 
   0x10, 0x8E, 0x78, 0x10, 0x8D, 0x78, 0x10, 0x8E, 0x78, 0x10, 0x8D, 0x78, 0x10, 0xA9, 0x0B, 0x85, 
   0xA8, 0x85, 0xA9, 0x85, 0xAA, 0x85, 0xAB, 0x4C, 0xE0, 0xDF, 0xFF, 0xFF, 0xFF, 0xFF, 0xFF, 0xFF, 
   0xFF, 0xFF, 0xFF, 0xFF, 0xA2, 0xFF, 0x8E, 0x58, 0x10, 0x9A, 0xA9, 0x18, 0x48, 0xA9, 0x37, 0x48, 
   0x48, 0x8A, 0x48, 0xBA, 0xB5, 0x04, 0x2A, 0x2A, 0x2A, 0x2A, 0x29, 0x07, 0xAA, 0xE8, 0xBD, 0xF5, 
   0x1F, 0x68, 0xAA, 0x68, 0x60, 0xFF, 0xFF, 0xFF, 0xFF, 0xFF, 0xFF, 0xFF, 0xD4, 0x5F, 0xD4, 0x5F, 
   0x00, 0x00, 0x00, 0x00, 0x00, 0x00, 0x00, 0x00, 0x00, 0x00, 0x00, 0x00, 0x00, 0x00, 0x00, 0x00, 
   0x00, 0x00, 0x00, 0x00, 0x00, 0x00, 0x00, 0x00, 0x00, 0x00, 0x00, 0x00, 0x00, 0x00, 0x00, 0x00, 
   0x00, 0x00, 0x00, 0x00, 0x00, 0x00, 0x00, 0x00, 0x00, 0x00, 0x00, 0x00, 0x00, 0x00, 0x00, 0x00, 
   0x00, 0x00, 0x00, 0x00, 0x00, 0x00, 0x00, 0x00, 0x00, 0x00, 0x00, 0x00, 0x00, 0x00, 0x00, 0x00, 
   0x00, 0x00, 0x00, 0x00, 0x00, 0x00, 0x00, 0x00, 0x00, 0x00, 0x00, 0x00, 0x00, 0x00, 0x00, 0x00, 
   0x00, 0x00, 0x00, 0x00, 0x00, 0x00, 0x00, 0x00, 0x00, 0x00, 0x00, 0x00, 0x00, 0x00, 0x00, 0x00, 
   0x00, 0x00, 0x00, 0x00, 0x00, 0x00, 0x00, 0x00, 0x00, 0x00, 0x00, 0x00, 0x00, 0x00, 0x00, 0x00, 
   0x00, 0x00, 0x00, 0x00, 0x00, 0x00, 0x00, 0x00, 0x00, 0x00, 0x00, 0x00, 0x00, 0x00, 0x00, 0x00, 
   0x00, 0xA5, 0xCB, 0x85, 0xCB, 0xA9, 0x10, 0x85, 0x96, 0xA9, 0x2A, 0x85, 0x9A, 0xA9, 0x96, 0x85, 
   0xA0, 0xA9, 0x13, 0x85, 0x90, 0x85, 0x97, 0xA9, 0x05, 0x85, 0xA1, 0x85, 0xB6, 0xA9, 0x2C, 0x85, 
   0x98, 0x24, 0xF2, 0x10, 0x04, 0xA9, 0x02, 0x85, 0xA2, 0xA0, 0xB2, 0xA9, 0x77, 0xA2, 0x69, 0x85, 
   0x81, 0xA9, 0x70, 0x48, 0xA9, 0xC6, 0x48, 0xA9, 0x1D, 0x48, 0xA9, 0xCB, 0x48, 0xA5, 0x81, 0x48, 
   0x8A, 0x48, 0xA2, 0x01, 0x4C, 0xEE, 0xDF, 0x85, 0x81, 0xA9, 0x70, 0x48, 0xA9, 0xDE, 0x48, 0xA9, 
   0x5F, 0x48, 0xA9, 0x70, 0x48, 0xA5, 0x81, 0x48, 0x8A, 0x48, 0xA2, 0x03, 0x4C, 0xEE, 0xDF, 0x85, 
   0x81, 0xA9, 0x70, 0x48, 0xA9, 0xF6, 0x48, 0xA9, 0x3F, 0x48, 0xA9, 0x89, 0x48, 0xA5, 0x81, 0x48, 
   0x8A, 0x48, 0xA2, 0x02, 0x4C, 0xEE, 0xDF, 0x85, 0x81, 0xA9, 0x71, 0x48, 0xA9, 0x0E, 0x48, 0xA9, 
   0xB9, 0x48, 0xA9, 0xD5, 0x48, 0xA5, 0x81, 0x48, 0x8A, 0x48, 0xA2, 0x06, 0x4C, 0xEE, 0xDF, 0xA9, 
   0x04, 0x8D, 0x50, 0x10, 0xA9, 0x02, 0x8D, 0x68, 0x10, 0xA2, 0x3F, 0x8E, 0x78, 0x10, 0xA9, 0x6C, 
   0x8D, 0x78, 0x10, 0xA9, 0xF2, 0x8D, 0x50, 0x10, 0xA9, 0x01, 0x8D, 0x68, 0x10, 0xA2, 0x50, 0x8E, 
   0x78, 0x10, 0xA9, 0x6C, 0x8D, 0x78, 0x10, 0xA9, 0x11, 0x85, 0xAE, 0x24, 0xF2, 0x10, 0x14, 0xA9, 
   0x04, 0x8D, 0x50, 0x10, 0xA9, 0x02, 0x8D, 0x68, 0x10, 0xA2, 0x61, 0x8E, 0x78, 0x10, 0xA9, 0x6C, 
   0x8D, 0x78, 0x10, 0x24, 0xF2, 0x10, 0x18, 0xA9, 0xF2, 0x8D, 0x50, 0x10, 0xA9, 0x01, 0x8D, 0x68, 
   0x10, 0xA2, 0x70, 0x8E, 0x78, 0x10, 0xA9, 0x6C, 0x8D, 0x78, 0x10, 0xA9, 0x0F, 0x85, 0xAE, 0x4C, 
   0x1C, 0x74, 0xA5, 0x99, 0x18, 0x69, 0x0E, 0x85, 0xCB, 0xA5, 0x80, 0x4A, 0x4A, 0x38, 0xE9, 0x03, 
   0x85, 0xCC, 0xA5, 0x99, 0x18, 0x69, 0x0D, 0x85, 0xCD, 0xA5, 0xEA, 0x29, 0x08, 0xF0, 0x09, 0xA9, 
   0x00, 0x85, 0xD1, 0xE6, 0x99, 0x4C, 0xE9, 0x71, 0x2C, 0x80, 0x02, 0x70, 0x03, 0x20, 0xFE, 0x77, 
   0x2C, 0x80, 0x02, 0x30, 0x03, 0x20, 0xE2, 0x77, 0x24, 0x0C, 0x30, 0x09, 0xA5, 0xD1, 0xC9, 0x02, 
   0xB0, 0x03, 0x20, 0x01, 0x76, 0xA9, 0x10, 0x2C, 0x80, 0x02, 0xD0, 0x09, 0xA5, 0xD1, 0xC9, 0x02, 
   0xF0, 0x03, 0x20, 0x1D, 0x78, 0xA9, 0x20, 0x2C, 0x80, 0x02, 0xD0, 0x09, 0xA5, 0xD1, 0xC9, 0x02, 
   0xF0, 0x03, 0x20, 0x24, 0x79, 0x2C, 0x80, 0x02, 0x10, 0x0F, 0x2C, 0x80, 0x02, 0x50, 0x0A, 0xA5, 
   0xD1, 0xC9, 0x02, 0xB0, 0x04, 0xA9, 0x00, 0x85, 0xD1, 0x24, 0xF2, 0x10, 0x08, 0xA2, 0x7F, 0x86, 
   0xA3, 0xA9, 0x6C, 0x85, 0xA4, 0xA6, 0xD1, 0xBD, 0x00, 0x72, 0x48, 0xBD, 0x04, 0x72, 0x48, 0x60, 
   0x76, 0x76, 0x76, 0x77, 0x44, 0x71, 0xB7, 0x66, 0xA9, 0x00, 0x85, 0x0B, 0xA5, 0xEA, 0x4A, 0xB0, 
   0x04, 0xA9, 0x08, 0x85, 0x0B, 0xA5, 0xE7, 0xC9, 0x03, 0xD0, 0x12, 0x85, 0x81, 0xA9, 0x97, 0x48, 
   0xA9, 0x48, 0x48, 0xA5, 0x81, 0x48, 0x8A, 0x48, 0xA2, 0x05, 0x4C, 0xEE, 0xDF, 0xA9, 0x01, 0xC5, 
   0xD1, 0xB0, 0x03, 0x4C, 0x3A, 0x73, 0xA9, 0xA4, 0x8D, 0x50, 0x10, 0xA9, 0x01, 0x8D, 0x68, 0x10, 
   0xA9, 0x18, 0x8D, 0x78, 0x10, 0xA5, 0xCC, 0x8D, 0x78, 0x10, 0xA4, 0xCD, 0x8C, 0x78, 0x10, 0xA9, 
   0xFF, 0x8D, 0x5A, 0x10, 0xAD, 0x08, 0x10, 0xF0, 0x03, 0x4C, 0xC8, 0x72, 0xA5, 0xCC, 0x18, 0x69, 
   0x01, 0x85, 0xCE, 0xA9, 0xA4, 0x8D, 0x50, 0x10, 0xA9, 0x01, 0x8D, 0x68, 0x10, 0xA9, 0x18, 0x8D, 
   0x78, 0x10, 0xA5, 0xCE, 0x8D, 0x78, 0x10, 0xA4, 0xCD, 0x8C, 0x78, 0x10, 0xA9, 0xFF, 0x8D, 0x5A, 
   0x10, 0xAD, 0x08, 0x10, 0xD0, 0x03, 0x4C, 0xB6, 0x72, 0xA5, 0xCE, 0x38, 0xE9, 0x02, 0x85, 0xCE, 
   0xA9, 0xA4, 0x8D, 0x50, 0x10, 0xA9, 0x01, 0x8D, 0x68, 0x10, 0xA9, 0x18, 0x8D, 0x78, 0x10, 0xA5, 
   0xCE, 0x8D, 0x78, 0x10, 0xA4, 0xCD, 0x8C, 0x78, 0x10, 0xA9, 0xFF, 0x8D, 0x5A, 0x10, 0xAD, 0x08, 
   0x10, 0xF0, 0x03, 0x4C, 0xC8, 0x72, 0xA9, 0x00, 0x85, 0xED, 0xA5, 0xEA, 0x29, 0x08, 0xF0, 0x03, 
   0x4C, 0xA9, 0x74, 0xC6, 0x99, 0x4C, 0x3A, 0x73, 0x20, 0x47, 0x7F, 0xA5, 0xF0, 0x29, 0x04, 0xD0, 
   0x03, 0x4C, 0x2A, 0x73, 0xA5, 0xCB, 0x18, 0x69, 0x04, 0x85, 0xD0, 0xA9, 0xA4, 0x8D, 0x50, 0x10, 
   0xA9, 0x01, 0x8D, 0x68, 0x10, 0xA9, 0x18, 0x8D, 0x78, 0x10, 0xA5, 0xCC, 0x8D, 0x78, 0x10, 0xA4, 
   0xD0, 0x8C, 0x78, 0x10, 0xA9, 0xFF, 0x8D, 0x5A, 0x10, 0xAD, 0x08, 0x10, 0xF0, 0x03, 0x4C, 0x2A, 
   0x73, 0xE6, 0xCC, 0x20, 0x47, 0x7F, 0xA5, 0xF0, 0x29, 0x04, 0xF0, 0x07, 0xA9, 0x00, 0x85, 0xED, 
   0x4C, 0x3A, 0x73, 0xA5, 0xCC, 0x38, 0xE9, 0x02, 0x85, 0xCC, 0x20, 0x47, 0x7F, 0xA5, 0xF0, 0x29, 
   0x04, 0xF0, 0x07, 0xA9, 0x00, 0x85, 0xED, 0x4C, 0x3A, 0x73, 0xE6, 0x99, 0xE6, 0xED, 0xA9, 0x08, 
   0xC5, 0xED, 0xB0, 0x06, 0xA5, 0xEA, 0x09, 0x08, 0x85, 0xEA, 0xA5, 0xE4, 0xC9, 0x60, 0xF0, 0x09, 
   0xA5, 0xF2, 0x29, 0x02, 0xF0, 0x03, 0x4C, 0x94, 0x73, 0xA5, 0xE4, 0xC9, 0x70, 0xF0, 0x09, 0xA5, 
   0xF2, 0x29, 0x02, 0xD0, 0x03, 0x4C, 0x94, 0x73, 0xA9, 0x00, 0x85, 0xE4, 0xF8, 0xA5, 0xB8, 0x38, 
   0xE9, 0x01, 0x85, 0xB8, 0xD8, 0xA9, 0x00, 0x85, 0xE9, 0xA6, 0xE9, 0xB5, 0x9C, 0xC9, 0xC8, 0xD0, 
   0x1B, 0xA9, 0x1E, 0xA6, 0xE9, 0x95, 0x92, 0xA9, 0x17, 0xA6, 0xE9, 0x95, 0x9C, 0xA9, 0x01, 0xA6, 
   0xE9, 0x95, 0xD3, 0xA5, 0xEA, 0x09, 0x10, 0x85, 0xEA, 0x4C, 0x94, 0x73, 0xA5, 0xE9, 0xC9, 0x03, 
   0xE6, 0xE9, 0x90, 0xD5, 0xA5, 0xE4, 0x29, 0x01, 0x0A, 0x85, 0xE9, 0xA6, 0xE9, 0xB5, 0x9C, 0xC9, 
   0xC8, 0xF0, 0x03, 0x20, 0x4C, 0x7A, 0xE6, 0xE9, 0xA6, 0xE9, 0xB5, 0x9C, 0xC9, 0xC8, 0xF0, 0x03, 
   0x20, 0x4C, 0x7A, 0xA5, 0xEA, 0x29, 0x10, 0xF0, 0x04, 0xA5, 0xE4, 0xF0, 0x27, 0xA5, 0xEA, 0x29, 
   0xEF, 0x85, 0xEA, 0xA5, 0xE4, 0xC9, 0x2D, 0xD0, 0x18, 0xA9, 0xF0, 0x8D, 0x50, 0x10, 0xA9, 0x01, 
   0x8D, 0x68, 0x10, 0xA2, 0x8E, 0x8E, 0x78, 0x10, 0xA9, 0x6C, 0x8D, 0x78, 0x10, 0xA9, 0x1E, 0x85, 
   0xAD, 0x4C, 0xFC, 0x73, 0xA9, 0xF0, 0x8D, 0x50, 0x10, 0xA9, 0x01, 0x8D, 0x68, 0x10, 0xA2, 0xAC, 
   0x8E, 0x78, 0x10, 0xA9, 0x6C, 0x8D, 0x78, 0x10, 0xA9, 0x1E, 0x85, 0xAD, 0xA9, 0x00, 0x85, 0xB5, 
   0xA5, 0xE4, 0x29, 0x10, 0xF0, 0x04, 0xA9, 0x08, 0x85, 0xB5, 0x85, 0x81, 0xA9, 0x50, 0x48, 0xA9, 
   0x84, 0x48, 0xA5, 0x81, 0x48, 0x8A, 0x48, 0xA2, 0x03, 0x4C, 0xEE, 0xDF, 0xA5, 0xB7, 0x29, 0xF7, 
   0x85, 0xB7, 0xA5, 0xE7, 0xC9, 0x01, 0xD0, 0x0C, 0xA5, 0x80, 0xC5, 0x98, 0xB0, 0x06, 0xA5, 0xB7, 
   0x09, 0x08, 0x85, 0xB7, 0x24, 0xF2, 0x10, 0x07, 0xA9, 0x0F, 0x18, 0x65, 0xEC, 0x85, 0xBD, 0xA9, 
   0x0F, 0x85, 0xA5, 0xA9, 0xFF, 0x8D, 0x38, 0x10, 0x8D, 0x39, 0x10, 0x8D, 0x3A, 0x10, 0x8D, 0x3B, 
   0x10, 0xA9, 0x00, 0x8D, 0x3C, 0x10, 0x85, 0x81, 0xA9, 0x74, 0x48, 0xA9, 0x6D, 0x48, 0xA9, 0x18, 
   0x48, 0xA9, 0x9C, 0x48, 0xA5, 0x81, 0x48, 0x8A, 0x48, 0xA2, 0x01, 0x4C, 0xEE, 0xDF, 0xE6, 0xE4, 
   0xA5, 0xB8, 0xF0, 0x35, 0x24, 0x07, 0x10, 0x03, 0x4C, 0xBB, 0x74, 0x24, 0x01, 0x50, 0x03, 0x4C, 
   0x78, 0x7E, 0x4C, 0x72, 0x71, 0xA5, 0x99, 0x18, 0x69, 0x09, 0x85, 0xCB, 0xA6, 0xE9, 0xB5, 0x9C, 
   0x18, 0x69, 0x06, 0x85, 0xCD, 0xA5, 0xCB, 0xA6, 0xE9, 0xD5, 0x9C, 0xB0, 0x03, 0x4C, 0xA6, 0x74, 
   0xA5, 0xCD, 0xC5, 0xCB, 0xB0, 0x01, 0x60, 0x68, 0x68, 0x85, 0x81, 0xA9, 0x54, 0x48, 0xA9, 0xB7, 
   0x48, 0xA5, 0x81, 0x48, 0x8A, 0x48, 0xA2, 0x03, 0x4C, 0xEE, 0xDF, 0xA9, 0xA4, 0x8D, 0x50, 0x10, 
   0xA9, 0x01, 0x8D, 0x68, 0x10, 0xA9, 0x14, 0x8D, 0x78, 0x10, 0xA9, 0x00, 0x8D, 0x78, 0x10, 0xA9, 
   0x03, 0x8D, 0x78, 0x10, 0xA9, 0xFF, 0x8D, 0x5A, 0x10, 0x2C, 0x08, 0x10, 0x10, 0x07, 0xA9, 0x00, 
   0x85, 0xE9, 0x20, 0x85, 0x74, 0xA9, 0xA4, 0x8D, 0x50, 0x10, 0xA9, 0x01, 0x8D, 0x68, 0x10, 0xA9, 
   0x14, 0x8D, 0x78, 0x10, 0xA9, 0x00, 0x8D, 0x78, 0x10, 0xA9, 0x04, 0x8D, 0x78, 0x10, 0xA9, 0xFF, 
   0x8D, 0x5A, 0x10, 0x2C, 0x08, 0x10, 0x10, 0x07, 0xA9, 0x01, 0x85, 0xE9, 0x20, 0x85, 0x74, 0xA9, 
   0xA4, 0x8D, 0x50, 0x10, 0xA9, 0x01, 0x8D, 0x68, 0x10, 0xA9, 0x14, 0x8D, 0x78, 0x10, 0xA9, 0x00, 
   0x8D, 0x78, 0x10, 0xA9, 0x05, 0x8D, 0x78, 0x10, 0xA9, 0xFF, 0x8D, 0x5A, 0x10, 0x2C, 0x08, 0x10, 
   0x10, 0x07, 0xA9, 0x02, 0x85, 0xE9, 0x20, 0x85, 0x74, 0xA9, 0xA4, 0x8D, 0x50, 0x10, 0xA9, 0x01, 
   0x8D, 0x68, 0x10, 0xA9, 0x14, 0x8D, 0x78, 0x10, 0xA9, 0x00, 0x8D, 0x78, 0x10, 0xA9, 0x06, 0x8D, 
   0x78, 0x10, 0xA9, 0xFF, 0x8D, 0x5A, 0x10, 0x2C, 0x08, 0x10, 0x10, 0x07, 0xA9, 0x03, 0x85, 0xE9, 
   0x20, 0x85, 0x74, 0xA9, 0xA4, 0x8D, 0x50, 0x10, 0xA9, 0x01, 0x8D, 0x68, 0x10, 0xA9, 0x14, 0x8D, 
   0x78, 0x10, 0xA9, 0x00, 0x8D, 0x78, 0x10, 0xA9, 0x02, 0x8D, 0x78, 0x10, 0xA9, 0xFF, 0x8D, 0x5A, 
   0x10, 0x2C, 0x08, 0x10, 0x10, 0x17, 0xA5, 0xEA, 0x29, 0x02, 0xD0, 0x11, 0xA5, 0xEA, 0x09, 0x02, 
   0x85, 0xEA, 0xA9, 0x00, 0x85, 0xDB, 0x85, 0xE3, 0x85, 0xE5, 0x4C, 0x7B, 0x74, 0xA9, 0xA4, 0x8D, 
   0x50, 0x10, 0xA9, 0x01, 0x8D, 0x68, 0x10, 0xA9, 0x14, 0x8D, 0x78, 0x10, 0xA9, 0x00, 0x8D, 0x78, 
   0x10, 0xA9, 0x01, 0x8D, 0x78, 0x10, 0xA9, 0xFF, 0x8D, 0x5A, 0x10, 0x2C, 0x08, 0x10, 0x10, 0x17, 
   0xA5, 0xEA, 0x29, 0x04, 0xD0, 0x11, 0xA5, 0xEA, 0x09, 0x04, 0x85, 0xEA, 0xA9, 0x00, 0x85, 0xDB, 
   0x85, 0xE3, 0x85, 0xE5, 0x4C, 0x7B, 0x74, 0xA9, 0xA4, 0x8D, 0x50, 0x10, 0xA9, 0x01, 0x8D, 0x68, 
   0x10, 0xA9, 0x14, 0x8D, 0x78, 0x10, 0xA9, 0x00, 0x8D, 0x78, 0x10, 0xA9, 0x07, 0x8D, 0x78, 0x10, 
   0xA9, 0xFF, 0x8D, 0x5A, 0x10, 0x2C, 0x08, 0x10, 0x10, 0x03, 0x4C, 0xA9, 0x74, 0x4C, 0x7B, 0x74, 
   0x60, 0xA5, 0xEA, 0x29, 0x02, 0xD0, 0xF9, 0xA5, 0xEA, 0x29, 0x04, 0xD0, 0xF3, 0x20, 0x47, 0x7F, 
   0xA5, 0xF0, 0x29, 0x04, 0xF0, 0xEA, 0xA5, 0xE7, 0xC9, 0x03, 0xD0, 0x12, 0x85, 0x81, 0xA9, 0x9E, 
   0x48, 0xA9, 0x9C, 0x48, 0xA5, 0x81, 0x48, 0x8A, 0x48, 0xA2, 0x05, 0x4C, 0xEE, 0xDF, 0xA9, 0x02, 
   0x85, 0xD1, 0xA5, 0xEA, 0x09, 0x40, 0x85, 0xEA, 0xA9, 0x04, 0x85, 0xDF, 0xA9, 0x00, 0x85, 0xDC, 
   0x85, 0xE0, 0x4C, 0x00, 0x76, 0x85, 0x81, 0xA9, 0x76, 0x48, 0xA9, 0x5C, 0x48, 0xA9, 0x9F, 0x48, 
   0xA9, 0x09, 0x48, 0xA5, 0x81, 0x48, 0x8A, 0x48, 0xA2, 0x05, 0x4C, 0xEE, 0xDF, 0xA5, 0xEA, 0x29, 
   0x02, 0xF0, 0x03, 0x4C, 0xBB, 0x7C, 0xA5, 0xEA, 0x29, 0x04, 0xF0, 0x03, 0x4C, 0xA0, 0x7D, 0x4C, 
   0x08, 0x72, 0xA5, 0xE4, 0x29, 0x08, 0xF0, 0x0C, 0xA2, 0xCA, 0x86, 0xBD, 0xA9, 0x6C, 0x85, 0xBE, 
   0xA9, 0x1E, 0x85, 0xA5, 0xA5, 0xE4, 0x29, 0x08, 0xD0, 0x03, 0x4C, 0x93, 0x76, 0xA5, 0xD1, 0xC9, 
   0x02, 0xD0, 0x0C, 0xA2, 0xE8, 0x86, 0xBD, 0xA9, 0x6C, 0x85, 0xBE, 0xA9, 0x1E, 0x85, 0xA5, 0xA5, 
   0xBD, 0x85, 0xEC, 0xA5, 0xEA, 0x29, 0x02, 0xF0, 0x03, 0x4C, 0xBB, 0x7C, 0xA5, 0xEA, 0x29, 0x04, 
   0xF0, 0x03, 0x4C, 0xA0, 0x7D, 0x4C, 0x08, 0x72, 0xA5, 0xE7, 0xC9, 0x03, 0xD0, 0x12, 0x85, 0x81, 
   0xA9, 0x9D, 0x48, 0xA9, 0xD3, 0x48, 0xA5, 0x81, 0x48, 0x8A, 0x48, 0xA2, 0x05, 0x4C, 0xEE, 0xDF, 
   0xA5, 0x99, 0x18, 0x69, 0x20, 0x85, 0xCF, 0xA5, 0x99, 0xA6, 0xDC, 0x18, 0x7D, 0x3B, 0x77, 0x85, 
   0x99, 0xA5, 0xDC, 0xC9, 0x2A, 0xD0, 0x06, 0xA9, 0x00, 0x85, 0xD1, 0x85, 0xED, 0xE6, 0xDC, 0x24, 
   0xEA, 0x50, 0x91, 0xA9, 0x00, 0x85, 0xE9, 0xA5, 0x80, 0xA6, 0xE9, 0x38, 0xF5, 0x92, 0x48, 0xBA, 
   0x68, 0xA9, 0x02, 0xD5, 0x01, 0x90, 0x29, 0xA5, 0x99, 0xA6, 0xE9, 0xD5, 0x9C, 0xB0, 0x21, 0xA6, 
   0xE9, 0xB5, 0x9C, 0xC5, 0xCF, 0xB0, 0x19, 0xA5, 0xEA, 0x29, 0xBF, 0x85, 0xEA, 0xF8, 0xA5, 0xE8, 
   0x18, 0x69, 0x01, 0x85, 0xE8, 0xD8, 0xA5, 0xDF, 0x09, 0x02, 0x85, 0xDF, 0xA9, 0x00, 0x85, 0xE0, 
   0xA5, 0xE9, 0xC9, 0x03, 0xE6, 0xE9, 0x90, 0xBF, 0x4C, 0x84, 0x76, 0xFE, 0xFF, 0xFE, 0xFF, 0xFE, 
   0xFF, 0xFE, 0x00, 0xFF, 0xFF, 0x00, 0xFF, 0x00, 0xFF, 0x00, 0x00, 0x00, 0xFF, 0x00, 0x00, 0x00, 
   0x00, 0x00, 0x00, 0x00, 0x01, 0x00, 0x00, 0x00, 0x01, 0x00, 0x01, 0x00, 0x01, 0x01, 0x00, 0x01, 
   0x01, 0x01, 0x02, 0x01, 0x02, 0x01, 0x00, 0xA2, 0x06, 0x86, 0xA3, 0xA9, 0x6D, 0x85, 0xA4, 0x24, 
   0xF2, 0x10, 0x08, 0xA2, 0x15, 0x86, 0xA3, 0xA9, 0x6D, 0x85, 0xA4, 0xA2, 0x24, 0x86, 0xBD, 0xA9, 
   0x6D, 0x85, 0xBE, 0xA9, 0x1E, 0x85, 0xA5, 0xA5, 0xBD, 0x85, 0xEC, 0xA9, 0x10, 0x2C, 0x80, 0x02, 
   0xF0, 0x0A, 0xA9, 0x20, 0x2C, 0x80, 0x02, 0xF0, 0x03, 0x4C, 0x08, 0x72, 0xA5, 0xEA, 0x29, 0xFE, 
   0x85, 0xEA, 0xA5, 0xE4, 0x29, 0x08, 0xF0, 0x06, 0xA5, 0xEA, 0x09, 0x01, 0x85, 0xEA, 0x4C, 0x08, 
   0x72, 0xA5, 0xDD, 0x85, 0x80, 0xA5, 0xD1, 0xC9, 0x02, 0xF0, 0x0A, 0xA9, 0x01, 0x85, 0xD1, 0xA5, 
   0xDF, 0x09, 0x01, 0x85, 0xDF, 0xA9, 0x78, 0xC5, 0xDD, 0xB0, 0x08, 0xA9, 0x00, 0x85, 0xDE, 0xA9, 
   0x78, 0x85, 0xDD, 0xA5, 0xDD, 0xC9, 0x0F, 0xB0, 0x08, 0xA9, 0x00, 0x85, 0xDE, 0xA9, 0x0F, 0x85, 
   0xDD, 0x60, 0xA5, 0xD1, 0xC9, 0x03, 0xF0, 0xF9, 0xA5, 0xDE, 0x18, 0x69, 0x5E, 0x85, 0xDE, 0xA5, 
   0xDD, 0x69, 0x00, 0x85, 0xDD, 0xA5, 0xEA, 0x09, 0x01, 0x85, 0xEA, 0x4C, 0xB1, 0x77, 0xA5, 0xD1, 
   0xC9, 0x03, 0xF0, 0xDD, 0xA5, 0xDE, 0x38, 0xE9, 0x5E, 0x85, 0xDE, 0xA5, 0xDD, 0xE9, 0x00, 0x85, 
   0xDD, 0xA5, 0xEA, 0x29, 0xFE, 0x85, 0xEA, 0x4C, 0xB1, 0x77, 0x4C, 0xB6, 0x79, 0xA5, 0x99, 0xC9, 
   0x01, 0x90, 0xF7, 0xA5, 0xEA, 0x29, 0x02, 0xD0, 0xF1, 0xA5, 0xEA, 0x29, 0x04, 0xD0, 0xEB, 0xA5, 
   0xD1, 0xC9, 0x03, 0xD0, 0x03, 0x4C, 0xD3, 0x78, 0xA5, 0x99, 0x18, 0x69, 0x0B, 0x85, 0xCE, 0xA5, 
   0x80, 0x38, 0xE9, 0x01, 0x4A, 0x4A, 0x38, 0xE9, 0x03, 0x85, 0xCF, 0xA5, 0xEA, 0x4A, 0x90, 0x26, 
   0xA9, 0xA4, 0x8D, 0x50, 0x10, 0xA9, 0x01, 0x8D, 0x68, 0x10, 0xA9, 0x18, 0x8D, 0x78, 0x10, 0xA5, 
   0xCF, 0x8D, 0x78, 0x10, 0xA4, 0xCE, 0x8C, 0x78, 0x10, 0xA9, 0xFF, 0x8D, 0x5A, 0x10, 0xAD, 0x08, 
   0x10, 0xD0, 0x03, 0x4C, 0xA6, 0x78, 0xA5, 0xEA, 0x4A, 0xB0, 0x2A, 0xA9, 0xA4, 0x8D, 0x50, 0x10, 
   0xA9, 0x01, 0x8D, 0x68, 0x10, 0xA9, 0x18, 0x8D, 0x78, 0x10, 0xA5, 0xCC, 0x8D, 0x78, 0x10, 0xA4, 
   0xCE, 0x8C, 0x78, 0x10, 0xA9, 0xFF, 0x8D, 0x5A, 0x10, 0xAD, 0x08, 0x10, 0xD0, 0x07, 0xA5, 0xCC, 
   0x85, 0xCF, 0x4C, 0xA6, 0x78, 0x60, 0xE6, 0xCF, 0x20, 0x77, 0x7F, 0xA5, 0xF0, 0x29, 0x08, 0xF0, 
   0x03, 0x4C, 0xC4, 0x78, 0xA5, 0xCF, 0x38, 0xE9, 0x02, 0x85, 0xCF, 0x20, 0x77, 0x7F, 0xA5, 0xF0, 
   0x29, 0x08, 0xF0, 0xE1, 0xA9, 0x03, 0x85, 0xD1, 0xA9, 0x00, 0x85, 0xEF, 0xA5, 0x99, 0x85, 0xEE, 
   0x4C, 0xE3, 0x78, 0x24, 0x02, 0x30, 0x03, 0x4C, 0x1A, 0x78, 0xA5, 0x99, 0xC9, 0x01, 0xD0, 0x03, 
   0x4C, 0xFB, 0x78, 0xA5, 0xEF, 0x38, 0xE9, 0x51, 0x85, 0xEF, 0xA5, 0xEE, 0xE9, 0x00, 0x85, 0xEE, 
   0xA5, 0xEE, 0x85, 0x99, 0xA5, 0xDF, 0x09, 0x01, 0x85, 0xDF, 0x60, 0xA5, 0xE7, 0xC9, 0x01, 0xD0, 
   0x09, 0xA5, 0xF2, 0x09, 0x02, 0x85, 0xF2, 0x4C, 0x10, 0x79, 0xA5, 0xF2, 0x09, 0x08, 0x85, 0xF2, 
   0x68, 0x68, 0x85, 0x81, 0xA9, 0x1E, 0x48, 0xA9, 0xFA, 0x48, 0xA5, 0x81, 0x48, 0x8A, 0x48, 0xA2, 
   0x01, 0x4C, 0xEE, 0xDF, 0xA5, 0xEA, 0x29, 0x02, 0xD0, 0xD0, 0xA5, 0xEA, 0x29, 0x04, 0xD0, 0xCA, 
   0xA5, 0xD1, 0xC9, 0x03, 0xD0, 0x03, 0x4C, 0xBB, 0x79, 0xA5, 0xE7, 0xC9, 0x03, 0xD0, 0x07, 0xA9, 
   0x14, 0x85, 0xD0, 0x4C, 0x4A, 0x79, 0xA9, 0x15, 0x85, 0xD0, 0xA5, 0x99, 0x18, 0x65, 0xD0, 0x85, 
   0xCE, 0xA5, 0x80, 0x38, 0xE9, 0x01, 0x4A, 0x4A, 0x38, 0xE9, 0x03, 0x85, 0xCF, 0xA9, 0xA4, 0x8D, 
   0x50, 0x10, 0xA9, 0x01, 0x8D, 0x68, 0x10, 0xA9, 0x18, 0x8D, 0x78, 0x10, 0xA5, 0xCF, 0x8D, 0x78, 
   0x10, 0xA4, 0xCE, 0x8C, 0x78, 0x10, 0xA9, 0xFF, 0x8D, 0x5A, 0x10, 0xAD, 0x08, 0x10, 0xD0, 0x2D, 
   0xE6, 0xCF, 0x20, 0x77, 0x7F, 0xA5, 0xF0, 0x29, 0x08, 0xF0, 0x03, 0x4C, 0x9E, 0x79, 0xA5, 0xCF, 
   0x38, 0xE9, 0x02, 0x85, 0xCF, 0x20, 0x77, 0x7F, 0xA5, 0xF0, 0x29, 0x08, 0xF0, 0x0F, 0xA9, 0x03, 
   0x85, 0xD1, 0xE6, 0x99, 0xA9, 0x00, 0x85, 0xEF, 0xA5, 0x99, 0x85, 0xEE, 0x60, 0xA5, 0xD0, 0xC9, 
   0x16, 0xE6, 0xD0, 0x90, 0x95, 0x60, 0xA9, 0x00, 0x85, 0xD1, 0x60, 0xA5, 0xE7, 0xC9, 0x03, 0xD0, 
   0x03, 0x4C, 0x24, 0x7A, 0xA9, 0x2D, 0xC5, 0x80, 0x90, 0x0F, 0xA5, 0x99, 0xC9, 0x7E, 0xF0, 0xE6, 
   0xA5, 0x99, 0xC9, 0x46, 0xF0, 0xE0, 0x4C, 0x0C, 0x7A, 0xA9, 0x50, 0xC5, 0x80, 0x90, 0x1B, 0xA5, 
   0x99, 0xC9, 0x67, 0xF0, 0xD1, 0xA5, 0x99, 0xC9, 0x48, 0xF0, 0xCB, 0xA5, 0x99, 0xC9, 0x81, 0xF0, 
   0xC5, 0xA5, 0x99, 0xC9, 0x14, 0xF0, 0xBF, 0x4C, 0x0C, 0x7A, 0xA5, 0x99, 0xC9, 0x99, 0xF0, 0xB6, 
   0xA5, 0x99, 0xC9, 0x62, 0xF0, 0xB0, 0xA5, 0x99, 0xC9, 0x2A, 0xF0, 0xAA, 0xA5, 0xEF, 0x18, 0x69, 
   0x51, 0x85, 0xEF, 0xA5, 0xEE, 0x69, 0x00, 0x85, 0xEE, 0xA5, 0xEE, 0x85, 0x99, 0xA5, 0xDF, 0x09, 
   0x01, 0x85, 0xDF, 0x60, 0xA5, 0x99, 0xA6, 0xCC, 0xDD, 0x30, 0x7A, 0xF0, 0x89, 0x4C, 0x0C, 0x7A, 
   0x93, 0x93, 0x71, 0x71, 0x00, 0x00, 0x00, 0x79, 0x79, 0x00, 0x79, 0x79, 0x00, 0x00, 0x00, 0x00, 
   0x15, 0x52, 0x52, 0x00, 0x00, 0x30, 0x30, 0x60, 0x60, 0x00, 0x7B, 0x7B, 0xA6, 0xE9, 0xB5, 0x9C, 
   0x18, 0x69, 0x0A, 0x85, 0xCB, 0xA6, 0xE9, 0xB5, 0x92, 0x4A, 0x4A, 0x38, 0xE9, 0x03, 0x85, 0xCC, 
   0xA6, 0xE9, 0xB5, 0x9C, 0x18, 0x69, 0x10, 0x85, 0xCD, 0xA9, 0x02, 0xA6, 0xE9, 0xD5, 0xD3, 0xB0, 
   0x03, 0x4C, 0xB5, 0x7B, 0xA5, 0xF0, 0x29, 0xFB, 0x85, 0xF0, 0xA9, 0xA4, 0x8D, 0x50, 0x10, 0xA9, 
   0x01, 0x8D, 0x68, 0x10, 0xA9, 0x18, 0x8D, 0x78, 0x10, 0xA5, 0xCC, 0x8D, 0x78, 0x10, 0xA4, 0xCB, 
   0x8C, 0x78, 0x10, 0xA9, 0xFF, 0x8D, 0x5A, 0x10, 0xAD, 0x08, 0x10, 0xD0, 0x06, 0xA5, 0xF0, 0x09, 
   0x04, 0x85, 0xF0, 0xA5, 0xF0, 0x29, 0x04, 0xD0, 0x04, 0xA6, 0xE9, 0xF6, 0x9C, 0xA9, 0x1A, 0xC5, 
   0xCC, 0xB0, 0x03, 0x4C, 0x5D, 0x7B, 0xA5, 0xCC, 0xC9, 0x01, 0xB0, 0x03, 0x4C, 0x89, 0x7B, 0xA6, 
   0xCC, 0xBD, 0x9A, 0x7C, 0xF0, 0x39, 0xA5, 0xCD, 0x18, 0x69, 0x02, 0x85, 0xCF, 0xA5, 0xCD, 0x85, 
   0xD0, 0xA9, 0xA4, 0x8D, 0x50, 0x10, 0xA9, 0x01, 0x8D, 0x68, 0x10, 0xA9, 0x18, 0x8D, 0x78, 0x10, 
   0xA5, 0xCC, 0x8D, 0x78, 0x10, 0xA4, 0xD0, 0x8C, 0x78, 0x10, 0xA9, 0xFF, 0x8D, 0x5A, 0x10, 0xAD, 
   0x08, 0x10, 0xD0, 0x03, 0x4C, 0xF5, 0x7B, 0xA5, 0xD0, 0xC5, 0xCF, 0xE6, 0xD0, 0x90, 0xD2, 0xA6, 
   0xE9, 0xB5, 0xD3, 0xC9, 0x01, 0xD0, 0x07, 0xA6, 0xE9, 0xF6, 0x92, 0x4C, 0x30, 0x7B, 0xA6, 0xE9, 
   0xB5, 0xD3, 0xC9, 0x02, 0xD0, 0x07, 0xA6, 0xE9, 0xD6, 0x92, 0x4C, 0x30, 0x7B, 0xA9, 0x02, 0xA6, 
   0xE9, 0xD5, 0xD3, 0xB0, 0x0B, 0xA6, 0xE9, 0xB5, 0x9C, 0x18, 0x69, 0x02, 0xA6, 0xE9, 0x95, 0x9C, 
   0xA6, 0xE9, 0xB5, 0x92, 0xC9, 0x12, 0xD0, 0x0E, 0xA9, 0x96, 0xA6, 0xE9, 0xD5, 0x9C, 0xB0, 0x06, 
   0xA9, 0xC8, 0xA6, 0xE9, 0x95, 0x9C, 0xA9, 0x00, 0xA6, 0xE9, 0x95, 0xB1, 0xA5, 0xE4, 0x29, 0x08, 
   0xF0, 0x06, 0xA9, 0x08, 0xA6, 0xE9, 0x95, 0xB1, 0xA6, 0xE9, 0xF6, 0xD7, 0x60, 0xA5, 0x99, 0x18, 
   0x69, 0x0A, 0x85, 0xCE, 0xA6, 0xE9, 0xB5, 0x9C, 0xC5, 0xCE, 0xB0, 0x0C, 0xA9, 0x03, 0xA6, 0xE9, 
   0x95, 0xD3, 0xA9, 0x00, 0xA6, 0xE9, 0x95, 0xD7, 0xA9, 0x7D, 0xA6, 0xE9, 0xD5, 0x92, 0xB0, 0x06, 
   0xA9, 0xC8, 0xA6, 0xE9, 0x95, 0x9C, 0x4C, 0xFF, 0x7A, 0xA5, 0x99, 0x18, 0x69, 0x0A, 0x85, 0xCE, 
   0xA6, 0xE9, 0xB5, 0x9C, 0xC5, 0xCE, 0xB0, 0x0C, 0xA9, 0x04, 0xA6, 0xE9, 0x95, 0xD3, 0xA9, 0x00, 
   0xA6, 0xE9, 0x95, 0xD7, 0xA6, 0xE9, 0xB5, 0x92, 0xC9, 0x0D, 0xB0, 0x06, 0xA9, 0xC8, 0xA6, 0xE9, 
   0x95, 0x9C, 0x4C, 0xFF, 0x7A, 0xA6, 0xE9, 0xB5, 0xD7, 0xA6, 0xCC, 0xDD, 0x9A, 0x7C, 0xB0, 0x03, 
   0x4C, 0xFF, 0x7A, 0xA6, 0xE9, 0xB5, 0xD3, 0xC9, 0x03, 0xD0, 0x0D, 0xA9, 0x02, 0xA6, 0xE9, 0x95, 
   0xD3, 0xA6, 0xE9, 0xD6, 0x92, 0x4C, 0xE2, 0x7B, 0xA9, 0x01, 0xA6, 0xE9, 0x95, 0xD3, 0xA6, 0xE9, 
   0xF6, 0x92, 0xA6, 0xE9, 0xBD, 0xED, 0x7B, 0x48, 0xBD, 0xF1, 0x7B, 0x48, 0x60, 0x7E, 0x7E, 0x7F, 
   0x7F, 0xE2, 0xFB, 0x14, 0x2D, 0xAD, 0x00, 0x10, 0xC9, 0xF0, 0xB0, 0x03, 0x4C, 0x07, 0x7C, 0xA5, 
   0x99, 0xA6, 0xE9, 0xD5, 0x9C, 0xB0, 0x03, 0x4C, 0xFF, 0x7A, 0xA6, 0xE9, 0xB5, 0xD3, 0x18, 0x69, 
   0x02, 0xA6, 0xE9, 0x95, 0xD3, 0xA9, 0x00, 0xA6, 0xE9, 0x95, 0xD7, 0xA6, 0xE9, 0xBD, 0x26, 0x7C, 
   0x48, 0xBD, 0x2A, 0x7C, 0x48, 0x60, 0x7C, 0x7C, 0x7C, 0x7C, 0x2D, 0x48, 0x63, 0x7E, 0xA9, 0xE6, 
   0x8D, 0x50, 0x10, 0xA9, 0x01, 0x8D, 0x68, 0x10, 0xA2, 0x42, 0x8E, 0x78, 0x10, 0xA9, 0x6D, 0x8D, 
   0x78, 0x10, 0xA9, 0x0B, 0x85, 0xA8, 0x4C, 0xFF, 0x7A, 0xA9, 0xE8, 0x8D, 0x50, 0x10, 0xA9, 0x01, 
   0x8D, 0x68, 0x10, 0xA2, 0x4D, 0x8E, 0x78, 0x10, 0xA9, 0x6D, 0x8D, 0x78, 0x10, 0xA9, 0x0B, 0x85, 
   0xA9, 0x4C, 0xFF, 0x7A, 0xA9, 0xEA, 0x8D, 0x50, 0x10, 0xA9, 0x01, 0x8D, 0x68, 0x10, 0xA2, 0x58, 
   0x8E, 0x78, 0x10, 0xA9, 0x6D, 0x8D, 0x78, 0x10, 0xA9, 0x0B, 0x85, 0xAA, 0x4C, 0xFF, 0x7A, 0xA9, 
   0xEC, 0x8D, 0x50, 0x10, 0xA9, 0x01, 0x8D, 0x68, 0x10, 0xA2, 0x63, 0x8E, 0x78, 0x10, 0xA9, 0x6D, 
   0x8D, 0x78, 0x10, 0xA9, 0x0B, 0x85, 0xAB, 0x4C, 0xFF, 0x7A, 0x05, 0x00, 0x00, 0x00, 0x09, 0x00, 
   0x12, 0x00, 0x0B, 0x00, 0x0E, 0x0C, 0x00, 0x0E, 0x00, 0x00, 0x00, 0x00, 0x00, 0x00, 0x00, 0x11, 
   0x00, 0x09, 0x00, 0x00, 0x00, 0x04, 0x00, 0x00, 0x00, 0x00, 0x00, 0xA5, 0xE4, 0xC9, 0x5F, 0xD0, 
   0x02, 0xE6, 0xDB, 0xA5, 0xDB, 0xC9, 0x07, 0xD0, 0x0D, 0xA5, 0xEA, 0x29, 0xFD, 0x85, 0xEA, 0xA9, 
   0xC8, 0x85, 0x9B, 0x4C, 0x2D, 0x7D, 0xA5, 0xE4, 0x29, 0x08, 0xD0, 0x5E, 0xA5, 0x80, 0x85, 0x91, 
   0xA5, 0x99, 0x38, 0xE9, 0x0A, 0x85, 0x9B, 0xA5, 0x9B, 0x85, 0xC0, 0xA5, 0x91, 0x18, 0x69, 0x05, 
   0x85, 0x83, 0xA5, 0xEA, 0x4A, 0x90, 0x07, 0xA5, 0x91, 0x18, 0x69, 0x04, 0x85, 0x83, 0xA9, 0xF6, 
   0x8D, 0x50, 0x10, 0xA9, 0x01, 0x8D, 0x68, 0x10, 0xA2, 0x6E, 0x8E, 0x78, 0x10, 0xA9, 0x6D, 0x8D, 
   0x78, 0x10, 0xA9, 0xE4, 0x8D, 0x50, 0x10, 0xA9, 0x01, 0x8D, 0x68, 0x10, 0xA2, 0x78, 0x8E, 0x78, 
   0x10, 0xA9, 0x6D, 0x8D, 0x78, 0x10, 0xA9, 0x0A, 0x85, 0xA7, 0x4C, 0x08, 0x72, 0xA9, 0xC8, 0x85, 
   0xC0, 0xA9, 0x00, 0x85, 0xE3, 0x85, 0xE5, 0x4C, 0x08, 0x72, 0xA5, 0x99, 0x18, 0x69, 0x06, 0x85, 
   0x9B, 0xA5, 0x9B, 0x18, 0x69, 0x04, 0x85, 0xC0, 0xA5, 0x80, 0x38, 0xE9, 0x06, 0x85, 0x91, 0xA9, 
   0x08, 0x85, 0xB0, 0xA5, 0x91, 0x18, 0x69, 0x01, 0x85, 0x83, 0xA5, 0xEA, 0x4A, 0x90, 0x12, 0xA5, 
   0x80, 0x18, 0x69, 0x06, 0x85, 0x91, 0xA9, 0x00, 0x85, 0xB0, 0xA5, 0x91, 0x18, 0x69, 0x08, 0x85, 
   0x83, 0xA9, 0xF6, 0x8D, 0x50, 0x10, 0xA9, 0x01, 0x8D, 0x68, 0x10, 0xA2, 0x82, 0x8E, 0x78, 0x10, 
   0xA9, 0x6D, 0x8D, 0x78, 0x10, 0xA9, 0xE4, 0x8D, 0x50, 0x10, 0xA9, 0x01, 0x8D, 0x68, 0x10, 0xA2, 
   0x8A, 0x8E, 0x78, 0x10, 0xA9, 0x6D, 0x8D, 0x78, 0x10, 0xA9, 0x08, 0x85, 0xA7, 0x4C, 0x08, 0x72, 
   0xA5, 0xE4, 0xC9, 0x5F, 0xD0, 0x02, 0xE6, 0xDB, 0xA5, 0xDB, 0xC9, 0x07, 0xD0, 0x0D, 0xA5, 0xEA, 
   0x29, 0xFB, 0x85, 0xEA, 0xA9, 0xC8, 0x85, 0x9A, 0x4C, 0x2D, 0x7D, 0xA5, 0xE4, 0x29, 0x08, 0xD0, 
   0x51, 0xA5, 0x80, 0x85, 0x90, 0xA5, 0x99, 0x38, 0xE9, 0x0A, 0x85, 0x9A, 0xA5, 0x9A, 0x85, 0xC0, 
   0xA5, 0x90, 0x18, 0x69, 0x05, 0x85, 0x83, 0xA5, 0xEA, 0x4A, 0x90, 0x07, 0xA5, 0x90, 0x18, 0x69, 
   0x04, 0x85, 0x83, 0xA9, 0xF4, 0x8D, 0x50, 0x10, 0xA9, 0x01, 0x8D, 0x68, 0x10, 0xA2, 0x92, 0x8E, 
   0x78, 0x10, 0xA9, 0x6D, 0x8D, 0x78, 0x10, 0xA9, 0xE2, 0x8D, 0x50, 0x10, 0xA9, 0x01, 0x8D, 0x68, 
   0x10, 0xA2, 0x9C, 0x8E, 0x78, 0x10, 0xA9, 0x6D, 0x8D, 0x78, 0x10, 0xA9, 0x0A, 0x85, 0xA6, 0x4C, 
   0x08, 0x72, 0xA5, 0x99, 0x18, 0x69, 0x06, 0x85, 0x9A, 0xA5, 0x9A, 0x18, 0x69, 0x04, 0x85, 0xC0, 
   0xA5, 0x80, 0x38, 0xE9, 0x06, 0x85, 0x90, 0xA9, 0x08, 0x85, 0xAF, 0xA5, 0x90, 0x18, 0x69, 0x01, 
   0x85, 0x83, 0xA5, 0xEA, 0x4A, 0x90, 0x12, 0xA5, 0x80, 0x18, 0x69, 0x06, 0x85, 0x90, 0xA9, 0x00, 
   0x85, 0xAF, 0xA5, 0x90, 0x18, 0x69, 0x08, 0x85, 0x83, 0xA9, 0xF4, 0x8D, 0x50, 0x10, 0xA9, 0x01, 
   0x8D, 0x68, 0x10, 0xA2, 0xA6, 0x8E, 0x78, 0x10, 0xA9, 0x6D, 0x8D, 0x78, 0x10, 0xA9, 0xE2, 0x8D, 
   0x50, 0x10, 0xA9, 0x01, 0x8D, 0x68, 0x10, 0xA2, 0xAE, 0x8E, 0x78, 0x10, 0xA9, 0x6D, 0x8D, 0x78, 
   0x10, 0xA9, 0x08, 0x85, 0xA6, 0x4C, 0x08, 0x72, 0xA9, 0x00, 0x85, 0xE9, 0xA5, 0xC0, 0xA6, 0xE9, 
   0xD5, 0x9C, 0x90, 0x54, 0xA6, 0xE9, 0xB5, 0x9C, 0x18, 0x69, 0x0B, 0xC5, 0xC0, 0x90, 0x49, 0xA5, 
   0x83, 0xA6, 0xE9, 0xD5, 0x92, 0x90, 0x41, 0xA6, 0xE9, 0xB5, 0x92, 0x18, 0x69, 0x08, 0xC5, 0x83, 
   0x90, 0x36, 0xF8, 0xA5, 0xE8, 0x18, 0x69, 0x03, 0x85, 0xE8, 0xD8, 0xA5, 0xDF, 0x09, 0x08, 0x85, 
   0xDF, 0xA9, 0x1E, 0x85, 0xE1, 0xA9, 0x00, 0x85, 0xE0, 0xA9, 0xC8, 0xA6, 0xE9, 0x95, 0x9C, 0xA9, 
   0x7E, 0x48, 0xA9, 0xD7, 0x48, 0xA6, 0xE9, 0xBD, 0xD0, 0x7E, 0x48, 0xBD, 0xD4, 0x7E, 0x48, 0x60, 
   0x7E, 0x7E, 0x7F, 0x7F, 0xE2, 0xFB, 0x14, 0x2D, 0xA5, 0xE9, 0xC9, 0x03, 0xE6, 0xE9, 0x90, 0x9C, 
   0x4C, 0x72, 0x71, 0xA9, 0xE6, 0x8D, 0x50, 0x10, 0xA9, 0x01, 0x8D, 0x68, 0x10, 0xA2, 0xB6, 0x8E, 
   0x78, 0x10, 0xA9, 0x6D, 0x8D, 0x78, 0x10, 0xA9, 0x0B, 0x85, 0xA8, 0x60, 0xA9, 0xE8, 0x8D, 0x50, 
   0x10, 0xA9, 0x01, 0x8D, 0x68, 0x10, 0xA2, 0xC1, 0x8E, 0x78, 0x10, 0xA9, 0x6D, 0x8D, 0x78, 0x10, 
   0xA9, 0x0B, 0x85, 0xA9, 0x60, 0xA9, 0xEA, 0x8D, 0x50, 0x10, 0xA9, 0x01, 0x8D, 0x68, 0x10, 0xA2, 
   0xCC, 0x8E, 0x78, 0x10, 0xA9, 0x6D, 0x8D, 0x78, 0x10, 0xA9, 0x0B, 0x85, 0xAA, 0x60, 0xA9, 0xEC, 
   0x8D, 0x50, 0x10, 0xA9, 0x01, 0x8D, 0x68, 0x10, 0xA2, 0xD7, 0x8E, 0x78, 0x10, 0xA9, 0x6D, 0x8D, 
   0x78, 0x10, 0xA9, 0x0B, 0x85, 0xAB, 0x60, 0xA5, 0xF0, 0x29, 0xFB, 0x85, 0xF0, 0xA9, 0xA4, 0x8D, 
   0x50, 0x10, 0xA9, 0x01, 0x8D, 0x68, 0x10, 0xA9, 0x18, 0x8D, 0x78, 0x10, 0xA5, 0xCC, 0x8D, 0x78, 
   0x10, 0xA4, 0xCB, 0x8C, 0x78, 0x10, 0xA9, 0xFF, 0x8D, 0x5A, 0x10, 0xAD, 0x08, 0x10, 0xD0, 0x06, 
   0xA5, 0xF0, 0x09, 0x04, 0x85, 0xF0, 0x60, 0xA5, 0xF0, 0x29, 0xF7, 0x85, 0xF0, 0xA9, 0xA4, 0x8D, 
   0x50, 0x10, 0xA9, 0x01, 0x8D, 0x68, 0x10, 0xA9, 0x18, 0x8D, 0x78, 0x10, 0xA5, 0xCF, 0x8D, 0x78, 
   0x10, 0xA4, 0xCB, 0x8C, 0x78, 0x10, 0xA9, 0xFF, 0x8D, 0x5A, 0x10, 0xAD, 0x08, 0x10, 0xD0, 0x06, 
   0xA5, 0xF0, 0x09, 0x08, 0x85, 0xF0, 0x60, 0xFF, 0xFF, 0xFF, 0xFF, 0xFF, 0xFF, 0xFF, 0xFF, 0xFF, 
   0xFF, 0xFF, 0xFF, 0xFF, 0xFF, 0xFF, 0xFF, 0xFF, 0xFF, 0xFF, 0xFF, 0xFF, 0xFF, 0xFF, 0xFF, 0xFF, 
   0xFF, 0xFF, 0xFF, 0xFF, 0xFF, 0xFF, 0xFF, 0xFF, 0xFF, 0xFF, 0xFF, 0xFF, 0xFF, 0xFF, 0xFF, 0xFF, 
   0xFF, 0xFF, 0xFF, 0xFF, 0xA2, 0xFF, 0x8E, 0x58, 0x10, 0x9A, 0xA9, 0x18, 0x48, 0xA9, 0x37, 0x48, 
   0x48, 0x8A, 0x48, 0xBA, 0xB5, 0x04, 0x2A, 0x2A, 0x2A, 0x2A, 0x29, 0x07, 0xAA, 0xE8, 0xBD, 0xF5, 
   0x1F, 0x68, 0xAA, 0x68, 0x60, 0xFF, 0xFF, 0xFF, 0xFF, 0xFF, 0xFF, 0xFF, 0xD4, 0x7F, 0xD4, 0x7F, 
   0x00, 0x00, 0x00, 0x00, 0x00, 0x00, 0x00, 0x00, 0x00, 0x00, 0x00, 0x00, 0x00, 0x00, 0x00, 0x00, 
   0x00, 0x00, 0x00, 0x00, 0x00, 0x00, 0x00, 0x00, 0x00, 0x00, 0x00, 0x00, 0x00, 0x00, 0x00, 0x00, 
   0x00, 0x00, 0x00, 0x00, 0x00, 0x00, 0x00, 0x00, 0x00, 0x00, 0x00, 0x00, 0x00, 0x00, 0x00, 0x00, 
   0x00, 0x00, 0x00, 0x00, 0x00, 0x00, 0x00, 0x00, 0x00, 0x00, 0x00, 0x00, 0x00, 0x00, 0x00, 0x00, 
   0x00, 0x00, 0x00, 0x00, 0x00, 0x00, 0x00, 0x00, 0x00, 0x00, 0x00, 0x00, 0x00, 0x00, 0x00, 0x00, 
   0x00, 0x00, 0x00, 0x00, 0x00, 0x00, 0x00, 0x00, 0x00, 0x00, 0x00, 0x00, 0x00, 0x00, 0x00, 0x00, 
   0x00, 0x00, 0x00, 0x00, 0x00, 0x00, 0x00, 0x00, 0x00, 0x00, 0x00, 0x00, 0x00, 0x00, 0x00, 0x00, 
   0x00, 0x00, 0x00, 0x00, 0x00, 0x00, 0x00, 0x00, 0x00, 0x00, 0x00, 0x00, 0x00, 0x00, 0x00, 0x00, 
   0x00, 0xA5, 0xCB, 0x85, 0xCB, 0xA5, 0xE4, 0x4A, 0x90, 0x57, 0xA5, 0xE4, 0x29, 0x02, 0xF0, 0x51, 
   0xA5, 0xEA, 0x29, 0x10, 0xD0, 0x07, 0xE6, 0x97, 0xE6, 0x98, 0x4C, 0xA1, 0x90, 0xC6, 0x97, 0xC6, 
   0x98, 0xA5, 0x98, 0xC9, 0x6F, 0xD0, 0x17, 0xA5, 0xEA, 0x09, 0x10, 0x85, 0xEA, 0xA5, 0x97, 0x85, 
   0x98, 0x18, 0x69, 0x10, 0x85, 0x97, 0xA9, 0x05, 0x85, 0xB6, 0xA9, 0x0D, 0x85, 0xB7, 0xA5, 0x98, 
   0xC9, 0x13, 0xD0, 0x1D, 0xA5, 0xEA, 0x49, 0x20, 0x85, 0xEA, 0xA5, 0xEA, 0x29, 0xEF, 0x85, 0xEA, 
   0xA5, 0x98, 0x85, 0x97, 0x18, 0x69, 0x10, 0x85, 0x98, 0xA9, 0x0D, 0x85, 0xB6, 0xA9, 0x05, 0x85, 
   0xB7, 0xA5, 0xE4, 0xC9, 0x1E, 0xD0, 0x1E, 0xA9, 0x3B, 0x8D, 0x57, 0x10, 0xA9, 0x06, 0x8D, 0x6F, 
   0x10, 0xA9, 0x20, 0x8D, 0x67, 0x10, 0xA9, 0x3B, 0x8D, 0x56, 0x10, 0xA9, 0x09, 0x8D, 0x6E, 0x10, 
   0xA9, 0x04, 0x8D, 0x66, 0x10, 0xA5, 0xE4, 0xC9, 0x3C, 0xD0, 0x1E, 0xA9, 0x37, 0x8D, 0x57, 0x10, 
   0xA9, 0x06, 0x8D, 0x6F, 0x10, 0xA9, 0x20, 0x8D, 0x67, 0x10, 0xA9, 0x37, 0x8D, 0x56, 0x10, 0xA9, 
   0x09, 0x8D, 0x6E, 0x10, 0xA9, 0x04, 0x8D, 0x66, 0x10, 0xA5, 0xE4, 0xC9, 0x5A, 0xD0, 0x1E, 0xA9, 
   0x33, 0x8D, 0x57, 0x10, 0xA9, 0x06, 0x8D, 0x6F, 0x10, 0xA9, 0x20, 0x8D, 0x67, 0x10, 0xA9, 0x33, 
   0x8D, 0x56, 0x10, 0xA9, 0x09, 0x8D, 0x6E, 0x10, 0xA9, 0x04, 0x8D, 0x66, 0x10, 0xA5, 0xE4, 0xC9, 
   0x96, 0xD0, 0x1E, 0xA9, 0x33, 0x8D, 0x57, 0x10, 0xA9, 0x06, 0x8D, 0x6F, 0x10, 0xA9, 0x00, 0x8D, 
   0x67, 0x10, 0xA9, 0x33, 0x8D, 0x56, 0x10, 0xA9, 0x09, 0x8D, 0x6E, 0x10, 0xA9, 0x00, 0x8D, 0x66, 
   0x10, 0xA5, 0xE4, 0xC9, 0xB4, 0xD0, 0x1E, 0xA9, 0x37, 0x8D, 0x57, 0x10, 0xA9, 0x06, 0x8D, 0x6F, 
   0x10, 0xA9, 0x00, 0x8D, 0x67, 0x10, 0xA9, 0x37, 0x8D, 0x56, 0x10, 0xA9, 0x09, 0x8D, 0x6E, 0x10, 
   0xA9, 0x00, 0x8D, 0x66, 0x10, 0xA5, 0xE4, 0xC9, 0xD2, 0xD0, 0x1E, 0xA9, 0x3B, 0x8D, 0x57, 0x10, 
   0xA9, 0x06, 0x8D, 0x6F, 0x10, 0xA9, 0x00, 0x8D, 0x67, 0x10, 0xA9, 0x3B, 0x8D, 0x56, 0x10, 0xA9, 
   0x09, 0x8D, 0x6E, 0x10, 0xA9, 0x00, 0x8D, 0x66, 0x10, 0xA5, 0x99, 0xC9, 0x1F, 0x90, 0x3E, 0xA5, 
   0x99, 0xC9, 0x2B, 0xB0, 0x38, 0xA5, 0xE4, 0x4A, 0x90, 0x33, 0xA5, 0xD1, 0xC9, 0x03, 0xD0, 0x2D, 
   0xA9, 0xA4, 0x8D, 0x50, 0x10, 0xA9, 0x01, 0x8D, 0x68, 0x10, 0xA9, 0x18, 0x8D, 0x78, 0x10, 0xA9, 
   0x02, 0x8D, 0x78, 0x10, 0xA0, 0x2A, 0x8C, 0x78, 0x10, 0xA9, 0xFF, 0x8D, 0x5A, 0x10, 0xAD, 0x08, 
   0x10, 0xF0, 0x0A, 0xE6, 0x99, 0xA9, 0x00, 0x85, 0xEF, 0xA5, 0x99, 0x85, 0xEE, 0xA9, 0x00, 0x85, 
   0xB5, 0xA5, 0xE4, 0x29, 0x04, 0xF0, 0x04, 0xA9, 0x08, 0x85, 0xB5, 0xA5, 0xE4, 0x4A, 0x90, 0x03, 
   0x4C, 0x19, 0x92, 0xA5, 0xE4, 0x29, 0x02, 0xF0, 0x03, 0x4C, 0xE9, 0x92, 0xA5, 0x9B, 0xC9, 0xC8, 
   0xD0, 0x16, 0xA5, 0xEA, 0x29, 0x20, 0xD0, 0x10, 0xA5, 0xE4, 0xD0, 0x0C, 0xA9, 0x13, 0x85, 0x91, 
   0xA9, 0x83, 0x85, 0x9B, 0xA9, 0x00, 0x85, 0xB0, 0xA5, 0xEA, 0x29, 0x20, 0xD0, 0x05, 0xE6, 0x91, 
   0x4C, 0x45, 0x92, 0xC6, 0x91, 0xA5, 0x91, 0xC9, 0x55, 0xD0, 0x14, 0xA5, 0xEA, 0x29, 0x20, 0xD0, 
   0x0E, 0xA5, 0xB0, 0xC9, 0x02, 0xD0, 0x08, 0xA9, 0x04, 0x85, 0xB0, 0xA9, 0x15, 0x85, 0x91, 0xA5, 
   0x91, 0xC9, 0x35, 0xD0, 0x09, 0xA5, 0xEA, 0x29, 0x20, 0xD0, 0x03, 0x4C, 0xB1, 0x95, 0xA5, 0x91, 
   0xC9, 0x75, 0xD0, 0x0A, 0xA5, 0xEA, 0x29, 0x20, 0xD0, 0x04, 0xA9, 0x15, 0x85, 0x91, 0xA5, 0x91, 
   0xC9, 0x15, 0xD0, 0x09, 0xA5, 0xEA, 0x29, 0x20, 0xF0, 0x03, 0x4C, 0xD5, 0x95, 0x24, 0xEA, 0x70, 
   0x05, 0xE6, 0x92, 0x4C, 0x98, 0x92, 0xC6, 0x92, 0xA5, 0x92, 0xC9, 0x3E, 0xD0, 0x0D, 0xA9, 0x7C, 
   0x85, 0x92, 0xA5, 0xEA, 0x09, 0x40, 0x85, 0xEA, 0x4C, 0xBB, 0x92, 0xA5, 0x92, 0xC9, 0x4E, 0xD0, 
   0x0A, 0xA9, 0x10, 0x85, 0x92, 0xA5, 0xEA, 0x29, 0xBF, 0x85, 0xEA, 0xA5, 0x99, 0xC9, 0x7B, 0xD0, 
   0x11, 0xA5, 0xEA, 0x29, 0x20, 0xD0, 0x07, 0xE6, 0x80, 0xE6, 0xDD, 0x4C, 0xD2, 0x92, 0xC6, 0x80, 
   0xC6, 0xDD, 0xA5, 0x99, 0xC9, 0x37, 0xD0, 0x11, 0xA5, 0x80, 0xC9, 0x49, 0xB0, 0x07, 0xE6, 0x80, 
   0xE6, 0xDD, 0x4C, 0xE9, 0x92, 0xC6, 0x80, 0xC6, 0xDD, 0xA5, 0xE4, 0xC9, 0xC0, 0xD0, 0x06, 0xA5, 
   0xF2, 0x29, 0x04, 0xF0, 0x06, 0xA5, 0xE4, 0xC9, 0x60, 0xD0, 0x44, 0xA9, 0x01, 0x85, 0xCB, 0xA6, 
   0xCB, 0xB5, 0x9C, 0xC9, 0xC8, 0xD0, 0x30, 0xA5, 0x80, 0xC9, 0x49, 0xB0, 0x0F, 0xA9, 0x05, 0xA6, 
   0xCB, 0x95, 0xD3, 0xA9, 0x08, 0xA6, 0xCB, 0x95, 0xB1, 0x4C, 0x28, 0x93, 0xA9, 0x06, 0xA6, 0xCB, 
   0x95, 0xD3, 0xA9, 0x00, 0xA6, 0xCB, 0x95, 0xB1, 0xA9, 0x46, 0xA6, 0xCB, 0x95, 0x92, 0xA9, 0x45, 
   0xA6, 0xCB, 0x95, 0x9C, 0x4C, 0x3F, 0x93, 0xA5, 0xCB, 0xC9, 0x03, 0xE6, 0xCB, 0x90, 0xC0, 0xA5, 
   0xE4, 0x29, 0x03, 0x85, 0xE9, 0xA5, 0xE9, 0xF0, 0x40, 0xA9, 0x1E, 0xA6, 0xE9, 0xD5, 0x9C, 0x90, 
   0x19, 0xA6, 0xE9, 0xB5, 0x92, 0xC9, 0x14, 0xB0, 0x03, 0x4C, 0x64, 0x93, 0xA9, 0x78, 0xA6, 0xE9, 
   0xD5, 0x92, 0xB0, 0x06, 0xA9, 0xC8, 0xA6, 0xE9, 0x95, 0x9C, 0xA9, 0x04, 0xA6, 0xE9, 0xD5, 0xD3, 
   0xB0, 0x03, 0x4C, 0x67, 0x94, 0xA6, 0xE9, 0xB5, 0x9C, 0xC9, 0xC8, 0xF0, 0x0C, 0xA6, 0xE9, 0xB5, 
   0x9C, 0x18, 0x69, 0x12, 0x85, 0xCE, 0x4C, 0x2D, 0x9B, 0x85, 0x81, 0xA9, 0x50, 0x48, 0xA9, 0x84, 
   0x48, 0xA5, 0x81, 0x48, 0x8A, 0x48, 0xA2, 0x03, 0x4C, 0xEE, 0xDF, 0xA9, 0xF6, 0x8D, 0x50, 0x10, 
   0xA9, 0x01, 0x8D, 0x68, 0x10, 0xA2, 0xE2, 0x8E, 0x78, 0x10, 0xA9, 0x6D, 0x8D, 0x78, 0x10, 0x8E, 
   0x78, 0x10, 0x8D, 0x78, 0x10, 0xA9, 0xE4, 0x8D, 0x50, 0x10, 0xA9, 0x01, 0x8D, 0x68, 0x10, 0xA2, 
   0xE9, 0x8E, 0x78, 0x10, 0xA9, 0x6D, 0x8D, 0x78, 0x10, 0x8E, 0x78, 0x10, 0x8D, 0x78, 0x10, 0xA9, 
   0x07, 0x85, 0xA7, 0x85, 0xA8, 0x20, 0x71, 0x9D, 0xE6, 0xE4, 0xA5, 0xE4, 0xC9, 0x80, 0xD0, 0x03, 
   0x4C, 0xE9, 0x93, 0xA5, 0xE4, 0xC9, 0x00, 0xD0, 0x0D, 0xF8, 0xA5, 0xB8, 0x38, 0xE9, 0x01, 0x85, 
   0xB8, 0xD8, 0xA5, 0xB8, 0xF0, 0x5F, 0x20, 0xDA, 0x9E, 0xA5, 0xF0, 0x29, 0x10, 0xF0, 0x09, 0xA5, 
   0xEA, 0x29, 0x02, 0xD0, 0x03, 0x20, 0x23, 0x96, 0x20, 0xDA, 0x9E, 0xA5, 0xF0, 0x29, 0x10, 0xD0, 
   0x04, 0x24, 0x07, 0x30, 0x19, 0x24, 0x03, 0x50, 0x03, 0x4C, 0xE0, 0x94, 0x85, 0x81, 0xA9, 0x31, 
   0x48, 0xA9, 0x03, 0x48, 0xA5, 0x81, 0x48, 0x8A, 0x48, 0xA2, 0x02, 0x4C, 0xEE, 0xDF, 0xA5, 0x80, 
   0x18, 0x69, 0x07, 0xC5, 0x90, 0x90, 0x1E, 0xA5, 0x90, 0x18, 0x69, 0x05, 0xC5, 0x80, 0x90, 0x15, 
   0xA5, 0x99, 0x18, 0x69, 0x0D, 0xC5, 0x9A, 0x90, 0x0C, 0xA5, 0x9A, 0x18, 0x69, 0x09, 0xC5, 0x99, 
   0x90, 0x03, 0x4C, 0x15, 0x94, 0x85, 0x81, 0xA9, 0x54, 0x48, 0xA9, 0xB7, 0x48, 0xA5, 0x81, 0x48, 
   0x8A, 0x48, 0xA2, 0x03, 0x4C, 0xEE, 0xDF, 0xA9, 0xE6, 0x8D, 0x50, 0x10, 0xA9, 0x01, 0x8D, 0x68, 
   0x10, 0xA2, 0xF0, 0x8E, 0x78, 0x10, 0xA9, 0x6D, 0x8D, 0x78, 0x10, 0x8E, 0x78, 0x10, 0x8D, 0x78, 
   0x10, 0x8E, 0x78, 0x10, 0x8D, 0x78, 0x10, 0x8E, 0x78, 0x10, 0x8D, 0x78, 0x10, 0xA9, 0x0B, 0x85, 
   0xA8, 0x85, 0xA9, 0x85, 0xAA, 0x85, 0xAB, 0xA6, 0xE9, 0xB5, 0xD3, 0xC9, 0x05, 0xD0, 0x07, 0xA6, 
   0xE9, 0xD6, 0x92, 0x4C, 0xAA, 0x94, 0xA6, 0xE9, 0xF6, 0x92, 0xA6, 0xE9, 0xB5, 0x9C, 0xA6, 0xD2, 
   0x18, 0x7D, 0xD2, 0x94, 0xA6, 0xE9, 0x95, 0x9C, 0xE6, 0xD2, 0xA5, 0xD2, 0xC9, 0x0E, 0xD0, 0x0F, 
   0xA6, 0xE9, 0xB5, 0xD3, 0x38, 0xE9, 0x04, 0xA6, 0xE9, 0x95, 0xD3, 0xA9, 0x00, 0x85, 0xD2, 0x4C, 
   0x89, 0x93, 0xFD, 0xFD, 0xFD, 0xFE, 0xFE, 0xFF, 0xFF, 0x00, 0x00, 0x00, 0x00, 0x01, 0x01, 0x02, 
   0xA5, 0xC1, 0xC9, 0x68, 0xB0, 0x03, 0x4C, 0x1C, 0x94, 0xA9, 0x01, 0x85, 0xE9, 0xA5, 0xC1, 0xA6, 
   0xE9, 0xD5, 0x9C, 0x90, 0x2A, 0xA6, 0xE9, 0xB5, 0x9C, 0x18, 0x69, 0x0B, 0xC5, 0xC1, 0x90, 0x1F, 
   0xA5, 0x84, 0xA6, 0xE9, 0xD5, 0x92, 0x90, 0x17, 0xA6, 0xE9, 0xB5, 0x92, 0x18, 0x69, 0x08, 0xC5, 
   0x84, 0x90, 0x0C, 0x20, 0x0B, 0x96, 0xA9, 0xC8, 0xA6, 0xE9, 0x95, 0x9C, 0x4C, 0x1C, 0x94, 0xA5, 
   0xE9, 0xC9, 0x03, 0xE6, 0xE9, 0x90, 0xC6, 0xA5, 0x84, 0x38, 0xE5, 0x91, 0x85, 0xCB, 0x20, 0x0B, 
   0x96, 0xA5, 0xCB, 0xC9, 0x08, 0x90, 0x3A, 0xA5, 0xCB, 0xC9, 0x30, 0xB0, 0x0D, 0xA5, 0xB0, 0xC9, 
   0x02, 0xD0, 0x07, 0xA9, 0x00, 0x85, 0xB0, 0x4C, 0x1C, 0x94, 0xA5, 0xCB, 0xC9, 0x30, 0xB0, 0x0D, 
   0xA5, 0xB0, 0xC9, 0x06, 0xD0, 0x07, 0xA9, 0x04, 0x85, 0xB0, 0x4C, 0x1C, 0x94, 0xA5, 0xB0, 0xC9, 
   0x04, 0xD0, 0x07, 0xA9, 0x00, 0x85, 0xB0, 0x4C, 0x1C, 0x94, 0xA9, 0x02, 0x85, 0xB0, 0x4C, 0x1C, 
   0x94, 0xA5, 0xB0, 0xC9, 0x00, 0xD0, 0x04, 0xA9, 0xC8, 0x85, 0x9B, 0xA5, 0xB0, 0xC9, 0x02, 0xD0, 
   0x0B, 0xA9, 0x00, 0x85, 0xB0, 0xA5, 0x91, 0x18, 0x69, 0x20, 0x85, 0x91, 0xA5, 0xB0, 0xC9, 0x04, 
   0xD0, 0x0B, 0xA9, 0x00, 0x85, 0xB0, 0xA5, 0x91, 0x18, 0x69, 0x40, 0x85, 0x91, 0xA5, 0xB0, 0xC9, 
   0x06, 0xD0, 0x0B, 0xA9, 0x02, 0x85, 0xB0, 0xA5, 0x91, 0x18, 0x69, 0x20, 0x85, 0x91, 0x4C, 0x1C, 
   0x94, 0xA5, 0xB0, 0xC9, 0x02, 0xD0, 0x04, 0xA9, 0x06, 0x85, 0xB0, 0xA5, 0xB0, 0xC9, 0x00, 0xD0, 
   0x03, 0x4C, 0xCA, 0x95, 0xA5, 0xB0, 0xC9, 0x04, 0xD0, 0x04, 0xA9, 0x02, 0x85, 0xB0, 0xA9, 0x15, 
   0x85, 0x91, 0x4C, 0x8D, 0x92, 0xA5, 0xB0, 0xC9, 0x06, 0xD0, 0x04, 0xA9, 0x35, 0x85, 0x91, 0xA5, 
   0xB0, 0xC9, 0x04, 0xD0, 0x0B, 0xA9, 0x02, 0x85, 0xB0, 0xA9, 0x55, 0x85, 0x91, 0x4C, 0x8D, 0x92, 
   0xA5, 0xB0, 0xC9, 0x02, 0xD0, 0x08, 0xA9, 0x35, 0x85, 0x91, 0xA9, 0x04, 0x85, 0xB0, 0xA5, 0xB0, 
   0xC9, 0x00, 0xD0, 0x04, 0xA9, 0x75, 0x85, 0x91, 0x4C, 0x8D, 0x92, 0xA5, 0xDF, 0x09, 0x08, 0x85, 
   0xDF, 0xA9, 0x1E, 0x85, 0xE1, 0xF8, 0xA5, 0xE8, 0x18, 0x69, 0x03, 0x85, 0xE8, 0xD8, 0xA9, 0x00, 
   0x85, 0xE0, 0x60, 0xA5, 0xEA, 0x09, 0x02, 0x85, 0xEA, 0xA9, 0x01, 0x85, 0xE5, 0xA9, 0x00, 0x85, 
   0xDB, 0x85, 0xE3, 0xA9, 0xFA, 0x8D, 0x50, 0x10, 0xA9, 0x01, 0x8D, 0x68, 0x10, 0xA2, 0xFB, 0x8E, 
   0x78, 0x10, 0xA9, 0x6D, 0x8D, 0x78, 0x10, 0x8E, 0x78, 0x10, 0x8D, 0x78, 0x10, 0x8E, 0x78, 0x10, 
   0x8D, 0x78, 0x10, 0x60, 0x85, 0x81, 0xA9, 0x96, 0x48, 0xA9, 0x6B, 0x48, 0xA9, 0x3E, 0x48, 0xA9, 
   0x44, 0x48, 0xA5, 0x81, 0x48, 0x8A, 0x48, 0xA2, 0x02, 0x4C, 0xEE, 0xDF, 0xA9, 0x14, 0x85, 0x80, 
   0xA9, 0x00, 0x85, 0xDE, 0xA9, 0x14, 0x85, 0xDD, 0xA5, 0xEA, 0x09, 0x01, 0x85, 0xEA, 0xA9, 0x92, 
   0x85, 0x99, 0xA5, 0xF2, 0x29, 0x08, 0xD0, 0x07, 0xA9, 0xC8, 0x85, 0x9A, 0x4C, 0x93, 0x96, 0xA9, 
   0x15, 0x85, 0x9A, 0xA9, 0x5A, 0x85, 0x90, 0xA9, 0x15, 0x85, 0x9B, 0xA9, 0x0C, 0x85, 0x91, 0xA9, 
   0x0D, 0x85, 0x92, 0xA9, 0x43, 0x85, 0x9C, 0xA9, 0x6D, 0x85, 0x93, 0xA9, 0x2C, 0x85, 0x9D, 0x85, 
   0xD4, 0x85, 0x96, 0xA9, 0x32, 0x85, 0x94, 0xA9, 0x7E, 0x85, 0x9E, 0xA9, 0x74, 0x85, 0x95, 0xA9, 
   0x44, 0x85, 0x9F, 0xA9, 0x02, 0x85, 0xD6, 0xA9, 0x30, 0x85, 0x97, 0xA9, 0x80, 0x85, 0xA1, 0xA9, 
   0x13, 0x85, 0x98, 0xA9, 0x08, 0x85, 0xA2, 0xA9, 0x05, 0x85, 0xB7, 0xA9, 0x82, 0x85, 0xC4, 0xA9, 
   0x2A, 0x85, 0xC1, 0xA9, 0x11, 0x85, 0x0A, 0xA9, 0x64, 0x85, 0xD3, 0xA9, 0x00, 0x85, 0xD7, 0x85, 
   0xD8, 0x85, 0xD2, 0x85, 0xB6, 0xA9, 0x01, 0x85, 0xD5, 0xA9, 0x00, 0x85, 0xA0, 0x24, 0xF2, 0x10, 
   0x04, 0xA9, 0x02, 0x85, 0xA0, 0x20, 0x71, 0x9D, 0x85, 0x81, 0xA9, 0x71, 0x48, 0xA9, 0x71, 0x48, 
   0xA5, 0x81, 0x48, 0x8A, 0x48, 0xA2, 0x04, 0x4C, 0xEE, 0xDF, 0xA9, 0x00, 0x85, 0xF3, 0xA9, 0xA4, 
   0x8D, 0x50, 0x10, 0xA9, 0x01, 0x8D, 0x68, 0x10, 0xA9, 0x18, 0x8D, 0x78, 0x10, 0xA5, 0xCC, 0x8D, 
   0x78, 0x10, 0xA4, 0xCB, 0x8C, 0x78, 0x10, 0xA9, 0xFF, 0x8D, 0x5A, 0x10, 0xAD, 0x08, 0x10, 0xD0, 
   0x04, 0xA9, 0x01, 0x85, 0xF3, 0x60, 0x4C, 0x55, 0x94, 0xA9, 0x01, 0xC5, 0xD1, 0x90, 0x49, 0x20, 
   0x1A, 0x97, 0xA5, 0xF3, 0xD0, 0x07, 0xE6, 0x99, 0xE6, 0xD2, 0x4C, 0x98, 0x97, 0xA5, 0x99, 0x18, 
   0x69, 0x12, 0x85, 0xD0, 0xA9, 0xA4, 0x8D, 0x50, 0x10, 0xA9, 0x01, 0x8D, 0x68, 0x10, 0xA9, 0x18, 
   0x8D, 0x78, 0x10, 0xA5, 0xCC, 0x8D, 0x78, 0x10, 0xA4, 0xD0, 0x8C, 0x78, 0x10, 0xA9, 0xFF, 0x8D, 
   0x5A, 0x10, 0xAD, 0x08, 0x10, 0xF0, 0x07, 0xE6, 0x99, 0xE6, 0xD2, 0x4C, 0x92, 0x97, 0xA9, 0x00, 
   0x85, 0xD2, 0xA5, 0xEA, 0x29, 0x08, 0xD0, 0xAE, 0xA9, 0x0B, 0xC5, 0xD2, 0xB0, 0x08, 0xA5, 0xEA, 
   0x09, 0x08, 0x85, 0xEA, 0xC6, 0x99, 0xA9, 0x9A, 0xC5, 0x99, 0x90, 0x9A, 0xA9, 0x44, 0x85, 0x84, 
   0xA5, 0xE4, 0x4A, 0xB0, 0x04, 0xA9, 0x24, 0x85, 0x84, 0xA5, 0xE4, 0x4A, 0x90, 0x03, 0x4C, 0xC7, 
   0x97, 0xA5, 0xE4, 0x29, 0x02, 0xF0, 0x03, 0x4C, 0x02, 0x99, 0xA5, 0xD3, 0x18, 0x69, 0x04, 0x85, 
   0xCB, 0xA5, 0xD3, 0x38, 0xE9, 0x02, 0x85, 0xCC, 0xA5, 0xD3, 0x18, 0x69, 0x44, 0x85, 0xCD, 0xA5, 
   0xD3, 0x18, 0x69, 0x3E, 0x85, 0xCE, 0xA9, 0xA4, 0x8D, 0x50, 0x10, 0xA9, 0x01, 0x8D, 0x68, 0x10, 
   0xA2, 0x0D, 0x8E, 0x78, 0x10, 0x8E, 0x78, 0x10, 0xA4, 0xCB, 0x8C, 0x78, 0x10, 0xA9, 0x04, 0x8D, 
   0x78, 0x10, 0xA9, 0xFF, 0x8D, 0x5A, 0x10, 0xA9, 0xA4, 0x8D, 0x50, 0x10, 0xA9, 0x01, 0x8D, 0x68, 
   0x10, 0xA2, 0x0D, 0x8E, 0x78, 0x10, 0x8E, 0x78, 0x10, 0xA4, 0xCB, 0x8C, 0x78, 0x10, 0xA9, 0x05, 
   0x8D, 0x78, 0x10, 0xA9, 0xFF, 0x8D, 0x5A, 0x10, 0xA9, 0xA4, 0x8D, 0x50, 0x10, 0xA9, 0x01, 0x8D, 
   0x68, 0x10, 0xA2, 0x0C, 0x8E, 0x78, 0x10, 0x8E, 0x78, 0x10, 0xA4, 0xCC, 0x8C, 0x78, 0x10, 0xA9, 
   0x04, 0x8D, 0x78, 0x10, 0xA9, 0xFF, 0x8D, 0x5A, 0x10, 0xA9, 0xA4, 0x8D, 0x50, 0x10, 0xA9, 0x01, 
   0x8D, 0x68, 0x10, 0xA2, 0x0C, 0x8E, 0x78, 0x10, 0x8E, 0x78, 0x10, 0xA4, 0xCC, 0x8C, 0x78, 0x10, 
   0xA9, 0x05, 0x8D, 0x78, 0x10, 0xA9, 0xFF, 0x8D, 0x5A, 0x10, 0xA9, 0xA4, 0x8D, 0x50, 0x10, 0xA9, 
   0x01, 0x8D, 0x68, 0x10, 0xA2, 0x0D, 0x8E, 0x78, 0x10, 0x8E, 0x78, 0x10, 0xA4, 0xCD, 0x8C, 0x78, 
   0x10, 0xA9, 0x04, 0x8D, 0x78, 0x10, 0xA9, 0xFF, 0x8D, 0x5A, 0x10, 0xA9, 0xA4, 0x8D, 0x50, 0x10, 
   0xA9, 0x01, 0x8D, 0x68, 0x10, 0xA2, 0x0D, 0x8E, 0x78, 0x10, 0x8E, 0x78, 0x10, 0xA4, 0xCD, 0x8C, 
   0x78, 0x10, 0xA9, 0x05, 0x8D, 0x78, 0x10, 0xA9, 0xFF, 0x8D, 0x5A, 0x10, 0xA9, 0xA4, 0x8D, 0x50, 
   0x10, 0xA9, 0x01, 0x8D, 0x68, 0x10, 0xA2, 0x0C, 0x8E, 0x78, 0x10, 0x8E, 0x78, 0x10, 0xA4, 0xCE, 
   0x8C, 0x78, 0x10, 0xA9, 0x04, 0x8D, 0x78, 0x10, 0xA9, 0xFF, 0x8D, 0x5A, 0x10, 0xA9, 0xA4, 0x8D, 
   0x50, 0x10, 0xA9, 0x01, 0x8D, 0x68, 0x10, 0xA2, 0x0C, 0x8E, 0x78, 0x10, 0x8E, 0x78, 0x10, 0xA4, 
   0xCE, 0x8C, 0x78, 0x10, 0xA9, 0x05, 0x8D, 0x78, 0x10, 0xA9, 0xFF, 0x8D, 0x5A, 0x10, 0xA5, 0xD3, 
   0x38, 0xE9, 0x02, 0x85, 0xD3, 0xA5, 0xD3, 0xC9, 0x24, 0xD0, 0x04, 0xA9, 0x64, 0x85, 0xD3, 0x4C, 
   0x40, 0x9A, 0xA5, 0xE4, 0x29, 0x02, 0xF0, 0x03, 0x4C, 0x40, 0x9A, 0xA5, 0xD4, 0x18, 0x69, 0x04, 
   0x85, 0xCB, 0xA5, 0xD4, 0x38, 0xE9, 0x02, 0x85, 0xCC, 0xA5, 0xD4, 0x18, 0x69, 0x44, 0x85, 0xCD, 
   0xA5, 0xD4, 0x18, 0x69, 0x3E, 0x85, 0xCE, 0xA9, 0xA4, 0x8D, 0x50, 0x10, 0xA9, 0x01, 0x8D, 0x68, 
   0x10, 0xA2, 0x0C, 0x8E, 0x78, 0x10, 0x8E, 0x78, 0x10, 0xA4, 0xCB, 0x8C, 0x78, 0x10, 0xA9, 0x0C, 
   0x8D, 0x78, 0x10, 0xA9, 0xFF, 0x8D, 0x5A, 0x10, 0xA9, 0xA4, 0x8D, 0x50, 0x10, 0xA9, 0x01, 0x8D, 
   0x68, 0x10, 0xA2, 0x0C, 0x8E, 0x78, 0x10, 0x8E, 0x78, 0x10, 0xA4, 0xCB, 0x8C, 0x78, 0x10, 0xA9, 
   0x0D, 0x8D, 0x78, 0x10, 0xA9, 0xFF, 0x8D, 0x5A, 0x10, 0xA9, 0xA4, 0x8D, 0x50, 0x10, 0xA9, 0x01, 
   0x8D, 0x68, 0x10, 0xA2, 0x0D, 0x8E, 0x78, 0x10, 0x8E, 0x78, 0x10, 0xA4, 0xCC, 0x8C, 0x78, 0x10, 
   0xA9, 0x0C, 0x8D, 0x78, 0x10, 0xA9, 0xFF, 0x8D, 0x5A, 0x10, 0xA9, 0xA4, 0x8D, 0x50, 0x10, 0xA9, 
   0x01, 0x8D, 0x68, 0x10, 0xA2, 0x0D, 0x8E, 0x78, 0x10, 0x8E, 0x78, 0x10, 0xA4, 0xCC, 0x8C, 0x78, 
   0x10, 0xA9, 0x0D, 0x8D, 0x78, 0x10, 0xA9, 0xFF, 0x8D, 0x5A, 0x10, 0xA9, 0xA4, 0x8D, 0x50, 0x10, 
   0xA9, 0x01, 0x8D, 0x68, 0x10, 0xA2, 0x0C, 0x8E, 0x78, 0x10, 0x8E, 0x78, 0x10, 0xA4, 0xCD, 0x8C, 
   0x78, 0x10, 0xA9, 0x0C, 0x8D, 0x78, 0x10, 0xA9, 0xFF, 0x8D, 0x5A, 0x10, 0xA9, 0xA4, 0x8D, 0x50, 
   0x10, 0xA9, 0x01, 0x8D, 0x68, 0x10, 0xA2, 0x0C, 0x8E, 0x78, 0x10, 0x8E, 0x78, 0x10, 0xA4, 0xCD, 
   0x8C, 0x78, 0x10, 0xA9, 0x0D, 0x8D, 0x78, 0x10, 0xA9, 0xFF, 0x8D, 0x5A, 0x10, 0xA9, 0xA4, 0x8D, 
   0x50, 0x10, 0xA9, 0x01, 0x8D, 0x68, 0x10, 0xA2, 0x0D, 0x8E, 0x78, 0x10, 0x8E, 0x78, 0x10, 0xA4, 
   0xCE, 0x8C, 0x78, 0x10, 0xA9, 0x0C, 0x8D, 0x78, 0x10, 0xA9, 0xFF, 0x8D, 0x5A, 0x10, 0xA9, 0xA4, 
   0x8D, 0x50, 0x10, 0xA9, 0x01, 0x8D, 0x68, 0x10, 0xA2, 0x0D, 0x8E, 0x78, 0x10, 0x8E, 0x78, 0x10, 
   0xA4, 0xCE, 0x8C, 0x78, 0x10, 0xA9, 0x0D, 0x8D, 0x78, 0x10, 0xA9, 0xFF, 0x8D, 0x5A, 0x10, 0xA5, 
   0xD4, 0x18, 0x69, 0x02, 0x85, 0xD4, 0xA5, 0xD4, 0xC9, 0x6C, 0xD0, 0x04, 0xA9, 0x2C, 0x85, 0xD4, 
   0xA5, 0xE4, 0x29, 0x03, 0x85, 0xCB, 0xA9, 0x00, 0xC5, 0xCB, 0xB0, 0x02, 0xE6, 0x91, 0xA5, 0x9B, 
   0xA6, 0xD7, 0x18, 0x7D, 0x51, 0x9D, 0x85, 0x9B, 0xE6, 0xD7, 0xA5, 0xD7, 0xC9, 0x20, 0xD0, 0x04, 
   0xA9, 0x00, 0x85, 0xD7, 0xA9, 0x69, 0xC5, 0x91, 0xB0, 0x08, 0xA9, 0x6A, 0x85, 0x91, 0xA9, 0x1B, 
   0x85, 0xD7, 0xA9, 0xAA, 0xC5, 0x9B, 0xB0, 0x1C, 0xA9, 0x0E, 0x85, 0x91, 0xA9, 0x15, 0x85, 0x9B, 
   0xA9, 0x00, 0x85, 0xD7, 0xA5, 0xF2, 0x29, 0x08, 0xD0, 0x0A, 0xA9, 0x09, 0xC5, 0xB8, 0xB0, 0x04, 
   0xA9, 0x64, 0x85, 0xE3, 0xA5, 0xF2, 0x29, 0x08, 0xD0, 0x03, 0x4C, 0xFA, 0x9A, 0xA9, 0x00, 0xC5, 
   0xCB, 0xB0, 0x02, 0xE6, 0x90, 0xA5, 0x9A, 0xA6, 0xD8, 0x18, 0x7D, 0x51, 0x9D, 0x85, 0x9A, 0xE6, 
   0xD8, 0xA5, 0xD8, 0xC9, 0x20, 0xD0, 0x04, 0xA9, 0x00, 0x85, 0xD8, 0xA9, 0x69, 0xC5, 0x90, 0xB0, 
   0x08, 0xA9, 0x6A, 0x85, 0x90, 0xA9, 0x1B, 0x85, 0xD8, 0xA5, 0x9A, 0xC9, 0xAA, 0xB0, 0x03, 0x4C, 
   0xFA, 0x9A, 0xAD, 0x00, 0x10, 0x4A, 0x90, 0x02, 0x49, 0xB4, 0x8D, 0x00, 0x10, 0x29, 0x03, 0x18, 
   0x69, 0x0C, 0x85, 0xCC, 0xA5, 0xCC, 0x85, 0x90, 0xA9, 0x15, 0x85, 0x9A, 0xA9, 0x00, 0x85, 0xD8, 
   0xA9, 0x09, 0xC5, 0xB8, 0xB0, 0x04, 0xA9, 0x64, 0x85, 0xE3, 0xA5, 0xCB, 0x85, 0xE9, 0xA5, 0xE9, 
   0xC9, 0x02, 0xD0, 0x10, 0xA9, 0x3B, 0x85, 0xE6, 0xA6, 0xE9, 0xB5, 0x9C, 0x18, 0x69, 0x13, 0x85, 
   0xCE, 0x4C, 0x2D, 0x9B, 0xA5, 0xE9, 0xC9, 0x03, 0xD0, 0x10, 0xA9, 0x21, 0x85, 0xE6, 0xA6, 0xE9, 
   0xB5, 0x9C, 0x18, 0x69, 0x11, 0x85, 0xCE, 0x4C, 0x2D, 0x9B, 0x4C, 0x89, 0x93, 0x85, 0x81, 0xA9, 
   0x3C, 0x48, 0xA9, 0x32, 0x48, 0xA5, 0x81, 0x48, 0x8A, 0x48, 0xA2, 0x02, 0x4C, 0xEE, 0xDF, 0xA9, 
   0xE6, 0x8D, 0x50, 0x10, 0xA9, 0x01, 0x8D, 0x68, 0x10, 0xA2, 0x07, 0x8E, 0x78, 0x10, 0xA9, 0x6E, 
   0x8D, 0x78, 0x10, 0xA9, 0x0B, 0x85, 0xA8, 0xA9, 0xE8, 0x8D, 0x50, 0x10, 0xA9, 0x01, 0x8D, 0x68, 
   0x10, 0xA2, 0x12, 0x8E, 0x78, 0x10, 0xA9, 0x6E, 0x8D, 0x78, 0x10, 0xA9, 0x0B, 0x85, 0xA9, 0x20, 
   0x71, 0x9D, 0xE6, 0xE4, 0xA5, 0xE4, 0xC9, 0x80, 0xD0, 0x03, 0x4C, 0x83, 0x9B, 0xA5, 0xE4, 0xC9, 
   0x00, 0xD0, 0x09, 0xF8, 0xA5, 0xB8, 0x38, 0xE9, 0x01, 0x85, 0xB8, 0xD8, 0xA5, 0xB8, 0xD0, 0x03, 
   0x4C, 0x55, 0x94, 0x24, 0x02, 0x50, 0x03, 0x20, 0xF0, 0x9C, 0xA9, 0xA4, 0x8D, 0x50, 0x10, 0xA9, 
   0x01, 0x8D, 0x68, 0x10, 0xA9, 0x14, 0x8D, 0x78, 0x10, 0xA9, 0x00, 0x8D, 0x78, 0x10, 0xA9, 0x05, 
   0x8D, 0x78, 0x10, 0xA9, 0xFF, 0x8D, 0x5A, 0x10, 0x2C, 0x08, 0x10, 0x10, 0x07, 0xA9, 0x04, 0x85, 
   0xE9, 0x4C, 0xCF, 0x9C, 0xA9, 0xA4, 0x8D, 0x50, 0x10, 0xA9, 0x01, 0x8D, 0x68, 0x10, 0xA9, 0x14, 
   0x8D, 0x78, 0x10, 0xA9, 0x00, 0x8D, 0x78, 0x10, 0xA9, 0x06, 0x8D, 0x78, 0x10, 0xA9, 0xFF, 0x8D, 
   0x5A, 0x10, 0x2C, 0x08, 0x10, 0x10, 0x07, 0xA9, 0x05, 0x85, 0xE9, 0x4C, 0xCF, 0x9C, 0xA9, 0xA4, 
   0x8D, 0x50, 0x10, 0xA9, 0x01, 0x8D, 0x68, 0x10, 0xA9, 0x14, 0x8D, 0x78, 0x10, 0xA9, 0x00, 0x8D, 
   0x78, 0x10, 0xA9, 0x01, 0x8D, 0x78, 0x10, 0xA9, 0xFF, 0x8D, 0x5A, 0x10, 0x2C, 0x08, 0x10, 0x10, 
   0x07, 0xA9, 0x00, 0x85, 0xE9, 0x4C, 0xCF, 0x9C, 0xA9, 0xA4, 0x8D, 0x50, 0x10, 0xA9, 0x01, 0x8D, 
   0x68, 0x10, 0xA9, 0x14, 0x8D, 0x78, 0x10, 0xA9, 0x00, 0x8D, 0x78, 0x10, 0xA9, 0x02, 0x8D, 0x78, 
   0x10, 0xA9, 0xFF, 0x8D, 0x5A, 0x10, 0x2C, 0x08, 0x10, 0x10, 0x07, 0xA9, 0x01, 0x85, 0xE9, 0x4C, 
   0xCF, 0x9C, 0xA9, 0xA4, 0x8D, 0x50, 0x10, 0xA9, 0x01, 0x8D, 0x68, 0x10, 0xA9, 0x14, 0x8D, 0x78, 
   0x10, 0xA9, 0x00, 0x8D, 0x78, 0x10, 0xA9, 0x03, 0x8D, 0x78, 0x10, 0xA9, 0xFF, 0x8D, 0x5A, 0x10, 
   0x2C, 0x08, 0x10, 0x10, 0x07, 0xA9, 0xC8, 0x85, 0x9C, 0x4C, 0xC3, 0x9C, 0xA9, 0xA4, 0x8D, 0x50, 
   0x10, 0xA9, 0x01, 0x8D, 0x68, 0x10, 0xA9, 0x14, 0x8D, 0x78, 0x10, 0xA9, 0x00, 0x8D, 0x78, 0x10, 
   0xA9, 0x04, 0x8D, 0x78, 0x10, 0xA9, 0xFF, 0x8D, 0x5A, 0x10, 0x2C, 0x08, 0x10, 0x10, 0x07, 0xA9, 
   0xC8, 0x85, 0x9D, 0x4C, 0xC3, 0x9C, 0xA9, 0xA4, 0x8D, 0x50, 0x10, 0xA9, 0x01, 0x8D, 0x68, 0x10, 
   0xA9, 0x14, 0x8D, 0x78, 0x10, 0xA9, 0x00, 0x8D, 0x78, 0x10, 0xA9, 0x08, 0x8D, 0x78, 0x10, 0xA9, 
   0xFF, 0x8D, 0x5A, 0x10, 0x2C, 0x08, 0x10, 0x10, 0x07, 0xA9, 0xC8, 0x85, 0xA1, 0x4C, 0xC3, 0x9C, 
   0x4C, 0x08, 0x97, 0x20, 0x15, 0x96, 0xA5, 0xDF, 0x09, 0x02, 0x85, 0xDF, 0x4C, 0x08, 0x97, 0xA5, 
   0x80, 0x18, 0x69, 0x03, 0x85, 0xCB, 0xA6, 0xE9, 0xB5, 0x90, 0x18, 0x69, 0x03, 0x85, 0xCD, 0xA5, 
   0xCB, 0xA6, 0xE9, 0xD5, 0x90, 0x90, 0xE5, 0xA5, 0xCD, 0xC5, 0x80, 0x90, 0xDF, 0x4C, 0x55, 0x94, 
   0xA9, 0x3C, 0xC5, 0x80, 0x90, 0x5A, 0xA5, 0x99, 0xC9, 0x28, 0xB0, 0x05, 0x68, 0x68, 0x4C, 0x55, 
   0x94, 0xA5, 0x99, 0x18, 0x69, 0x0E, 0x85, 0xCB, 0xA5, 0x80, 0x4A, 0x4A, 0x38, 0xE9, 0x03, 0x85, 
   0xCC, 0xA5, 0x99, 0x18, 0x69, 0x0F, 0x85, 0xCD, 0x20, 0x1A, 0x97, 0xA5, 0xF3, 0xF0, 0x07, 0xA5, 
   0x99, 0x38, 0xE9, 0x02, 0x85, 0x99, 0xA9, 0xA4, 0x8D, 0x50, 0x10, 0xA9, 0x01, 0x8D, 0x68, 0x10, 
   0xA9, 0x18, 0x8D, 0x78, 0x10, 0xA5, 0xCC, 0x8D, 0x78, 0x10, 0xA4, 0xCD, 0x8C, 0x78, 0x10, 0xA9, 
   0xFF, 0x8D, 0x5A, 0x10, 0xAD, 0x08, 0x10, 0xD0, 0x07, 0xA5, 0x99, 0x38, 0xE9, 0x02, 0x85, 0x99, 
   0x60, 0xFE, 0xFE, 0xFE, 0xFE, 0xFE, 0xFE, 0xFF, 0xFF, 0xFF, 0xFF, 0xFF, 0xFF, 0xFF, 0xFF, 0x00, 
   0x00, 0x00, 0x00, 0x01, 0x01, 0x01, 0x01, 0x01, 0x01, 0x01, 0x01, 0x02, 0x02, 0x02, 0x02, 0x02, 
   0x02, 0xA5, 0xB5, 0x29, 0xF7, 0x85, 0xB5, 0xA5, 0xE7, 0xC9, 0x03, 0xD0, 0x0C, 0xA5, 0x80, 0xC5, 
   0x96, 0xB0, 0x06, 0xA5, 0xB5, 0x09, 0x08, 0x85, 0xB5, 0xA9, 0xFF, 0x8D, 0x38, 0x10, 0x8D, 0x39, 
   0x10, 0x8D, 0x3A, 0x10, 0x8D, 0x3B, 0x10, 0x8D, 0x3C, 0x10, 0xA5, 0xE7, 0xC9, 0x03, 0xD0, 0x05, 
   0xA9, 0x00, 0x8D, 0x3C, 0x10, 0x24, 0xF2, 0x10, 0x07, 0xA9, 0x0F, 0x18, 0x65, 0xEC, 0x85, 0xBD, 
   0xA9, 0x0F, 0x85, 0xA5, 0x85, 0x81, 0xA9, 0x9D, 0x48, 0xA9, 0xCB, 0x48, 0xA9, 0x18, 0x48, 0xA9, 
   0x9C, 0x48, 0xA5, 0x81, 0x48, 0x8A, 0x48, 0xA2, 0x01, 0x4C, 0xEE, 0xDF, 0x60, 0xA9, 0x00, 0x85, 
   0xD1, 0x85, 0xD2, 0x60, 0xA5, 0x99, 0xA6, 0xDC, 0x18, 0x7D, 0x7B, 0x9E, 0x85, 0x99, 0xA5, 0xDC, 
   0xC9, 0x21, 0xD0, 0x03, 0x20, 0xCD, 0x9D, 0xA5, 0xDC, 0xC9, 0x11, 0x90, 0x7A, 0xA5, 0x80, 0xC9, 
   0x10, 0x90, 0x74, 0xA5, 0x80, 0x4A, 0x4A, 0x38, 0xE9, 0x03, 0x85, 0xCC, 0xA5, 0x99, 0x18, 0x69, 
   0x0E, 0x85, 0xCB, 0x20, 0x1A, 0x97, 0xA5, 0xF3, 0xF0, 0x5D, 0xA5, 0xCC, 0x18, 0x69, 0x01, 0x85, 
   0xD0, 0xA9, 0xA4, 0x8D, 0x50, 0x10, 0xA9, 0x01, 0x8D, 0x68, 0x10, 0xA9, 0x18, 0x8D, 0x78, 0x10, 
   0xA5, 0xD0, 0x8D, 0x78, 0x10, 0xA4, 0xCB, 0x8C, 0x78, 0x10, 0xA9, 0xFF, 0x8D, 0x5A, 0x10, 0xAD, 
   0x08, 0x10, 0xD0, 0x06, 0x20, 0xCD, 0x9D, 0x4C, 0x67, 0x9E, 0xA5, 0xD0, 0x38, 0xE9, 0x02, 0x85, 
   0xD0, 0xA9, 0xA4, 0x8D, 0x50, 0x10, 0xA9, 0x01, 0x8D, 0x68, 0x10, 0xA9, 0x18, 0x8D, 0x78, 0x10, 
   0xA5, 0xD0, 0x8D, 0x78, 0x10, 0xA4, 0xCB, 0x8C, 0x78, 0x10, 0xA9, 0xFF, 0x8D, 0x5A, 0x10, 0xAD, 
   0x08, 0x10, 0xD0, 0x03, 0x20, 0xCD, 0x9D, 0xE6, 0xDC, 0x85, 0x81, 0xA9, 0x76, 0x48, 0xA9, 0x83, 
   0x48, 0xA5, 0x81, 0x48, 0x8A, 0x48, 0xA2, 0x04, 0x4C, 0xEE, 0xDF, 0xFE, 0xFF, 0xFE, 0xFF, 0xFE, 
   0xFF, 0xFE, 0x00, 0xFF, 0xFF, 0x00, 0xFF, 0x00, 0x00, 0x00, 0x00, 0x00, 0x01, 0x00, 0x01, 0x00, 
   0x01, 0x00, 0x01, 0x01, 0x00, 0x01, 0x01, 0x01, 0x00, 0x01, 0x01, 0x01, 0x01, 0xE6, 0xCC, 0x20, 
   0x1A, 0x97, 0xA5, 0xF3, 0xD0, 0x0E, 0xA5, 0xCC, 0x38, 0xE9, 0x02, 0x85, 0xCC, 0x20, 0x1A, 0x97, 
   0xA5, 0xF3, 0xF0, 0x14, 0xA9, 0x02, 0x85, 0xD1, 0xA5, 0xEA, 0x09, 0x40, 0x85, 0xEA, 0xA9, 0x04, 
   0x85, 0xDF, 0xA9, 0x00, 0x85, 0xDC, 0x85, 0xE0, 0x85, 0x81, 0xA9, 0x75, 0x48, 0xA9, 0xFF, 0x48, 
   0xA5, 0x81, 0x48, 0x8A, 0x48, 0xA2, 0x04, 0x4C, 0xEE, 0xDF, 0xA5, 0xF0, 0x29, 0xEF, 0x85, 0xF0, 
   0xA9, 0xA4, 0x8D, 0x50, 0x10, 0xA9, 0x01, 0x8D, 0x68, 0x10, 0xA9, 0x14, 0x8D, 0x78, 0x10, 0xA9, 
   0x00, 0x8D, 0x78, 0x10, 0xA9, 0x01, 0x8D, 0x78, 0x10, 0xA9, 0xFF, 0x8D, 0x5A, 0x10, 0x2C, 0x08, 
   0x10, 0x10, 0x06, 0xA5, 0xF0, 0x09, 0x10, 0x85, 0xF0, 0x60, 0xA2, 0x1D, 0x86, 0xA3, 0xA9, 0x6E, 
   0x85, 0xA4, 0x24, 0xF2, 0x10, 0x08, 0xA2, 0x2C, 0x86, 0xA3, 0xA9, 0x6E, 0x85, 0xA4, 0xA2, 0x3B, 
   0x86, 0xBD, 0xA9, 0x6E, 0x85, 0xBE, 0xA9, 0x1E, 0x85, 0xA5, 0xA5, 0xBD, 0x85, 0xEC, 0x4C, 0xE0, 
   0xDF, 0x24, 0xF2, 0x10, 0x23, 0xA9, 0x08, 0x8D, 0x50, 0x10, 0xA9, 0x0A, 0x8D, 0x68, 0x10, 0xA9, 
   0x59, 0x8D, 0x59, 0x10, 0xA9, 0x6E, 0x8D, 0x59, 0x10, 0xA9, 0x00, 0x8D, 0x59, 0x10, 0xA9, 0x01, 
   0x8D, 0x59, 0x10, 0xA9, 0x01, 0x8D, 0x5A, 0x10, 0x4C, 0xE0, 0xDF, 0xFF, 0xFF, 0xFF, 0xFF, 0xFF, 
   0xFF, 0xFF, 0xFF, 0xFF, 0xFF, 0xFF, 0xFF, 0xFF, 0xFF, 0xFF, 0xFF, 0xFF, 0xFF, 0xFF, 0xFF, 0xFF, 
   0xFF, 0xFF, 0xFF, 0xFF, 0xFF, 0xFF, 0xFF, 0xFF, 0xFF, 0xFF, 0xFF, 0xFF, 0xFF, 0xFF, 0xFF, 0xFF, 
   0xFF, 0xFF, 0xFF, 0xFF, 0xFF, 0xFF, 0xFF, 0xFF, 0xFF, 0xFF, 0xFF, 0xFF, 0xFF, 0xFF, 0xFF, 0xFF, 
   0xFF, 0xFF, 0xFF, 0xFF, 0xFF, 0xFF, 0xFF, 0xFF, 0xFF, 0xFF, 0xFF, 0xFF, 0xFF, 0xFF, 0xFF, 0xFF, 
   0xFF, 0xFF, 0xFF, 0xFF, 0xFF, 0xFF, 0xFF, 0xFF, 0xFF, 0xFF, 0xFF, 0xFF, 0xFF, 0xFF, 0xFF, 0xFF, 
   0xFF, 0xFF, 0xFF, 0xFF, 0xFF, 0xFF, 0xFF, 0xFF, 0xFF, 0xFF, 0xFF, 0xFF, 0xFF, 0xFF, 0xFF, 0xFF, 
   0xFF, 0xFF, 0xFF, 0xFF, 0xFF, 0xFF, 0xFF, 0xFF, 0xFF, 0xFF, 0xFF, 0xFF, 0xFF, 0xFF, 0xFF, 0xFF, 
   0xFF, 0xFF, 0xFF, 0xFF, 0xA2, 0xFF, 0x8E, 0x58, 0x10, 0x9A, 0xA9, 0x18, 0x48, 0xA9, 0x37, 0x48, 
   0x48, 0x8A, 0x48, 0xBA, 0xB5, 0x04, 0x2A, 0x2A, 0x2A, 0x2A, 0x29, 0x07, 0xAA, 0xE8, 0xBD, 0xF5, 
   0x1F, 0x68, 0xAA, 0x68, 0x60, 0xFF, 0xFF, 0xFF, 0xFF, 0xFF, 0xFF, 0xFF, 0xD4, 0x9F, 0xD4, 0x9F, 
   0x00, 0x00, 0x00, 0x00, 0x00, 0x00, 0x00, 0x00, 0x00, 0x00, 0x00, 0x00, 0x00, 0x00, 0x00, 0x00, 
   0x00, 0x00, 0x00, 0x00, 0x00, 0x00, 0x00, 0x00, 0x00, 0x00, 0x00, 0x00, 0x00, 0x00, 0x00, 0x00, 
   0x00, 0x00, 0x00, 0x00, 0x00, 0x00, 0x00, 0x00, 0x00, 0x00, 0x00, 0x00, 0x00, 0x00, 0x00, 0x00, 
   0x00, 0x00, 0x00, 0x00, 0x00, 0x00, 0x00, 0x00, 0x00, 0x00, 0x00, 0x00, 0x00, 0x00, 0x00, 0x00, 
   0x00, 0x00, 0x00, 0x00, 0x00, 0x00, 0x00, 0x00, 0x00, 0x00, 0x00, 0x00, 0x00, 0x00, 0x00, 0x00, 
   0x00, 0x00, 0x00, 0x00, 0x00, 0x00, 0x00, 0x00, 0x00, 0x00, 0x00, 0x00, 0x00, 0x00, 0x00, 0x00, 
   0x00, 0x00, 0x00, 0x00, 0x00, 0x00, 0x00, 0x00, 0x00, 0x00, 0x00, 0x00, 0x00, 0x00, 0x00, 0x00, 
   0x00, 0x00, 0x00, 0x00, 0x00, 0x00, 0x00, 0x00, 0x00, 0x00, 0x00, 0x00, 0x00, 0x00, 0x00, 0x00, 
   0x00, 0xA5, 0xCB, 0x85, 0xCB, 0x18, 0xAD, 0x84, 0x02, 0x30, 0xFA, 0x4C, 0x8E, 0xB0, 0xA9, 0x02, 
   0x85, 0x02, 0x85, 0x00, 0x85, 0x02, 0x85, 0x02, 0xA9, 0x00, 0x85, 0x02, 0x85, 0x00, 0xA9, 0xAA, 
   0x8D, 0x96, 0x02, 0xE6, 0x82, 0xAD, 0x84, 0x02, 0x30, 0xFB, 0xA9, 0x00, 0x85, 0x02, 0x85, 0x01, 
   0x85, 0x1D, 0x85, 0x1F, 0xA9, 0xED, 0x8D, 0x96, 0x02, 0xA9, 0x01, 0x85, 0x0A, 0x18, 0xA9, 0x00, 
   0x85, 0x0B, 0x85, 0x0C, 0x85, 0x02, 0xAD, 0x3F, 0xB1, 0x85, 0x09, 0xA0, 0x01, 0x85, 0x02, 0x88, 
   0xD0, 0xFB, 0xA5, 0xCC, 0xC9, 0x04, 0xB0, 0x0A, 0xA0, 0x27, 0x85, 0x02, 0x88, 0xD0, 0xFB, 0x4C, 
   0xE5, 0xB0, 0x20, 0x40, 0xB1, 0xA5, 0xCC, 0xC9, 0x03, 0xB0, 0x0A, 0xA0, 0x27, 0x85, 0x02, 0x88, 
   0xD0, 0xFB, 0x4C, 0xF8, 0xB0, 0x20, 0x40, 0xB1, 0xA5, 0xCC, 0xC9, 0x02, 0xB0, 0x0A, 0xA0, 0x27, 
   0x85, 0x02, 0x88, 0xD0, 0xFB, 0x4C, 0x0B, 0xB1, 0x20, 0x40, 0xB1, 0x20, 0x40, 0xB1, 0x20, 0x4D, 
   0xB2, 0x20, 0x8A, 0xB1, 0x4C, 0x06, 0xB3, 0x85, 0x02, 0xA9, 0x90, 0x85, 0x20, 0xA9, 0xA0, 0x85, 
   0x21, 0xE6, 0xCB, 0xC6, 0xCB, 0xE6, 0xCB, 0xC6, 0xCB, 0xE6, 0xCB, 0xEA, 0x85, 0x10, 0x85, 0x11, 
   0xC6, 0xCB, 0xE6, 0xCB, 0xC6, 0xCB, 0xE6, 0xCB, 0xC6, 0xCB, 0x04, 0x00, 0x85, 0x2A, 0x60, 0x00, 
   0xA9, 0x00, 0x85, 0x1B, 0x85, 0x1C, 0xA0, 0x0B, 0xB9, 0x7E, 0xB1, 0x99, 0xAB, 0x00, 0x88, 0xB9, 
   0x7E, 0xB1, 0x38, 0xE5, 0xD8, 0x99, 0xAB, 0x00, 0x88, 0x10, 0xED, 0xA0, 0x1F, 0x84, 0x91, 0xAD, 
   0x3F, 0xB1, 0x85, 0xC7, 0xA5, 0xD7, 0x85, 0x06, 0x85, 0x07, 0x85, 0x2B, 0xAD, 0x3F, 0xB1, 0x85, 
   0x08, 0xA9, 0x00, 0xEA, 0x85, 0x0E, 0xA9, 0x00, 0xEA, 0x85, 0x0F, 0x4C, 0xD2, 0xB1, 0x49, 0xB3, 
   0x89, 0xB3, 0xC9, 0xB3, 0x20, 0xB4, 0x60, 0xB4, 0xA0, 0xB4, 0xA9, 0x00, 0x85, 0x1B, 0x85, 0x1C, 
   0xA0, 0x0B, 0xB9, 0xC6, 0xB1, 0x99, 0xAB, 0x00, 0x88, 0xB9, 0xC6, 0xB1, 0x99, 0xAB, 0x00, 0x88, 
   0x10, 0xF0, 0xA0, 0x0A, 0x84, 0x91, 0xAD, 0x3F, 0xB1, 0x85, 0xC7, 0xAD, 0xC0, 0xB4, 0x85, 0x06, 
   0x85, 0x07, 0x85, 0x2B, 0xAD, 0x3F, 0xB1, 0x85, 0x08, 0xA9, 0x00, 0xEA, 0x85, 0x0E, 0xA9, 0x00, 
   0xEA, 0x85, 0x0F, 0x4C, 0xD2, 0xB1, 0xC1, 0xB4, 0xCD, 0xB4, 0xD9, 0xB4, 0xE5, 0xB4, 0xF1, 0xB4, 
   0x00, 0xB5, 0xA9, 0x03, 0x85, 0x04, 0x85, 0x05, 0xBA, 0x86, 0xF6, 0x20, 0x17, 0xB1, 0xA9, 0x03, 
   0x85, 0x25, 0x85, 0x26, 0xA9, 0x01, 0x85, 0x0A, 0x85, 0x2B, 0x85, 0x02, 0xE6, 0xCB, 0xC6, 0xCB, 
   0xE6, 0xCB, 0xC6, 0xCB, 0xE6, 0xCB, 0xC6, 0xCB, 0xE6, 0xCB, 0xC6, 0xCB, 0xE6, 0xCB, 0xC6, 0xCB, 
   0x04, 0x00, 0xEA, 0xC8, 0x4C, 0x07, 0xB2, 0x88, 0x84, 0x91, 0xB1, 0xAB, 0x85, 0x1B, 0xB1, 0xAD, 
   0x85, 0x1C, 0xB1, 0xAF, 0x85, 0x1B, 0xEA, 0xA5, 0xC7, 0x85, 0x08, 0xB3, 0xB5, 0xB1, 0xB3, 0x85, 
   0xF7, 0xB1, 0xB1, 0xA4, 0xF7, 0x85, 0x1C, 0x84, 0x1B, 0x86, 0x1C, 0x84, 0x1B, 0xA4, 0x91, 0xD0, 
   0xD6, 0xA9, 0x00, 0x85, 0x1B, 0x85, 0x1C, 0x85, 0x1B, 0x85, 0x1C, 0x85, 0x1F, 0x85, 0x1D, 0x85, 
   0x25, 0x85, 0x26, 0x85, 0x0D, 0x85, 0x0E, 0x85, 0x0F, 0xA6, 0xF6, 0x9A, 0x60, 0xA7, 0xB8, 0x20, 
   0xF6, 0xB2, 0x84, 0xB3, 0x86, 0xAB, 0xA7, 0xB9, 0x20, 0xF6, 0xB2, 0x84, 0xAF, 0x86, 0xB1, 0xA7, 
   0xBA, 0x20, 0xF6, 0xB2, 0x84, 0xB5, 0x86, 0xAD, 0x85, 0x2B, 0xBA, 0x86, 0xF6, 0xA2, 0x20, 0x86, 
   0x20, 0xA2, 0x00, 0x85, 0x02, 0x86, 0x1B, 0x86, 0x1C, 0x04, 0x00, 0xEA, 0xEA, 0xA9, 0xB5, 0x85, 
   0xAC, 0x85, 0xAE, 0x95, 0xB0, 0x95, 0xB2, 0x95, 0xB4, 0x95, 0xB6, 0xA0, 0x07, 0x85, 0x10, 0x85, 
   0x11, 0xA9, 0x03, 0x85, 0x04, 0x95, 0x05, 0x85, 0x25, 0x85, 0x26, 0xA9, 0x30, 0x85, 0x21, 0xA5, 
   0xEB, 0x85, 0x2A, 0x85, 0x06, 0x85, 0x07, 0xB1, 0xAB, 0x85, 0x1B, 0xB1, 0xB3, 0x85, 0x02, 0xEA, 
   0x4C, 0xBE, 0xB2, 0x04, 0x00, 0xEA, 0xEA, 0xEA, 0xB1, 0xAB, 0x85, 0x1B, 0xB1, 0xB3, 0x85, 0x1C, 
   0xB1, 0xB1, 0x85, 0x1B, 0xB3, 0xAD, 0x9A, 0xB3, 0xAF, 0x04, 0x00, 0xEA, 0xEA, 0xB1, 0xB5, 0x86, 
   0x1C, 0xBA, 0x86, 0x1B, 0x85, 0x1C, 0x84, 0x1B, 0x88, 0x10, 0xD8, 0xA6, 0xF6, 0x9A, 0xA9, 0x00, 
   0x85, 0x0E, 0x85, 0x1B, 0x85, 0x1C, 0x85, 0x25, 0x85, 0x26, 0x85, 0x04, 0x85, 0x05, 0xA2, 0x0B, 
   0x95, 0xAB, 0xCA, 0x10, 0xFB, 0x60, 0x29, 0x0F, 0x0A, 0x0A, 0x0A, 0x69, 0x0D, 0xA8, 0x8A, 0x29, 
   0xF0, 0x4A, 0x69, 0x0D, 0xAA, 0x60, 0xAD, 0x84, 0x02, 0xD0, 0xFB, 0xA9, 0xA6, 0x8D, 0x96, 0x02, 
   0xA0, 0x08, 0xA9, 0x00, 0x85, 0xA5, 0x99, 0xA6, 0x00, 0x99, 0xAF, 0x00, 0x88, 0x10, 0xF7, 0xA9, 
   0xC2, 0x85, 0x02, 0x85, 0x01, 0x4C, 0xE0, 0xDF, 0x0C, 0x0F, 0x0F, 0x07, 0x00, 0x00, 0x01, 0x03, 
   0x07, 0x0F, 0x1F, 0x3F, 0x7F, 0x7F, 0xFF, 0xFF, 0xFF, 0xFF, 0x7F, 0x3F, 0x3F, 0x1F, 0x1F, 0x0F, 
   0x0F, 0x07, 0x07, 0x03, 0x01, 0x00, 0x00, 0x00, 0x00, 0x07, 0x06, 0x03, 0x00, 0x00, 0x00, 0x01, 
   0x00, 0x00, 0x00, 0x00, 0x00, 0x00, 0x00, 0x00, 0x00, 0x00, 0x00, 0x00, 0x00, 0x00, 0x00, 0x00, 
   0x00, 0x00, 0x00, 0x00, 0x00, 0x00, 0x00, 0x00, 0x00, 0xFF, 0xFF, 0xFF, 0x7F, 0xFF, 0xFF, 0xFF, 
   0xFF, 0xFF, 0xFF, 0xFF, 0xBF, 0xBF, 0x3F, 0x3F, 0x1F, 0x8F, 0xFF, 0xFF, 0xFF, 0xFF, 0xFF, 0xFF, 
   0xFF, 0xFF, 0xFF, 0xFF, 0xFF, 0xFC, 0x7E, 0x3E, 0x1C, 0xF8, 0x80, 0x3C, 0x7E, 0x78, 0xB0, 0x70, 
   0xBE, 0x3C, 0x11, 0x07, 0x0F, 0x1A, 0x15, 0x04, 0x01, 0x03, 0x0F, 0x0F, 0x1F, 0x1F, 0x1F, 0x0F, 
   0x06, 0x0A, 0x36, 0x3A, 0x3A, 0x1C, 0x00, 0x00, 0x00, 0xF0, 0xF8, 0xF0, 0xFF, 0xFF, 0xFF, 0xFF, 
   0xFF, 0xFF, 0xFF, 0xFF, 0xFF, 0xFF, 0xFF, 0xFF, 0xFF, 0xC0, 0xE8, 0xFC, 0xFF, 0xFF, 0xFF, 0xFF, 
   0xFC, 0xFF, 0xF1, 0xF1, 0xF1, 0xFF, 0x7F, 0x3F, 0x1E, 0x00, 0x00, 0x00, 0x05, 0x3B, 0x55, 0xAA, 
   0x55, 0x07, 0xF8, 0xCC, 0xFC, 0xDB, 0x60, 0x0F, 0xFF, 0xFF, 0xEE, 0xFF, 0xFF, 0xFF, 0xFF, 0x7F, 
   0x2C, 0x10, 0x1D, 0x3F, 0x7F, 0x7F, 0x3F, 0x1E, 0x00, 0x00, 0x00, 0x00, 0x00, 0x00, 0x00, 0x00, 
   0x00, 0x00, 0x00, 0x00, 0x00, 0x00, 0x00, 0x00, 0x00, 0x00, 0x00, 0x00, 0x00, 0x00, 0x00, 0x00, 
   0x0F, 0x1F, 0x0F, 0xFF, 0xFF, 0xFF, 0xFF, 0xFF, 0xFF, 0xFF, 0xFF, 0xFF, 0xFF, 0xFF, 0xFF, 0xFF, 
   0x0F, 0x00, 0x00, 0x00, 0x81, 0xC3, 0xFF, 0x7F, 0xFF, 0x1F, 0x1F, 0x1F, 0xFF, 0xFE, 0xFC, 0x78, 
   0x00, 0x00, 0x00, 0x60, 0xD8, 0x64, 0xBA, 0x54, 0xC0, 0x3E, 0x67, 0x7F, 0xA7, 0x0A, 0xF1, 0xFE, 
   0x7F, 0x37, 0x63, 0xF7, 0xFF, 0xFF, 0xFE, 0x7C, 0x08, 0x78, 0xFC, 0xFE, 0xFE, 0xFC, 0x38, 0x00, 
   0xFF, 0xFF, 0xFF, 0xFE, 0xFF, 0xFF, 0xFF, 0xFF, 0xFF, 0xFF, 0xFF, 0xFF, 0xFD, 0xFC, 0xF8, 0xF1, 
   0xE1, 0xFB, 0xFF, 0xFF, 0xFF, 0xFF, 0xFF, 0xFF, 0xFF, 0xFF, 0xFF, 0xFF, 0x7F, 0x7E, 0x7C, 0x38, 
   0x1F, 0x01, 0x3C, 0x7C, 0x1E, 0x0D, 0x0E, 0x7D, 0x3C, 0x08, 0x80, 0xE0, 0x60, 0xA0, 0x40, 0x00, 
   0x00, 0x80, 0xC0, 0xE0, 0xE0, 0xE0, 0xE0, 0x60, 0x50, 0x6C, 0x5C, 0x5C, 0x38, 0x00, 0x00, 0x00, 
   0xF0, 0xF0, 0xE0, 0x00, 0x00, 0x80, 0xC0, 0xE0, 0xF0, 0xF8, 0xFC, 0xFE, 0xFE, 0xFF, 0xFF, 0xFF, 
   0xFF, 0xFE, 0xFE, 0xFC, 0xFC, 0xF8, 0xF0, 0xF0, 0xE0, 0xE0, 0xC0, 0x80, 0x00, 0x00, 0x00, 0x00, 
   0xE0, 0x60, 0xC0, 0x00, 0x00, 0x00, 0x80, 0x00, 0x00, 0x00, 0x00, 0x00, 0x00, 0x00, 0x00, 0x00, 
   0x00, 0x00, 0x00, 0x00, 0x00, 0x00, 0x00, 0x00, 0x00, 0x00, 0x00, 0x00, 0x00, 0x00, 0x00, 0x00, 
   0x06, 0x00, 0x00, 0x00, 0x00, 0x00, 0x00, 0x2B, 0x2A, 0x3A, 0x2A, 0x2B, 0x2A, 0x27, 0x25, 0x25, 
   0x55, 0x57, 0x00, 0xA8, 0xB8, 0xA8, 0xA8, 0xA8, 0xB8, 0x70, 0x50, 0x50, 0x50, 0x51, 0x00, 0xAE, 
   0xA4, 0xE4, 0xA4, 0xAE, 0xA4, 0x94, 0x94, 0x98, 0x95, 0xD9, 0x00, 0xEA, 0xAA, 0xAE, 0x8A, 0xEA, 
   0xAA, 0x84, 0x80, 0x84, 0x42, 0x4C, 0x00, 0x3A, 0x22, 0x23, 0x22, 0x3B, 0x22, 0x00, 0x00, 0x00, 
   0x00, 0x00, 0x00, 0x00, 0x00, 0x00, 0xA8, 0xA8, 0xA8, 0xA8, 0xB0, 0xA8, 0x0F, 0x00, 0x30, 0x48, 
   0x48, 0x48, 0x30, 0x00, 0x00, 0x00, 0x38, 0x10, 0x10, 0x30, 0x10, 0x00, 0x00, 0x00, 0x38, 0x20, 
   0x18, 0x08, 0x30, 0x00, 0x00, 0x00, 0x38, 0x08, 0x38, 0x08, 0x38, 0x00, 0x00, 0x00, 0x08, 0x08, 
   0x38, 0x28, 0x28, 0x00, 0x00, 0x00, 0x30, 0x08, 0x30, 0x20, 0x38, 0x00, 0x00, 0x00, 0x38, 0x28, 
   0x38, 0x20, 0x38, 0x00, 0x00, 0x00, 0x10, 0x10, 0x08, 0x08, 0x38, 0x00, 0x00, 0x00, 0x88, 0xA8, 
   0xF8, 0x50, 0x00, 0x00, 0x00, 0x00, 0x00, 0x00, 0x00, 0x00, 0x00, 0x00, 0x00, 0x01, 0x01, 0x01, 
   0x04, 0x02, 0x01, 0x01, 0x03, 0x02, 0x04, 0x03, 0x01, 0x01, 0x02, 0x02, 0x03, 0x03, 0x04, 0x04, 
   0x01, 0x01, 0x02, 0x02, 0x01, 0x03, 0x03, 0x04, 0x04, 0x05, 0x01, 0x01, 0x02, 0x02, 0x01, 0x03, 
   0x03, 0x04, 0x01, 0x05, 0x04, 0x06, 0xA9, 0x0B, 0x85, 0xE2, 0xA9, 0x4C, 0x85, 0x90, 0x85, 0x91, 
   0xA9, 0x69, 0x85, 0x9A, 0x85, 0x9B, 0xA9, 0xC8, 0x85, 0x9F, 0xA9, 0xF4, 0x8D, 0x50, 0x10, 0xA9, 
   0x01, 0x8D, 0x68, 0x10, 0xA2, 0x5A, 0x8E, 0x78, 0x10, 0xA9, 0x6E, 0x8D, 0x78, 0x10, 0x60, 0x4C, 
   0x17, 0xBF, 0xA9, 0x13, 0x85, 0x04, 0x85, 0xB1, 0xA9, 0x0D, 0x85, 0xB6, 0xA9, 0x05, 0x85, 0xB7, 
   0xA9, 0x07, 0x85, 0xB3, 0xA9, 0x4C, 0x85, 0x96, 0xA9, 0x40, 0x85, 0x97, 0xA9, 0x50, 0x85, 0x98, 
   0x85, 0x80, 0xA9, 0x3F, 0x85, 0x94, 0xA9, 0x7E, 0x85, 0xA0, 0xA9, 0x95, 0x85, 0xA1, 0x85, 0xA2, 
   0xA9, 0x09, 0x85, 0x99, 0x85, 0x9C, 0xA9, 0x84, 0x85, 0x9E, 0xA9, 0x58, 0x85, 0x92, 0xE6, 0xE4, 
   0xA5, 0xE4, 0x4A, 0x90, 0x08, 0xA9, 0x1C, 0x85, 0x80, 0xA9, 0x24, 0x85, 0x92, 0x2C, 0x80, 0x02, 
   0x70, 0x06, 0xA5, 0xF2, 0x29, 0x7F, 0x85, 0xF2, 0x2C, 0x80, 0x02, 0x30, 0x06, 0xA5, 0xF2, 0x09, 
   0x80, 0x85, 0xF2, 0xA5, 0xF2, 0x49, 0x80, 0x85, 0xF2, 0x85, 0x81, 0xA9, 0xB6, 0x48, 0xA9, 0x30, 
   0x48, 0xA9, 0x3E, 0x48, 0xA9, 0x44, 0x48, 0xA5, 0x81, 0x48, 0x8A, 0x48, 0xA2, 0x02, 0x4C, 0xEE, 
   0xDF, 0xA5, 0xF2, 0x49, 0x80, 0x85, 0xF2, 0xA9, 0x10, 0x2C, 0x80, 0x02, 0xD0, 0x03, 0x20, 0x86, 
   0xB5, 0xA9, 0x20, 0x2C, 0x80, 0x02, 0xD0, 0x32, 0xA9, 0x0B, 0x85, 0xE2, 0xA5, 0xF2, 0x09, 0x01, 
   0x85, 0xF2, 0xA9, 0x4E, 0x85, 0x90, 0xA9, 0x6D, 0x85, 0x9A, 0xA9, 0xC8, 0x85, 0x9B, 0xA9, 0x4C, 
   0x85, 0x95, 0xA9, 0x69, 0x85, 0x9F, 0xA9, 0xF4, 0x8D, 0x50, 0x10, 0xA9, 0x01, 0x8D, 0x68, 0x10, 
   0xA2, 0x60, 0x8E, 0x78, 0x10, 0xA9, 0x6E, 0x8D, 0x78, 0x10, 0xA9, 0x20, 0x8D, 0x38, 0x10, 0x8D, 
   0x39, 0x10, 0x8D, 0x3A, 0x10, 0x8D, 0x3B, 0x10, 0x20, 0xEB, 0xBE, 0x24, 0x0C, 0x30, 0x13, 0x20, 
   0x09, 0xBF, 0xA9, 0x05, 0x85, 0xC8, 0xA9, 0x00, 0x85, 0xBA, 0xA9, 0x00, 0x85, 0xB9, 0xA9, 0x00, 
   0x85, 0xB8, 0x24, 0x0C, 0x10, 0x05, 0xA5, 0xEA, 0x4A, 0xB0, 0x03, 0x4C, 0xAF, 0xB5, 0xA9, 0x40, 
   0x85, 0xC6, 0xA9, 0x08, 0x85, 0xEB, 0xA6, 0xE2, 0xBD, 0x5D, 0xB5, 0x85, 0xE7, 0xA5, 0xE2, 0x18, 
   0x69, 0x01, 0x85, 0xCB, 0xA6, 0xCB, 0xBD, 0x5D, 0xB5, 0x85, 0xCC, 0xA5, 0xEA, 0x29, 0xFE, 0x85, 
   0xEA, 0xA5, 0xEA, 0x29, 0xFB, 0x85, 0xEA, 0xA9, 0x00, 0x85, 0xE8, 0x85, 0xE4, 0xA9, 0x01, 0x85, 
   0xDF, 0xA9, 0xA4, 0x8D, 0x57, 0x10, 0xA9, 0x0D, 0x8D, 0x6F, 0x10, 0xA5, 0xB8, 0x8D, 0x67, 0x10, 
   0xA5, 0xB9, 0x8D, 0x67, 0x10, 0xA5, 0xDF, 0xC9, 0xFF, 0xF0, 0x03, 0x4C, 0x30, 0xBE, 0x20, 0x10, 
   0xBF, 0xA5, 0xCC, 0xC9, 0x01, 0xD0, 0x0C, 0xA9, 0x99, 0x85, 0xBA, 0xA9, 0x58, 0x85, 0xB9, 0xA9, 
   0x92, 0x85, 0xB8, 0xA5, 0xCC, 0xC9, 0x02, 0xD0, 0x0C, 0xA9, 0x99, 0x85, 0xBA, 0xA9, 0x08, 0x85, 
   0xB9, 0xA9, 0x95, 0x85, 0xB8, 0xA5, 0xCC, 0xC9, 0x03, 0xD0, 0x0C, 0xA9, 0x99, 0x85, 0xBA, 0xA9, 
   0x58, 0x85, 0xB9, 0xA9, 0x97, 0x85, 0xB8, 0xA5, 0xCC, 0xC9, 0x04, 0xD0, 0x0C, 0xA9, 0x89, 0x85, 
   0xBA, 0xA9, 0x00, 0x85, 0xB9, 0xA9, 0x91, 0x85, 0xB8, 0xA5, 0xCC, 0xC9, 0x05, 0xD0, 0x0C, 0xA9, 
   0x89, 0x85, 0xBA, 0xA9, 0x25, 0x85, 0xB9, 0xA9, 0x91, 0x85, 0xB8, 0xA5, 0xCC, 0xC9, 0x06, 0xD0, 
   0x0C, 0xA9, 0x89, 0x85, 0xBA, 0xA9, 0x50, 0x85, 0xB9, 0xA9, 0x91, 0x85, 0xB8, 0xA9, 0x06, 0x85, 
   0xD7, 0xA9, 0x00, 0x85, 0xD8, 0xA5, 0xE4, 0x4A, 0x90, 0x08, 0xA9, 0x24, 0x85, 0xD7, 0xA9, 0x20, 
   0x85, 0xD8, 0x20, 0x85, 0xB0, 0x24, 0x0C, 0x30, 0x03, 0x20, 0x09, 0xBF, 0x24, 0x0C, 0x10, 0x08, 
   0xA5, 0xEA, 0x4A, 0x90, 0x03, 0x4C, 0xBA, 0xB7, 0xA9, 0x01, 0x2C, 0x82, 0x02, 0xD0, 0x06, 0xA5, 
   0xEA, 0x09, 0x04, 0x85, 0xEA, 0xA9, 0x01, 0x2C, 0x82, 0x02, 0xF0, 0x09, 0xA5, 0xEA, 0x29, 0x04, 
   0xF0, 0x03, 0x6C, 0xFC, 0xFF, 0xE6, 0xE4, 0x4C, 0xF5, 0xB6, 0x20, 0xBC, 0xB9, 0x20, 0x10, 0xBF, 
   0xA5, 0xEA, 0x29, 0x80, 0x85, 0xEA, 0x20, 0x09, 0xBF, 0xA9, 0x02, 0x85, 0xC3, 0xA9, 0xC8, 0x85, 
   0xC0, 0x85, 0xBF, 0x85, 0xC1, 0xA9, 0x00, 0x85, 0xCB, 0xA9, 0xC8, 0xA6, 0xCB, 0x95, 0x99, 0xA5, 
   0xCB, 0xC9, 0x09, 0xE6, 0xCB, 0x90, 0xF2, 0xA9, 0x11, 0x85, 0x0A, 0xA9, 0xA2, 0x8D, 0x57, 0x10, 
   0xA9, 0x0D, 0x8D, 0x6F, 0x10, 0xAD, 0x0F, 0x10, 0x85, 0xB9, 0xAD, 0x0F, 0x10, 0x85, 0xB8, 0xA9, 
   0x00, 0x85, 0xC4, 0x85, 0xD1, 0x8D, 0x3C, 0x10, 0x85, 0xE8, 0x85, 0xE4, 0x85, 0xD2, 0x85, 0xE8, 
   0x85, 0xDF, 0x85, 0xE0, 0x85, 0xE3, 0x85, 0xE1, 0x85, 0xE5, 0x85, 0xB9, 0xA9, 0x50, 0x85, 0xB8, 
   0xA9, 0xAA, 0x85, 0xBA, 0xA5, 0xE7, 0xC9, 0x01, 0xD0, 0x03, 0x4C, 0x33, 0xB8, 0xA5, 0xE7, 0xC9, 
   0x03, 0xD0, 0x32, 0xA9, 0x45, 0x8D, 0x50, 0x10, 0xA9, 0x0B, 0x8D, 0x68, 0x10, 0xA9, 0xAC, 0x8D, 
   0x78, 0x10, 0xA9, 0xAC, 0x8D, 0x78, 0x10, 0xA9, 0xAC, 0x8D, 0x78, 0x10, 0xA9, 0xAC, 0x8D, 0x78, 
   0x10, 0xA9, 0xAC, 0x8D, 0x78, 0x10, 0xA9, 0xAC, 0x8D, 0x78, 0x10, 0xA9, 0xAC, 0x8D, 0x78, 0x10, 
   0xA9, 0xAC, 0x8D, 0x78, 0x10, 0xA5, 0xE7, 0xC9, 0x04, 0xD0, 0x32, 0xA9, 0x45, 0x8D, 0x50, 0x10, 
   0xA9, 0x0B, 0x8D, 0x68, 0x10, 0xA9, 0x1E, 0x8D, 0x78, 0x10, 0xA9, 0x1E, 0x8D, 0x78, 0x10, 0xA9, 
   0x1E, 0x8D, 0x78, 0x10, 0xA9, 0x1E, 0x8D, 0x78, 0x10, 0xA9, 0x1E, 0x8D, 0x78, 0x10, 0xA9, 0x1E, 
   0x8D, 0x78, 0x10, 0xA9, 0x1E, 0x8D, 0x78, 0x10, 0xA9, 0x1E, 0x8D, 0x78, 0x10, 0xA2, 0x66, 0x86, 
   0xA3, 0xA9, 0x6E, 0x85, 0xA4, 0x24, 0xF2, 0x10, 0x08, 0xA2, 0x75, 0x86, 0xA3, 0xA9, 0x6E, 0x85, 
   0xA4, 0xA9, 0x0F, 0x85, 0xA5, 0xA9, 0xE2, 0x8D, 0x50, 0x10, 0xA9, 0x01, 0x8D, 0x68, 0x10, 0xA2, 
   0x84, 0x8E, 0x78, 0x10, 0xA9, 0x6E, 0x8D, 0x78, 0x10, 0x8E, 0x78, 0x10, 0x8D, 0x78, 0x10, 0x8E, 
   0x78, 0x10, 0x8D, 0x78, 0x10, 0x8E, 0x78, 0x10, 0x8D, 0x78, 0x10, 0x8E, 0x78, 0x10, 0x8D, 0x78, 
   0x10, 0x8E, 0x78, 0x10, 0x8D, 0x78, 0x10, 0x8E, 0x78, 0x10, 0x8D, 0x78, 0x10, 0xA9, 0x0A, 0x85, 
   0xA6, 0x85, 0xA7, 0x85, 0xA8, 0x85, 0xA9, 0x85, 0xAA, 0x85, 0xAB, 0x85, 0xAC, 0xA9, 0xF4, 0x8D, 
   0x50, 0x10, 0xA9, 0x01, 0x8D, 0x68, 0x10, 0xA2, 0x8E, 0x8E, 0x78, 0x10, 0xA9, 0x6E, 0x8D, 0x78, 
   0x10, 0x8E, 0x78, 0x10, 0x8D, 0x78, 0x10, 0x8E, 0x78, 0x10, 0x8D, 0x78, 0x10, 0x8E, 0x78, 0x10, 
   0x8D, 0x78, 0x10, 0x8E, 0x78, 0x10, 0x8D, 0x78, 0x10, 0x8E, 0x78, 0x10, 0x8D, 0x78, 0x10, 0x8E, 
   0x78, 0x10, 0x8D, 0x78, 0x10, 0xA9, 0x08, 0x8D, 0x50, 0x10, 0xA9, 0x0A, 0x8D, 0x68, 0x10, 0xA9, 
   0x99, 0x8D, 0x59, 0x10, 0xA9, 0x6E, 0x8D, 0x59, 0x10, 0xA9, 0x00, 0x8D, 0x59, 0x10, 0xA9, 0x01, 
   0x8D, 0x59, 0x10, 0xA9, 0x01, 0x8D, 0x5A, 0x10, 0x24, 0xF2, 0x10, 0x23, 0xA9, 0x08, 0x8D, 0x50, 
   0x10, 0xA9, 0x0A, 0x8D, 0x68, 0x10, 0xA9, 0x9A, 0x8D, 0x59, 0x10, 0xA9, 0x6E, 0x8D, 0x59, 0x10, 
   0xA9, 0x00, 0x8D, 0x59, 0x10, 0xA9, 0x01, 0x8D, 0x59, 0x10, 0xA9, 0x01, 0x8D, 0x5A, 0x10, 0xA5, 
   0xE7, 0xC9, 0x01, 0xD0, 0x51, 0xA9, 0x00, 0x85, 0xA2, 0x85, 0xD1, 0xA9, 0x1E, 0x85, 0x80, 0xA9, 
   0x00, 0x85, 0xDE, 0xA9, 0x1E, 0x85, 0xDD, 0xA9, 0x9F, 0x85, 0x99, 0x20, 0x09, 0xBF, 0xA9, 0x69, 
   0x85, 0x91, 0xA9, 0x79, 0x85, 0x9B, 0xA9, 0x02, 0x85, 0xC4, 0x85, 0x81, 0xA9, 0x70, 0x48, 0xA9, 
   0x84, 0x48, 0xA5, 0x81, 0x48, 0x8A, 0x48, 0xA2, 0x04, 0x4C, 0xEE, 0xDF, 0xA9, 0xA4, 0x8D, 0x50, 
   0x10, 0xA9, 0x01, 0x8D, 0x68, 0x10, 0xA2, 0x1C, 0x8E, 0x78, 0x10, 0xA9, 0x00, 0x8D, 0x78, 0x10, 
   0xA9, 0xFF, 0x8D, 0x5A, 0x10, 0x60, 0xA9, 0x02, 0x8D, 0x50, 0x10, 0xA9, 0x02, 0x8D, 0x68, 0x10, 
   0xA2, 0x9B, 0x8E, 0x78, 0x10, 0xA9, 0x6E, 0x8D, 0x78, 0x10, 0x8E, 0x78, 0x10, 0x8D, 0x78, 0x10, 
   0xA9, 0xF0, 0x8D, 0x50, 0x10, 0xA9, 0x01, 0x8D, 0x68, 0x10, 0xA2, 0xB9, 0x8E, 0x78, 0x10, 0xA9, 
   0x6E, 0x8D, 0x78, 0x10, 0x8E, 0x78, 0x10, 0x8D, 0x78, 0x10, 0xA9, 0x1E, 0x85, 0xAD, 0x85, 0xAE, 
   0xA5, 0xE7, 0xC9, 0x01, 0x90, 0x53, 0xA5, 0xE7, 0xC9, 0x01, 0xD0, 0x03, 0x4C, 0xE0, 0xDF, 0xA9, 
   0xF8, 0x8D, 0x50, 0x10, 0xA9, 0x01, 0x8D, 0x68, 0x10, 0xA2, 0xD7, 0x8E, 0x78, 0x10, 0xA9, 0x6E, 
   0x8D, 0x78, 0x10, 0x8E, 0x78, 0x10, 0x8D, 0x78, 0x10, 0x8E, 0x78, 0x10, 0x8D, 0x78, 0x10, 0x8E, 
   0x78, 0x10, 0x8D, 0x78, 0x10, 0xA5, 0xE7, 0xC9, 0x02, 0xD0, 0x03, 0x4C, 0xEB, 0xBB, 0xA5, 0xE7, 
   0xC9, 0x03, 0xD0, 0x12, 0x85, 0x81, 0xA9, 0x96, 0x48, 0xA9, 0x53, 0x48, 0xA5, 0x81, 0x48, 0x8A, 
   0x48, 0xA2, 0x05, 0x4C, 0xEE, 0xDF, 0x20, 0xDD, 0xBE, 0xA9, 0xF2, 0x8D, 0x50, 0x10, 0xA9, 0x01, 
   0x8D, 0x68, 0x10, 0xA2, 0xE3, 0x8E, 0x78, 0x10, 0xA9, 0x6E, 0x8D, 0x78, 0x10, 0xA9, 0x1E, 0x85, 
   0xAE, 0xA5, 0xE7, 0xC9, 0x01, 0xB0, 0x06, 0x20, 0x86, 0xB5, 0x4C, 0xAF, 0xB5, 0xA9, 0x08, 0x8D, 
   0x50, 0x10, 0xA9, 0x0A, 0x8D, 0x68, 0x10, 0xA9, 0x01, 0x8D, 0x59, 0x10, 0xA9, 0x6F, 0x8D, 0x59, 
   0x10, 0xA9, 0x00, 0x8D, 0x59, 0x10, 0xA9, 0x01, 0x8D, 0x59, 0x10, 0xA9, 0x01, 0x8D, 0x5A, 0x10, 
   0xA9, 0x00, 0x85, 0xED, 0xA5, 0xED, 0x29, 0x01, 0xF0, 0x0E, 0xA6, 0xD6, 0xBD, 0x53, 0xBB, 0x29, 
   0x0F, 0x0A, 0x0A, 0x85, 0xD5, 0x4C, 0xD8, 0xBA, 0xA5, 0xED, 0x4A, 0x85, 0xD6, 0xA6, 0xD6, 0xBD, 
   0x53, 0xBB, 0x29, 0xF0, 0x4A, 0x4A, 0x85, 0xD5, 0xA5, 0xD5, 0xF0, 0x5A, 0x20, 0xDD, 0xBE, 0xA9, 
   0x00, 0x85, 0xEE, 0xA6, 0xD5, 0xBD, 0xAB, 0xBB, 0x85, 0xEF, 0xA5, 0xEF, 0xD0, 0x0A, 0xA5, 0xEE, 
   0x18, 0x69, 0x08, 0x85, 0xEE, 0x4C, 0x2E, 0xBB, 0xA9, 0x80, 0x85, 0xD4, 0xA5, 0xEF, 0x25, 0xD4, 
   0xF0, 0x21, 0xA9, 0xA4, 0x8D, 0x50, 0x10, 0xA9, 0x01, 0x8D, 0x68, 0x10, 0xA2, 0x0C, 0x8E, 0x78, 
   0x10, 0x8E, 0x78, 0x10, 0xA4, 0xED, 0x8C, 0x78, 0x10, 0xA5, 0xEE, 0x8D, 0x78, 0x10, 0xA9, 0xFF, 
   0x8D, 0x5A, 0x10, 0xE6, 0xEE, 0xA5, 0xD4, 0x4A, 0x85, 0xD4, 0xA5, 0xD4, 0xD0, 0xCE, 0xE6, 0xD5, 
   0xA5, 0xD5, 0x29, 0x03, 0xD0, 0xAD, 0xA5, 0xED, 0xC9, 0xAF, 0xE6, 0xED, 0xB0, 0x03, 0x4C, 0xB4, 
   0xBA, 0x85, 0x81, 0xA9, 0x30, 0x48, 0xA9, 0xA3, 0x48, 0xA5, 0x81, 0x48, 0x8A, 0x48, 0xA2, 0x02, 
   0x4C, 0xEE, 0xDF, 0x12, 0x02, 0x02, 0x02, 0x02, 0x02, 0x02, 0x02, 0x02, 0x02, 0x02, 0x02, 0x02, 
   0x02, 0x00, 0x45, 0x66, 0x65, 0x00, 0x03, 0x00, 0x03, 0x00, 0x03, 0x00, 0x03, 0x00, 0x03, 0x00, 
   0x03, 0x00, 0x03, 0x04, 0x8B, 0xBB, 0x80, 0x00, 0x70, 0x00, 0x70, 0x00, 0x70, 0x00, 0x70, 0x00, 
   0x70, 0x00, 0x70, 0x00, 0x70, 0x4A, 0xBB, 0xBA, 0x00, 0x09, 0x00, 0x09, 0x00, 0x09, 0x00, 0x09, 
   0x00, 0x09, 0x00, 0x09, 0x00, 0x09, 0x04, 0xDF, 0xFF, 0xD0, 0x00, 0xC0, 0x00, 0xC0, 0x00, 0xC0, 
   0x00, 0xC0, 0x00, 0xC0, 0x00, 0xC0, 0x00, 0xC0, 0x0E, 0xFF, 0xFE, 0x00, 0x00, 0x00, 0x00, 0x03, 
   0xFF, 0xFE, 0x00, 0x00, 0x80, 0x08, 0x00, 0x08, 0x80, 0x08, 0x80, 0x02, 0x00, 0x02, 0x00, 0x0F, 
   0xFF, 0xFF, 0x80, 0x05, 0x55, 0x55, 0x00, 0x10, 0x02, 0x00, 0x40, 0x1F, 0xFF, 0xFF, 0xC0, 0x20, 
   0x40, 0x10, 0x20, 0x3F, 0xFF, 0xFF, 0xE0, 0x15, 0x55, 0x55, 0x40, 0x40, 0x02, 0x00, 0x10, 0x7F, 
   0xFF, 0xFF, 0xF0, 0xFF, 0xFF, 0xFF, 0xF8, 0x55, 0x55, 0x55, 0x50, 0xA9, 0x08, 0x8D, 0x50, 0x10, 
   0xA9, 0x0A, 0x8D, 0x68, 0x10, 0xA9, 0x02, 0x8D, 0x59, 0x10, 0xA9, 0x6F, 0x8D, 0x59, 0x10, 0xA9, 
   0x00, 0x8D, 0x59, 0x10, 0xA9, 0x01, 0x8D, 0x59, 0x10, 0xA9, 0x01, 0x8D, 0x5A, 0x10, 0xA9, 0x00, 
   0x85, 0xED, 0xA6, 0xED, 0xBD, 0x38, 0xBD, 0x0A, 0x0A, 0x85, 0xD5, 0xA5, 0xD5, 0xF0, 0x5A, 0x20, 
   0xDD, 0xBE, 0xA9, 0x00, 0x85, 0xEE, 0xA6, 0xD5, 0xBD, 0xE8, 0xBD, 0x85, 0xEF, 0xA5, 0xEF, 0xD0, 
   0x0A, 0xA5, 0xEE, 0x18, 0x69, 0x08, 0x85, 0xEE, 0x4C, 0x71, 0xBC, 0xA9, 0x80, 0x85, 0xD4, 0xA5, 
   0xEF, 0x25, 0xD4, 0xF0, 0x21, 0xA9, 0xA4, 0x8D, 0x50, 0x10, 0xA9, 0x01, 0x8D, 0x68, 0x10, 0xA2, 
   0x0C, 0x8E, 0x78, 0x10, 0x8E, 0x78, 0x10, 0xA4, 0xED, 0x8C, 0x78, 0x10, 0xA5, 0xEE, 0x8D, 0x78, 
   0x10, 0xA9, 0xFF, 0x8D, 0x5A, 0x10, 0xE6, 0xEE, 0xA5, 0xD4, 0x4A, 0x85, 0xD4, 0xA5, 0xD4, 0xD0, 
   0xCE, 0xE6, 0xD5, 0xA5, 0xD5, 0x29, 0x03, 0xD0, 0xAD, 0xA5, 0xED, 0xC9, 0xAF, 0xE6, 0xED, 0x90, 
   0x91, 0xA9, 0xA4, 0x8D, 0x50, 0x10, 0xA9, 0x01, 0x8D, 0x68, 0x10, 0xA2, 0x04, 0x8E, 0x78, 0x10, 
   0xA9, 0x26, 0x8D, 0x78, 0x10, 0xA0, 0x24, 0x8C, 0x78, 0x10, 0xA9, 0x1C, 0x8D, 0x78, 0x10, 0xA9, 
   0xFF, 0x8D, 0x5A, 0x10, 0x20, 0xDD, 0xBE, 0xA9, 0x08, 0x8D, 0x50, 0x10, 0xA9, 0x0A, 0x8D, 0x68, 
   0x10, 0xA9, 0x03, 0x8D, 0x59, 0x10, 0xA9, 0x6F, 0x8D, 0x59, 0x10, 0xA9, 0x00, 0x8D, 0x59, 0x10, 
   0xA9, 0x58, 0x8D, 0x59, 0x10, 0xA9, 0x01, 0x8D, 0x5A, 0x10, 0xA9, 0x00, 0x85, 0xD3, 0x85, 0xD4, 
   0x85, 0xD5, 0x85, 0xD6, 0xA9, 0x28, 0x85, 0x80, 0xA9, 0x00, 0x85, 0xDE, 0xA9, 0x28, 0x85, 0xDD, 
   0xA9, 0x9D, 0x85, 0x99, 0xA9, 0x47, 0x85, 0x90, 0xA9, 0x6E, 0x85, 0x9A, 0xA9, 0x02, 0x85, 0xC4, 
   0xA9, 0x01, 0x85, 0x0A, 0xA9, 0x13, 0x85, 0x91, 0xA9, 0x83, 0x85, 0x9B, 0xA9, 0x10, 0x85, 0x92, 
   0xA9, 0x3F, 0x85, 0x9C, 0xA9, 0x46, 0x85, 0x96, 0xA9, 0x50, 0x85, 0xA0, 0xA9, 0x14, 0x85, 0x97, 
   0xA9, 0x24, 0x85, 0x98, 0xA9, 0x08, 0x85, 0xA1, 0x85, 0xA2, 0xA9, 0x0D, 0x85, 0xB6, 0xA9, 0x05, 
   0x85, 0xB7, 0xA9, 0x22, 0x85, 0xE6, 0x85, 0x81, 0xA9, 0x3F, 0x48, 0xA9, 0x89, 0x48, 0xA5, 0x81, 
   0x48, 0x8A, 0x48, 0xA2, 0x02, 0x4C, 0xEE, 0xDF, 0x00, 0x00, 0x00, 0x00, 0x00, 0x00, 0x00, 0x00, 
   0x00, 0x00, 0x00, 0x00, 0x00, 0x00, 0x00, 0x00, 0x00, 0x00, 0x00, 0x00, 0x00, 0x00, 0x00, 0x00, 
   0x00, 0x00, 0x00, 0x00, 0x00, 0x00, 0x00, 0x00, 0x00, 0x00, 0x00, 0x01, 0x02, 0x02, 0x02, 0x01, 
   0x00, 0x00, 0x00, 0x00, 0x00, 0x00, 0x00, 0x00, 0x00, 0x00, 0x00, 0x00, 0x00, 0x00, 0x03, 0x00, 
   0x00, 0x00, 0x03, 0x00, 0x00, 0x00, 0x03, 0x00, 0x00, 0x00, 0x03, 0x00, 0x00, 0x04, 0x05, 0x05, 
   0x05, 0x04, 0x00, 0x00, 0x06, 0x00, 0x00, 0x00, 0x06, 0x00, 0x00, 0x00, 0x06, 0x00, 0x00, 0x00, 
   0x06, 0x00, 0x00, 0x00, 0x06, 0x00, 0x00, 0x00, 0x06, 0x00, 0x00, 0x00, 0x06, 0x00, 0x00, 0x07, 
   0x08, 0x09, 0x0A, 0x07, 0x00, 0x00, 0x0B, 0x00, 0x00, 0x00, 0x0B, 0x00, 0x00, 0x00, 0x0B, 0x00, 
   0x00, 0x00, 0x0B, 0x00, 0x00, 0x00, 0x0B, 0x00, 0x00, 0x00, 0x0B, 0x00, 0x00, 0x00, 0x0B, 0x00, 
   0x00, 0x0C, 0x02, 0x02, 0x02, 0x0C, 0x00, 0x00, 0x0D, 0x00, 0x00, 0x00, 0x0D, 0x00, 0x00, 0x00, 
   0x0D, 0x00, 0x00, 0x00, 0x0D, 0x00, 0x00, 0x00, 0x0D, 0x00, 0x00, 0x00, 0x0D, 0x00, 0x00, 0x00, 
   0x0D, 0x00, 0x00, 0x0E, 0x0F, 0x10, 0x11, 0x0E, 0x00, 0x00, 0x00, 0x00, 0x7F, 0xFF, 0xFF, 0xF0, 
   0xD5, 0x55, 0x55, 0x50, 0x20, 0x00, 0x00, 0x20, 0xFF, 0xF8, 0xFF, 0xF8, 0x55, 0x50, 0x55, 0x50, 
   0x10, 0x40, 0x20, 0x40, 0x79, 0xFF, 0xF9, 0xF0, 0x20, 0x22, 0x20, 0x20, 0x51, 0x55, 0x51, 0x50, 
   0x08, 0x88, 0x88, 0x80, 0x01, 0x00, 0x08, 0x00, 0x7F, 0xFF, 0xFF, 0xE0, 0x20, 0x40, 0x20, 0x40, 
   0xFF, 0xFF, 0xFF, 0xF0, 0x22, 0x22, 0x22, 0x20, 0x55, 0x55, 0x55, 0x50, 0x88, 0x88, 0x88, 0x80, 
   0xC6, 0xDF, 0xA9, 0x00, 0xC5, 0xDF, 0xB0, 0x03, 0x4C, 0x01, 0xB7, 0xA6, 0xE8, 0xBD, 0x94, 0xBE, 
   0xC9, 0xFF, 0xD0, 0x0B, 0xA9, 0xFF, 0x85, 0xDF, 0xA9, 0x00, 0x85, 0xE8, 0x4C, 0x01, 0xB7, 0xA9, 
   0x06, 0x85, 0x19, 0xA9, 0x0C, 0x85, 0x15, 0xA6, 0xE8, 0xBD, 0x94, 0xBE, 0x85, 0x17, 0xE6, 0xE8, 
   0xA6, 0xE8, 0xBD, 0x94, 0xBE, 0x85, 0x1A, 0xE6, 0xE8, 0xA9, 0x04, 0x85, 0x16, 0xA6, 0xE8, 0xBD, 
   0x94, 0xBE, 0x85, 0x18, 0xE6, 0xE8, 0xA6, 0xE8, 0xBD, 0x94, 0xBE, 0x85, 0xDF, 0xA6, 0xE8, 0xBD, 
   0x94, 0xBE, 0xC9, 0x1C, 0xF0, 0x05, 0xE6, 0xE8, 0x4C, 0x01, 0xB7, 0xA9, 0x0C, 0x85, 0x16, 0xE6, 
   0xE8, 0x4C, 0x01, 0xB7, 0x13, 0x04, 0x13, 0x16, 0x13, 0x04, 0x11, 0x06, 0x1A, 0x00, 0x00, 0x0E, 
   0x1A, 0x04, 0x0E, 0x0E, 0x13, 0x04, 0x0E, 0x06, 0x13, 0x00, 0x00, 0x06, 0x13, 0x04, 0x11, 0x06, 
   0x13, 0x04, 0x11, 0x06, 0x1A, 0x04, 0x13, 0x0E, 0x1A, 0x04, 0x11, 0x0E, 0x1D, 0x04, 0x15, 0x0E, 
   0x1A, 0x04, 0x15, 0x06, 0x17, 0x03, 0x15, 0x06, 0x15, 0x02, 0x15, 0x06, 0x13, 0x01, 0x15, 0x06, 
   0x11, 0x00, 0x00, 0x06, 0x0F, 0x00, 0x00, 0x06, 0x0E, 0x02, 0x13, 0x1C, 0xFF, 0xA9, 0xFF, 0x8D, 
   0x38, 0x10, 0x8D, 0x39, 0x10, 0x8D, 0x3A, 0x10, 0x8D, 0x3B, 0x10, 0xA9, 0x00, 0x8D, 0x3C, 0x10, 
   0x85, 0x81, 0xA9, 0xBF, 0x48, 0xA9, 0x07, 0x48, 0xA9, 0x18, 0x48, 0xA9, 0x9C, 0x48, 0xA5, 0x81, 
   0x48, 0x8A, 0x48, 0xA2, 0x01, 0x4C, 0xEE, 0xDF, 0x60, 0xA5, 0xEA, 0x09, 0x01, 0x85, 0xEA, 0x60, 
   0xA9, 0x00, 0x85, 0x1A, 0x85, 0x19, 0x60, 0xC6, 0xDF, 0xA9, 0x00, 0xC5, 0xDF, 0xB0, 0x03, 0x4C, 
   0xB2, 0xB5, 0xA6, 0xE8, 0xBD, 0x70, 0xBF, 0xC9, 0xFF, 0xF0, 0x2E, 0xA9, 0x0C, 0x85, 0x19, 0xA9, 
   0x06, 0x85, 0x15, 0xA6, 0xE8, 0xBD, 0x70, 0xBF, 0x85, 0x17, 0xE6, 0xE8, 0xA9, 0x02, 0x85, 0x1A, 
   0xA9, 0x01, 0x85, 0x16, 0xA6, 0xE8, 0xBD, 0x70, 0xBF, 0x85, 0x18, 0xE6, 0xE8, 0xA6, 0xE8, 0xBD, 
   0x70, 0xBF, 0x85, 0xDF, 0xE6, 0xE8, 0x4C, 0xB2, 0xB5, 0xA9, 0x01, 0x85, 0xDF, 0xA5, 0xE9, 0xC9, 
   0x00, 0xD0, 0x06, 0x20, 0x10, 0xBF, 0x4C, 0xB2, 0xB5, 0xC6, 0x19, 0xC6, 0xE9, 0x4C, 0xB2, 0xB5, 
   0x1B, 0x12, 0x34, 0x18, 0x12, 0x14, 0x16, 0x11, 0x25, 0x1B, 0x12, 0x24, 0x13, 0x0E, 0x04, 0x14, 
   0x0E, 0x04, 0x13, 0x0E, 0x04, 0x14, 0x0E, 0x04, 0x13, 0x0E, 0x04, 0x14, 0x0E, 0x04, 0x13, 0x0E, 
   0x04, 0x14, 0x0E, 0x04, 0x13, 0x0E, 0x04, 0x14, 0x0E, 0x04, 0x13, 0x0E, 0x04, 0x14, 0x0E, 0x04, 
   0x13, 0x0E, 0x04, 0x14, 0x0E, 0x04, 0x13, 0x0E, 0x04, 0x14, 0x0E, 0x04, 0x13, 0x0E, 0x04, 0x12, 
   0x0D, 0x37, 0xFF, 0x4C, 0xB2, 0xB5, 0xFF, 0xFF, 0xFF, 0xFF, 0xFF, 0xFF, 0xFF, 0xFF, 0xFF, 0xFF, 
   0xFF, 0xFF, 0xFF, 0xFF, 0xFF, 0xFF, 0xFF, 0xFF, 0xFF, 0xFF, 0xFF, 0xFF, 0xFF, 0xFF, 0xFF, 0xFF, 
   0xFF, 0xFF, 0xFF, 0xFF, 0xA2, 0xFF, 0x8E, 0x58, 0x10, 0x9A, 0xA9, 0x18, 0x48, 0xA9, 0x37, 0x48, 
   0x48, 0x8A, 0x48, 0xBA, 0xB5, 0x04, 0x2A, 0x2A, 0x2A, 0x2A, 0x29, 0x07, 0xAA, 0xE8, 0xBD, 0xF5, 
   0x1F, 0x68, 0xAA, 0x68, 0x60, 0xFF, 0xFF, 0xFF, 0xFF, 0xFF, 0xFF, 0xFF, 0xD4, 0xBF, 0xD4, 0xBF, 
   0x00, 0x00, 0x00, 0x00, 0x00, 0x00, 0x00, 0x00, 0x00, 0x00, 0x00, 0x00, 0x00, 0x00, 0x00, 0x00, 
   0x00, 0x00, 0x00, 0x00, 0x00, 0x00, 0x00, 0x00, 0x00, 0x00, 0x00, 0x00, 0x00, 0x00, 0x00, 0x00, 
   0x00, 0x00, 0x00, 0x00, 0x00, 0x00, 0x00, 0x00, 0x00, 0x00, 0x00, 0x00, 0x00, 0x00, 0x00, 0x00, 
   0x00, 0x00, 0x00, 0x00, 0x00, 0x00, 0x00, 0x00, 0x00, 0x00, 0x00, 0x00, 0x00, 0x00, 0x00, 0x00, 
   0x00, 0x00, 0x00, 0x00, 0x00, 0x00, 0x00, 0x00, 0x00, 0x00, 0x00, 0x00, 0x00, 0x00, 0x00, 0x00, 
   0x00, 0x00, 0x00, 0x00, 0x00, 0x00, 0x00, 0x00, 0x00, 0x00, 0x00, 0x00, 0x00, 0x00, 0x00, 0x00, 
   0x00, 0x00, 0x00, 0x00, 0x00, 0x00, 0x00, 0x00, 0x00, 0x00, 0x00, 0x00, 0x00, 0x00, 0x00, 0x00, 
   0x00, 0x00, 0x00, 0x00, 0x00, 0x00, 0x00, 0x00, 0x00, 0x00, 0x00, 0x00, 0x00, 0x00, 0x00, 0x00, 
   0x00, 0x00, 0x00, 0x00, 0x00, 0x00, 0x00, 0x00, 0x00, 0x00, 0x00, 0x00, 0x00, 0x00, 0x00, 0x00, 
   0x00, 0x00, 0x00, 0x00, 0x00, 0x00, 0x00, 0x00, 0x00, 0x00, 0x00, 0x00, 0x00, 0x00, 0x00, 0x00, 
   0x00, 0x03, 0x03, 0x03, 0x04, 0x04, 0x05, 0x05, 0x05, 0x05, 0x05, 0x05, 0x05, 0x04, 0x04, 0x03, 
   0x03, 0x03, 0x02, 0x02, 0x01, 0x01, 0x00, 0x00, 0x00, 0x00, 0x00, 0x00, 0x00, 0x01, 0x01, 0x02, 
   0x02, 0x00, 0x00, 0x00, 0x00, 0x00, 0x00, 0x00, 0x00, 0x00, 0x00, 0x00, 0x00, 0x00, 0x00, 0x00, 
   0x00, 0x00, 0x00, 0x00, 0x00, 0x00, 0x00, 0x00, 0x00, 0x00, 0x00, 0x00, 0x00, 0x00, 0x00, 0x00, 
   0x00, 0x00, 0x01, 0x01, 0x01, 0x02, 0x02, 0x02, 0x03, 0x03, 0x03, 0x04, 0x04, 0x04, 0x05, 0x05, 
   0x05, 0x05, 0x04, 0x04, 0x04, 0x03, 0x03, 0x03, 0x02, 0x02, 0x02, 0x01, 0x01, 0x01, 0x00, 0x00, 
   0x00, 0x00, 0x00, 0x00, 0x01, 0x01, 0x01, 0x01, 0x01, 0x01, 0x02, 0x02, 0x02, 0x02, 0x02, 0x02, 
   0x03, 0x03, 0x03, 0x03, 0x03, 0x03, 0x04, 0x04, 0x04, 0x04, 0x04, 0x04, 0x05, 0x05, 0x05, 0x05, 
   0x00, 0x00, 0x00, 0x00, 0x00, 0x00, 0x00, 0x00, 0x00, 0x00, 0x00, 0x00, 0x00, 0x00, 0x00, 0x00, 
   0x05, 0x05, 0x05, 0x05, 0x05, 0x05, 0x05, 0x05, 0x05, 0x05, 0x05, 0x05, 0x05, 0x05, 0x05, 0x05, 
   0x00, 0x00, 0x00, 0x00, 0x00, 0x00, 0x00, 0x00, 0x00, 0x00, 0x00, 0x00, 0x00, 0x00, 0x00, 0x00, 
   0x04, 0x04, 0x04, 0x04, 0x04, 0x04, 0x04, 0x04, 0x04, 0x04, 0x04, 0x04, 0x04, 0x04, 0x04, 0x04, 
   0x00, 0x00, 0x00, 0x00, 0x00, 0x00, 0x00, 0x00, 0x00, 0x00, 0x00, 0x00, 0x00, 0x00, 0x00, 0x00, 
   0x03, 0x03, 0x03, 0x03, 0x03, 0x03, 0x03, 0x03, 0x03, 0x03, 0x03, 0x03, 0x03, 0x03, 0x03, 0x03, 
   0x07, 0x01, 0x09, 0x0A, 0x02, 0x08, 0x08, 0x0E, 0x03, 0x0D, 0x08, 0x05, 0x0C, 0x02, 0x03, 0x07, 
   0x07, 0x01, 0x08, 0x04, 0x0F, 0x01, 0x0D, 0x05, 0x08, 0x05, 0x0B, 0x06, 0x08, 0x07, 0x09, 0x02, 
   0x96, 0x0C, 0x00, 0x00, 0x10, 0x10, 0x10, 0x10, 0x4E, 0x4E, 0x4C, 0x4C, 0x4C, 0x4C, 0x4C, 0x4C, 
   0x4C, 0x4A, 0x4A, 0x44, 0xEE, 0xEE, 0xFE, 0xFE, 0xFE, 0x7C, 0x7C, 0x38, 0x10, 0x10, 0x94, 0xBE, 
   0xBE, 0xBE, 0xBE, 0xBE, 0xBE, 0xBE, 0xBE, 0xBE, 0xBE, 0xBE, 0xBE, 0xBE, 0x96, 0x96, 0x92, 0x96, 
   0x1E, 0x1E, 0x1E, 0x1E, 0x1E, 0x1E, 0x1E, 0x1E, 0x1E, 0x1E, 0x1E, 0x1E, 0x1E, 0x1E, 0x96, 0x92, 
   0x96, 0x1E, 0x1E, 0x1E, 0x1E, 0x1E, 0x1E, 0x1E, 0x1E, 0x1E, 0x1E, 0x1E, 0x1E, 0x1E, 0x1E, 0x96, 
   0x96, 0x92, 0x96, 0x1E, 0x1E, 0x1E, 0x1E, 0x1E, 0x1E, 0x1E, 0x1E, 0x1E, 0x1E, 0x1E, 0x1E, 0x1E, 
   0x1E, 0x96, 0x92, 0x96, 0x94, 0x1E, 0x1E, 0x1E, 0x1E, 0x1E, 0x1E, 0x1E, 0x1E, 0x1E, 0x1E, 0x1E, 
   0x1E, 0x1E, 0x1E, 0x96, 0x92, 0x96, 0x42, 0x42, 0x48, 0x4A, 0x4A, 0x4A, 0x4A, 0x86, 0x86, 0x86, 
   0x42, 0x42, 0x40, 0x86, 0x86, 0x3A, 0x38, 0x3C, 0x3A, 0x3A, 0x38, 0x54, 0x56, 0x56, 0x56, 0x8A, 
   0x58, 0x5A, 0x88, 0x88, 0x78, 0xFE, 0x14, 0xBE, 0xB6, 0x60, 0x3C, 0x7B, 0xD7, 0xFC, 0x3C, 0x3E, 
   0x3E, 0x38, 0x1C, 0x1C, 0x3E, 0xBA, 0x7F, 0x9E, 0x0C, 0x1C, 0x7E, 0x7F, 0x1C, 0x3C, 0x7E, 0x7C, 
   0x58, 0x14, 0x78, 0xFE, 0x14, 0xBE, 0xB6, 0x60, 0x3C, 0xF8, 0xD7, 0x7F, 0x3C, 0x7D, 0xFF, 0xC3, 
   0x80, 0x1C, 0xBE, 0x7A, 0xBF, 0x1E, 0x0C, 0x1D, 0x3F, 0x7E, 0x5C, 0x3C, 0x7D, 0xFF, 0xC3, 0x82, 
   0x96, 0x98, 0x9C, 0x9A, 0x9C, 0x9A, 0x98, 0x9A, 0x98, 0x96, 0x96, 0x96, 0x2A, 0x24, 0x2A, 0x24, 
   0x24, 0x26, 0x28, 0x2A, 0x2A, 0x2A, 0x00, 0x7C, 0x7C, 0x7C, 0x7C, 0x7C, 0x10, 0x10, 0x10, 0x10, 
   0x28, 0x26, 0x26, 0x28, 0x28, 0x26, 0x24, 0x22, 0x0E, 0x0E, 0x0E, 0x7E, 0x7E, 0x0E, 0x0E, 0x0E, 
   0x26, 0x28, 0x2C, 0x2A, 0x2C, 0x2A, 0x28, 0x2A, 0x28, 0x26, 0x26, 0x26, 0x42, 0x42, 0x42, 0x00, 
   0x4A, 0x4A, 0x48, 0x86, 0x86, 0x86, 0x42, 0x42, 0x40, 0x86, 0x86, 0x3A, 0x38, 0x3C, 0x3A, 0x3A, 
   0x38, 0x54, 0x56, 0x56, 0x56, 0x8A, 0x58, 0x5A, 0x88, 0x88, 0x7C, 0xFE, 0xFE, 0xFF, 0x82, 0x7D, 
   0x3F, 0x7F, 0xDA, 0xFE, 0x7F, 0xFF, 0xFE, 0x7C, 0x30, 0x1C, 0x3E, 0x3E, 0x3F, 0x1D, 0x58, 0x7C, 
   0x7C, 0x3E, 0x7E, 0x7C, 0xFE, 0x7F, 0x2C, 0x04, 0x4C, 0x9E, 0x1E, 0xBE, 0xF4, 0xF4, 0xFE, 0xFE, 
   0x7E, 0x7C, 0x38, 0x00, 0x2C, 0x5E, 0x1E, 0x7E, 0x74, 0x74, 0x7F, 0x7F, 0x3F, 0x3E, 0x3A, 0x38, 
   0x3C, 0x3A, 0x3A, 0x38, 0x54, 0x56, 0x56, 0x56, 0x58, 0x8A, 0x56, 0x58, 0x0C, 0x88, 0x88, 0x1E, 
   0x3E, 0xBA, 0x7F, 0x9E, 0x0C, 0x1C, 0x1E, 0x1E, 0x1C, 0x0F, 0x3C, 0x7E, 0xFE, 0x7F, 0x98, 0x54, 
   0x42, 0x42, 0x48, 0x4A, 0x4A, 0x4A, 0x4A, 0x86, 0x86, 0x86, 0x42, 0x42, 0x40, 0x86, 0x86, 0x78, 
   0xFE, 0x14, 0xBE, 0xB6, 0x60, 0x3C, 0x78, 0x54, 0x7C, 0xBC, 0xFC, 0xD8, 0xD8, 0xFC, 0x44, 0x00, 
   0x00, 0x00, 0x00, 0x00, 0x00, 0x00, 0x00, 0x00, 0x00, 0x00, 0x00, 0x00, 0x00, 0x00, 0x00, 0x00, 
   0x00, 0x00, 0x00, 0x00, 0x00, 0x00, 0x00, 0x00, 0x00, 0x00, 0x00, 0x00, 0x00, 0x00, 0x00, 0x00, 
   0x00, 0x00, 0x00, 0x00, 0x00, 0x00, 0x00, 0x00, 0x00, 0x00, 0x00, 0x00, 0x00, 0x0C, 0x04, 0x08, 
   0x00, 0x0C, 0x00, 0x08, 0x00, 0x01, 0x08, 0x00, 0x01, 0x09, 0x00, 0x00, 0x08, 0x00, 0x00, 0x08, 
   0x00, 0x00, 0x08, 0x00, 0x00, 0x08, 0x00, 0x00, 0x08, 0x00, 0x00, 0x08, 0x00, 0x00, 0x0F, 0x04, 
   0x0A, 0x01, 0x0F, 0x00, 0x00, 0x00, 0x00, 0x00, 0x00, 0x00, 0x00, 0x00, 0x00, 0x00, 0x00, 0x00, 
   0x00, 0x00, 0x00, 0x00, 0x00, 0x00, 0x00, 0x00, 0x00, 0x00, 0x00, 0x00, 0x00, 0x00, 0x00, 0x01, 
   0x00, 0x00, 0x01, 0x01, 0x00, 0x00, 0x0C, 0x04, 0x08, 0x00, 0x0C, 0x00, 0x04, 0x00, 0x00, 0x04, 
   0x00, 0x00, 0x04, 0x00, 0x00, 0x04, 0x00, 0x00, 0x0E, 0x08, 0x04, 0x02, 0x0E, 0x00, 0x00, 0x00, 
   0x00, 0x00, 0x00, 0x00, 0x00, 0x00, 0x00, 0x00, 0x00, 0x00, 0x00, 0x00, 0x00, 0x00, 0x00, 0x00, 
   0x00, 0x00, 0x00, 0x00, 0x00, 0x00, 0x00, 0x00, 0x00, 0x00, 0x0F, 0x04, 0x0A, 0x01, 0x0F, 0x00, 
   0x00, 0x80, 0x00, 0x00, 0x80, 0x80, 0x00, 0x80, 0x00, 0x00, 0x80, 0x00, 0x00, 0x80, 0x00, 0x00, 
   0x80, 0x00, 0x00, 0x80, 0x00, 0x00, 0x80, 0x00, 0x00, 0x80, 0x00, 0x00, 0x80, 0x00, 0x00, 0x80, 
   0x00, 0x00, 0xFC, 0x20, 0x54, 0x88, 0xFC, 0x00, 0x04, 0x00, 0x00, 0x04, 0x00, 0x00, 0x04, 0x00, 
   0x00, 0x04, 0x00, 0x00, 0x04, 0x01, 0x00, 0x05, 0x00, 0x01, 0x04, 0x00, 0x00, 0x0C, 0x00, 0x04, 
   0x08, 0x0C, 0x00, 0x00, 0x00, 0x60, 0x20, 0x40, 0x00, 0x60, 0x00, 0x00, 0x00, 0x40, 0x01, 0x00, 
   0x41, 0x00, 0x01, 0x40, 0x01, 0x00, 0x40, 0x01, 0x00, 0x40, 0x01, 0x00, 0x40, 0x01, 0x00, 0x60, 
   0x21, 0x40, 0x00, 0x61, 0x00, 0x00, 0x01, 0x0C, 0x00, 0x05, 0x08, 0x0C, 0x01, 0x00, 0x00, 0x01, 
   0x00, 0x01, 0x00, 0x01, 0x00, 0x00, 0x00, 0x00, 0x00, 0x00, 0x00, 0x00, 0x00, 0x00, 0x00, 0x00, 
   0x00, 0x00, 0x00, 0x00, 0x00, 0x00, 0x00, 0x00, 0x00, 0x00, 0x00, 0x00, 0x00, 0x00, 0x00, 0x00, 
   0x03, 0x02, 0x01, 0x00, 0x03, 0x00, 0x00, 0x00, 0x18, 0x00, 0x10, 0x08, 0x18, 0x00, 0x00, 0x00, 
   0xC0, 0x00, 0x40, 0x80, 0xC0, 0x00, 0x00, 0x00, 0x00, 0x00, 0xFF, 0x22, 0x55, 0x88, 0xFF, 0x00, 
   0x00, 0xFC, 0x44, 0xA8, 0x10, 0xFC, 0x00, 0x00, 0x04, 0x00, 0x00, 0x04, 0x00, 0x00, 0x04, 0x03, 
   0x00, 0x04, 0x00, 0x00, 0x04, 0x00, 0x00, 0x04, 0x00, 0x00, 0x04, 0x00, 0x00, 0x04, 0x00, 0x00, 
   0x04, 0x00, 0xFF, 0x74, 0xBA, 0x31, 0xFF, 0x30, 0x00, 0x00, 0x00, 0x00, 0x00, 0x00, 0x00, 0x00, 
   0x00, 0x00, 0x00, 0x00, 0x00, 0x00, 0x00, 0x00, 0x00, 0x00, 0x00, 0x00, 0x00, 0x00, 0x00, 0x00, 
   0x00, 0x00, 0x00, 0x00, 0x00, 0x00, 0x00, 0x00, 0x00, 0x00, 0x00, 0x00, 0x00, 0x07, 0x04, 0x02, 
   0x01, 0x07, 0x00, 0x00, 0x00, 0x04, 0x00, 0x00, 0x04, 0x00, 0x00, 0x04, 0x00, 0x00, 0x04, 0x00, 
   0x00, 0x04, 0x00, 0x00, 0x04, 0x00, 0x00, 0x04, 0x00, 0x00, 0x04, 0x00, 0x00, 0x04, 0x00, 0x00, 
   0x04, 0x00, 0x00, 0x04, 0x00, 0x00, 0x04, 0x00, 0x00, 0x04, 0x00, 0x00, 0x04, 0x00, 0x00, 0x04, 
   0x00, 0x00, 0x04, 0x00, 0x00, 0x04, 0x00, 0x00, 0x07, 0x01, 0x02, 0x04, 0x07, 0x00, 0x00, 0x00, 
   0x00, 0x00, 0x00, 0x00, 0x00, 0x00, 0x00, 0x00, 0x00, 0x00, 0x00, 0x00, 0x00, 0x00, 0x00, 0x00, 
   0x80, 0x00, 0x80, 0x00, 0x80, 0x00, 0x00, 0x00, 0x00, 0x30, 0xFF, 0x74, 0xBA, 0x31, 0xFF, 0x00, 
   0x00, 0x84, 0x00, 0x00, 0x84, 0x00, 0x00, 0x84, 0x00, 0x00, 0x84, 0x00, 0x00, 0x84, 0x00, 0x03, 
   0x84, 0x00, 0x00, 0x84, 0x00, 0x00, 0x84, 0x00, 0x00, 0x84, 0x00, 0x00, 0x84, 0x00, 0x00, 0x84, 
   0x00, 0x00, 0xFF, 0x2E, 0x5D, 0x8C, 0xFF, 0x0C, 0x00, 0x00, 0x00, 0x00, 0x00, 0x00, 0x00, 0x00, 
   0x00, 0x00, 0x00, 0x00, 0x00, 0x00, 0x00, 0x00, 0x00, 0x00, 0x00, 0x00, 0x00, 0x00, 0x00, 0x00, 
   0x00, 0x00, 0x00, 0x00, 0x00, 0x00, 0x00, 0x00, 0x00, 0x00, 0x00, 0x00, 0x00, 0xE1, 0x20, 0x41, 
   0x80, 0xE1, 0x00, 0x00, 0x00, 0x21, 0x00, 0x00, 0x21, 0x00, 0x00, 0x21, 0x00, 0x00, 0x21, 0x00, 
   0x00, 0x21, 0x00, 0x00, 0x21, 0x00, 0x00, 0x21, 0x00, 0x00, 0x21, 0x00, 0x00, 0x21, 0x00, 0x00, 
   0x21, 0x00, 0x00, 0x21, 0x00, 0x00, 0x21, 0x00, 0x00, 0x21, 0x00, 0x00, 0x21, 0x00, 0x00, 0xE1, 
   0x80, 0x40, 0x21, 0xE0, 0x00, 0x81, 0x00, 0x00, 0x81, 0x00, 0x01, 0x80, 0x01, 0x00, 0x80, 0x00, 
   0x00, 0x80, 0x00, 0x00, 0x80, 0x00, 0x00, 0x80, 0x00, 0x00, 0x80, 0x00, 0x00, 0x80, 0x00, 0x00, 
   0xE0, 0x20, 0x40, 0x80, 0xE0, 0x00, 0x00, 0x00, 0x00, 0x0C, 0xFF, 0x2E, 0x5D, 0x8C, 0xFF, 0x6C, 
   0x6C, 0x44, 0xAA, 0x44, 0xAA, 0x44, 0xAA, 0x44, 0xAA, 0x44, 0xAA, 0x44, 0x6C, 0x6C, 0xFF, 0x7E, 
   0x18, 0x24, 0x18, 0x42, 0x18, 0xC3, 0x18, 0x42, 0x18, 0x24, 0x18, 0x7E, 0xFF, 0x58, 0x58, 0x0A, 
   0x58, 0x58, 0x58, 0x0C, 0x58, 0x0C, 0x58, 0x58, 0x0C, 0x0C, 0x0C, 0x0C, 0x0C, 0x0C, 0x0C, 0x58, 
   0x58, 0x1A, 0x3C, 0x38, 0x34, 0x7E, 0x00, 0xFF, 0xDA, 0x44, 0x18, 0x34, 0x44, 0x42, 0x32, 0x42, 
   0x16, 0x94, 0x92, 0x94, 0x94, 0x98, 0x94, 0x94, 0x94, 0x94, 0x94, 0x94, 0x94, 0x98, 0x94, 0x94, 
   0x96, 0x94, 0x09, 0x12, 0xB4, 0x6D, 0x7E, 0xEC, 0x54, 0xFF, 0xFF, 0x7E, 0xFF, 0x7E, 0xFF, 0xA5, 
   0xA5, 0xA5, 0xA5, 0xA5, 0xFF, 0x7E, 0xFF, 0x7E, 0xFF, 0xFF, 0x4A, 0x86, 0x86, 0x4A, 0x4A, 0x4A, 
   0x4A, 0x4A, 0x4A, 0x4A, 0x4A, 0x4A, 0x86, 0x86, 0x86, 0x4A, 0x86, 0x86, 0x86, 0x86, 0x42, 0x42, 
   0x42, 0x42, 0x42, 0x42, 0x42, 0x42, 0x86, 0x86, 0x86, 0x86, 0x00, 0x6C, 0xEC, 0xDC, 0xC0, 0xE0, 
   0xF0, 0x60, 0x60, 0x70, 0xE0, 0xE0, 0xDC, 0xEC, 0x6C, 0x00, 0x42, 0x42, 0x48, 0x4A, 0x4A, 0x4A, 
   0x4A, 0x86, 0x86, 0x86, 0x42, 0x42, 0x40, 0x86, 0x86, 0x3E, 0x7F, 0x0A, 0x5F, 0x5B, 0x70, 0x9C, 
   0xFF, 0xEB, 0x3E, 0x3E, 0x7F, 0x77, 0x77, 0x63, 0x86, 0x86, 0x40, 0x42, 0x42, 0x86, 0x86, 0x86, 
   0x4A, 0x4A, 0x4A, 0x4A, 0x48, 0x42, 0x42, 0xC6, 0xEE, 0xEE, 0xFE, 0x7C, 0x7C, 0xD7, 0xFF, 0x39, 
   0x0E, 0xDA, 0xFA, 0x50, 0xFE, 0x7C, 0x08, 0x00, 0x00, 0x06, 0x04, 0x1C, 0x14, 0x16, 0x14, 0x06, 
   0x06, 0x06, 0x00, 0x00, 0x00, 0x08, 0x08, 0x00, 0x00, 0x06, 0x06, 0x16, 0x14, 0x16, 0x1C, 0x04, 
   0x04, 0x06, 0x00, 0x00, 0x00, 0x08, 0x0A, 0x0A, 0x0A, 0x0A, 0x86, 0x86, 0x86, 0x0C, 0x4A, 0x4A, 
   0x4A, 0x4A, 0x4A, 0x4A, 0x4A, 0x4A, 0x06, 0x09, 0x09, 0x06, 0x38, 0x18, 0x00, 0x00, 0x04, 0x26, 
   0x06, 0x06, 0x42, 0x4C, 0xCA, 0xC0, 0x0A, 0x0A, 0x0A, 0x86, 0x42, 0x42, 0x42, 0x42, 0x42, 0x42, 
   0x42, 0x42, 0x42, 0x86, 0x86, 0x86, 0x06, 0x09, 0x09, 0x30, 0x40, 0x60, 0xE0, 0xC0, 0xE1, 0xD1, 
   0xF1, 0xF1, 0xB1, 0x33, 0x35, 0x3F, 0x0C, 0x0C, 0x0C, 0x0C, 0x0C, 0x3C, 0x3C, 0x3C, 0x3C, 0x3C, 
   0x3C, 0x38, 0x3A, 0x30, 0x00, 0x00, 0x00, 0x00, 0x04, 0x0E, 0x1B, 0x1F, 0x1F, 0xDF, 0x4F, 0x3E, 
   0x0C, 0x0C, 0x88, 0x88, 0x88, 0x0E, 0x0E, 0x0E, 0x0E, 0x56, 0x56, 0x56, 0x56, 0x56, 0x56, 0x06, 
   0x09, 0x40, 0x70, 0x68, 0x60, 0x60, 0xE0, 0xF0, 0xEC, 0xFC, 0xFE, 0xEE, 0xF2, 0x7C, 0x78, 0x38, 
   0x74, 0xFF, 0xFA, 0xFD, 0x7B, 0x31, 0x0E, 0x72, 0xF6, 0xFE, 0xF1, 0xE7, 0xEF, 0xD8, 0x75, 0x7F, 
   0x35, 0x0B, 0x1E, 0x15, 0x02, 0x09, 0x07, 0x07, 0x03, 0x42, 0xE7, 0xE7, 0xF3, 0xE7, 0xCF, 0x66, 
   0x74, 0x28, 0x10, 0x10, 0x94, 0x00, 0x0A, 0x0A, 0x0E, 0x04, 0x04, 0x00, 0x01, 0x00, 0x03, 0x02, 
   0x01, 0x00, 0x97, 0xA4, 0xE7, 0xA4, 0x97, 0x00, 0x93, 0xD6, 0xF6, 0xB6, 0x93, 0x00, 0x4B, 0x5A, 
   0x7A, 0x6A, 0x4B, 0x00, 0x7A, 0x5B, 0x59, 0x5A, 0x7A, 0x00, 0x19, 0x15, 0x15, 0x15, 0x19, 0x00, 
   0x03, 0x03, 0x03, 0x03, 0x03, 0xF0, 0xF0, 0xF0, 0xF0, 0xF0, 0xF0, 0x0A, 0x0A, 0x0A, 0x0A, 0x0A, 
   0x0A, 0x0A, 0x0A, 0x0A, 0x0A, 0x0A, 0x0A, 0x0A, 0x00, 0xFF, 0xFF, 0xFF, 0xE7, 0xC3, 0xC3, 0xC3, 
   0xC3, 0xE7, 0xFF, 0xFF, 0xFF, 0x46, 0x0A, 0x46, 0x0A, 0x46, 0x0A, 0x46, 0x0A, 0x46, 0x0A, 0x46, 
   0x0A, 0x46, 0x0F, 0xAF, 0x0F, 0x5F, 0x0F, 0xAF, 0xFF, 0xFF, 0xFF, 0xFF, 0xFF, 0xFF, 0xFF, 0x00, 
   0x00, 0x00, 0x00, 0x00, 0x00, 0x00, 0x00, 0x00, 0x00, 0x00, 0x00, 0x00, 0x00, 0x00, 0x00, 0x00, 
   0x00, 0x00, 0x00, 0x00, 0x00, 0x00, 0x00, 0x00, 0x00, 0x00, 0x00, 0x00, 0x00, 0x00, 0x00, 0x00, 
   0x00, 0x00, 0x00, 0x00, 0x00, 0x00, 0x00, 0x00, 0x00, 0x00, 0x00, 0x00, 0x00, 0x00, 0x00, 0x00, 
   0x00, 0x00, 0x00, 0x00, 0x00, 0x00, 0x00, 0x00, 0x00, 0x00, 0x00, 0x00, 0x00, 0x00, 0x00, 0x00, 
   0x00, 0x00, 0x00, 0x00, 0x00, 0x00, 0x00, 0x00, 0x00, 0x00, 0x00, 0x00, 0x00, 0x00, 0x00, 0x00, 
   0x00, 0x00, 0x00, 0x00, 0x00, 0xFF, 0x66, 0x66, 0x66, 0x66, 0xFF, 0x00, 0x00, 0xFF, 0x66, 0x66, 
   0x66, 0x66, 0xFF, 0x00, 0x00, 0xFF, 0x66, 0x66, 0x66, 0x66, 0xFF, 0x00, 0x00, 0xFF, 0x66, 0x66, 
   0x66, 0x66, 0xFF, 0x00, 0x00, 0xFF, 0x66, 0x66, 0x66, 0x66, 0xFF, 0x00, 0x00, 0xFF, 0x66, 0x66, 
   0x66, 0x66, 0xFF, 0x00, 0x00, 0xFF, 0x66, 0x66, 0x66, 0x66, 0xFF, 0x00, 0x00, 0xFF, 0x66, 0x66, 
   0x66, 0x66, 0xFF, 0x00, 0x00, 0xFF, 0x66, 0x66, 0x66, 0x66, 0xFF, 0x00, 0x00, 0xFF, 0x66, 0x66, 
   0x66, 0x66, 0xFF, 0x00, 0x00, 0xFF, 0x66, 0x66, 0x66, 0x66, 0xFF, 0x00, 0x00, 0x00, 0x00, 0x00, 
   0x00, 0x00, 0x00, 0x00, 0x00, 0x00, 0x00, 0x00, 0x00, 0x00, 0x00, 0x00, 0x00, 0x00, 0x00, 0x00, 
   0x00, 0x00, 0x00, 0x00, 0x00, 0x00, 0x00, 0x00, 0x00, 0x00, 0x00, 0x00, 0x00, 0x00, 0x00, 0x00, 
   0x00, 0x00, 0x00, 0x00, 0x00, 0x00, 0x00, 0x00, 0x00, 0x00, 0x00, 0x00, 0x00, 0x00, 0x00, 0x00, 
   0x00, 0x00, 0x00, 0x00, 0x00, 0x00, 0x00, 0x00, 0x00, 0x00, 0x00, 0x00, 0x00, 0x00, 0x00, 0x00, 
   0x00, 0x00, 0x00, 0x00, 0x00, 0x00, 0x00, 0x00, 0x00, 0x00, 0x00, 0x00, 0x00, 0x00, 0x00, 0x00, 
   0x00, 0xFF, 0x66, 0x66, 0x66, 0x66, 0xFF, 0x00, 0x00, 0xFF, 0x66, 0x66, 0x66, 0x66, 0xFF, 0x00, 
   0x00, 0xFF, 0x66, 0x66, 0x66, 0x66, 0xFF, 0x00, 0x00, 0xFF, 0x66, 0x66, 0x66, 0x66, 0xFF, 0x00, 
   0x00, 0xFF, 0x66, 0x66, 0x66, 0x66, 0xFF, 0x00, 0x00, 0xFF, 0x66, 0x66, 0x66, 0x66, 0xFF, 0x00, 
   0x00, 0xFF, 0x66, 0x66, 0x66, 0x66, 0xFF, 0x00, 0x00, 0xFF, 0x66, 0x66, 0x66, 0x66, 0xFF, 0x00, 
   0x00, 0xFF, 0x66, 0x66, 0x66, 0x66, 0xFF, 0x00, 0x00, 0xFF, 0x66, 0x66, 0x66, 0x66, 0xFF, 0x00, 
   0x00, 0xFF, 0x66, 0x66, 0x66, 0x66, 0xFF, 0x08, 0x08, 0x0A, 0x08, 0x08, 0x24, 0x66, 0xE7, 0x66, 
   0x24, 0x26, 0x26, 0x26, 0x26, 0x26, 0x26, 0x26, 0x26, 0x26, 0x24, 0x24, 0x38, 0x7C, 0x7C, 0xDE, 
   0xFE, 0xFE, 0xFA, 0xF6, 0x6C, 0x7C, 0x38, 0x00, 0x00, 0x00, 0x00, 0x00, 0x00, 0x00, 0x00, 0x00, 
   0x00, 0x00, 0x00, 0x00, 0x00, 0x00, 0x00, 0x00, 0x00, 0x00, 0x00, 0x00, 0x00, 0x00, 0x00, 0x00, 
   0x00, 0x00, 0x00, 0x00, 0x00, 0x00, 0x00, 0x00, 0x00, 0x00, 0x00, 0x00, 0x00, 0x03, 0x00, 0x02, 
   0x01, 0x03, 0x00, 0x00, 0x00, 0x00, 0x00, 0x00, 0x00, 0x00, 0x00, 0x00, 0x00, 0x0C, 0x07, 0x08, 
   0x02, 0x0D, 0x03, 0x00, 0x00, 0x00, 0x00, 0x00, 0x00, 0x00, 0x00, 0x00, 0x00, 0x00, 0x00, 0x00, 
   0x00, 0x00, 0x00, 0x00, 0x00, 0x00, 0x00, 0x00, 0x00, 0x00, 0x00, 0x00, 0x00, 0x00, 0x00, 0x00, 
   0x00, 0x00, 0x00, 0x00, 0x00, 0x03, 0x00, 0x02, 0x01, 0x03, 0x00, 0x00, 0x00, 0x00, 0x00, 0x00, 
   0x00, 0x00, 0x00, 0x00, 0x00, 0x0C, 0x07, 0x08, 0x02, 0x0D, 0x03, 0x00, 0x00, 0x00, 0x00, 0x00, 
   0x00, 0x00, 0x00, 0x00, 0x00, 0x00, 0x00, 0x00, 0x00, 0x00, 0x00, 0x00, 0x00, 0x00, 0x00, 0x00, 
   0x00, 0x00, 0x00, 0x00, 0x00, 0x00, 0x00, 0x00, 0x00, 0x00, 0x00, 0x00, 0x00, 0x03, 0x00, 0x02, 
   0x01, 0x03, 0x00, 0x00, 0x00, 0x00, 0x00, 0x00, 0x00, 0x00, 0x00, 0x00, 0x00, 0x0C, 0x07, 0x08, 
   0x02, 0x0D, 0x03, 0x00, 0x00, 0x00, 0x00, 0x00, 0x00, 0x00, 0x00, 0x00, 0x80, 0x00, 0x00, 0x80, 
   0x80, 0x00, 0x00, 0x80, 0x00, 0x00, 0x80, 0x00, 0x00, 0x80, 0x00, 0x00, 0x80, 0x00, 0x00, 0x80, 
   0x00, 0x00, 0x80, 0x00, 0x00, 0x80, 0x00, 0x00, 0x80, 0x00, 0x00, 0xC0, 0x30, 0x6C, 0x93, 0xC6, 
   0x39, 0x0C, 0x03, 0x00, 0x00, 0x01, 0x00, 0x00, 0x01, 0x00, 0x00, 0x01, 0x00, 0x00, 0x01, 0x00, 
   0x00, 0x03, 0x0E, 0x31, 0xE4, 0x1B, 0x4C, 0xB0, 0xC4, 0x00, 0x00, 0x04, 0x00, 0x00, 0x00, 0x00, 
   0x00, 0x00, 0x00, 0x00, 0x00, 0x00, 0x00, 0x00, 0x00, 0x00, 0x00, 0x00, 0x00, 0x04, 0x00, 0x00, 
   0x04, 0x00, 0x00, 0xC4, 0x30, 0x6C, 0x93, 0xC6, 0x39, 0x0C, 0x03, 0x00, 0x00, 0x01, 0x00, 0x00, 
   0x01, 0x00, 0x00, 0x01, 0x00, 0x00, 0x01, 0x00, 0x00, 0x03, 0x0E, 0x31, 0xE4, 0x1B, 0x4C, 0xB0, 
   0xC0, 0x00, 0x00, 0x00, 0x00, 0x00, 0x00, 0x00, 0x00, 0x00, 0x00, 0x00, 0x00, 0x00, 0x00, 0x00, 
   0x00, 0x00, 0x00, 0x00, 0x00, 0x00, 0x00, 0x00, 0x00, 0x00, 0x00, 0xC0, 0x30, 0x6C, 0x93, 0xC6, 
   0x39, 0x0C, 0x03, 0x00, 0x00, 0x01, 0x00, 0x00, 0x01, 0x00, 0x00, 0x01, 0x00, 0x00, 0x01, 0x00, 
   0x00, 0x03, 0x0E, 0x31, 0xE4, 0x1B, 0x4C, 0xB0, 0xC0, 0x00, 0x00, 0x00, 0x00, 0x00, 0xFC, 0x44, 
   0xA8, 0x10, 0xFC, 0x04, 0x00, 0x00, 0x04, 0x00, 0x00, 0x04, 0x00, 0x03, 0x04, 0x00, 0x00, 0x04, 
   0x00, 0x00, 0x04, 0x00, 0x00, 0x04, 0x00, 0x00, 0x04, 0x00, 0x00, 0x04, 0x00, 0xFF, 0x44, 0xAA, 
   0x11, 0xFF, 0x00, 0x04, 0x00, 0x00, 0x00, 0x00, 0x00, 0x00, 0x00, 0x00, 0x00, 0x00, 0x00, 0x00, 
   0x00, 0x00, 0x00, 0x00, 0x04, 0x00, 0x00, 0xC4, 0x70, 0x8C, 0x27, 0xD8, 0x32, 0x0D, 0x03, 0x00, 
   0x00, 0x00, 0x01, 0x00, 0x00, 0x01, 0x00, 0x00, 0x01, 0x00, 0x00, 0x01, 0x00, 0x00, 0x01, 0x00, 
   0x00, 0x03, 0x0C, 0x36, 0xC9, 0x63, 0x9C, 0x30, 0xC0, 0x00, 0x00, 0x20, 0x00, 0x00, 0x20, 0x00, 
   0x00, 0x20, 0x00, 0x00, 0x20, 0x00, 0x00, 0x20, 0x00, 0x00, 0x20, 0x00, 0x00, 0x20, 0x00, 0xC0, 
   0x70, 0x8C, 0x27, 0xD8, 0x32, 0x0D, 0x03, 0x00, 0x08, 0x00, 0x00, 0x08, 0x00, 0x00, 0x08, 0x00, 
   0x00, 0x08, 0x00, 0x00, 0x08, 0x00, 0x00, 0x08, 0x00, 0x03, 0x0C, 0x36, 0xC9, 0x63, 0x9C, 0x30, 
   0xC4, 0x00, 0x00, 0x00, 0x00, 0x00, 0x00, 0x00, 0x00, 0x00, 0x00, 0x00, 0x00, 0x00, 0x00, 0x00, 
   0x04, 0x00, 0x00, 0x04, 0x00, 0x00, 0x04, 0xC0, 0x7F, 0x84, 0x2A, 0xD1, 0x3F, 0x00, 0x00, 0x00, 
   0x00, 0x00, 0x84, 0x00, 0x00, 0x84, 0x00, 0x00, 0x84, 0x00, 0x00, 0x84, 0x00, 0x03, 0x84, 0x00, 
   0x00, 0x84, 0x00, 0x00, 0x84, 0x00, 0x00, 0x84, 0x00, 0x00, 0x84, 0x00, 0x00, 0x84, 0x00, 0xFF, 
   0x22, 0x55, 0x88, 0xFF, 0x00, 0x00, 0x00, 0x00, 0x00, 0x00, 0x00, 0x00, 0x00, 0x00, 0x00, 0x00, 
   0x00, 0x00, 0x00, 0x00, 0x00, 0x00, 0x00, 0x00, 0x00, 0x00, 0x00, 0x00, 0x00, 0x03, 0x0E, 0x31, 
   0x24, 0x1B, 0x0C, 0x30, 0x00, 0x08, 0x00, 0x00, 0x08, 0x00, 0x00, 0x08, 0x00, 0x00, 0x08, 0xC0, 
   0x30, 0x6C, 0x93, 0xC6, 0x39, 0x0C, 0x03, 0x00, 0x02, 0x00, 0x00, 0x00, 0x00, 0x00, 0x00, 0x00, 
   0x00, 0x00, 0x00, 0x00, 0x00, 0x00, 0x00, 0x00, 0x00, 0x00, 0x00, 0x00, 0x00, 0x02, 0x00, 0x00, 
   0x02, 0x00, 0x00, 0x02, 0x00, 0x03, 0x0E, 0x31, 0x24, 0x1B, 0x0C, 0x30, 0x00, 0x08, 0x00, 0x00, 
   0x08, 0x00, 0x00, 0x08, 0x00, 0x00, 0x08, 0xC0, 0x30, 0x6C, 0x93, 0xC6, 0x39, 0x0C, 0x03, 0x00, 
   0x00, 0x00, 0x00, 0x00, 0x00, 0x00, 0x00, 0x00, 0x00, 0x00, 0x00, 0x00, 0x00, 0x00, 0x00, 0x00, 
   0x00, 0x00, 0x00, 0x00, 0x00, 0x00, 0x00, 0x00, 0x00, 0x00, 0xFF, 0x22, 0x55, 0x88, 0xFF, 0x3A, 
   0x38, 0x3C, 0x3A, 0x3A, 0x38, 0x54, 0x56, 0x56, 0x56, 0x58, 0x8A, 0x56, 0x58, 0x0C, 0x88, 0x88, 
   0x1E, 0x3E, 0xBA, 0x7F, 0x9E, 0x0C, 0x1C, 0x1E, 0x1E, 0x1C, 0x0F, 0x3C, 0x7E, 0xFE, 0x7F, 0x98, 
   0x54, 0x42, 0x42, 0x48, 0x4A, 0x4A, 0x4A, 0x4A, 0x86, 0x86, 0x86, 0x42, 0x42, 0x40, 0x86, 0x86, 
   0x78, 0xFE, 0x14, 0xBE, 0xB6, 0x60, 0x3C, 0x78, 0x54, 0x7C, 0xBC, 0xFC, 0xD8, 0xD8, 0xFC, 0x3A, 
   0x38, 0x3C, 0x3A, 0x3A, 0x38, 0x54, 0x56, 0x56, 0x56, 0x8A, 0x58, 0x5A, 0x88, 0x88, 0xC0, 0xE0, 
   0xE0, 0x90, 0x40, 0xA8, 0x78, 0xF0, 0x1C, 0xEE, 0xFE, 0xFB, 0x37, 0xE7, 0x8F, 0x7F, 0x6F, 0x4E, 
   0x70, 0x8C, 0xDC, 0xB8, 0x5E, 0xFE, 0x3C, 0x2C, 0x1E, 0x0C, 0x1E, 0x0F, 0x38, 0x7C, 0x70, 0xF4, 
   0xE4, 0xCC, 0xAA, 0xAF, 0xC7, 0xD7, 0xDC, 0xEB, 0xEF, 0xEE, 0x70, 0xF8, 0xB8, 0x78, 0x9C, 0xBC, 
   0x1C, 0x2C, 0x6B, 0xEB, 0xF6, 0x72, 0x76, 0x97, 0x6B, 0xF9, 0x78, 0xFE, 0x14, 0xBE, 0xB6, 0x60, 
   0x3C, 0x7B, 0xD7, 0xFC, 0x3C, 0x3E, 0x3E, 0x38, 0x1C, 0x1C, 0x3E, 0xBA, 0x7F, 0x9E, 0x0C, 0x1C, 
   0x7E, 0x7F, 0x1D, 0x3C, 0x7E, 0x7C, 0x58, 0x14, 0x78, 0xFE, 0x14, 0xBE, 0xB6, 0x60, 0x3C, 0xF8, 
   0xD7, 0x7F, 0x3C, 0x7D, 0xFF, 0xC3, 0x80, 0x1C, 0xBE, 0x7A, 0xBF, 0x1E, 0x0C, 0x1D, 0x3F, 0x7E, 
   0x5C, 0x3C, 0x7D, 0xFF, 0xC3, 0x82, 0x42, 0x42, 0x42, 0x00, 0x4A, 0x4A, 0x48, 0x86, 0x86, 0x86, 
   0x42, 0x42, 0x40, 0x86, 0x86, 0x3A, 0x38, 0x3C, 0x3A, 0x3A, 0x38, 0x54, 0x56, 0x56, 0x56, 0x8A, 
   0x58, 0x5A, 0x88, 0x88, 0x7C, 0xFE, 0xFE, 0xFF, 0x82, 0x7D, 0x3F, 0x7F, 0xDA, 0xFE, 0x7F, 0xFF, 
   0xFE, 0x7C, 0x30, 0x1C, 0x3E, 0x3E, 0x3F, 0x1D, 0x58, 0x7C, 0x7C, 0x3E, 0x7E, 0x7C, 0xFE, 0x7F, 
   0x2C, 0x04, 0x3C, 0x7E, 0xBD, 0xBD, 0xBF, 0xBD, 0xFD, 0xBD, 0xBD, 0x7E, 0x3C, 0x3C, 0x7E, 0xBD, 
   0xBD, 0xBF, 0xBD, 0xFD, 0xBD, 0xBD, 0x7E, 0x3C, 0x3C, 0x7E, 0xBD, 0xBD, 0xBF, 0xBD, 0xFD, 0xBD, 
   0xBD, 0x7E, 0x3C, 0x3C, 0x7E, 0xBD, 0xBD, 0xBF, 0xBD, 0xFD, 0xBD, 0xBD, 0x7E, 0x3C, 0x2A, 0x24, 
   0x2A, 0x24, 0x24, 0x26, 0x28, 0x2A, 0x2A, 0x2A, 0x10, 0x7C, 0x7C, 0x7C, 0x7C, 0x7C, 0x10, 0x10, 
   0x10, 0x10, 0x28, 0x26, 0x26, 0x28, 0x28, 0x26, 0x24, 0x22, 0x0E, 0x0E, 0x0E, 0xFE, 0xFE, 0x0E, 
   0x0E, 0x0E, 0x2A, 0x24, 0x2A, 0x24, 0x24, 0x26, 0x28, 0x2A, 0x2A, 0x2A, 0x00, 0x7C, 0x7C, 0x7C, 
   0x7C, 0x7C, 0x10, 0x10, 0x10, 0x10, 0x28, 0x26, 0x26, 0x28, 0x28, 0x26, 0x24, 0x22, 0x0E, 0x0E, 
   0x0E, 0xFE, 0xFE, 0x0E, 0x0E, 0x0E, 0x38, 0x7C, 0x7C, 0xDE, 0xFE, 0xFE, 0xFA, 0xF6, 0x6C, 0x7C, 
   0x38, 0x38, 0x7C, 0x7C, 0xDE, 0xFE, 0xFE, 0xFA, 0xF6, 0x6C, 0x7C, 0x38, 0x38, 0x7C, 0x7C, 0xDE, 
   0xFE, 0xFE, 0xFA, 0xF6, 0x6C, 0x7C, 0x38, 0x38, 0x7C, 0x7C, 0xDE, 0xFE, 0xFE, 0xFA, 0xF6, 0x6C, 
   0x7C, 0x38, 0xF2, 0xF4, 0xF6, 0x0C, 0x98, 0x96, 0x94, 0x18, 0x3C, 0x7E, 0xFF, 0xFF, 0xFF, 0x7E, 
   0x4C, 0x9E, 0x1E, 0xBE, 0xF4, 0xF4, 0xFE, 0xFE, 0x7E, 0x7C, 0x38, 0x96, 0x98, 0x9C, 0x9A, 0x9C, 
   0x9A, 0x98, 0x9A, 0x98, 0x96, 0x96, 0x96, 0x10, 0x38, 0x54, 0xBE, 0xFE, 0x92, 0x10, 0x10, 0x10, 
   0x14, 0x08, 0x30, 0x48, 0x84, 0xB4, 0x78, 0xFC, 0xCC, 0xB4, 0xCC, 0xFC, 0xFC, 0x42, 0x42, 0x48, 
   0x4A, 0x4A, 0x4A, 0x4A, 0x86, 0x86, 0x86, 0x42, 0x42, 0x40, 0x86, 0x86, 0x3A, 0x38, 0x3C, 0x3A, 
   0x3A, 0x38, 0x54, 0x56, 0x56, 0x56, 0x8A, 0x58, 0x5A, 0x88, 0x88, 0x78, 0xFE, 0x14, 0xBE, 0xB6, 
   0x60, 0x3C, 0x78, 0x54, 0x7C, 0xBC, 0xFC, 0xD8, 0xD8, 0xFC, 0x1C, 0x3E, 0xBA, 0x7F, 0x9E, 0x0C, 
   0x1C, 0x3E, 0x5E, 0x7C, 0x7C, 0xFE, 0x7E, 0x4C, 0x6A, 0x46, 0x84, 0x84, 0x84, 0x84, 0x84, 0x84, 
   0x44, 0x44, 0x44, 0x44, 0x44, 0x44, 0x42, 0x42, 0x48, 0x4A, 0x4A, 0x4A, 0x4A, 0x86, 0x86, 0x86, 
   0x42, 0x42, 0x40, 0x86, 0x86, 0x3A, 0x38, 0x3C, 0x3A, 0x3A, 0x38, 0x54, 0x56, 0x56, 0x56, 0x8A, 
   0x58, 0x5A, 0x88, 0x88, 0x10, 0x7C, 0x7C, 0x7C, 0x7C, 0x7C, 0x10, 0x10, 0x10, 0x10, 0x2A, 0x24, 
   0x2A, 0x24, 0x24, 0x26, 0x28, 0x2A, 0x2A, 0x2A, 0x2A, 0x44, 0x54, 0x26, 0x24, 0x24, 0x24, 0x26, 
   0x24, 0x24, 0x24, 0x26, 0x24, 0x24, 0x24, 0x24, 0x24, 0x24, 0x24, 0x24, 0x24, 0x24, 0x24, 0x24, 
   0x24, 0x26, 0x24, 0x24, 0x26, 0x24, 0x26, 0x24, 0x26, 0xC0, 0xE0, 0xE0, 0x90, 0x40, 0xA8, 0x78, 
   0xD0, 0xAC, 0xFE, 0xAE, 0x1B, 0xF7, 0xE7, 0x8F, 0x7F, 0x6F, 0x4E, 0x70, 0x8C, 0xDE, 0xBF, 0x5F, 
   0xFF, 0x2E, 0x1C, 0x1E, 0x0F, 0x00, 0x00, 0x26, 0x28, 0x2C, 0x2A, 0x2C, 0x2A, 0x28, 0x2A, 0x28, 
   0x26, 0x26, 0x26, 0x84, 0xCE, 0xCF, 0x2B, 0x83, 0x57, 0xF7, 0xAE, 0x5C, 0xFE, 0x5E, 0x3E, 0xFC, 
   0xFC, 0x18, 0xE8, 0xE8, 0xA8, 0xE8, 0x18, 0xBC, 0x7C, 0xBC, 0xFC, 0x78, 0x58, 0x3C, 0x00, 0x3C, 
   0x1E, 0x00, 0x00, 0x94, 0xBE, 0xBE, 0xBE, 0xBE, 0xBE, 0xBE, 0x26, 0x26, 0x26, 0xBE, 0xBE, 0xBE, 
   0xBE, 0xBE, 0x94, 0x94, 0x26, 0x26, 0x24, 0x04, 0x04, 0x04, 0x04, 0x04, 0x04, 0x04, 0x04, 0x04, 
   0x04, 0x04, 0x04, 0x04, 0x04, 0x26, 0x26, 0x24, 0x04, 0x04, 0x04, 0x04, 0x04, 0x04, 0x04, 0x04, 
   0x04, 0x04, 0x04, 0x04, 0x04, 0x04, 0x26, 0x24, 0x26, 0x04, 0x04, 0x04, 0x04, 0x04, 0x04, 0x04, 
   0x04, 0x04, 0x04, 0x04, 0x04, 0x04, 0x04, 0x26, 0x26, 0x24, 0x04, 0x04, 0x04, 0x04, 0x04, 0x04, 
   0x04, 0x04, 0x04, 0x04, 0x04, 0x04, 0x04, 0x04, 0x26, 0x24, 0x26, 0xFF, 0xFF, 0xFF, 0xFF, 0xFF, 
   0xFF, 0xFF, 0xFF, 0xFF, 0xFF, 0xFF, 0xFF, 0xFF, 0xFF, 0xFF, 0xFF, 0xFF, 0xFF, 0xFF, 0xFF, 0xFF, 
   0xFF, 0xFF, 0xFF, 0xFF, 0xFF, 0xFF, 0xFF, 0xFF, 0xFF, 0xFF, 0xFF, 0xFF, 0xFF, 0xFF, 0xFF, 0xFF, 
   0xFF, 0xFF, 0xFF, 0xFF, 0xFF, 0xFF, 0xFF, 0xFF, 0xFF, 0xFF, 0xFF, 0xFF, 0xFF, 0xFF, 0xFF, 0xFF, 
   0xFF, 0xFF, 0xFF, 0xFF, 0xFF, 0xFF, 0xFF, 0xFF, 0xFF, 0xFF, 0xFF, 0xFF, 0xFF, 0xFF, 0xFF, 0xFF, 
   0xFF, 0xFF, 0xFF, 0xFF, 0xFF, 0xFF, 0xFF, 0xFF, 0xFF, 0xFF, 0xFF, 0xFF, 0xFF, 0xFF, 0xFF, 0xFF, 
   0xFF, 0xFF, 0xFF, 0xFF, 0xFF, 0xFF, 0xFF, 0xFF, 0xFF, 0xFF, 0xFF, 0xFF, 0xFF, 0xFF, 0xFF, 0xFF, 
   0xFF, 0xFF, 0xFF, 0xFF, 0xFF, 0xFF, 0xFF, 0xFF, 0xFF, 0xFF, 0xFF, 0xFF, 0xFF, 0xFF, 0xFF, 0xFF, 
   0xFF, 0xFF, 0xFF, 0xFF, 0xA2, 0xFF, 0x8E, 0x58, 0x10, 0x9A, 0xA9, 0x18, 0x48, 0xA9, 0x37, 0x48, 
   0x48, 0x8A, 0x48, 0xBA, 0xB5, 0x04, 0x2A, 0x2A, 0x2A, 0x2A, 0x29, 0x07, 0xAA, 0xE8, 0xBD, 0xF5, 
   0x1F, 0x68, 0xAA, 0x68, 0x60, 0xFF, 0xFF, 0xFF, 0xFF, 0xFF, 0xFF, 0xFF, 0xFF, 0xFF, 0xFF, 0xFF, 
   0x00, 0x00, 0x00, 0x00, 0xAC, 0x1C, 0x5A, 0x00, 0x68, 0x78, 0x5F, 0x00, 0xB5, 0x25, 0x65, 0x00, 
   0x6E, 0x29, 0x6B, 0x00, 0xB5, 0x88, 0x71, 0x00, 0xFC, 0x48, 0x78, 0x00, 0x07, 0x70, 0x7F, 0x00, 
   0xF4, 0x03, 0x87, 0x00, 0x3C, 0x0B, 0x8F, 0x00, 0xBA, 0x8C, 0x97, 0x00, 0xB3, 0x8F, 0xA0, 0x00, 
   0xDB, 0x1B, 0xAA, 0x00, 0x58, 0x39, 0xB4, 0x00, 0xD0, 0xF0, 0xBE, 0x00, 0x6B, 0x4B, 0xCA, 0x00, 
   0xDC, 0x52, 0xD6, 0x00, 0x69, 0x11, 0xE3, 0x00, 0xF7, 0x91, 0xF0, 0x00, 0x0F, 0xE0, 0xFE, 0x00, 
   0xE9, 0x07, 0x0E, 0x01, 0x78, 0x16, 0x1E, 0x01, 0x74, 0x19, 0x2F, 0x01, 0x67, 0x1F, 0x41, 0x01, 
   0xB5, 0x37, 0x54, 0x01, 0xB0, 0x72, 0x68, 0x01, 0xA0, 0xE1, 0x7D, 0x01, 0xD6, 0x96, 0x94, 0x01, 
   0xB7, 0xA5, 0xAC, 0x01, 0xD2, 0x22, 0xC6, 0x01, 0xEE, 0x23, 0xE1, 0x01, 0x1D, 0xC0, 0xFD, 0x01, 
   0xD1, 0x0F, 0x1C, 0x02, 0xF0, 0x2C, 0x3C, 0x02, 0xE9, 0x32, 0x5E, 0x02, 0xCD, 0x3E, 0x82, 0x02, 
   0x6A, 0x6F, 0xA8, 0x02, 0x60, 0xE5, 0xD0, 0x02, 0x41, 0xC3, 0xFB, 0x02, 0xAC, 0x2D, 0x29, 0x03, 
   0x6E, 0x4B, 0x59, 0x03, 0xA5, 0x45, 0x8C, 0x03, 0xDD, 0x47, 0xC2, 0x03, 0x3B, 0x80, 0xFB, 0x03, 
   0xA3, 0x1F, 0x38, 0x04, 0xE0, 0x59, 0x78, 0x04, 0xD1, 0x65, 0xBC, 0x04, 0x9B, 0x7D, 0x04, 0x05, 
   0xD5, 0xDE, 0x50, 0x05, 0xC1, 0xCA, 0xA1, 0x05, 0x82, 0x86, 0xF7, 0x05, 0x57, 0x5B, 0x52, 0x06, 
   0xDD, 0x96, 0xB2, 0x06, 0x4A, 0x8B, 0x18, 0x07, 0xB9, 0x8F, 0x84, 0x07, 0x76, 0x00, 0xF7, 0x07, 
   0x46, 0x3F, 0x70, 0x08, 0xBF, 0xB3, 0xF0, 0x08, 0xA3, 0xCB, 0x78, 0x09, 0x36, 0xFB, 0x08, 0x0A, 
   0xA9, 0xBD, 0xA1, 0x0A, 0x81, 0x95, 0x43, 0x0B, 0x03, 0x0D, 0xEF, 0x0B, 0xAF, 0xB6, 0xA4, 0x0C, 
   0xB9, 0x2D, 0x65, 0x0D, 0x93, 0x16, 0x31, 0x0E, 0x73, 0x1F, 0x09, 0x0F, 0xEC, 0x00, 0xEE, 0x0F, 
   0x8B, 0x7E, 0xE0, 0x10, 0x7F, 0x67, 0xE1, 0x11, 0x45, 0x97, 0xF1, 0x12, 0x6C, 0xF6, 0x11, 0x14, 
   0x53, 0x7B, 0x43, 0x15, 0x02, 0x2B, 0x87, 0x16, 0x06, 0x1A, 0xDE, 0x17, 0x5D, 0x6D, 0x49, 0x19, 
   0x73, 0x5B, 0xCA, 0x1A, 0x26, 0x2D, 0x62, 0x1C, 0xE6, 0x3E, 0x12, 0x1E, 0xD8, 0x01, 0xDC, 0x1F, 
   0x17, 0xFD, 0xC0, 0x21, 0xFD, 0xCE, 0xC2, 0x23, 0x8A, 0x2E, 0xE3, 0x25, 0xD7, 0xEC, 0x23, 0x28, 
   0xA6, 0xF6, 0x86, 0x2A, 0x04, 0x56, 0x0E, 0x2D, 0x0C, 0x34, 0xBC, 0x2F, 0xBB, 0xDA, 0x92, 0x32, 
   0xE5, 0xB6, 0x94, 0x35, 0x00, 0x00, 0x00, 0x00, 0x00, 0x00, 0x00, 0x00, 0x00, 0x00, 0x00, 0x00, 
   0x00, 0x00, 0x00, 0x00, 0x00, 0x00, 0x00, 0x00, 0x00, 0x00, 0x00, 0x00, 0x00, 0x00, 0x00, 0x00, 
   0x00, 0x00, 0x00, 0x00, 0x00, 0x00, 0x00, 0x00, 0x00, 0x00, 0x00, 0x00, 0x00, 0x00, 0x00, 0x00, 
   0x00, 0x00, 0x00, 0x00, 0x00, 0x00, 0x00, 0x00, 0x00, 0x00, 0x00, 0x00, 0x00, 0x00, 0x00, 0x00, 
   0x00, 0x00, 0x00, 0x00, 0x00, 0x00, 0x00, 0x00, 0x00, 0x00, 0x00, 0x00, 0x00, 0x00, 0x00, 0x00, 
   0x00, 0x00, 0x00, 0x00, 0x00, 0x00, 0x00, 0x00, 0x00, 0x00, 0x00, 0x00, 0x00, 0x00, 0x00, 0x00, 
   0x00, 0x00, 0x00, 0x00, 0x00, 0x00, 0x00, 0x00, 0x00, 0x00, 0x00, 0x00, 0x00, 0x00, 0x00, 0x00, 
   0x00, 0x00, 0x00, 0x00, 0x00, 0x00, 0x00, 0x00, 0x00, 0x00, 0x00, 0x00, 0x00, 0x00, 0x00, 0x00, 
   0x00, 0x00, 0x00, 0x00, 0x00, 0x00, 0x00, 0x00, 0x00, 0x00, 0x00, 0x00, 0x00, 0x00, 0x00, 0x00, 
   0x00, 0x00, 0x00, 0x00, 0x00, 0x00, 0x00, 0x00, 0x00, 0x00, 0x00, 0x00, 0x00, 0x00, 0x00, 0x00, 
   0x00, 0x00, 0x00, 0x00, 0x00, 0x00, 0x00, 0x00, 0x00, 0x00, 0x00, 0x00, 0x00, 0x00, 0x00, 0x00, 
   0x00, 0x00, 0x00, 0x00, 0x00, 0x00, 0x00, 0x00, 0x00, 0x00, 0x00, 0x00, 0x00, 0x00, 0x00, 0x00, 
   0x00, 0x00, 0x00, 0x00, 0x00, 0x00, 0x00, 0x00, 0x00, 0x00, 0x00, 0x00, 0x00, 0x00, 0x00, 0x00, 
   0x00, 0x00, 0x00, 0x00, 0x00, 0x00, 0x00, 0x00, 0x00, 0x00, 0x00, 0x00, 0x00, 0x00, 0x00, 0x00, 
   0x00, 0x00, 0x00, 0x00, 0x00, 0x00, 0x00, 0x00, 0x00, 0x00, 0x00, 0x00, 0x00, 0x00, 0x00, 0x00, 
   0x00, 0x00, 0x00, 0x00, 0x00, 0x00, 0x00, 0x00, 0x00, 0x00, 0x00, 0x00, 0x00, 0x00, 0x00, 0x00, 
   0x00, 0x00, 0x00, 0x00, 0x00, 0x00, 0x00, 0x00, 0x00, 0x00, 0x00, 0x00, 0x00, 0x00, 0x00, 0x00, 
   0x00, 0x00, 0x00, 0x00, 0x00, 0x00, 0x00, 0x00, 0x00, 0x00, 0x00, 0x00, 0x00, 0x00, 0x00, 0x00, 
   0x00, 0x00, 0x00, 0x00, 0x00, 0x00, 0x00, 0x00, 0x00, 0x00, 0x00, 0x00, 0x00, 0x00, 0x00, 0x00, 
   0x00, 0x00, 0x00, 0x00, 0x00, 0x00, 0x00, 0x00, 0x00, 0x00, 0x00, 0x00, 0x00, 0x00, 0x00, 0x00, 
   0x00, 0x00, 0x00, 0x00, 0x00, 0x00, 0x00, 0x00, 0x00, 0x00, 0x00, 0x00, 0x00, 0x00, 0x00, 0x00, 
   0x00, 0x00, 0x00, 0x00, 0x00, 0x00, 0x00, 0x00, 0x00, 0x00, 0x00, 0x00, 0x00, 0x00, 0x00, 0x00, 
   0x00, 0x00, 0x00, 0x00, 0x00, 0x00, 0x00, 0x00, 0x00, 0x00, 0x00, 0x00, 0x00, 0x00, 0x00, 0x00, 
   0x00, 0x00, 0x00, 0x00, 0x00, 0x00, 0x00, 0x00, 0x00, 0x00, 0x00, 0x00, 0x00, 0x00, 0x00, 0x00, 
   0x00, 0x00, 0x00, 0x00, 0x00, 0x00, 0x00, 0x00, 0x00, 0x00, 0x00, 0x00, 0x00, 0x00, 0x00, 0x00, 
   0x00, 0x00, 0x00, 0x00, 0x00, 0x00, 0x00, 0x00, 0x00, 0x00, 0x00, 0x00, 0x00, 0x00, 0x00, 0x00, 
   0x00, 0x00, 0x00, 0x00, 0x00, 0x00, 0x00, 0x00, 0x00, 0x00, 0x00, 0x00, 0x00, 0x00, 0x00, 0x00, 
   0x00, 0x00, 0x00, 0x00, 0x00, 0x00, 0x00, 0x00, 0x00, 0x00, 0x00, 0x00, 0x00, 0x00, 0x00, 0x00, 
   0x00, 0x00, 0x00, 0x00, 0x00, 0x00, 0x00, 0x00, 0x00, 0x00, 0x00, 0x00, 0x00, 0x00, 0x00, 0x00, 
   0x00, 0x00, 0x00, 0x00, 0x00, 0x00, 0x00, 0x00, 0x00, 0x00, 0x00, 0x00, 0x00, 0x00, 0x00, 0x00, 
   0x00, 0x00, 0x00, 0x00, 0x00, 0x00, 0x00, 0x00, 0x00, 0x00, 0x00, 0x00, 0x00, 0x00, 0x00, 0x00, 
   0x00, 0x00, 0x00, 0x00, 0x00, 0x00, 0x00, 0x00, 0x00, 0x00, 0x00, 0x00, 0x00, 0x00, 0x00, 0x00, 
   0x00, 0x00, 0x00, 0x00, 0x00, 0x00, 0x00, 0x00, 0x00, 0x00, 0x00, 0x00, 0x00, 0x00, 0x00, 0x00, 
   0x00, 0x00, 0x00, 0x00, 0x00, 0x00, 0x00, 0x00, 0x00, 0x00, 0x00, 0x00, 0x00, 0x00, 0x00, 0x00, 
   0x00, 0x00, 0x00, 0x00, 0x00, 0x00, 0x00, 0x00, 0x00, 0x00, 0x00, 0x00, 0x00, 0x00, 0x00, 0x00, 
   0x00, 0x00, 0x00, 0x00, 0x00, 0x00, 0x00, 0x00, 0x00, 0x00, 0x00, 0x00, 0x00, 0x00, 0x00, 0x00, 
   0x00, 0x00, 0x00, 0x00, 0x00, 0x00, 0x00, 0x00, 0x00, 0x00, 0x00, 0x00, 0x00, 0x00, 0x00, 0x00, 
   0x00, 0x00, 0x00, 0x00, 0x00, 0x00, 0x00, 0x00, 0x00, 0x00, 0x00, 0x00, 0x00, 0x00, 0x00, 0x00, 
   0x00, 0x00, 0x00, 0x00, 0x00, 0x00, 0x00, 0x00, 0x00, 0x00, 0x00, 0x00, 0x00, 0x00, 0x00, 0x00, 
   0x00, 0x00, 0x00, 0x00, 0x00, 0x00, 0x00, 0x00, 0x00, 0x00, 0x00, 0x00, 0x00, 0x00, 0x00, 0x00, 
   0x00, 0x00, 0x00, 0x00, 0x00, 0x00, 0x00, 0x00, 0x00, 0x00, 0x00, 0x00, 0x00, 0x00, 0x00, 0x00, 
   0x00, 0x00, 0x00, 0x00, 0x00, 0x00, 0x00, 0x00, 0x00, 0x00, 0x00, 0x00, 0x00, 0x00, 0x00, 0x00, 
};
static const uint32_t dkarcade2600_size = 32768;

#endif

