#ifndef ROM_riverraid2_H
#define ROM_riverraid2_H

#include <stdint.h>

static const uint8_t rom_riverraid2[] = {
   0x58, 0x2C, 0xF9, 0xFF, 0x68, 0xAC, 0x84, 0x02, 0xD0, 0xFB, 0x85, 0x02, 0x84, 0x09, 0x85, 0x01, 
   0xA0, 0x01, 0xEA, 0xCA, 0x10, 0xFD, 0x85, 0x14, 0x85, 0x02, 0x85, 0x2A, 0xA9, 0x04, 0x85, 0x09, 
   0x84, 0x25, 0x84, 0x26, 0xA2, 0xF3, 0xEA, 0x84, 0x0B, 0x84, 0x0C, 0x86, 0x04, 0x86, 0x05, 0x85, 
   0x2B, 0x86, 0x20, 0x8D, 0x10, 0x00, 0x85, 0x11, 0x85, 0x08, 0xA5, 0xC5, 0x20, 0x00, 0x9E, 0xA9, 
   0x00, 0x85, 0x02, 0x85, 0x2A, 0x85, 0x25, 0x85, 0x26, 0x85, 0x04, 0xA9, 0x73, 0x38, 0xE5, 0xAC, 
   0x85, 0xC5, 0xA9, 0x02, 0x85, 0x05, 0xA9, 0x0E, 0x85, 0x07, 0xA5, 0xC8, 0x85, 0x20, 0x29, 0x0F, 
   0xAA, 0xA9, 0x35, 0x85, 0x21, 0x85, 0x02, 0x85, 0x2A, 0x29, 0x0F, 0xA8, 0xA5, 0xC5, 0x88, 0x10, 
   0xFD, 0x85, 0x11, 0xEA, 0x85, 0x02, 0xA9, 0x00, 0x85, 0x09, 0x85, 0x08, 0xA9, 0x01, 0x85, 0x0A, 
   0xCA, 0xD0, 0xFD, 0xEA, 0x85, 0x10, 0x85, 0x02, 0x85, 0x2A, 0xA9, 0xB2, 0x85, 0x09, 0xA9, 0x06, 
   0x85, 0x08, 0xA6, 0xC5, 0xA4, 0xCC, 0x20, 0x3C, 0x9E, 0xA5, 0xC5, 0x85, 0x2B, 0xA4, 0xCE, 0xD0, 
   0x0F, 0xA4, 0xCC, 0xD0, 0x03, 0x4C, 0x3F, 0x91, 0xA5, 0xC5, 0xA5, 0xC5, 0xEA, 0x4C, 0x00, 0x91, 
   0x85, 0x02, 0x85, 0x2A, 0xE0, 0x11, 0x90, 0x0B, 0xA5, 0xC5, 0xA5, 0xC5, 0xA5, 0xC5, 0xA5, 0xC5, 
   0x4C, 0xCC, 0x90, 0xB5, 0xE7, 0x85, 0x1B, 0xBD, 0x3C, 0x9E, 0x85, 0x06, 0xCA, 0xE4, 0xE6, 0xF0, 
   0x10, 0x88, 0xD0, 0xDC, 0xA4, 0xCC, 0x20, 0x3C, 0x9E, 0xA5, 0xC5, 0xA5, 0xC5, 0xEA, 0x4C, 0x00, 
   0x91, 0x4C, 0x99, 0x91, 0x4C, 0x3F, 0x91, 0xA5, 0xC5, 0xA5, 0xC5, 0xA5, 0xC5, 0x4C, 0x1A, 0x91, 
   0x00, 0x00, 0x00, 0x00, 0x00, 0x00, 0x00, 0x00, 0x00, 0x00, 0x00, 0x00, 0x00, 0x00, 0x00, 0x00, 
   0xB9, 0x00, 0x97, 0x85, 0x08, 0xA9, 0x00, 0x85, 0x1E, 0xE0, 0x11, 0x85, 0x0E, 0x85, 0x2A, 0xB0, 
   0xD6, 0xB5, 0xE7, 0x85, 0x1B, 0xBD, 0x3C, 0x9E, 0x85, 0x06, 0xB9, 0x00, 0x98, 0x85, 0x1C, 0xB9, 
   0x00, 0x9A, 0x85, 0x0F, 0xB9, 0x00, 0x99, 0x85, 0x0E, 0xB9, 0x00, 0x9B, 0x85, 0x1E, 0xCA, 0xE4, 
   0xE6, 0xF0, 0xAE, 0x88, 0xD0, 0xCA, 0xF0, 0x07, 0x85, 0x02, 0x85, 0x2A, 0x4C, 0x99, 0x91, 0x84, 
   0x0E, 0x85, 0x02, 0x85, 0x2A, 0xE0, 0x11, 0xB0, 0x09, 0xB5, 0xE7, 0x85, 0x1B, 0xBD, 0x3C, 0x9E, 
   0x85, 0x06, 0xCA, 0xE4, 0xE6, 0xD0, 0x03, 0x4C, 0x99, 0x91, 0xA9, 0xB6, 0x85, 0x08, 0xA5, 0xCD, 
   0x85, 0xC5, 0x29, 0x1F, 0xA8, 0xA9, 0x02, 0x85, 0x1F, 0x85, 0x02, 0x85, 0x2A, 0xB9, 0x00, 0x9C, 
   0x85, 0x24, 0xB9, 0x00, 0x9C, 0x85, 0x0A, 0xE0, 0x11, 0xB0, 0x09, 0xB5, 0xE7, 0x85, 0x1B, 0xBD, 
   0x3C, 0x9E, 0x85, 0x06, 0xC6, 0xC5, 0xD0, 0x04, 0xA9, 0x00, 0x85, 0x1F, 0x88, 0x98, 0x29, 0x1F, 
   0xA8, 0xCA, 0xE4, 0xE6, 0xD0, 0xD3, 0x4C, 0x99, 0x91, 0xA2, 0x00, 0x85, 0x02, 0x85, 0x2A, 0x86, 
   0x09, 0x86, 0x0D, 0x86, 0x0E, 0x86, 0x1D, 0x86, 0x26, 0x86, 0x1F, 0x86, 0x1C, 0x86, 0x1B, 0x86, 
   0x0F, 0x86, 0x1E, 0xA5, 0x02, 0x85, 0xFB, 0x85, 0x2C, 0x85, 0x14, 0xA5, 0x9C, 0xC9, 0xF8, 0xB0, 
   0x03, 0x4C, 0xE9, 0x9F, 0x85, 0x02, 0x85, 0x2A, 0xA9, 0x04, 0x85, 0x09, 0xA6, 0xC4, 0xBD, 0x40, 
   0x9C, 0x85, 0xE3, 0xA4, 0xC3, 0xB9, 0x40, 0x9C, 0x85, 0xE1, 0xA2, 0x00, 0x85, 0x02, 0x85, 0x2A, 
   0xA5, 0xCE, 0xF0, 0x04, 0xC9, 0x40, 0x90, 0x26, 0xA5, 0xAC, 0x18, 0x65, 0xCC, 0xB0, 0x1F, 0xC9, 
   0x64, 0xB0, 0x1B, 0xA5, 0xC1, 0x38, 0xE9, 0x31, 0x4A, 0x4A, 0x85, 0xC5, 0xA9, 0x28, 0x38, 0xE5, 
   0xC5, 0x85, 0xD0, 0xA9, 0x23, 0x38, 0xE5, 0xAC, 0x4A, 0x18, 0x69, 0x15, 0x85, 0xD1, 0xA2, 0x00, 
   0x85, 0x02, 0x85, 0x2A, 0x86, 0x1B, 0x86, 0x1C, 0xA9, 0x06, 0x85, 0x09, 0xA2, 0x15, 0x86, 0x0A, 
   0xA6, 0xD0, 0xBD, 0x28, 0x9C, 0x85, 0x21, 0x29, 0x0F, 0xAA, 0x85, 0x02, 0x85, 0x2A, 0xA9, 0x08, 
   0x85, 0x09, 0xEA, 0xCA, 0x10, 0xFD, 0x85, 0x11, 0x85, 0x02, 0x85, 0x2A, 0xA9, 0x06, 0x85, 0x09, 
   0xA9, 0x07, 0x85, 0x04, 0x20, 0x3C, 0x9E, 0x20, 0x3C, 0x9E, 0xEA, 0x85, 0x10, 0x85, 0x2B, 0x85, 
   0x02, 0x85, 0x2A, 0xA9, 0xDF, 0x85, 0xDA, 0x85, 0xDC, 0x85, 0xDE, 0x85, 0xE0, 0x85, 0xE2, 0x85, 
   0xE4, 0xA9, 0x04, 0x85, 0x07, 0x85, 0x02, 0x85, 0x2A, 0xA9, 0x02, 0x85, 0x09, 0x85, 0x07, 0xA9, 
   0x06, 0x85, 0x08, 0xA9, 0xFF, 0x85, 0x0D, 0x85, 0x0E, 0xA9, 0x07, 0x85, 0x0F, 0x85, 0x2B, 0xA5, 
   0xCD, 0xA6, 0xCC, 0xF0, 0x02, 0xA9, 0xFF, 0x4A, 0x4A, 0x4A, 0x09, 0x03, 0x85, 0xC5, 0xA4, 0xD1, 
   0xA2, 0x14, 0xA9, 0x0E, 0x85, 0x06, 0x85, 0x02, 0x85, 0x2A, 0xB9, 0x85, 0x9C, 0x85, 0x09, 0xBD, 
   0x70, 0x9C, 0x85, 0x1B, 0xC0, 0x15, 0xB0, 0x12, 0xC0, 0x11, 0x90, 0x0E, 0x84, 0xC7, 0xA4, 0xC5, 
   0xB9, 0xB1, 0x9C, 0x85, 0x1C, 0x88, 0x84, 0xC5, 0xA4, 0xC7, 0x88, 0xCA, 0x10, 0xD8, 0xEA, 0xEA, 
   0xA9, 0x00, 0x85, 0x0B, 0x85, 0x1E, 0x85, 0x1C, 0x85, 0x1B, 0x85, 0x1C, 0x85, 0x02, 0x85, 0x2A, 
   0xA9, 0x02, 0x85, 0x09, 0xA0, 0x00, 0x84, 0x1B, 0x84, 0x1E, 0xC8, 0xA9, 0x0C, 0x84, 0x04, 0x84, 
   0x05, 0x85, 0x06, 0xA2, 0x90, 0x8D, 0x10, 0x00, 0x85, 0x11, 0x85, 0x07, 0x84, 0x25, 0x85, 0x26, 
   0x8D, 0x12, 0x00, 0x86, 0x20, 0xA2, 0xA2, 0x86, 0x21, 0x86, 0x1F, 0x85, 0x02, 0x85, 0x2A, 0xA9, 
   0xFF, 0x85, 0x0F, 0xA0, 0x2C, 0x84, 0xC7, 0xA9, 0xA5, 0x85, 0xD9, 0xA9, 0xAA, 0xA2, 0xAF, 0xA0, 
   0xB4, 0x85, 0xDB, 0x86, 0xDD, 0x84, 0xDF, 0x18, 0x85, 0x2B, 0x85, 0x02, 0x85, 0x2A, 0xA5, 0xE1, 
   0x29, 0x0F, 0xAA, 0xA5, 0xC3, 0x69, 0x01, 0xAC, 0xE1, 0x00, 0xCA, 0x10, 0xFD, 0x85, 0x14, 0x84, 
   0x24, 0x85, 0x02, 0x85, 0x2A, 0xA0, 0x30, 0x84, 0x0A, 0xA0, 0x60, 0x84, 0x09, 0x4A, 0x4A, 0x4A, 
   0xA8, 0xB9, 0x58, 0x9E, 0x85, 0xC5, 0xB9, 0x5E, 0x9E, 0x85, 0xC6, 0x85, 0x2B, 0xA0, 0x04, 0xA5, 
   0xC5, 0xA5, 0xC5, 0xA9, 0x02, 0x85, 0x1D, 0x4C, 0xCB, 0x9F, 0xA5, 0x9C, 0xC9, 0x03, 0xD0, 0x19, 
   0xC6, 0xA9, 0xC6, 0x9A, 0xD0, 0x13, 0xE6, 0x98, 0xA6, 0x98, 0xBD, 0xA9, 0x95, 0x85, 0x9A, 0xBD, 
   0x00, 0x9D, 0x85, 0xC8, 0xBD, 0x7D, 0x9D, 0x85, 0xCD, 0xA5, 0x81, 0xC9, 0x87, 0x90, 0x02, 0x29, 
   0x7F, 0x18, 0x69, 0x3C, 0x85, 0xAD, 0xA5, 0x81, 0x4A, 0x4A, 0x29, 0x07, 0xAA, 0xA5, 0x9C, 0xC9, 
   0x03, 0xD0, 0x08, 0xA5, 0x81, 0x45, 0x80, 0x50, 0x02, 0xA2, 0x07, 0xE0, 0x07, 0xD0, 0x13, 0xA2, 
   0x00, 0xA5, 0x9C, 0xC9, 0x03, 0xD0, 0x0B, 0xA5, 0x81, 0x65, 0x80, 0x4A, 0x29, 0x03, 0x18, 0x69, 
   0x07, 0xAA, 0xA5, 0x9E, 0xC9, 0x73, 0xB0, 0x0E, 0xC9, 0x6E, 0x90, 0x0A, 0xA2, 0x01, 0xA5, 0x81, 
   0xC9, 0xE8, 0x90, 0x02, 0xA2, 0x04, 0xA4, 0x9C, 0xBD, 0x1E, 0x95, 0xC9, 0x17, 0xD0, 0x08, 0xC0, 
   0x03, 0xD0, 0x04, 0xA9, 0x20, 0xA2, 0x07, 0xA4, 0x9E, 0xC0, 0x6E, 0xF0, 0x40, 0xA4, 0xA0, 0xC0, 
   0x74, 0xD0, 0x2A, 0xA9, 0x23, 0x85, 0xB3, 0xA9, 0x07, 0x85, 0xB9, 0xA9, 0x02, 0x85, 0x9A, 0xA9, 
   0x01, 0x85, 0x98, 0xA9, 0x70, 0x85, 0xAD, 0xA5, 0xC8, 0xD0, 0x0F, 0xA9, 0x05, 0x85, 0x98, 0xA2, 
   0x40, 0xA5, 0x96, 0x4A, 0x90, 0x02, 0xA2, 0xA0, 0x86, 0xAD, 0x4C, 0x1B, 0x95, 0xC0, 0x6E, 0x90, 
   0x04, 0xC0, 0x74, 0x90, 0x08, 0xC0, 0x07, 0xF0, 0x04, 0xA4, 0x9C, 0xD0, 0x03, 0xA9, 0x00, 0xAA, 
   0x85, 0xB3, 0xE0, 0x23, 0x90, 0x07, 0xA9, 0x00, 0x85, 0xB9, 0x4C, 0x7B, 0x94, 0x8A, 0x0A, 0x0A, 
   0x85, 0xC5, 0xA5, 0x81, 0x4A, 0x4A, 0x4A, 0x4A, 0x29, 0x03, 0xC5, 0x96, 0xF0, 0x03, 0x90, 0x01, 
   0x4A, 0x05, 0xC5, 0xAA, 0xA5, 0x81, 0x45, 0x80, 0x4A, 0x29, 0x03, 0x05, 0xC5, 0xA8, 0xA5, 0x81, 
   0x18, 0x65, 0x80, 0x29, 0x08, 0x1D, 0x51, 0x95, 0x19, 0x71, 0x95, 0x85, 0xB9, 0xA5, 0xB3, 0xC9, 
   0x02, 0xD0, 0x18, 0xA5, 0x81, 0x18, 0x65, 0x80, 0x29, 0x0F, 0xC5, 0x96, 0xF0, 0x05, 0x90, 0x03, 
   0x4A, 0xD0, 0xF7, 0xAA, 0xA5, 0xB9, 0x1D, 0x91, 0x95, 0x85, 0xB9, 0xA5, 0x9C, 0xC9, 0x03, 0xD0, 
   0x78, 0xA5, 0xB3, 0xC9, 0x1A, 0xB0, 0x03, 0x4C, 0x1B, 0x95, 0xA9, 0x26, 0x85, 0xC6, 0xA9, 0x96, 
   0x85, 0xC7, 0xA5, 0xB3, 0xC9, 0x24, 0x90, 0x0B, 0xA5, 0xC6, 0x18, 0x69, 0x07, 0x85, 0xC6, 0x90, 
   0x02, 0xE6, 0xC7, 0xA9, 0x00, 0x85, 0xC5, 0xA5, 0xC8, 0xA0, 0x06, 0xD1, 0xC6, 0xF0, 0x14, 0x88, 
   0x10, 0xF9, 0xA9, 0x20, 0x85, 0xC5, 0xA5, 0xCD, 0xA0, 0x06, 0xD1, 0xC6, 0xF0, 0x05, 0x88, 0x10, 
   0xF9, 0xA0, 0x07, 0xB9, 0x34, 0x96, 0xC9, 0xD1, 0xD0, 0x0A, 0x85, 0xAD, 0xA9, 0x00, 0x85, 0xB9, 
   0x85, 0xB3, 0xF0, 0x47, 0x18, 0x65, 0xC5, 0x85, 0xC5, 0xA5, 0x81, 0x45, 0x80, 0x10, 0x07, 0xA9, 
   0xFC, 0x38, 0xE5, 0xC5, 0x85, 0xC5, 0xA5, 0xC5, 0x85, 0xAD, 0xA6, 0xB3, 0xE0, 0x24, 0xB0, 0x03, 
   0x4A, 0xB0, 0x28, 0xA9, 0x00, 0x85, 0xB9, 0xF0, 0x22, 0xA6, 0xA9, 0xBD, 0x29, 0x95, 0x4A, 0x4A, 
   0x4A, 0x4A, 0xC9, 0x08, 0x90, 0x02, 0x09, 0xF0, 0x18, 0x65, 0xBF, 0xC9, 0xD1, 0x90, 0x03, 0x38, 
   0xE9, 0xA0, 0xC9, 0x31, 0xB0, 0x03, 0x18, 0x69, 0xA0, 0x85, 0xBF, 0x4C, 0xC7, 0x9F, 0x00, 0x02, 
   0x11, 0x14, 0x17, 0x1A, 0x1D, 0x24, 0x25, 0x26, 0x27, 0x00, 0x00, 0xF2, 0xF2, 0x00, 0x80, 0x80, 
   0x02, 0x00, 0x80, 0x80, 0x80, 0x80, 0x02, 0xF2, 0xF2, 0x80, 0x00, 0x00, 0x00, 0x00, 0x02, 0x00, 
   0x00, 0x00, 0x00, 0x00, 0x00, 0x00, 0x00, 0x00, 0x00, 0x00, 0x00, 0x00, 0x00, 0x00, 0x00, 0x00, 
   0x70, 0x00, 0x00, 0x00, 0x00, 0x00, 0xC0, 0x00, 0x00, 0x40, 0x40, 0x80, 0x00, 0x00, 0x40, 0x80, 
   0xC0, 0x00, 0xC0, 0x80, 0xC0, 0x00, 0x00, 0xC0, 0x80, 0x00, 0xC0, 0x80, 0xC0, 0x00, 0xC0, 0x00, 
   0xC0, 0x00, 0x00, 0x00, 0x00, 0x00, 0x00, 0x00, 0x00, 0x00, 0x20, 0x30, 0x10, 0x00, 0x30, 0x10, 
   0x30, 0x10, 0x10, 0x00, 0x20, 0x00, 0x20, 0x00, 0x30, 0x00, 0x20, 0x30, 0x30, 0x00, 0x00, 0x20, 
   0x30, 0x00, 0x04, 0x02, 0x00, 0x06, 0x00, 0x01, 0x00, 0x03, 0x01, 0x03, 0x02, 0x06, 0x04, 0x06, 
   0x01, 0x01, 0x03, 0x03, 0x07, 0x07, 0x07, 0x0F, 0x0F, 0xFF, 0x02, 0x01, 0xFF, 0xFF, 0x02, 0x01, 
   0xFF, 0x01, 0x07, 0x01, 0x0D, 0x01, 0x03, 0x01, 0x09, 0x01, 0x05, 0x01, 0x08, 0x01, 0x07, 0x01, 
   0x0A, 0x01, 0x11, 0x01, 0x01, 0x01, 0x07, 0x01, 0x06, 0x01, 0x01, 0x01, 0x09, 0x01, 0x0A, 0x01, 
   0x0A, 0x01, 0x01, 0x01, 0x0B, 0x01, 0x0E, 0x01, 0x08, 0x01, 0x0E, 0x01, 0x01, 0x01, 0x01, 0x06, 
   0x01, 0x07, 0x01, 0x07, 0x01, 0x0D, 0x01, 0x09, 0x01, 0x01, 0x07, 0x01, 0x0B, 0x01, 0x03, 0x01, 
   0x07, 0x01, 0x07, 0x01, 0x1F, 0x01, 0x07, 0x01, 0x0F, 0x01, 0x0E, 0x01, 0x08, 0x01, 0x1F, 0x01, 
   0x07, 0x01, 0x17, 0x01, 0x13, 0x01, 0x07, 0x01, 0x0C, 0x01, 0x0C, 0x01, 0x14, 0x01, 0x08, 0x01, 
   0x06, 0x01, 0x0E, 0x01, 0x07, 0x01, 0x11, 0x01, 0x06, 0x01, 0x3F, 0x01, 0x0A, 0x01, 0x10, 0x01, 
   0x0B, 0x01, 0x13, 0x01, 0x01, 0x1F, 0x00, 0x78, 0x77, 0x98, 0x97, 0xB8, 0xB7, 0x2E, 0x77, 0x78, 
   0x97, 0x98, 0xD8, 0xB7, 0x47, 0x55, 0x45, 0x5A, 0x42, 0x4E, 0x47, 0xD1, 0x00, 0x00, 0x00, 0x00, 
   0x00, 0x00, 0x00, 0x00, 0x00, 0x00, 0x00, 0x00, 0x00, 0x00, 0x00, 0x00, 0x00, 0x00, 0x00, 0x00, 
   0x00, 0x00, 0x00, 0x00, 0x00, 0x00, 0x00, 0x00, 0x00, 0x00, 0x00, 0x00, 0x00, 0x00, 0x00, 0x00, 
   0x00, 0x00, 0x00, 0x00, 0x00, 0x00, 0x00, 0x00, 0x00, 0x00, 0x00, 0x00, 0x00, 0x00, 0x00, 0x00, 
   0x00, 0x00, 0x00, 0x00, 0x00, 0x00, 0x00, 0x00, 0x00, 0x00, 0x00, 0x00, 0x00, 0x00, 0x00, 0x00, 
   0x00, 0x00, 0x00, 0x00, 0x00, 0x00, 0x00, 0x00, 0x00, 0x00, 0x00, 0x00, 0x00, 0x00, 0x00, 0x00, 
   0x00, 0x00, 0x00, 0x00, 0x00, 0x00, 0x00, 0x00, 0x00, 0x00, 0x00, 0x00, 0x00, 0x00, 0x00, 0x00, 
   0x00, 0x00, 0x00, 0x00, 0x00, 0x00, 0x00, 0x00, 0x00, 0x00, 0x00, 0x00, 0x00, 0x00, 0x00, 0x00, 
   0x00, 0x00, 0x00, 0x00, 0x00, 0x00, 0x00, 0x00, 0x00, 0x00, 0x00, 0x00, 0x00, 0x00, 0x00, 0x00, 
   0x00, 0x00, 0x00, 0x00, 0x00, 0x00, 0x00, 0x00, 0x00, 0x00, 0x00, 0x00, 0x00, 0x00, 0x00, 0x00, 
   0x00, 0x00, 0x00, 0x00, 0x00, 0x00, 0x00, 0x00, 0x00, 0x00, 0x00, 0x00, 0x00, 0x00, 0x00, 0x00, 
   0x00, 0x00, 0x00, 0x00, 0x00, 0x00, 0x00, 0x00, 0x00, 0x00, 0x00, 0x00, 0x00, 0x00, 0x00, 0x00, 
   0x00, 0x00, 0x00, 0x00, 0x00, 0x00, 0x00, 0x00, 0x00, 0x00, 0x00, 0x00, 0x00, 0x00, 0x00, 0x00, 
   0x00, 0x00, 0x06, 0x08, 0x0A, 0x0C, 0x0E, 0x0E, 0x0E, 0x0E, 0x0E, 0x0E, 0x06, 0x06, 0x06, 0x06, 
   0x06, 0x06, 0x06, 0x06, 0x06, 0x06, 0x06, 0x06, 0x06, 0x06, 0x06, 0x06, 0x06, 0x06, 0x06, 0x06, 
   0x06, 0x06, 0x06, 0x06, 0x06, 0x06, 0x06, 0x06, 0x06, 0x06, 0x06, 0x06, 0x06, 0x06, 0x06, 0x06, 
   0x06, 0x06, 0x06, 0x06, 0x06, 0x06, 0x06, 0x06, 0x06, 0x06, 0x06, 0x06, 0x06, 0x06, 0x06, 0x06, 
   0x06, 0x06, 0x06, 0x06, 0x06, 0x06, 0x06, 0x06, 0x06, 0x06, 0x06, 0x06, 0x06, 0x06, 0x06, 0x06, 
   0x06, 0x06, 0x06, 0x06, 0x06, 0x06, 0x06, 0x06, 0x06, 0x06, 0x06, 0x06, 0x06, 0x06, 0x06, 0x06, 
   0x06, 0x06, 0x06, 0x06, 0x06, 0x06, 0x06, 0x06, 0x06, 0x06, 0x06, 0x06, 0x06, 0x06, 0x06, 0x06, 
   0x06, 0x06, 0x06, 0x06, 0x06, 0x06, 0x06, 0x06, 0x06, 0x06, 0x06, 0x06, 0x06, 0x06, 0x06, 0x06, 
   0x06, 0x06, 0x06, 0x06, 0x06, 0x06, 0x06, 0x06, 0x06, 0x06, 0x06, 0x06, 0x06, 0x06, 0x06, 0x06, 
   0x06, 0x06, 0x06, 0x06, 0x06, 0x06, 0x06, 0x06, 0x06, 0x06, 0x06, 0x06, 0x06, 0x06, 0x06, 0x06, 
   0x06, 0x06, 0x06, 0x06, 0x06, 0x06, 0x06, 0x06, 0x06, 0x06, 0x06, 0x06, 0x06, 0x06, 0x06, 0x06, 
   0x06, 0x06, 0x06, 0x06, 0x06, 0x06, 0x06, 0x06, 0x06, 0x06, 0x06, 0x06, 0x06, 0x06, 0x06, 0x06, 
   0x06, 0x06, 0x06, 0x06, 0x06, 0x06, 0x06, 0x06, 0x06, 0x06, 0x06, 0x06, 0x06, 0x06, 0x06, 0x06, 
   0x06, 0x06, 0x06, 0x06, 0x06, 0x06, 0x06, 0x06, 0x06, 0x06, 0x06, 0x06, 0x06, 0x06, 0x06, 0x06, 
   0x06, 0x06, 0x06, 0x06, 0x06, 0x06, 0x06, 0x06, 0x06, 0x06, 0x06, 0x06, 0x06, 0x06, 0x06, 0x06, 
   0x06, 0x06, 0x06, 0x06, 0x06, 0x06, 0x06, 0x06, 0x04, 0x06, 0x08, 0x0A, 0x0A, 0x08, 0x06, 0x04, 
   0x00, 0x00, 0x00, 0x00, 0x00, 0x00, 0x00, 0x00, 0x00, 0x00, 0x00, 0x00, 0x81, 0x81, 0x81, 0x81, 
   0x81, 0x81, 0x81, 0x81, 0x81, 0x81, 0x81, 0x81, 0x81, 0xFF, 0xFF, 0xFF, 0x81, 0x81, 0x81, 0x81, 
   0x81, 0x81, 0x81, 0x81, 0x81, 0x81, 0x81, 0x81, 0x81, 0xFF, 0xFF, 0xFF, 0x81, 0x81, 0x81, 0x81, 
   0x81, 0x81, 0x81, 0x81, 0x81, 0x81, 0x81, 0x81, 0x81, 0xFF, 0xFF, 0xFF, 0x81, 0x81, 0x81, 0x81, 
   0x81, 0x81, 0x81, 0x81, 0x81, 0x81, 0x81, 0x81, 0x81, 0xFF, 0xFF, 0xFF, 0x81, 0x81, 0x81, 0x81, 
   0x81, 0x81, 0x81, 0x81, 0x81, 0x81, 0x81, 0x81, 0x81, 0xFF, 0xFF, 0xFF, 0x81, 0x81, 0x81, 0x81, 
   0x81, 0x81, 0x81, 0x81, 0x81, 0x81, 0x81, 0x81, 0x81, 0xFF, 0xFF, 0xFF, 0x81, 0x81, 0x81, 0x81, 
   0x81, 0x81, 0x81, 0x81, 0x81, 0x81, 0x81, 0x81, 0x81, 0xFF, 0xFF, 0xFF, 0x81, 0x81, 0x81, 0x81, 
   0x81, 0x81, 0x81, 0x81, 0x81, 0x81, 0x81, 0x81, 0x81, 0xFF, 0xFF, 0xFF, 0x81, 0x81, 0x81, 0x81, 
   0x81, 0x81, 0x81, 0x81, 0x81, 0x81, 0x81, 0x81, 0x81, 0xFF, 0xFF, 0xFF, 0x81, 0x81, 0x81, 0x81, 
   0x81, 0x81, 0x81, 0x81, 0x81, 0x81, 0x81, 0x81, 0x81, 0xFF, 0xFF, 0xFF, 0x81, 0x81, 0x81, 0x81, 
   0x81, 0x81, 0x81, 0x81, 0x81, 0x81, 0x81, 0x81, 0x81, 0xFF, 0xFF, 0xFF, 0x81, 0x81, 0x81, 0x81, 
   0x81, 0x81, 0x81, 0x81, 0x81, 0x81, 0x81, 0x81, 0x81, 0xFF, 0xFF, 0xFF, 0x81, 0x81, 0x81, 0x81, 
   0x81, 0x81, 0x81, 0x81, 0x81, 0x81, 0x81, 0x81, 0x81, 0xFF, 0xFF, 0xFF, 0x81, 0x00, 0x00, 0x00, 
   0x00, 0x00, 0x00, 0x00, 0x00, 0x00, 0x00, 0x00, 0x00, 0x00, 0x00, 0x00, 0x3C, 0x66, 0x66, 0x3C, 
   0x66, 0x66, 0x3C, 0x00, 0x00, 0x00, 0x00, 0x00, 0x00, 0x00, 0x00, 0x00, 0x00, 0x00, 0x00, 0x00, 
   0x00, 0x00, 0x00, 0x00, 0x00, 0x00, 0x00, 0x00, 0x00, 0x00, 0x00, 0x00, 0x00, 0x00, 0x00, 0x00, 
   0x00, 0x00, 0x00, 0x00, 0x00, 0x00, 0x00, 0x00, 0x00, 0x00, 0x00, 0x00, 0x00, 0x00, 0x00, 0x00, 
   0x00, 0x00, 0x00, 0x00, 0x00, 0x00, 0x00, 0x00, 0x00, 0x00, 0x00, 0x00, 0x00, 0x00, 0x00, 0x00, 
   0x01, 0x03, 0x07, 0x0F, 0x1F, 0x3F, 0x7F, 0xFF, 0xFF, 0xFF, 0xFF, 0xFF, 0xFF, 0xFF, 0xFF, 0xFF, 
   0xFF, 0xFF, 0xFF, 0xFF, 0xFF, 0xFF, 0xFF, 0xFF, 0xFF, 0xFF, 0xFF, 0xFF, 0xFF, 0xFF, 0xFF, 0xFF, 
   0xFF, 0xFF, 0xFF, 0xFF, 0xFF, 0xFF, 0xFF, 0xFF, 0xFF, 0xFF, 0xFF, 0xFF, 0xFF, 0xFF, 0xFF, 0xFF, 
   0xFF, 0xFF, 0xFF, 0xFF, 0xFF, 0xFF, 0xFF, 0xFF, 0xFF, 0xFF, 0xFF, 0xFF, 0xFF, 0xFF, 0xFF, 0xFF, 
   0xFF, 0xFF, 0xFF, 0xFF, 0xFF, 0xFF, 0xFF, 0xFF, 0xFF, 0xFF, 0xFF, 0xFF, 0xFF, 0xFF, 0xFF, 0xFF, 
   0xFF, 0xFF, 0xFF, 0xFF, 0xFF, 0xFF, 0xFF, 0xFF, 0xFF, 0xFF, 0xFF, 0xFF, 0xFF, 0xFF, 0xFF, 0xFF, 
   0xFF, 0xFF, 0xFF, 0xFF, 0xFF, 0xFF, 0xFF, 0xFF, 0xFF, 0xFF, 0xFF, 0xFF, 0xFF, 0xFF, 0xFF, 0xFF, 
   0xFF, 0xFF, 0xFF, 0xFF, 0xFF, 0xFF, 0xFF, 0xFF, 0xFF, 0xFF, 0xFF, 0xFF, 0xFF, 0xFF, 0xFF, 0xFF, 
   0xFF, 0xFF, 0xFF, 0xFF, 0xFF, 0xFF, 0xFF, 0xFF, 0xFF, 0xFF, 0xFF, 0xFF, 0xFF, 0xFF, 0xFF, 0xFF, 
   0xFF, 0xFF, 0xFF, 0xFF, 0xFF, 0xFF, 0xFF, 0xFF, 0xFF, 0xFF, 0xFF, 0xFF, 0xFF, 0xFF, 0xFF, 0xFF, 
   0xFF, 0xFF, 0xFF, 0xFF, 0xFF, 0xFF, 0xFF, 0xFF, 0xFF, 0xFF, 0xFF, 0xFF, 0xFF, 0xFF, 0xFF, 0xFF, 
   0xFF, 0xFF, 0xFF, 0xFF, 0xFF, 0xFF, 0xFF, 0xFF, 0xFF, 0xFF, 0xFF, 0xFF, 0xFF, 0xFF, 0xFF, 0xFF, 
   0xFF, 0xFF, 0xFF, 0xFF, 0xFF, 0xFF, 0xFF, 0xFF, 0xFF, 0xFF, 0x0F, 0x0F, 0x00, 0x00, 0x00, 0x00, 
   0x00, 0x00, 0xF8, 0xF8, 0xF8, 0xF8, 0xFC, 0xFE, 0xFF, 0xFF, 0xFF, 0xFF, 0xFF, 0xFF, 0xFF, 0xFF, 
   0xFF, 0xFF, 0xFF, 0xFF, 0xFF, 0xFF, 0xFF, 0xFF, 0xFF, 0xFF, 0xFF, 0xFF, 0xFF, 0xFF, 0xFF, 0xFF, 
   0xFF, 0xFF, 0xFF, 0xFF, 0xFF, 0xFF, 0xFF, 0xFF, 0xFF, 0xFF, 0xFF, 0xFF, 0xFF, 0xFF, 0xFF, 0xFF, 
   0xFF, 0xFF, 0xFF, 0xFF, 0xFF, 0xFF, 0xFF, 0xFF, 0xFF, 0xFF, 0xFF, 0xFF, 0xFF, 0xFF, 0xFF, 0xFF, 
   0xFF, 0xFF, 0xFF, 0xFF, 0xFF, 0xFF, 0xFF, 0xFF, 0xFF, 0xFF, 0xFF, 0xFF, 0xFF, 0xFF, 0xFF, 0xFF, 
   0xFF, 0xFF, 0xFF, 0xFF, 0xFF, 0xFF, 0xFF, 0xFF, 0xFF, 0xFF, 0xFF, 0xFF, 0xFF, 0xFF, 0xFF, 0xFF, 
   0xFF, 0xFF, 0xFF, 0xFF, 0xFF, 0xFF, 0xFF, 0xFF, 0xFF, 0xFF, 0xFF, 0xFF, 0xFF, 0xFF, 0xFF, 0xFF, 
   0xFF, 0xFF, 0xFF, 0xFF, 0xFF, 0xFF, 0xFF, 0xFF, 0xFF, 0xFF, 0xFF, 0xFF, 0xFF, 0xFF, 0xFF, 0xFF, 
   0xFF, 0xFF, 0xFF, 0xFF, 0xFF, 0xFF, 0xFF, 0xFF, 0xFF, 0xFF, 0xFF, 0xFF, 0xFF, 0xFF, 0xFF, 0xFF, 
   0xFF, 0xFF, 0xFF, 0xFF, 0xFF, 0xFF, 0xFF, 0xFF, 0xFF, 0xFF, 0xFF, 0xFF, 0xFF, 0xFF, 0xFF, 0xFF, 
   0xFF, 0xFF, 0xFF, 0xFF, 0xFF, 0xFF, 0xFF, 0xFF, 0xFF, 0xFF, 0xFF, 0xFF, 0xFF, 0xFF, 0xFF, 0xFF, 
   0xFF, 0xFF, 0xFF, 0xFF, 0xFF, 0xFF, 0xFF, 0xFF, 0xFF, 0xFF, 0xFF, 0xFF, 0xFF, 0xFF, 0xFF, 0xFF, 
   0xFF, 0xFF, 0xFF, 0xFF, 0xFF, 0xFF, 0xFF, 0xFF, 0xFF, 0xFF, 0xFF, 0xFF, 0xFF, 0xFF, 0xFF, 0xFF, 
   0xFF, 0xFF, 0xFF, 0xFF, 0xFF, 0xFF, 0xFF, 0xFF, 0xFF, 0xFF, 0xFF, 0xFF, 0xFF, 0xFF, 0xFF, 0xFF, 
   0xFF, 0xFF, 0xFF, 0xFF, 0xFF, 0xFF, 0xFF, 0xFF, 0xFF, 0xFF, 0xFF, 0xFF, 0xFF, 0xFF, 0xFF, 0xFF, 
   0xFF, 0xFF, 0xFF, 0xFF, 0xFF, 0xFF, 0xFF, 0xFF, 0xFF, 0xFF, 0xFF, 0xFF, 0xF8, 0xF8, 0xF8, 0xF8, 
   0x00, 0x00, 0x00, 0x00, 0x00, 0x00, 0x00, 0x00, 0x00, 0x00, 0x00, 0x00, 0x00, 0x00, 0x00, 0x00, 
   0x02, 0x02, 0x02, 0x02, 0x00, 0x00, 0x00, 0x00, 0x02, 0x02, 0x02, 0x02, 0x00, 0x00, 0x00, 0x00, 
   0x02, 0x02, 0x02, 0x02, 0x00, 0x00, 0x00, 0x00, 0x02, 0x02, 0x02, 0x02, 0x00, 0x00, 0x00, 0x00, 
   0x02, 0x02, 0x02, 0x02, 0x00, 0x00, 0x00, 0x00, 0x02, 0x02, 0x02, 0x02, 0x00, 0x00, 0x00, 0x00, 
   0x02, 0x02, 0x02, 0x02, 0x00, 0x00, 0x00, 0x00, 0x02, 0x02, 0x02, 0x02, 0x00, 0x00, 0x00, 0x00, 
   0x02, 0x02, 0x02, 0x02, 0x00, 0x00, 0x00, 0x00, 0x02, 0x02, 0x02, 0x02, 0x00, 0x00, 0x00, 0x00, 
   0x02, 0x02, 0x02, 0x02, 0x00, 0x00, 0x00, 0x00, 0x02, 0x02, 0x02, 0x02, 0x00, 0x00, 0x00, 0x00, 
   0x02, 0x02, 0x02, 0x02, 0x00, 0x00, 0x00, 0x00, 0x02, 0x02, 0x02, 0x02, 0x00, 0x00, 0x00, 0x00, 
   0x02, 0x02, 0x02, 0x02, 0x00, 0x00, 0x00, 0x00, 0x02, 0x02, 0x02, 0x02, 0x00, 0x00, 0x00, 0x00, 
   0x02, 0x02, 0x02, 0x02, 0x00, 0x00, 0x00, 0x00, 0x02, 0x02, 0x02, 0x02, 0x00, 0x00, 0x00, 0x00, 
   0x02, 0x02, 0x02, 0x02, 0x00, 0x00, 0x00, 0x00, 0x02, 0x02, 0x02, 0x02, 0x00, 0x00, 0x00, 0x00, 
   0x02, 0x02, 0x02, 0x02, 0x00, 0x00, 0x00, 0x00, 0x02, 0x02, 0x02, 0x02, 0x00, 0x00, 0x00, 0x00, 
   0x02, 0x02, 0x02, 0x02, 0x00, 0x00, 0x00, 0x00, 0x02, 0x02, 0x02, 0x02, 0x00, 0x00, 0x00, 0x00, 
   0x02, 0x02, 0x02, 0x02, 0x00, 0x00, 0x00, 0x00, 0x02, 0x02, 0x02, 0x02, 0x00, 0x00, 0x00, 0x00, 
   0x02, 0x02, 0x02, 0x02, 0x00, 0x00, 0x00, 0x00, 0x02, 0x02, 0x02, 0x02, 0x00, 0x00, 0x00, 0x00, 
   0x02, 0x02, 0x02, 0x02, 0x00, 0x00, 0x00, 0x00, 0x02, 0x02, 0x02, 0x02, 0x00, 0x00, 0x00, 0x00, 
   0x31, 0x21, 0x11, 0x31, 0x31, 0x21, 0x21, 0x31, 0x31, 0x21, 0x01, 0x31, 0x31, 0x31, 0x21, 0x21, 
   0x11, 0x31, 0x31, 0x31, 0x21, 0x11, 0x31, 0x21, 0x31, 0x31, 0x21, 0x11, 0x31, 0x31, 0x21, 0x11, 
   0x32, 0x22, 0x12, 0x02, 0xF2, 0xE2, 0xD2, 0xC2, 0xB2, 0xA2, 0x92, 0x73, 0x63, 0x53, 0x43, 0x33, 
   0x23, 0x13, 0x03, 0xF3, 0xE3, 0xD3, 0xC3, 0xB3, 0xA3, 0x93, 0x74, 0x64, 0x54, 0x44, 0x34, 0x24, 
   0x14, 0x04, 0xF4, 0xE4, 0xD4, 0xC4, 0xB4, 0xA4, 0x94, 0x75, 0x65, 0x55, 0x45, 0x35, 0x25, 0x15, 
   0x05, 0xF5, 0xE5, 0xD5, 0xC5, 0xB5, 0xA5, 0x95, 0x76, 0x66, 0x56, 0x46, 0x36, 0x26, 0x16, 0x06, 
   0xF6, 0xE6, 0xD6, 0xC6, 0xB6, 0xA6, 0x96, 0x77, 0x67, 0x57, 0x47, 0x37, 0x27, 0x17, 0x07, 0xF7, 
   0x00, 0x81, 0x00, 0x00, 0x81, 0x00, 0x00, 0x81, 0x00, 0x00, 0xA5, 0x00, 0x00, 0x81, 0x00, 0x00, 
   0x81, 0x00, 0x00, 0x81, 0x00, 0xB2, 0xB2, 0xB2, 0xB2, 0xB2, 0xB2, 0xB2, 0xB2, 0xB2, 0xB2, 0xB2, 
   0xB2, 0xB2, 0xB2, 0xB2, 0xB2, 0xB2, 0xB2, 0xB2, 0xB0, 0xB8, 0xB8, 0xB8, 0xB8, 0xB8, 0xB8, 0xB8, 
   0xB8, 0xB8, 0xB8, 0xB8, 0xB8, 0xB8, 0xB8, 0xB8, 0xB8, 0xB8, 0xB8, 0xB8, 0xB8, 0xB8, 0xB8, 0xB8, 
   0xB8, 0x00, 0x00, 0x00, 0x00, 0x00, 0x00, 0x10, 0x00, 0x00, 0x00, 0x38, 0x00, 0x00, 0x10, 0x38, 
   0x00, 0x00, 0x38, 0x7C, 0x00, 0x00, 0x38, 0x7C, 0x00, 0x00, 0x38, 0x7C, 0xFE, 0x00, 0x38, 0x7C, 
   0xFE, 0x00, 0x00, 0x00, 0x00, 0x00, 0x00, 0x00, 0x00, 0x00, 0x00, 0x00, 0x00, 0x00, 0x00, 0x00, 
   0x00, 0x00, 0x00, 0x00, 0x00, 0x00, 0x00, 0x00, 0x00, 0x00, 0x00, 0x00, 0x00, 0x00, 0x00, 0x00, 
   0x00, 0x00, 0x00, 0x00, 0x00, 0x00, 0x00, 0x00, 0x00, 0x00, 0x00, 0x00, 0x00, 0x00, 0x00, 0x00, 
   0x2E, 0x2E, 0x2E, 0x2E, 0x00, 0x00, 0x10, 0x2E, 0x4C, 0x00, 0x00, 0x00, 0x00, 0x00, 0x20, 0x2E, 
   0x2E, 0x2E, 0x2E, 0x2E, 0x36, 0x78, 0x78, 0x78, 0x54, 0x00, 0x00, 0x00, 0x20, 0x2E, 0x2E, 0x2E, 
   0x2E, 0x4C, 0x00, 0x00, 0x08, 0x78, 0x54, 0x00, 0x00, 0x20, 0x2E, 0x2E, 0x2E, 0x2E, 0x4C, 0x00, 
   0x00, 0x00, 0x00, 0x20, 0x2E, 0x2E, 0x2E, 0x2E, 0x2E, 0x2E, 0x2E, 0x2E, 0x2E, 0x2E, 0x2E, 0x2E, 
   0x4C, 0x00, 0x08, 0x78, 0x78, 0x78, 0x54, 0x00, 0x00, 0x00, 0x00, 0x00, 0x2E, 0x2E, 0x2E, 0x2E, 
   0x30, 0x98, 0x98, 0x98, 0x52, 0x00, 0x2E, 0x2E, 0x4C, 0x00, 0x20, 0x2E, 0x2E, 0x2E, 0x2E, 0x2E, 
   0x4C, 0x00, 0x00, 0x00, 0x20, 0x2E, 0x2E, 0x2E, 0x2E, 0x2E, 0x2E, 0x2E, 0x2E, 0x2E, 0x4C, 0x00, 
   0x00, 0x00, 0x2E, 0x2E, 0x2E, 0x2E, 0x2E, 0x2E, 0x4C, 0x00, 0x20, 0x2E, 0x2E, 0x78, 0x78, 0x54, 
   0x00, 0x2E, 0x2E, 0x4F, 0x00, 0x00, 0x00, 0x21, 0x2E, 0x4D, 0x00, 0x00, 0x00, 0x08, 0x78, 0x54, 
   0x00, 0x07, 0x77, 0x55, 0x00, 0x21, 0x2E, 0x4D, 0x00, 0x00, 0x00, 0x08, 0x78, 0x54, 0x00, 0x21, 
   0x2E, 0x35, 0x77, 0x27, 0x2E, 0x4D, 0x00, 0x08, 0x78, 0x54, 0x00, 0x00, 0x00, 0x21, 0x2E, 0x41, 
   0x00, 0x00, 0x08, 0x78, 0x54, 0x00, 0x08, 0x78, 0x54, 0x00, 0x08, 0x78, 0x54, 0x07, 0x77, 0x27, 
   0x2E, 0x4B, 0x00, 0x21, 0x2E, 0x51, 0x00, 0x21, 0x2E, 0x0E, 0xD8, 0x4E, 0x00, 0x00, 0x00, 0x21, 
   0x2E, 0x2E, 0x2E, 0x0B, 0x97, 0x97, 0x97, 0x51, 0x00, 0x08, 0x78, 0x54, 0x00, 0x00, 0x00, 0x21, 
   0x2E, 0x4D, 0x00, 0x08, 0x78, 0x54, 0x00, 0x0E, 0xD8, 0x4E, 0x00, 0x00, 0x00, 0x21, 0x2E, 0x0E, 
   0xD8, 0x4E, 0x00, 0x09, 0x97, 0x4F, 0x00, 0x00, 0x08, 0x78, 0x00, 0x00, 0x00, 0x00, 0x00, 0x00, 
   0xA9, 0x07, 0x85, 0xC6, 0xEA, 0xD0, 0x02, 0x85, 0x2B, 0xA4, 0xC6, 0xB1, 0xD9, 0x85, 0x1B, 0x85, 
   0x2A, 0xB1, 0xE1, 0x85, 0xC5, 0xB1, 0xDF, 0xAA, 0xB1, 0xDB, 0x85, 0x1C, 0xB1, 0xDD, 0x85, 0x1B, 
   0xB1, 0xE3, 0xA4, 0xC5, 0x86, 0x1C, 0x84, 0x1B, 0x85, 0x1C, 0x85, 0x1B, 0xC6, 0xC6, 0x10, 0xD7, 
   0x85, 0x02, 0x85, 0x2A, 0xA9, 0x00, 0x85, 0x1B, 0x85, 0x1C, 0x85, 0x1B, 0x60, 0x62, 0x62, 0x62, 
   0x62, 0x62, 0x08, 0x08, 0x08, 0x0A, 0x0A, 0x0A, 0x0A, 0x0A, 0x0A, 0x08, 0x04, 0x02, 0x00, 0x00, 
   0x7E, 0x7E, 0x00, 0x04, 0x00, 0x00, 0x00, 0x00, 0x00, 0x30, 0xF0, 0xF0, 0xF0, 0xF0, 0x07, 0x07, 
   0x07, 0xC7, 0xF7, 0xF7, 0xA6, 0x96, 0xBD, 0xB1, 0x9E, 0x85, 0xC6, 0xA0, 0x00, 0xA5, 0x9A, 0x85, 
   0xC5, 0xC6, 0xC5, 0xA6, 0x98, 0xE4, 0xC6, 0xF0, 0x24, 0xBD, 0xA9, 0x95, 0xC5, 0xC5, 0xF0, 0x15, 
   0xBD, 0x00, 0x9D, 0x99, 0xC8, 0x00, 0xBD, 0x7D, 0x9D, 0x99, 0xCD, 0x00, 0xE6, 0xC5, 0xC8, 0xC0, 
   0x05, 0x90, 0xE2, 0xF0, 0x19, 0xA9, 0x00, 0x85, 0xC5, 0xCA, 0x4C, 0x75, 0x9E, 0xC0, 0x05, 0xB0, 
   0x0D, 0xA9, 0x00, 0x99, 0xCD, 0x00, 0xA9, 0x2E, 0x99, 0xC8, 0x00, 0xC8, 0xD0, 0xEF, 0x4C, 0xC7, 
   0x9F, 0x07, 0x12, 0x1C, 0x0F, 0x29, 0x20, 0x33, 0x1D, 0x2D, 0x0E, 0x13, 0x3F, 0x0E, 0x3B, 0x1C, 
   0x4B, 0x3B, 0x55, 0x3F, 0x5E, 0x4E, 0x5A, 0x2C, 0x4B, 0x3F, 0x4B, 0x65, 0x68, 0x37, 0x0F, 0x3F, 
   0x71, 0x00, 0x00, 0x00, 0x00, 0x00, 0x00, 0x00, 0x00, 0x00, 0x00, 0x00, 0x00, 0x00, 0x00, 0x00, 
   0x00, 0x00, 0x00, 0x00, 0x00, 0x00, 0x00, 0x00, 0x00, 0x00, 0x00, 0x00, 0x00, 0x00, 0x00, 0x00, 
   0x00, 0x00, 0x00, 0x00, 0x00, 0x00, 0x00, 0x00, 0x00, 0x00, 0x00, 0x00, 0x00, 0x00, 0x00, 0x00, 
   0x3C, 0x66, 0x66, 0x66, 0x66, 0x66, 0x3C, 0x00, 0x3C, 0x18, 0x18, 0x18, 0x18, 0x38, 0x18, 0x00, 
   0x7E, 0x60, 0x60, 0x3C, 0x06, 0x46, 0x3C, 0x00, 0x3C, 0x46, 0x06, 0x0C, 0x06, 0x46, 0x3C, 0x00, 
   0x0C, 0x0C, 0x7E, 0x4C, 0x2C, 0x1C, 0x0C, 0x00, 0x7C, 0x46, 0x06, 0x7C, 0x60, 0x60, 0x7E, 0x00, 
   0x3C, 0x66, 0x66, 0x7C, 0x60, 0x62, 0x3C, 0x00, 0x18, 0x18, 0x18, 0x0C, 0x06, 0x42, 0x7E, 0x00, 
   0x3C, 0x66, 0x66, 0x3C, 0x66, 0x66, 0x3C, 0x00, 0x3C, 0x46, 0x06, 0x3E, 0x66, 0x66, 0x3C, 0x00, 
   0x61, 0x31, 0x1F, 0x0D, 0x07, 0x03, 0x01, 0x00, 0x6A, 0x4A, 0x4A, 0x4A, 0x6A, 0x08, 0x7F, 0x00, 
   0x85, 0xC4, 0xE5, 0xB5, 0x99, 0x8C, 0x87, 0x00, 0xD7, 0x55, 0xD5, 0x15, 0xD7, 0x00, 0xF0, 0x00, 
   0x48, 0x58, 0x78, 0x68, 0x48, 0x00, 0x00, 0x00, 0x3C, 0x42, 0x5A, 0x52, 0x5A, 0x42, 0x3C, 0x00, 
   0x00, 0x00, 0x00, 0x00, 0x00, 0x00, 0x00, 0x00, 0x00, 0x00, 0x00, 0x00, 0x00, 0x00, 0x00, 0x00, 
   0x00, 0x00, 0x00, 0x00, 0x00, 0x00, 0x00, 0x00, 0x00, 0x00, 0x00, 0x00, 0x00, 0x00, 0x00, 0x00, 
   0x00, 0x00, 0x00, 0x00, 0x00, 0x00, 0x00, 0x00, 0x00, 0x00, 0x00, 0x00, 0x00, 0x00, 0x00, 0x00, 
   0x00, 0x00, 0x00, 0x00, 0x00, 0x00, 0x00, 0x00, 0x00, 0x00, 0x00, 0xEA, 0xEA, 0xEA, 0x4C, 0x64, 
   0x9E, 0xEA, 0xEA, 0xEA, 0x4C, 0x5A, 0x93, 0x2C, 0xF9, 0xFF, 0x60, 0x2C, 0xF8, 0xFF, 0x4C, 0xB4, 
   0xD4, 0x2C, 0xF8, 0xFF, 0x4C, 0x7C, 0xD2, 0x2C, 0xF8, 0xFF, 0x4C, 0xDA, 0xDF, 0x2C, 0xF9, 0xFF, 
   0x4C, 0xE0, 0xFF, 0xEA, 0xEA, 0xEA, 0xEA, 0xEA, 0xEA, 0x2C, 0xF8, 0xFF, 0x4C, 0xA1, 0xD2, 0xEA, 
   0xEA, 0xEA, 0x4C, 0x04, 0x90, 0xEA, 0xEA, 0xEA, 0x4C, 0xEA, 0xEA, 0xEA, 0x00, 0x90, 0x00, 0x90, 
   0x58, 0x2C, 0xF9, 0xFF, 0x00, 0xFF, 0xFF, 0xFF, 0xFF, 0xFF, 0xFF, 0xFF, 0xFF, 0xFF, 0xFF, 0xFF, 
   0xFF, 0xFF, 0xFF, 0xFF, 0xFF, 0xFF, 0xFF, 0xFF, 0xFF, 0xFF, 0xFF, 0xFF, 0x00, 0x00, 0x02, 0x02, 
   0x04, 0x06, 0x06, 0x06, 0x06, 0x06, 0x06, 0x06, 0x0A, 0x06, 0x0A, 0x06, 0x06, 0x06, 0x06, 0x06, 
   0x06, 0x06, 0x04, 0x02, 0x02, 0x00, 0x00, 0x2A, 0x55, 0x7F, 0x77, 0xEB, 0xEB, 0x77, 0x7F, 0x55, 
   0x2A, 0x00, 0x00, 0x00, 0x00, 0x00, 0x00, 0x00, 0x00, 0x00, 0x00, 0x00, 0x00, 0x00, 0x00, 0x00, 
   0x00, 0x00, 0x42, 0x42, 0x52, 0x52, 0x52, 0x52, 0x7E, 0xFF, 0xFF, 0xFF, 0xFF, 0xFF, 0xFF, 0xFF, 
   0xC3, 0xBD, 0x7E, 0xFF, 0x7E, 0x3C, 0x00, 0x00, 0x00, 0x00, 0x00, 0x00, 0x00, 0x04, 0x04, 0x02, 
   0x02, 0x04, 0x04, 0x00, 0x00, 0x00, 0x00, 0x00, 0x00, 0x00, 0x00, 0x00, 0x00, 0x00, 0x00, 0x00, 
   0x00, 0x00, 0x00, 0x00, 0x00, 0x00, 0x00, 0x00, 0x00, 0x00, 0x08, 0x08, 0x08, 0x0A, 0x0A, 0x0C, 
   0x0A, 0x0A, 0x0A, 0x0A, 0x0A, 0x0A, 0x0A, 0x0A, 0x00, 0x00, 0x00, 0x00, 0x00, 0x00, 0x00, 0x00, 
   0x00, 0x00, 0x00, 0x00, 0x00, 0x00, 0x00, 0x00, 0x00, 0x00, 0x00, 0x00, 0xA9, 0x00, 0x85, 0xEB, 
   0xA5, 0xE6, 0x38, 0xE9, 0x04, 0x85, 0xE6, 0xA9, 0xB8, 0x85, 0xE8, 0x85, 0xEA, 0xA5, 0xC8, 0x85, 
   0xE7, 0xA5, 0xCD, 0x85, 0xE9, 0xA9, 0xFF, 0x85, 0xB2, 0xA4, 0xA9, 0x98, 0x4A, 0xB0, 0x0C, 0xB1, 
   0xE7, 0x85, 0xB8, 0xC8, 0xB1, 0xE9, 0x85, 0xBE, 0x4C, 0xEA, 0xB0, 0xB1, 0xE9, 0x85, 0xBE, 0xC8, 
   0xC0, 0x20, 0xD0, 0x02, 0x88, 0x88, 0xB1, 0xE7, 0x85, 0xB8, 0xA6, 0x94, 0xF0, 0x22, 0xA5, 0x9C, 
   0x29, 0x0F, 0xC9, 0x03, 0x90, 0x0A, 0xA9, 0x00, 0x85, 0xB8, 0x85, 0xB2, 0x85, 0xBE, 0xF0, 0x10, 
   0xE0, 0x11, 0x90, 0x02, 0xA2, 0x10, 0xE8, 0xBD, 0x30, 0xB6, 0x85, 0xB8, 0xA9, 0x00, 0x85, 0xBE, 
   0x68, 0xAC, 0x84, 0x02, 0xD0, 0xFB, 0x85, 0x02, 0x84, 0x09, 0x85, 0x01, 0xA0, 0x01, 0x85, 0x02, 
   0x85, 0x2A, 0xA9, 0x04, 0x85, 0x09, 0x84, 0x25, 0x84, 0x26, 0xA2, 0xF3, 0xEA, 0x84, 0x0B, 0x84, 
   0x0C, 0x86, 0x04, 0x86, 0x05, 0x85, 0x2B, 0x86, 0x20, 0x8D, 0x10, 0x00, 0x85, 0x11, 0x85, 0x08, 
   0xA5, 0xC5, 0x20, 0x00, 0xBE, 0xA6, 0xB3, 0xBD, 0x00, 0xB9, 0x85, 0xD9, 0xBD, 0x50, 0xB9, 0x85, 
   0xDB, 0xBD, 0x28, 0xB9, 0x85, 0xDA, 0xBD, 0x78, 0xB9, 0x85, 0xDC, 0xA5, 0xB2, 0x85, 0x0D, 0xA5, 
   0xB8, 0x85, 0x0E, 0xA5, 0xBE, 0x85, 0x0F, 0xA9, 0x00, 0x85, 0x02, 0x85, 0x2A, 0x85, 0x25, 0x85, 
   0x04, 0xA5, 0xB9, 0x29, 0x07, 0x85, 0x05, 0xA9, 0x6F, 0x38, 0xE5, 0xAC, 0x85, 0xC5, 0xA9, 0x01, 
   0x85, 0xC6, 0xA6, 0xC1, 0xBD, 0x00, 0xB7, 0x85, 0x20, 0x29, 0x0F, 0xAA, 0xA5, 0xD8, 0x85, 0x06, 
   0xA4, 0xAD, 0xB9, 0x00, 0xB7, 0x85, 0x21, 0x85, 0x02, 0x85, 0x2A, 0x29, 0x0F, 0xA8, 0xA5, 0xC5, 
   0x88, 0x10, 0xFD, 0x85, 0x11, 0x85, 0x02, 0xA9, 0x00, 0x85, 0x09, 0x85, 0x08, 0xA9, 0x01, 0x85, 
   0x0A, 0xCA, 0xD0, 0xFD, 0xEA, 0x85, 0x10, 0x85, 0x02, 0x85, 0x2A, 0xAD, 0xC7, 0x00, 0x85, 0x09, 
   0xA9, 0x54, 0x85, 0x08, 0xA6, 0xC5, 0xA5, 0x94, 0xF0, 0x03, 0x4C, 0xCF, 0xB5, 0xA4, 0xA9, 0xC0, 
   0x19, 0x90, 0x4A, 0x85, 0x2B, 0x98, 0x4A, 0xB0, 0x12, 0x85, 0x02, 0x85, 0x2A, 0xB1, 0xA2, 0x85, 
   0x1D, 0xB1, 0xA4, 0x85, 0x1E, 0xB1, 0xE7, 0x85, 0x0E, 0xCA, 0x88, 0x85, 0x02, 0x85, 0x2A, 0xB1, 
   0xA2, 0x85, 0x1D, 0xB1, 0xA4, 0x85, 0x1E, 0xB1, 0xE9, 0x85, 0x0F, 0xCA, 0x88, 0xC0, 0x19, 0xB0, 
   0xD8, 0xA5, 0xC5, 0xEA, 0xEA, 0xEA, 0x4C, 0x2B, 0xB2, 0x4C, 0xCC, 0xB5, 0xA5, 0xC5, 0xEA, 0xA9, 
   0x00, 0xF0, 0x33, 0xA5, 0xC5, 0xEA, 0xA9, 0x00, 0xF0, 0x59, 0x4C, 0x57, 0xB2, 0x85, 0x2B, 0x98, 
   0x4A, 0x90, 0x03, 0x4C, 0x57, 0xB2, 0xD0, 0x03, 0x4C, 0x87, 0xB2, 0xB1, 0xE7, 0x85, 0x0E, 0x85, 
   0xC5, 0xB1, 0xD9, 0x85, 0x1C, 0xB1, 0xDB, 0xE0, 0x0D, 0x85, 0x07, 0x85, 0x2A, 0xB0, 0xCD, 0xBD, 
   0x40, 0xBE, 0x85, 0x06, 0xB5, 0xEB, 0x85, 0x1B, 0xB1, 0xA4, 0x85, 0x1E, 0xB1, 0xA2, 0x85, 0x1D, 
   0xCA, 0xE4, 0xE6, 0xF0, 0xB4, 0x88, 0xEA, 0xB1, 0xE9, 0x85, 0x0F, 0x85, 0xC5, 0xB1, 0xD9, 0x85, 
   0x1C, 0xB1, 0xDB, 0xE0, 0x0D, 0x8D, 0x07, 0x00, 0x85, 0x2A, 0xB0, 0xA7, 0xBD, 0x40, 0xBE, 0x85, 
   0x06, 0xB5, 0xEB, 0x85, 0x1B, 0xB1, 0xA4, 0x85, 0x1E, 0xB1, 0xA2, 0x85, 0x1D, 0xCA, 0xE4, 0xE6, 
   0xF0, 0x87, 0x88, 0xD0, 0xA6, 0x84, 0x1C, 0xB1, 0xE7, 0x85, 0x0E, 0xA4, 0xC6, 0xB9, 0xAD, 0x00, 
   0xA8, 0xB9, 0x00, 0xB7, 0x8D, 0xC7, 0x00, 0xE0, 0x0D, 0x85, 0x2A, 0x90, 0x09, 0xA5, 0xC5, 0xEA, 
   0xA9, 0x00, 0xEA, 0x4C, 0xAD, 0xB2, 0xBD, 0x40, 0xBE, 0x85, 0x06, 0xB5, 0xEB, 0x85, 0x1B, 0xCA, 
   0xE4, 0xE6, 0xF0, 0x5F, 0xA4, 0xC6, 0xB9, 0xCD, 0x00, 0x85, 0xE9, 0xB9, 0xC8, 0x00, 0x85, 0xE7, 
   0xA0, 0x1F, 0xB1, 0xE9, 0x85, 0x0F, 0x85, 0x02, 0x85, 0x2A, 0xE0, 0x0D, 0x90, 0x09, 0xA5, 0xC5, 
   0xEA, 0xA9, 0x00, 0xEA, 0x4C, 0xDE, 0xB2, 0xBD, 0x40, 0xBE, 0x85, 0x06, 0xB5, 0xEB, 0x85, 0x1B, 
   0xCA, 0xE4, 0xE6, 0xF0, 0x2E, 0xA0, 0x1E, 0xB1, 0xE7, 0x85, 0x0E, 0xA5, 0xA4, 0x38, 0xE9, 0x1F, 
   0xB0, 0x01, 0x2C, 0x85, 0xA4, 0x38, 0xA5, 0xA2, 0xE9, 0x1F, 0xB0, 0x01, 0x2C, 0x85, 0xA2, 0xE0, 
   0x0D, 0xCA, 0xA4, 0xC7, 0x85, 0x02, 0x85, 0x2A, 0x90, 0x0C, 0xA5, 0xC5, 0xEA, 0xA9, 0x00, 0xEA, 
   0x4C, 0x1D, 0xB3, 0x4C, 0xCC, 0xB5, 0xBD, 0x41, 0xBE, 0x85, 0x06, 0xB5, 0xEC, 0x85, 0x1B, 0xE4, 
   0xE6, 0xF0, 0xF0, 0x98, 0x85, 0x21, 0x29, 0x0F, 0xA8, 0xB9, 0xD2, 0xB7, 0x85, 0xFE, 0xB9, 0xDF, 
   0xB7, 0x85, 0xFF, 0xA0, 0x1D, 0xB1, 0xE9, 0x85, 0x0F, 0xE0, 0x0D, 0xCA, 0xB0, 0x0C, 0xB4, 0xEC, 
   0xBD, 0x41, 0xBE, 0x85, 0x02, 0x85, 0x2A, 0x6C, 0xFE, 0x00, 0xA5, 0xD8, 0xA0, 0x00, 0x85, 0x02, 
   0x85, 0x2A, 0x6C, 0xFE, 0x00, 0x85, 0x06, 0x84, 0x1B, 0xE4, 0xE6, 0xF0, 0x6B, 0x85, 0x11, 0xA5, 
   0x07, 0x0A, 0x66, 0xFA, 0xA5, 0x00, 0x0A, 0x66, 0xF9, 0xA0, 0x1C, 0xB1, 0xE7, 0x85, 0x0E, 0xA5, 
   0x03, 0x0A, 0x66, 0xFC, 0xA0, 0x1B, 0xE0, 0x0D, 0x4C, 0x06, 0xB5, 0x85, 0x06, 0x84, 0x1B, 0xE4, 
   0xE6, 0xF0, 0x45, 0xA5, 0x07, 0xEA, 0x85, 0x11, 0x0A, 0x66, 0xFA, 0xA5, 0x00, 0x0A, 0x66, 0xF9, 
   0xA0, 0x1C, 0xB1, 0xE7, 0x85, 0x0E, 0xA5, 0x03, 0x0A, 0x66, 0xFC, 0xA0, 0x1B, 0xE0, 0x0D, 0x4C, 
   0x06, 0xB5, 0x85, 0x06, 0x84, 0x1B, 0xE4, 0xE6, 0xF0, 0x1E, 0xA5, 0x07, 0x0A, 0x66, 0xFA, 0x85, 
   0x11, 0xA5, 0x00, 0x0A, 0x66, 0xF9, 0xA0, 0x1C, 0xB1, 0xE7, 0x85, 0x0E, 0xA5, 0x03, 0x0A, 0x66, 
   0xFC, 0xA0, 0x1B, 0xE0, 0x0D, 0x4C, 0x06, 0xB5, 0x4C, 0xCC, 0xB5, 0x85, 0x06, 0x84, 0x1B, 0xE4, 
   0xE6, 0xF0, 0xF5, 0xA5, 0x07, 0x0A, 0x66, 0xFA, 0xA5, 0x00, 0x0A, 0x85, 0x11, 0x66, 0xF9, 0xA0, 
   0x1C, 0xB1, 0xE7, 0x85, 0x0E, 0xA5, 0x03, 0x0A, 0x66, 0xFC, 0xA0, 0x1B, 0xE0, 0x0D, 0x4C, 0x06, 
   0xB5, 0x85, 0x06, 0x84, 0x1B, 0xE4, 0xE6, 0xF0, 0xCF, 0xA5, 0x07, 0x0A, 0x66, 0xFA, 0xA5, 0x00, 
   0x0A, 0x66, 0xF9, 0x85, 0x11, 0xA0, 0x1C, 0xB1, 0xE7, 0x85, 0x0E, 0xA5, 0x03, 0x0A, 0x66, 0xFC, 
   0xA0, 0x1B, 0xE0, 0x0D, 0x4C, 0x06, 0xB5, 0x85, 0x06, 0x84, 0x1B, 0xE4, 0xE6, 0xF0, 0xA9, 0xA5, 
   0x07, 0x0A, 0x66, 0xFA, 0xA5, 0x00, 0x0A, 0x66, 0xF9, 0xA0, 0x1C, 0xA5, 0xC5, 0x85, 0x11, 0xB1, 
   0xE7, 0x85, 0x0E, 0xA5, 0x03, 0x0A, 0x66, 0xFC, 0xA0, 0x1B, 0xE0, 0x0D, 0x4C, 0x06, 0xB5, 0x85, 
   0x06, 0x84, 0x1B, 0xE4, 0xE6, 0xF0, 0x81, 0xA5, 0x07, 0x0A, 0x66, 0xFA, 0xA5, 0x00, 0x0A, 0x66, 
   0xF9, 0xA0, 0x1C, 0xB1, 0xE7, 0x85, 0x0E, 0x85, 0x11, 0xA5, 0x03, 0x0A, 0x66, 0xFC, 0xA0, 0x1B, 
   0xE0, 0x0D, 0x4C, 0x06, 0xB5, 0x85, 0x06, 0x84, 0x1B, 0xE4, 0xE6, 0xF0, 0x1F, 0xA5, 0x07, 0x0A, 
   0x66, 0xFA, 0xA5, 0x00, 0x0A, 0x66, 0xF9, 0xA0, 0x1C, 0xB1, 0xE7, 0x85, 0x0E, 0xA5, 0x03, 0xEA, 
   0x85, 0x11, 0x0A, 0x66, 0xFC, 0xA0, 0x1B, 0xE0, 0x0D, 0x4C, 0x06, 0xB5, 0x4C, 0xCC, 0xB5, 0x85, 
   0x06, 0x84, 0x1B, 0xE4, 0xE6, 0xF0, 0x45, 0xA5, 0x07, 0x0A, 0x66, 0xFA, 0xA5, 0x00, 0x0A, 0x66, 
   0xF9, 0xA0, 0x1C, 0xB1, 0xE7, 0x85, 0x0E, 0xA5, 0x03, 0x0A, 0x66, 0xFC, 0x85, 0x11, 0xE0, 0x0D, 
   0xA0, 0x1B, 0x4C, 0x06, 0xB5, 0x85, 0x06, 0x84, 0x1B, 0xE4, 0xE6, 0xF0, 0x1F, 0xA5, 0x07, 0x0A, 
   0x66, 0xFA, 0xA5, 0x00, 0x0A, 0x66, 0xF9, 0xA0, 0x1C, 0xB1, 0xE7, 0x85, 0x0E, 0xAD, 0x03, 0x00, 
   0x0A, 0x66, 0xFC, 0xA0, 0x1B, 0xE0, 0x0D, 0x85, 0x11, 0x4C, 0x06, 0xB5, 0x4C, 0xCC, 0xB5, 0x85, 
   0x06, 0x84, 0x1B, 0xE4, 0xE6, 0xF0, 0xF5, 0xA5, 0x07, 0x0A, 0x66, 0xFA, 0xA5, 0x00, 0x0A, 0x66, 
   0xF9, 0xA0, 0x1C, 0xB1, 0xE7, 0x85, 0x0E, 0xA5, 0x03, 0x0A, 0x66, 0xFC, 0xA0, 0x1B, 0xA5, 0xC5, 
   0xA5, 0xC5, 0xE0, 0x0D, 0x85, 0x11, 0x85, 0x02, 0x85, 0x2A, 0xB0, 0x09, 0xB5, 0xEB, 0x85, 0x1B, 
   0xBD, 0x40, 0xBE, 0x85, 0x06, 0xCA, 0xE4, 0xE6, 0xF0, 0xC2, 0xA5, 0x02, 0x4A, 0x05, 0xFB, 0x85, 
   0xFB, 0xA5, 0x01, 0x29, 0x80, 0x05, 0xFB, 0x85, 0xFB, 0xB1, 0xE9, 0x85, 0x0F, 0x85, 0x2B, 0x85, 
   0x2C, 0xA4, 0xC6, 0xB9, 0xB9, 0x00, 0x29, 0x07, 0xE0, 0x0D, 0x85, 0x02, 0x85, 0x2A, 0x85, 0x05, 
   0xB0, 0x78, 0xB5, 0xEB, 0x85, 0x1B, 0xBD, 0x40, 0xBE, 0x85, 0x06, 0xCA, 0xE4, 0xE6, 0xF0, 0x67, 
   0xB9, 0xB3, 0x00, 0xA8, 0xB9, 0x00, 0xB9, 0x85, 0xD9, 0xB9, 0x28, 0xB9, 0x85, 0xDA, 0xB9, 0x78, 
   0xB9, 0x85, 0xDC, 0xB9, 0x50, 0xB9, 0x85, 0xDB, 0xA0, 0x1A, 0xB1, 0xE7, 0x85, 0x0E, 0x85, 0x02, 
   0x85, 0x2A, 0xE0, 0x0D, 0xB0, 0x09, 0xBD, 0x40, 0xBE, 0x85, 0x06, 0xB5, 0xEB, 0x85, 0x1B, 0xCA, 
   0xE4, 0xE6, 0xF0, 0x48, 0xE6, 0xC6, 0xA0, 0x19, 0xB1, 0xA2, 0x85, 0x1D, 0xB1, 0xA4, 0x85, 0x1E, 
   0xB1, 0xE9, 0x85, 0x0F, 0x88, 0xE0, 0x0D, 0x85, 0x02, 0x85, 0x2A, 0xB0, 0x26, 0xBD, 0x40, 0xBE, 
   0x85, 0x06, 0xB5, 0xEB, 0x85, 0x1B, 0xCA, 0xE4, 0xE6, 0xF0, 0x0C, 0xB1, 0xA2, 0x85, 0x1D, 0xB1, 
   0xA4, 0x85, 0x1E, 0xEA, 0x4C, 0x2B, 0xB2, 0x4C, 0xCC, 0xB5, 0xA5, 0xC5, 0xA5, 0xC5, 0xEA, 0xEA, 
   0x4C, 0x4B, 0xB5, 0xA5, 0xC5, 0xEA, 0xEA, 0xEA, 0xEA, 0x4C, 0xA6, 0xB5, 0x4C, 0xD1, 0xBF, 0xA4, 
   0x94, 0x20, 0x3C, 0xBE, 0x85, 0x2B, 0xA5, 0x9C, 0x29, 0x0F, 0xC9, 0x03, 0x90, 0x2B, 0x85, 0x02, 
   0x85, 0x2A, 0xE0, 0x0D, 0xB0, 0x09, 0xB5, 0xEB, 0x85, 0x1B, 0xBD, 0x40, 0xBE, 0x85, 0x06, 0xCA, 
   0xE4, 0xE6, 0xF0, 0xD8, 0x88, 0xC0, 0x12, 0xB0, 0x0D, 0xA9, 0xFF, 0x85, 0x0D, 0xC0, 0x12, 0xB0, 
   0xDD, 0xB9, 0x42, 0xB6, 0x85, 0x0E, 0x4C, 0xDE, 0xB5, 0x85, 0x02, 0x85, 0x2A, 0x88, 0xD0, 0x02, 
   0x84, 0x0D, 0xE0, 0x0D, 0xB0, 0x09, 0xB5, 0xEB, 0x85, 0x1B, 0xBD, 0x40, 0xBE, 0x85, 0x06, 0xCA, 
   0xE4, 0xE6, 0xF0, 0xA8, 0xC0, 0x12, 0xB0, 0x05, 0xB9, 0x30, 0xB6, 0x85, 0x0E, 0x4C, 0x09, 0xB6, 
   0x00, 0x00, 0x80, 0x80, 0xC0, 0xC0, 0xE0, 0xE0, 0xF0, 0xF0, 0xF8, 0xF8, 0xFC, 0xFC, 0xFE, 0xFE, 
   0xFF, 0xFF, 0xFF, 0xFF, 0xFE, 0xFE, 0xFC, 0xFC, 0xF8, 0xF8, 0xF0, 0xF0, 0xE0, 0xE0, 0xC0, 0xC0, 
   0x80, 0x80, 0x00, 0x00, 0x00, 0x00, 0x00, 0x00, 0x00, 0x00, 0x00, 0x00, 0x00, 0x00, 0x00, 0x00, 
   0x00, 0x00, 0x00, 0x00, 0x00, 0x00, 0x00, 0x00, 0x00, 0x00, 0x00, 0x00, 0x00, 0x00, 0x00, 0x00, 
   0x00, 0x00, 0x00, 0x00, 0x00, 0x00, 0x00, 0x00, 0x00, 0x00, 0x00, 0x00, 0x00, 0x00, 0x00, 0x00, 
   0x00, 0x00, 0x00, 0x00, 0x00, 0x00, 0x00, 0x00, 0x00, 0x00, 0x00, 0x00, 0x00, 0x00, 0x00, 0x00, 
   0x00, 0x00, 0x00, 0x00, 0x00, 0x00, 0x00, 0x00, 0x00, 0x00, 0x00, 0x00, 0x00, 0x00, 0x00, 0x00, 
   0x00, 0x00, 0x00, 0x00, 0x00, 0x00, 0x00, 0x00, 0x00, 0x00, 0x00, 0x00, 0x00, 0x00, 0x00, 0x00, 
   0x00, 0x00, 0x00, 0x00, 0x00, 0x00, 0x00, 0x00, 0x00, 0x00, 0x00, 0x00, 0x00, 0x00, 0x00, 0x00, 
   0x00, 0x00, 0x00, 0x00, 0x00, 0x00, 0x00, 0x00, 0x00, 0x00, 0x00, 0x00, 0x00, 0x00, 0x00, 0x00, 
   0x00, 0x00, 0x00, 0x00, 0x00, 0x00, 0x00, 0x00, 0x00, 0x00, 0x00, 0x00, 0x00, 0x00, 0x00, 0x00, 
   0x00, 0x00, 0x00, 0x00, 0x00, 0x00, 0x00, 0x00, 0x00, 0x00, 0x00, 0x00, 0x00, 0x00, 0x00, 0x00, 
   0x00, 0x00, 0x00, 0x00, 0x00, 0x00, 0x00, 0x00, 0x00, 0x00, 0x00, 0x00, 0x00, 0x00, 0x00, 0x00, 
   0x00, 0x00, 0x00, 0x00, 0x00, 0x00, 0x00, 0x00, 0x00, 0x00, 0x00, 0x00, 0x00, 0x00, 0x00, 0x00, 
   0x00, 0x00, 0x00, 0x00, 0x00, 0x00, 0x00, 0x00, 0x00, 0x00, 0x00, 0x00, 0x00, 0x00, 0x00, 0x00, 
   0x00, 0x00, 0x00, 0x00, 0x00, 0x00, 0x00, 0x00, 0x00, 0x00, 0x00, 0x00, 0x00, 0x00, 0x00, 0x00, 
   0x41, 0x31, 0x21, 0x11, 0x01, 0xF1, 0xE1, 0xD1, 0xC1, 0xB1, 0xA1, 0x91, 0x72, 0x62, 0x52, 0x42, 
   0x32, 0x22, 0x12, 0x02, 0xF2, 0xE2, 0xD2, 0xC2, 0xB2, 0xA2, 0x92, 0x73, 0x63, 0x53, 0x43, 0x33, 
   0x23, 0x13, 0x03, 0xF3, 0xE3, 0xD3, 0xC3, 0xB3, 0xA3, 0x93, 0x74, 0x64, 0x54, 0x44, 0x34, 0x24, 
   0x14, 0x04, 0xF4, 0xE4, 0xD4, 0xC4, 0xB4, 0xA4, 0x94, 0x75, 0x65, 0x55, 0x45, 0x35, 0x25, 0x15, 
   0x05, 0xF5, 0xE5, 0xD5, 0xC5, 0xB5, 0xA5, 0x95, 0x76, 0x66, 0x56, 0x46, 0x36, 0x26, 0x16, 0x06, 
   0xF6, 0xE6, 0xD6, 0xC6, 0xB6, 0xA6, 0x96, 0x77, 0x67, 0x57, 0x47, 0x37, 0x27, 0x17, 0x07, 0xF7, 
   0xE7, 0xD7, 0xC7, 0xB7, 0xA7, 0x97, 0x78, 0x68, 0x58, 0x48, 0x38, 0x28, 0x18, 0x08, 0xF8, 0xE8, 
   0xD8, 0xC8, 0xB8, 0xA8, 0x98, 0x79, 0x69, 0x59, 0x49, 0x39, 0x29, 0x19, 0x09, 0xF9, 0xE9, 0xD9, 
   0xC9, 0xB9, 0xA9, 0x99, 0x7A, 0x6A, 0x5A, 0x4A, 0x3A, 0x2A, 0x1A, 0x0A, 0xFA, 0xEA, 0xDA, 0xCA, 
   0xBA, 0xAA, 0x9A, 0x7B, 0x6B, 0x5B, 0x4B, 0x3B, 0x2B, 0x1B, 0x0B, 0xFB, 0xEB, 0xDB, 0xCB, 0xBB, 
   0xAB, 0x9B, 0x55, 0x55, 0x7B, 0xA2, 0xCB, 0xF1, 0x17, 0x3F, 0x65, 0x8F, 0xB5, 0xDF, 0xDF, 0xB3, 
   0xB3, 0xB3, 0xB3, 0xB3, 0xB3, 0xB4, 0xB4, 0xB4, 0xB4, 0xB4, 0xB4, 0xB4, 0x00, 0x00, 0x00, 0x00, 
   0x00, 0x00, 0x00, 0x00, 0x00, 0x00, 0x00, 0x00, 0x00, 0x00, 0x00, 0x00, 0x00, 0x00, 0x00, 0x00, 
   0x00, 0x00, 0x00, 0x00, 0x00, 0x00, 0x00, 0x00, 0x00, 0x00, 0x00, 0x00, 0x00, 0x00, 0x00, 0x00, 
   0x00, 0x00, 0x00, 0x00, 0x00, 0x00, 0x00, 0x00, 0x00, 0x00, 0x00, 0x00, 0x00, 0x00, 0x00, 0x00, 
   0x80, 0x01, 0xC0, 0x03, 0xE0, 0x07, 0xF0, 0x0F, 0xF8, 0x1F, 0xFC, 0x3F, 0xFE, 0x7F, 0xFF, 0xFF, 
   0xFF, 0xFF, 0xFF, 0xFF, 0xFF, 0xFF, 0xFF, 0xFF, 0xFF, 0xFF, 0xFF, 0xFF, 0xFF, 0xFF, 0xFF, 0xFF, 
   0xFF, 0xFF, 0xFF, 0xFF, 0xFF, 0xFF, 0xFF, 0xFF, 0xFF, 0xFF, 0xFF, 0xFF, 0xFF, 0xFF, 0xFE, 0x7F, 
   0xFC, 0x3F, 0xF8, 0x1F, 0xF0, 0x0F, 0xE0, 0x07, 0xC0, 0x03, 0x80, 0x01, 0x00, 0x00, 0x00, 0x00, 
   0x00, 0x00, 0x00, 0x00, 0x00, 0x00, 0x00, 0x00, 0x00, 0x00, 0x00, 0x00, 0x00, 0x00, 0x00, 0x00, 
   0x00, 0x00, 0x00, 0x00, 0x00, 0x00, 0x00, 0x00, 0xF0, 0x0F, 0xF0, 0x0F, 0xF0, 0x0F, 0xF0, 0x0F, 
   0xF0, 0x0F, 0xF0, 0x0F, 0xF0, 0x0F, 0xF0, 0x0F, 0xF0, 0x0F, 0xF0, 0x0F, 0xF0, 0x0F, 0xF0, 0x0F, 
   0xF0, 0x0F, 0xF0, 0x0F, 0xF0, 0x0F, 0xF0, 0x0F, 0xFC, 0x3F, 0xFC, 0x3F, 0xFC, 0x3F, 0xFC, 0x3F, 
   0xFC, 0x3F, 0xFC, 0x3F, 0xFC, 0x3F, 0xFC, 0x3F, 0xFC, 0x3F, 0xFC, 0x3F, 0xFC, 0x3F, 0xFC, 0x3F, 
   0xFC, 0x3F, 0xFC, 0x3F, 0xFC, 0x3F, 0xFC, 0x3F, 0xC0, 0x03, 0xC0, 0x03, 0xC0, 0x03, 0xC0, 0x03, 
   0xC0, 0x03, 0xC0, 0x03, 0xC0, 0x03, 0xC0, 0x03, 0xC0, 0x03, 0xC0, 0x03, 0xC0, 0x03, 0xC0, 0x03, 
   0xC0, 0x03, 0xC0, 0x03, 0xC0, 0x03, 0xC0, 0x03, 0xFE, 0x7F, 0xFE, 0x7F, 0xFE, 0x7F, 0xFE, 0x7F, 
   0xFE, 0x7F, 0xFE, 0x7F, 0xFE, 0x7F, 0xFE, 0x7F, 0xFE, 0x7F, 0xFE, 0x7F, 0xFE, 0x7F, 0xFE, 0x7F, 
   0xFE, 0x7F, 0xFE, 0x7F, 0xFE, 0x7F, 0xFE, 0x7F, 0x00, 0x00, 0x00, 0x00, 0x00, 0x00, 0x00, 0x00, 
   0x00, 0x00, 0x00, 0xA0, 0xB0, 0xC0, 0x0A, 0x2C, 0x4E, 0x70, 0x92, 0x00, 0x22, 0x44, 0x66, 0x88, 
   0xC0, 0xD4, 0xE9, 0x00, 0x15, 0x2E, 0x47, 0xDC, 0xDC, 0xDC, 0x5F, 0x78, 0x91, 0xAA, 0xC3, 0x61, 
   0x19, 0x31, 0x49, 0x04, 0x36, 0x51, 0x7A, 0x93, 0xBD, 0xBD, 0xBD, 0xB9, 0xB9, 0xB9, 0xBB, 0xBB, 
   0xBB, 0xBB, 0xBB, 0xBB, 0xBB, 0xBB, 0xBB, 0xBB, 0xB9, 0xB9, 0xB9, 0xBA, 0xBA, 0xBA, 0xBA, 0xBA, 
   0xBA, 0xBA, 0xBA, 0xBA, 0xBA, 0xBA, 0xBA, 0xBC, 0xBC, 0xBC, 0xBC, 0xB0, 0xB0, 0xB0, 0xBC, 0xBC, 
   0xAB, 0xAB, 0xAB, 0xAB, 0xAB, 0xDC, 0x59, 0x59, 0x59, 0x59, 0x59, 0x4E, 0x4E, 0x4E, 0x4E, 0x4E, 
   0x00, 0xBC, 0xBC, 0xBC, 0xD0, 0xD0, 0xD0, 0x82, 0x82, 0x82, 0xE5, 0xE5, 0xE5, 0x00, 0x00, 0x00, 
   0x6A, 0x6A, 0x6A, 0x1D, 0x6A, 0x83, 0x00, 0xAC, 0xBB, 0xBB, 0xBB, 0xBB, 0xBB, 0xBA, 0xBE, 0xBE, 
   0xBE, 0xBE, 0xBE, 0xBE, 0xBE, 0xBE, 0xBE, 0xBE, 0xBD, 0xBB, 0xBB, 0xBB, 0xBB, 0xBB, 0xBB, 0xBE, 
   0xBE, 0xBE, 0xBB, 0xBB, 0xBB, 0xBC, 0xBC, 0xBC, 0xBE, 0xBE, 0xBE, 0xB0, 0xB0, 0xB0, 0xBD, 0xBC, 
   0x00, 0x00, 0x00, 0x00, 0x00, 0x00, 0x00, 0x00, 0x00, 0x00, 0x00, 0x08, 0x18, 0x10, 0x00, 0x00, 
   0x00, 0x00, 0x00, 0x00, 0x00, 0x00, 0x00, 0x00, 0x00, 0x00, 0x10, 0x38, 0x18, 0x10, 0x00, 0x00, 
   0x00, 0x00, 0x00, 0x00, 0x00, 0x00, 0x00, 0x00, 0x00, 0x00, 0x28, 0x7C, 0x3C, 0x38, 0x58, 0x08, 
   0x00, 0x00, 0x00, 0x00, 0x00, 0x00, 0x00, 0x00, 0x00, 0x04, 0x12, 0x3A, 0x3A, 0x38, 0x38, 0x38, 
   0x90, 0x90, 0x90, 0x50, 0x10, 0x30, 0x30, 0x20, 0x00, 0x00, 0x00, 0x00, 0x00, 0x18, 0x40, 0x90, 
   0xB8, 0xB8, 0x38, 0x38, 0x38, 0x12, 0x12, 0x12, 0x34, 0x10, 0x10, 0x30, 0x00, 0x00, 0x00, 0x00, 
   0x00, 0x00, 0x00, 0x00, 0x00, 0x00, 0x10, 0x38, 0x38, 0x3A, 0x3A, 0xBA, 0x90, 0x90, 0x10, 0x10, 
   0x10, 0x30, 0x30, 0x20, 0x00, 0x00, 0x00, 0x00, 0x00, 0x18, 0x18, 0x3C, 0x7E, 0xFF, 0xDB, 0x99, 
   0x18, 0x3C, 0x66, 0x10, 0x08, 0x00, 0x10, 0x08, 0x00, 0x00, 0x00, 0x00, 0x00, 0x00, 0x00, 0x00, 
   0x00, 0x00, 0x18, 0x18, 0x3C, 0x7E, 0xFF, 0xDB, 0x99, 0x18, 0x3C, 0x66, 0x00, 0x10, 0x08, 0x00, 
   0x10, 0x08, 0x00, 0x00, 0x00, 0x00, 0x00, 0x00, 0x00, 0x00, 0x00, 0x18, 0x18, 0x3C, 0x7E, 0xFF, 
   0xDB, 0x99, 0x18, 0x3C, 0x66, 0x08, 0x00, 0x10, 0x08, 0x00, 0x10, 0x00, 0x00, 0x00, 0x00, 0x00, 
   0x18, 0x18, 0x3C, 0x3C, 0x34, 0x3C, 0x3C, 0x7A, 0x6E, 0x6E, 0x7E, 0x6E, 0x6E, 0x7E, 0x76, 0x3C, 
   0x3C, 0x2C, 0x3C, 0x3C, 0x18, 0x18, 0x08, 0x00, 0x00, 0x18, 0x18, 0x3C, 0x3C, 0x34, 0x3C, 0x3C, 
   0x7A, 0x6E, 0x6E, 0x7E, 0x6E, 0x6E, 0x7E, 0x76, 0x3C, 0x3C, 0x2C, 0x3C, 0x3C, 0x18, 0x18, 0x00, 
   0x10, 0x00, 0x18, 0x18, 0x3C, 0x3C, 0x34, 0x3C, 0x3C, 0x7A, 0x6E, 0x6E, 0x7E, 0x6E, 0x6E, 0x7E, 
   0x76, 0x3C, 0x3C, 0x2C, 0x3C, 0x3C, 0x18, 0x18, 0x10, 0x00, 0x00, 0x28, 0x7C, 0x7C, 0x74, 0x7C, 
   0x74, 0x7C, 0xFE, 0xFE, 0xFF, 0xDF, 0xDD, 0xFF, 0xFF, 0xFF, 0x7F, 0x77, 0x7E, 0x74, 0x7C, 0x7C, 
   0x38, 0x08, 0x00, 0x00, 0x28, 0x7C, 0x7C, 0x74, 0x7C, 0x74, 0x7C, 0xFE, 0xFE, 0xFF, 0xDF, 0xDD, 
   0xFF, 0xFF, 0xFF, 0x7F, 0x77, 0x7E, 0x74, 0x7C, 0x7C, 0x38, 0x00, 0x08, 0x2C, 0x2C, 0x2C, 0x2C, 
   0x2C, 0x2C, 0x2C, 0x2C, 0x2C, 0x2C, 0x2C, 0x2C, 0x2C, 0x2C, 0x2C, 0x2C, 0x2C, 0x00, 0x00, 0x00, 
   0x00, 0x00, 0x00, 0x00, 0x00, 0x00, 0x00, 0x00, 0x00, 0x00, 0x00, 0x00, 0x00, 0x00, 0x00, 0x00, 
   0x00, 0x10, 0x18, 0x89, 0xD3, 0x69, 0x2A, 0x2C, 0x14, 0x18, 0x00, 0x00, 0x24, 0x10, 0x18, 0x89, 
   0xD3, 0x69, 0x2A, 0x2C, 0x14, 0x18, 0x08, 0x00, 0x00, 0x00, 0x00, 0x00, 0x00, 0x00, 0x00, 0x00, 
   0x00, 0x00, 0x00, 0x08, 0x22, 0x58, 0x22, 0x14, 0x52, 0x24, 0x30, 0x08, 0x00, 0x24, 0x08, 0x08, 
   0x22, 0x58, 0x22, 0x14, 0x52, 0x24, 0x30, 0x08, 0x00, 0x00, 0x00, 0x00, 0x00, 0x00, 0x00, 0x00, 
   0x00, 0x00, 0x00, 0x00, 0x00, 0x04, 0x10, 0x24, 0x08, 0x10, 0x28, 0x04, 0x10, 0x00, 0x00, 0x00, 
   0x08, 0x04, 0x10, 0x24, 0x08, 0x10, 0x28, 0x04, 0x10, 0x00, 0x00, 0x00, 0x00, 0x00, 0x00, 0x00, 
   0x00, 0x00, 0x00, 0x00, 0x00, 0x00, 0x00, 0x10, 0x24, 0x08, 0x20, 0x14, 0x28, 0x00, 0x00, 0x00, 
   0x00, 0x00, 0x00, 0x10, 0x24, 0x08, 0x20, 0x14, 0x28, 0x00, 0x00, 0x00, 0x00, 0x00, 0x00, 0x00, 
   0x00, 0x00, 0x00, 0x00, 0x00, 0x00, 0x00, 0x00, 0x00, 0x00, 0x10, 0x00, 0x02, 0x00, 0x00, 0x00, 
   0x00, 0x00, 0x00, 0x00, 0x00, 0x00, 0x24, 0x00, 0x10, 0x00, 0x28, 0x00, 0x00, 0x00, 0x00, 0x00, 
   0x00, 0x00, 0x00, 0x00, 0x00, 0x00, 0x00, 0x00, 0x00, 0x00, 0x00, 0x44, 0x44, 0x44, 0x44, 0x44, 
   0x44, 0x44, 0x44, 0x44, 0x44, 0x44, 0x44, 0x44, 0x44, 0x44, 0x44, 0x44, 0x00, 0x00, 0x00, 0x00, 
   0x00, 0x00, 0x00, 0x00, 0x00, 0x00, 0x00, 0x00, 0x00, 0x00, 0x00, 0x00, 0x00, 0x00, 0x00, 0x00, 
   0x00, 0x00, 0x00, 0x00, 0x64, 0x66, 0x66, 0x66, 0x66, 0x66, 0x66, 0x66, 0x64, 0x64, 0x62, 0x64, 
   0x64, 0x64, 0x64, 0x64, 0x64, 0x00, 0x02, 0x02, 0x02, 0x04, 0x04, 0x04, 0x04, 0x04, 0x04, 0x04, 
   0x04, 0x04, 0x04, 0x04, 0x04, 0x04, 0x04, 0x04, 0x04, 0x04, 0x04, 0x02, 0x02, 0xB6, 0x00, 0x00, 
   0x00, 0x02, 0x02, 0x02, 0x04, 0x04, 0x04, 0x04, 0x04, 0x04, 0x04, 0x04, 0x04, 0x04, 0x04, 0x04, 
   0x04, 0x04, 0x04, 0x04, 0x04, 0x04, 0x02, 0x02, 0xB6, 0x00, 0x00, 0x00, 0x00, 0x00, 0x3C, 0x42, 
   0x81, 0x18, 0x24, 0x18, 0x3C, 0x3C, 0x3C, 0x18, 0x24, 0x18, 0x81, 0x42, 0x3C, 0x00, 0x00, 0x00, 
   0x00, 0x00, 0x00, 0x00, 0x00, 0x3C, 0x42, 0x81, 0x18, 0x24, 0x00, 0x18, 0x3C, 0x3C, 0x3C, 0x18, 
   0x00, 0x24, 0x18, 0x81, 0x42, 0x3C, 0x00, 0x00, 0x00, 0x00, 0x00, 0x00, 0x3C, 0x42, 0x81, 0x18, 
   0x24, 0x42, 0x00, 0x18, 0x3C, 0x3C, 0x3C, 0x18, 0x00, 0x42, 0x24, 0x18, 0x81, 0x42, 0x3C, 0x00, 
   0x00, 0x00, 0x28, 0x7C, 0x7C, 0x74, 0x7C, 0x74, 0x7C, 0xFE, 0xFE, 0xFF, 0xDF, 0xDD, 0xFF, 0xFF, 
   0xFF, 0x7F, 0x77, 0x7E, 0x74, 0x7C, 0x7C, 0x38, 0x10, 0x00, 0x00, 0xFE, 0xEE, 0xEE, 0xEE, 0xFE, 
   0xFE, 0xEE, 0xEE, 0xEE, 0xFE, 0xFE, 0xEE, 0xEE, 0xEE, 0xFE, 0xFE, 0xEE, 0xEE, 0xEE, 0xFE, 0xFE, 
   0xEE, 0xEE, 0xEE, 0x00, 0x0C, 0x3F, 0x3F, 0xBF, 0xBF, 0x3F, 0x3F, 0x00, 0x00, 0x00, 0xFE, 0xFE, 
   0xFE, 0xFE, 0xFE, 0xFE, 0xFE, 0xFE, 0x6C, 0x00, 0x00, 0x00, 0x00, 0x00, 0x00, 0x00, 0x04, 0x02, 
   0x00, 0x00, 0x02, 0x04, 0x00, 0x00, 0x00, 0x06, 0x04, 0x02, 0x00, 0x00, 0x02, 0x04, 0x06, 0x00, 
   0x00, 0x00, 0x00, 0x00, 0x00, 0x00, 0x00, 0x00, 0x00, 0x00, 0x00, 0x00, 0x00, 0x00, 0x00, 0x00, 
   0x00, 0x00, 0x00, 0x00, 0x00, 0x00, 0x00, 0x00, 0x00, 0x00, 0x00, 0x00, 0x00, 0x00, 0x00, 0x00, 
   0x00, 0x00, 0x00, 0x00, 0x00, 0x00, 0x00, 0x00, 0x00, 0x00, 0x00, 0x00, 0x00, 0x00, 0x00, 0x00, 
   0x00, 0x00, 0x00, 0x00, 0x00, 0x00, 0x00, 0x00, 0x00, 0x00, 0x00, 0x00, 0x00, 0x00, 0x00, 0x00, 
   0x00, 0x00, 0x00, 0x00, 0x00, 0x00, 0x00, 0x00, 0x00, 0x00, 0x00, 0x00, 0x00, 0x00, 0x00, 0x00, 
   0x00, 0x00, 0x00, 0x00, 0x00, 0x00, 0x00, 0x00, 0x00, 0x00, 0x00, 0x00, 0x00, 0x00, 0x00, 0x00, 
   0x00, 0x00, 0x00, 0x00, 0x00, 0x00, 0x00, 0x00, 0x00, 0x00, 0x00, 0x00, 0x00, 0x00, 0x00, 0x00, 
   0x00, 0x00, 0x00, 0x00, 0x00, 0x00, 0x00, 0x00, 0x00, 0x00, 0x00, 0x00, 0x00, 0x00, 0x00, 0x00, 
   0x00, 0x00, 0x00, 0x00, 0x00, 0x00, 0x00, 0x00, 0x00, 0x00, 0x00, 0x00, 0x00, 0x00, 0x00, 0x00, 
   0x00, 0x00, 0x00, 0x00, 0x00, 0x00, 0x00, 0x00, 0x00, 0x00, 0x00, 0x00, 0x00, 0x00, 0x00, 0x00, 
   0x00, 0x00, 0x00, 0x00, 0x00, 0x00, 0x00, 0x00, 0x00, 0x00, 0x00, 0x00, 0x00, 0x00, 0x00, 0x00, 
   0x00, 0x00, 0x00, 0x00, 0xFF, 0xFF, 0xFF, 0xFF, 0x00, 0x00, 0x00, 0x00, 0x00, 0x00, 0x00, 0x00, 
   0x00, 0x00, 0x00, 0x00, 0x00, 0x00, 0x00, 0x00, 0x00, 0x00, 0x00, 0x00, 0x00, 0x00, 0x00, 0x00, 
   0x00, 0x00, 0x00, 0x00, 0x00, 0x00, 0x00, 0x00, 0x00, 0x00, 0x00, 0x00, 0x00, 0x00, 0x00, 0x00, 
   0x00, 0x00, 0x00, 0x00, 0x00, 0x00, 0x00, 0x00, 0x00, 0x00, 0x00, 0x00, 0x00, 0x00, 0x00, 0x00, 
   0x00, 0x00, 0x00, 0x00, 0x00, 0x00, 0x00, 0x00, 0x00, 0x00, 0x00, 0x00, 0x00, 0x00, 0x00, 0x00, 
   0x00, 0x00, 0x00, 0x00, 0x00, 0x00, 0x00, 0x00, 0x00, 0x00, 0x00, 0x00, 0x00, 0x00, 0x00, 0x00, 
   0x00, 0x00, 0x00, 0x00, 0x00, 0x00, 0x00, 0x00, 0x00, 0x00, 0x00, 0x00, 0x00, 0x00, 0x00, 0x00, 
   0x00, 0x00, 0x00, 0x00, 0x00, 0x00, 0x00, 0x00, 0x00, 0x00, 0x00, 0x00, 0x00, 0x00, 0x00, 0x00, 
   0x00, 0x00, 0x00, 0x00, 0x00, 0x00, 0x00, 0x00, 0x00, 0x00, 0x00, 0x00, 0x00, 0x00, 0x00, 0x00, 
   0xA9, 0x07, 0x85, 0xC6, 0xEA, 0xD0, 0x02, 0x85, 0x2B, 0xA4, 0xC6, 0xB1, 0xD9, 0x85, 0x1B, 0x85, 
   0x2A, 0xB1, 0xE1, 0x85, 0xC5, 0xB1, 0xDF, 0xAA, 0xB1, 0xDB, 0x85, 0x1C, 0xB1, 0xDD, 0x85, 0x1B, 
   0xB1, 0xE3, 0xA4, 0xC5, 0x86, 0x1C, 0x84, 0x1B, 0x85, 0x1C, 0x85, 0x1B, 0xC6, 0xC6, 0x10, 0xD7, 
   0x85, 0x02, 0x85, 0x2A, 0xA9, 0x00, 0x85, 0x1B, 0x85, 0x1C, 0x85, 0x1B, 0x60, 0x62, 0x62, 0x62, 
   0x62, 0x62, 0x02, 0x08, 0x08, 0x0A, 0x0A, 0x0A, 0x0A, 0x0A, 0x0A, 0x08, 0x04, 0x02, 0x60, 0x60, 
   0x62, 0x62, 0x64, 0x64, 0x62, 0x62, 0x60, 0x60, 0x60, 0x60, 0x60, 0x60, 0x62, 0x60, 0x62, 0x64, 
   0x60, 0x62, 0x60, 0x62, 0x60, 0x60, 0x60, 0x60, 0x60, 0x60, 0xB2, 0xB2, 0xB2, 0xB2, 0xB4, 0xB4, 
   0xB6, 0xB8, 0xBA, 0xBC, 0x28, 0x28, 0x2C, 0x28, 0x28, 0xBC, 0xBA, 0xB8, 0xB6, 0xB4, 0xB4, 0xB2, 
   0xB2, 0xB2, 0x00, 0x00, 0x00, 0x00, 0x00, 0x00, 0x00, 0x00, 0x00, 0x00, 0x00, 0x00, 0x00, 0x00, 
   0x00, 0x00, 0x00, 0x00, 0x00, 0x00, 0x00, 0x00, 0x00, 0x00, 0x00, 0x00, 0x00, 0x00, 0x00, 0x00, 
   0x00, 0x00, 0x00, 0x00, 0x00, 0x00, 0x00, 0x00, 0x00, 0x00, 0x00, 0x00, 0x00, 0x00, 0x00, 0x00, 
   0x00, 0x00, 0x00, 0x00, 0x00, 0x00, 0x00, 0x00, 0x00, 0x00, 0x00, 0x00, 0x00, 0x00, 0x00, 0x00, 
   0x00, 0x00, 0x00, 0x00, 0x00, 0x00, 0x00, 0x00, 0x00, 0x00, 0x00, 0x00, 0x00, 0x00, 0x00, 0x00, 
   0x00, 0x00, 0x00, 0x00, 0x00, 0x00, 0x00, 0x00, 0x00, 0x00, 0x00, 0x00, 0x00, 0x00, 0x00, 0x00, 
   0x00, 0x00, 0x00, 0x00, 0x00, 0x00, 0x00, 0x00, 0x00, 0x00, 0x00, 0x00, 0x00, 0x00, 0x00, 0x00, 
   0x00, 0x00, 0x00, 0x00, 0x00, 0x00, 0x00, 0x00, 0x00, 0x00, 0x00, 0x00, 0x00, 0x00, 0x00, 0x00, 
   0x3C, 0x66, 0x66, 0x66, 0x66, 0x66, 0x3C, 0x00, 0x3C, 0x18, 0x18, 0x18, 0x18, 0x38, 0x18, 0x00, 
   0x7E, 0x60, 0x60, 0x3C, 0x06, 0x46, 0x3C, 0x00, 0x3C, 0x46, 0x06, 0x0C, 0x06, 0x46, 0x3C, 0x00, 
   0x0C, 0x0C, 0x7E, 0x4C, 0x2C, 0x1C, 0x0C, 0x00, 0x7C, 0x46, 0x06, 0x7C, 0x60, 0x60, 0x7E, 0x00, 
   0x3C, 0x66, 0x66, 0x7C, 0x60, 0x62, 0x3C, 0x00, 0x18, 0x18, 0x18, 0x0C, 0x06, 0x42, 0x7E, 0x00, 
   0x3C, 0x66, 0x66, 0x3C, 0x66, 0x66, 0x3C, 0x00, 0x3C, 0x46, 0x06, 0x3E, 0x66, 0x66, 0x3C, 0x00, 
   0x61, 0x31, 0x1F, 0x0D, 0x07, 0x03, 0x01, 0x00, 0x6A, 0x4A, 0x4A, 0x4A, 0x6A, 0x08, 0x7F, 0x00, 
   0x85, 0xC4, 0xE5, 0xB5, 0x99, 0x8C, 0x87, 0x00, 0xD7, 0x55, 0xD5, 0x15, 0xD7, 0x00, 0xF0, 0x00, 
   0x48, 0x58, 0x78, 0x68, 0x48, 0x00, 0x00, 0x00, 0x3C, 0x42, 0x5A, 0x52, 0x5A, 0x42, 0x3C, 0x00, 
   0x00, 0x00, 0x00, 0x00, 0x00, 0x00, 0x00, 0x00, 0x00, 0x00, 0x00, 0x00, 0x00, 0x00, 0x00, 0x00, 
   0x00, 0x00, 0x00, 0x00, 0x00, 0x00, 0x00, 0x00, 0x00, 0x00, 0x00, 0x00, 0x00, 0x00, 0x00, 0x00, 
   0x00, 0x00, 0x00, 0x00, 0x00, 0x00, 0x00, 0x00, 0x00, 0x00, 0x00, 0x00, 0x00, 0x00, 0x00, 0x00, 
   0x00, 0x00, 0x00, 0x00, 0x00, 0x00, 0x00, 0x00, 0x00, 0x00, 0x00, 0x00, 0x00, 0x00, 0x00, 0x00, 
   0x00, 0x00, 0x00, 0x00, 0x00, 0x00, 0x00, 0x00, 0x00, 0x00, 0x00, 0xEA, 0xEA, 0xEA, 0xEA, 0xEA, 
   0xEA, 0x2C, 0xF8, 0xFF, 0x4C, 0x7C, 0xD2, 0x2C, 0xF8, 0xFF, 0x4C, 0xDA, 0xDF, 0x2C, 0xF9, 0xFF, 
   0x4C, 0xE0, 0xFF, 0xEA, 0xEA, 0xEA, 0x4C, 0xAC, 0xB0, 0xEA, 0xEA, 0xEA, 0xEA, 0xEA, 0xEA, 0xEA, 
   0xEA, 0xEA, 0xEA, 0xEA, 0xEA, 0xEA, 0xEA, 0xEA, 0x4C, 0xEA, 0xEA, 0xEA, 0x00, 0xB0, 0x00, 0xB0, 
   0x58, 0x2C, 0xF9, 0xFF, 0xAC, 0x84, 0x02, 0xD0, 0xFB, 0x85, 0x02, 0x84, 0x09, 0x85, 0x01, 0xA0, 
   0x01, 0xEA, 0xCA, 0x10, 0xFD, 0x85, 0x14, 0x85, 0x02, 0x85, 0x2A, 0xA9, 0x04, 0x85, 0x09, 0x84, 
   0x25, 0x84, 0x26, 0xA2, 0xF3, 0xEA, 0x84, 0x0B, 0x84, 0x0C, 0x86, 0x04, 0x86, 0x05, 0x85, 0x2B, 
   0x86, 0x20, 0x8D, 0x10, 0x00, 0x85, 0x11, 0xA5, 0xC5, 0xA5, 0xC5, 0x20, 0x00, 0xDE, 0xA6, 0xB3, 
   0xBD, 0x7B, 0xD6, 0x85, 0xD9, 0xBD, 0x23, 0xD8, 0x85, 0xDB, 0xBD, 0x00, 0xD8, 0x85, 0xDA, 0xBD, 
   0x46, 0xD8, 0x85, 0xDC, 0xA9, 0x00, 0x85, 0x02, 0x85, 0x2A, 0x85, 0x25, 0x85, 0x26, 0x85, 0x04, 
   0x85, 0x05, 0xA9, 0x73, 0x38, 0xE5, 0xAC, 0x85, 0xC5, 0xA6, 0xC1, 0xBD, 0x00, 0xD7, 0x85, 0x20, 
   0x29, 0x0F, 0xAA, 0xA5, 0xD8, 0x85, 0x06, 0xA4, 0xB3, 0xB9, 0x3E, 0xD6, 0x85, 0xC7, 0xE6, 0xC7, 
   0xA4, 0xAD, 0xB9, 0x00, 0xD7, 0x85, 0xC6, 0x85, 0x21, 0x85, 0x02, 0x85, 0x2A, 0x29, 0x0F, 0xA8, 
   0xA5, 0xC6, 0x88, 0x10, 0xFD, 0x85, 0x11, 0x85, 0x02, 0xA9, 0x00, 0x85, 0x09, 0xA9, 0x01, 0x85, 
   0x0A, 0xCA, 0x10, 0xFD, 0x85, 0x10, 0x85, 0x02, 0x85, 0x2A, 0xA9, 0xB2, 0x85, 0x09, 0x24, 0x9C, 
   0x30, 0x03, 0x4C, 0xC7, 0xD0, 0xA2, 0x7F, 0x85, 0x02, 0x85, 0x2A, 0xCA, 0xD0, 0xF9, 0x4C, 0x7C, 
   0xD2, 0xEA, 0xEA, 0xEA, 0x4C, 0x3A, 0xD1, 0xA9, 0x01, 0x85, 0xC6, 0x85, 0x26, 0xA6, 0xC5, 0xAC, 
   0xA9, 0x00, 0xEA, 0xEA, 0x85, 0x2B, 0xF0, 0xEB, 0xC4, 0xC7, 0x90, 0x2F, 0xB9, 0x00, 0xD7, 0x85, 
   0x24, 0x85, 0x02, 0x85, 0x2A, 0xB1, 0xA2, 0x85, 0x1D, 0xB1, 0xA4, 0x85, 0x1E, 0xCA, 0x88, 0xC4, 
   0xC7, 0xB0, 0xE9, 0xA5, 0xC5, 0xA5, 0xC5, 0xA5, 0xC5, 0xA5, 0xC5, 0xAD, 0xC5, 0x00, 0x4C, 0x0B, 
   0xD1, 0x4C, 0x7C, 0xD2, 0xA5, 0xC5, 0xEA, 0xA9, 0x00, 0xF0, 0x1D, 0xB9, 0x00, 0xD7, 0x85, 0x24, 
   0x85, 0x1F, 0xB1, 0xD9, 0x85, 0x1C, 0xB1, 0xDB, 0xE0, 0x11, 0x8D, 0x07, 0x00, 0x85, 0x2A, 0xB0, 
   0xE3, 0xBD, 0x6C, 0xDE, 0x85, 0x06, 0xB5, 0xE7, 0x85, 0x1B, 0xB1, 0xA4, 0x85, 0x1E, 0xB1, 0xA2, 
   0x85, 0x1D, 0xCA, 0xE4, 0xE6, 0xF0, 0xCA, 0x88, 0xD0, 0xD1, 0xE0, 0x11, 0xA5, 0xC5, 0xB1, 0xA4, 
   0x85, 0x1E, 0xB1, 0xA2, 0x85, 0x1D, 0xA4, 0xC6, 0xB9, 0xAD, 0x00, 0xA8, 0x85, 0x2A, 0xA9, 0x00, 
   0x85, 0x1C, 0x90, 0x09, 0xA5, 0xC5, 0xEA, 0xA9, 0x00, 0xEA, 0x4C, 0x64, 0xD1, 0xBD, 0x6C, 0xDE, 
   0x85, 0x06, 0xB5, 0xE7, 0x85, 0x1B, 0xCA, 0xE4, 0xE6, 0xF0, 0x96, 0xB9, 0x00, 0xD7, 0x85, 0x21, 
   0x29, 0x0F, 0xA8, 0xE0, 0x11, 0x90, 0x0A, 0xA9, 0x00, 0x8D, 0xC7, 0x00, 0xA5, 0xD8, 0x4C, 0x88, 
   0xD1, 0xB5, 0xE7, 0x85, 0xC7, 0xBD, 0x6C, 0xDE, 0xCA, 0xE4, 0xE6, 0xD0, 0x03, 0x4C, 0x78, 0xD2, 
   0xEA, 0x8D, 0x06, 0x00, 0xA5, 0xC7, 0x85, 0x2A, 0x85, 0x1B, 0xC0, 0x07, 0xB0, 0x20, 0x88, 0xD0, 
   0xFD, 0xA4, 0xC6, 0xEA, 0x85, 0x11, 0xA5, 0x07, 0x2A, 0x66, 0xFA, 0xA5, 0x00, 0x2A, 0x66, 0xF9, 
   0xA5, 0x01, 0x4C, 0xD6, 0xD1, 0xA5, 0xC5, 0xA5, 0xC5, 0xEA, 0xEA, 0x4C, 0xE7, 0xD1, 0xA5, 0x07, 
   0x2A, 0x66, 0xFA, 0xA5, 0x00, 0x2A, 0x66, 0xF9, 0x98, 0x38, 0xE9, 0x07, 0xA8, 0xA5, 0x01, 0x88, 
   0x10, 0xFD, 0xA4, 0xC6, 0x85, 0x11, 0x85, 0x02, 0x85, 0x2A, 0xE0, 0x11, 0xB0, 0xD7, 0xB5, 0xE7, 
   0x85, 0x1B, 0xBD, 0x6C, 0xDE, 0x85, 0x06, 0xCA, 0xE4, 0xE6, 0xF0, 0x74, 0xB9, 0xB9, 0x00, 0x29, 
   0x07, 0x85, 0x2B, 0x85, 0x05, 0xB9, 0xB3, 0x00, 0xA8, 0xB9, 0x7B, 0xD6, 0x85, 0xD9, 0xB9, 0x00, 
   0xD8, 0x8D, 0xDA, 0x00, 0xB9, 0x46, 0xD8, 0x85, 0x02, 0x85, 0x2A, 0x85, 0xDC, 0xE0, 0x11, 0xB0, 
   0x54, 0xB5, 0xE7, 0x85, 0x1B, 0xBD, 0x6C, 0xDE, 0x85, 0x06, 0xCA, 0xE4, 0xE6, 0xF0, 0x41, 0xA5, 
   0xA2, 0x38, 0xF9, 0x1B, 0xD6, 0xB0, 0x01, 0x2C, 0x85, 0xA2, 0xA5, 0xA4, 0x38, 0xF9, 0x1B, 0xD6, 
   0xB0, 0x01, 0x2C, 0x85, 0xA4, 0xB9, 0x23, 0xD8, 0x85, 0xDB, 0xB9, 0x3E, 0xD6, 0xA8, 0xE0, 0x11, 
   0x85, 0x2A, 0xB0, 0x2B, 0xB5, 0xE7, 0x85, 0x1B, 0xBD, 0x6C, 0xDE, 0x85, 0x06, 0xA5, 0x01, 0x05, 
   0xFB, 0x85, 0xFB, 0x8D, 0x2C, 0x00, 0xCA, 0xE4, 0xE6, 0xF0, 0x21, 0xE6, 0xC6, 0x4C, 0x0B, 0xD1, 
   0x85, 0x2C, 0x4C, 0x7C, 0xD2, 0xA5, 0xC5, 0xA5, 0xC5, 0xAD, 0xC5, 0x00, 0x4C, 0x1A, 0xD2, 0xA5, 
   0xC5, 0xA5, 0xC5, 0xEA, 0xEA, 0x4C, 0x4D, 0xD2, 0x85, 0x02, 0x85, 0x2A, 0xA2, 0x00, 0x86, 0x24, 
   0x85, 0x02, 0x85, 0x2A, 0x86, 0x09, 0x86, 0x0D, 0x86, 0x0E, 0x86, 0x1D, 0x86, 0x26, 0x86, 0x1F, 
   0x86, 0x1C, 0x86, 0x1B, 0x86, 0x0F, 0x86, 0x1E, 0xA5, 0x07, 0x2A, 0xEA, 0xEA, 0x85, 0x14, 0x66, 
   0xFA, 0x85, 0x02, 0x85, 0x2A, 0xA9, 0x04, 0x85, 0x09, 0xA6, 0xA0, 0xE0, 0x9D, 0x90, 0x02, 0xA2, 
   0x9D, 0xE0, 0x60, 0xB0, 0x07, 0xA0, 0x06, 0xBD, 0x6D, 0xD7, 0xD0, 0x05, 0xBD, 0x00, 0xD7, 0xA0, 
   0x68, 0x85, 0xE4, 0x84, 0xE2, 0xA5, 0x03, 0x0A, 0x66, 0xFC, 0xA2, 0x00, 0x85, 0x02, 0x85, 0x2A, 
   0xA5, 0x02, 0x4A, 0x05, 0xFB, 0x85, 0xFB, 0xA5, 0x01, 0x29, 0x80, 0x05, 0xFB, 0x85, 0xFB, 0x85, 
   0x02, 0x85, 0x2A, 0x86, 0x1B, 0x86, 0x1C, 0xA9, 0x06, 0x85, 0x09, 0xA2, 0x15, 0x86, 0x0A, 0xA6, 
   0x9E, 0xBD, 0x08, 0xD7, 0x85, 0x21, 0x85, 0x23, 0x29, 0x0F, 0xA8, 0xE0, 0x65, 0xB0, 0x09, 0xA9, 
   0xFF, 0x85, 0x0B, 0xBD, 0x2F, 0xD7, 0xD0, 0x03, 0xBD, 0x00, 0xD7, 0x85, 0x20, 0x29, 0x0F, 0xAA, 
   0x85, 0x02, 0x85, 0x2A, 0xA9, 0x08, 0x85, 0x09, 0xA5, 0xE4, 0x8D, 0x22, 0x00, 0xCA, 0xD0, 0xFD, 
   0x85, 0x10, 0x29, 0x0F, 0xAA, 0x85, 0x02, 0x85, 0x2A, 0xA9, 0x06, 0x85, 0x09, 0xA9, 0x20, 0x85, 
   0x24, 0xA9, 0x00, 0x88, 0xD0, 0xFD, 0x85, 0x13, 0x85, 0x11, 0x85, 0x20, 0x85, 0x02, 0x85, 0x2A, 
   0xA5, 0xC5, 0xA9, 0x00, 0xA0, 0x30, 0xCA, 0x10, 0xFD, 0x85, 0x12, 0x85, 0x23, 0x84, 0x21, 0x85, 
   0x02, 0x85, 0x2A, 0xA9, 0x02, 0x85, 0x09, 0x85, 0x07, 0xA9, 0x06, 0x85, 0x08, 0xA9, 0xFF, 0x85, 
   0x0D, 0x85, 0x0E, 0xA9, 0x07, 0x85, 0x0F, 0xA9, 0x10, 0x85, 0x04, 0xA9, 0x37, 0x85, 0x05, 0x85, 
   0x2B, 0xA9, 0xFF, 0x85, 0x1C, 0x85, 0x1E, 0xA2, 0x08, 0x85, 0x02, 0x85, 0x2A, 0xA9, 0xB4, 0x85, 
   0x09, 0xBD, 0xD2, 0xD7, 0x85, 0x1B, 0xBD, 0xED, 0xD7, 0x85, 0x06, 0x85, 0x07, 0xCA, 0x10, 0xE9, 
   0xA6, 0xC4, 0xBD, 0x60, 0xD7, 0x85, 0xE3, 0xA4, 0xC3, 0xB9, 0x60, 0xD7, 0x85, 0xE1, 0xEA, 0xEA, 
   0xA9, 0x00, 0xA2, 0x02, 0x86, 0x1D, 0x85, 0x1B, 0x85, 0x1C, 0x85, 0x1E, 0x85, 0x02, 0x85, 0x2A, 
   0xBD, 0xE7, 0xDE, 0x85, 0x24, 0xA5, 0xE2, 0x85, 0x06, 0xBD, 0xE1, 0xDE, 0x85, 0x1F, 0xBD, 0xE4, 
   0xDE, 0x85, 0x0A, 0xCA, 0x10, 0xE6, 0x20, 0x3C, 0xDE, 0xEA, 0xA9, 0x00, 0x85, 0x1F, 0x85, 0x1D, 
   0xA9, 0xFF, 0x85, 0x1C, 0x85, 0x1E, 0xA2, 0x08, 0x85, 0x02, 0x85, 0x2B, 0x85, 0x2A, 0xBD, 0xDB, 
   0xD7, 0x85, 0x1B, 0xBD, 0xE4, 0xD7, 0x85, 0x06, 0x85, 0x07, 0xCA, 0x10, 0xEB, 0xA9, 0xDF, 0x85, 
   0xDA, 0x85, 0xDC, 0x85, 0xDE, 0x85, 0xE0, 0x85, 0xE2, 0x85, 0xE4, 0xEA, 0xEA, 0xA9, 0x00, 0x85, 
   0x0B, 0x85, 0x1E, 0x85, 0x1C, 0x85, 0x1B, 0x85, 0x1C, 0x85, 0x02, 0x85, 0x2A, 0xA9, 0x02, 0x85, 
   0x09, 0xA0, 0x00, 0x84, 0x1B, 0x84, 0x1E, 0xC8, 0xA9, 0x0C, 0x84, 0x04, 0x84, 0x05, 0x85, 0x06, 
   0xA2, 0x90, 0x8D, 0x10, 0x00, 0x85, 0x11, 0x85, 0x07, 0x84, 0x25, 0x85, 0x26, 0x86, 0x20, 0xA2, 
   0xA2, 0x86, 0x21, 0x86, 0x1F, 0x85, 0x02, 0x85, 0x2A, 0xA9, 0xFF, 0x85, 0x0F, 0xA0, 0x2C, 0xA6, 
   0xC3, 0xE0, 0x10, 0xB0, 0x0C, 0x24, 0x9C, 0x30, 0x08, 0xA5, 0x80, 0x29, 0x10, 0xD0, 0x02, 0xA0, 
   0x64, 0x84, 0xC7, 0x24, 0x9C, 0x30, 0x0C, 0xA9, 0x87, 0x85, 0xD9, 0xA9, 0x8C, 0xA2, 0x91, 0xA0, 
   0x96, 0xD0, 0x0A, 0xA9, 0xA5, 0x85, 0xD9, 0xA9, 0xAA, 0xA2, 0xAF, 0xA0, 0xB4, 0x85, 0xDB, 0x86, 
   0xDD, 0x84, 0xDF, 0x18, 0x85, 0x2B, 0x85, 0x02, 0x85, 0x2A, 0xA5, 0xE1, 0x29, 0x0F, 0xAA, 0xA5, 
   0xC3, 0x69, 0x01, 0xAC, 0xE1, 0x00, 0xCA, 0x10, 0xFD, 0x85, 0x14, 0x84, 0x24, 0x85, 0x02, 0x85, 
   0x2A, 0xA0, 0x30, 0x84, 0x0A, 0xA0, 0x60, 0x84, 0x09, 0x4A, 0x4A, 0x4A, 0xA8, 0xB9, 0xA2, 0xDE, 
   0x85, 0xC5, 0xB9, 0xA8, 0xDE, 0x85, 0xC6, 0x85, 0x2B, 0x20, 0x3C, 0xDE, 0xA5, 0xC5, 0xA5, 0xC5, 
   0xA5, 0xC5, 0xA0, 0x04, 0x20, 0x3D, 0xDE, 0x85, 0x02, 0x85, 0x2A, 0xC8, 0x84, 0x1B, 0x84, 0x1C, 
   0x84, 0x1D, 0xA0, 0x2C, 0xA6, 0xC4, 0xE0, 0x08, 0xB0, 0x08, 0xA5, 0x80, 0x29, 0x10, 0xD0, 0x02, 
   0xA0, 0x64, 0x84, 0xC7, 0x85, 0x02, 0x85, 0x2A, 0xA5, 0xE3, 0x29, 0x0F, 0xAA, 0xA5, 0xC4, 0x18, 
   0xAC, 0xE3, 0x00, 0xCA, 0x10, 0xFD, 0x85, 0x14, 0x84, 0x24, 0x85, 0x02, 0x85, 0x2A, 0xA0, 0x60, 
   0x8C, 0x09, 0x00, 0x69, 0x01, 0x4A, 0x4A, 0x4A, 0xAA, 0xBD, 0xA2, 0xDE, 0x85, 0xC5, 0xBD, 0xA8, 
   0xDE, 0x85, 0xC6, 0xA9, 0x7F, 0x85, 0xD9, 0x85, 0xDF, 0xA9, 0x9B, 0x85, 0xDB, 0xA9, 0xA0, 0x85, 
   0xDD, 0xEA, 0xA5, 0xC5, 0x85, 0x2B, 0xA0, 0x04, 0x20, 0x3D, 0xDE, 0x85, 0x02, 0x85, 0x2A, 0xC8, 
   0x84, 0x1B, 0x84, 0x1C, 0x84, 0x1D, 0xA0, 0x2C, 0xA5, 0xAC, 0xA6, 0x85, 0xE0, 0x03, 0xD0, 0x04, 
   0xA9, 0x00, 0xF0, 0x0C, 0xA6, 0x9C, 0xE0, 0x80, 0xF0, 0xF6, 0xE0, 0xF8, 0x90, 0x02, 0xA5, 0xC3, 
   0xAA, 0xBD, 0x60, 0xD7, 0x85, 0xE3, 0x86, 0xC6, 0x84, 0xC7, 0x85, 0x02, 0x85, 0x2A, 0xA5, 0xE3, 
   0x29, 0x0F, 0xAA, 0xA5, 0xC6, 0x18, 0xAC, 0xE3, 0x00, 0xCA, 0x10, 0xFD, 0x85, 0x14, 0x84, 0x24, 
   0x85, 0x02, 0x85, 0x2A, 0xA0, 0x60, 0x8C, 0x09, 0x00, 0x69, 0x01, 0x4A, 0x4A, 0x4A, 0xAA, 0xBD, 
   0xA2, 0xDE, 0x85, 0xC5, 0xBD, 0xA8, 0xDE, 0x85, 0xC6, 0xA9, 0x7F, 0x85, 0xD9, 0xA9, 0xC3, 0x85, 
   0xDF, 0xA9, 0xB9, 0x85, 0xDB, 0xA9, 0xBE, 0x85, 0xDD, 0xA5, 0xC5, 0x85, 0x2B, 0xA0, 0x04, 0x20, 
   0x3D, 0xDE, 0x85, 0x02, 0x85, 0x2A, 0xA9, 0x06, 0x85, 0x09, 0xC8, 0x84, 0x1B, 0x84, 0x1C, 0x84, 
   0x1B, 0x84, 0x0D, 0x84, 0x0E, 0x84, 0x1F, 0x84, 0x0F, 0xA9, 0xE3, 0x85, 0x20, 0x8D, 0x10, 0x00, 
   0x85, 0x11, 0x84, 0x06, 0x84, 0x07, 0x85, 0x04, 0x85, 0x05, 0xA9, 0x05, 0x85, 0x0A, 0xA9, 0xF0, 
   0x85, 0x21, 0x85, 0x02, 0x85, 0x2A, 0x20, 0x3C, 0xDE, 0xA9, 0xFF, 0x85, 0xC5, 0xA6, 0x88, 0xB4, 
   0xD5, 0x30, 0x08, 0xB9, 0x61, 0xD6, 0x85, 0xC5, 0xB9, 0x68, 0xD6, 0x85, 0xC6, 0x85, 0x2B, 0xA0, 
   0x04, 0xA5, 0xC5, 0x85, 0x0F, 0x85, 0x02, 0x85, 0x2A, 0xB9, 0xAE, 0xDE, 0x85, 0x1B, 0x85, 0x1C, 
   0xEA, 0xEA, 0xEA, 0xA5, 0xC6, 0x20, 0x3C, 0xDE, 0x20, 0x3C, 0xDE, 0x85, 0x0F, 0x88, 0x10, 0xE1, 
   0x85, 0x02, 0x85, 0x2A, 0xC8, 0x84, 0x0F, 0x84, 0x1B, 0x84, 0x1C, 0x84, 0x1B, 0xA9, 0x44, 0xA2, 
   0x82, 0x85, 0x02, 0x8D, 0x96, 0x02, 0x86, 0x01, 0x4C, 0xDD, 0xDF, 0x17, 0x21, 0x17, 0x17, 0x17, 
   0x17, 0x17, 0x17, 0x17, 0x17, 0x17, 0x21, 0x21, 0x21, 0x21, 0x21, 0x17, 0x17, 0x17, 0x17, 0x17, 
   0x17, 0x17, 0x17, 0x17, 0x17, 0x21, 0x21, 0x21, 0x21, 0x21, 0x21, 0x17, 0x17, 0x17, 0x12, 0x1C, 
   0x12, 0x12, 0x12, 0x12, 0x12, 0x12, 0x12, 0x12, 0x12, 0x1C, 0x1C, 0x1C, 0x1C, 0x1C, 0x12, 0x12, 
   0x12, 0x12, 0x12, 0x12, 0x12, 0x12, 0x12, 0x12, 0x1C, 0x1C, 0x1C, 0x1C, 0x1C, 0x1C, 0x12, 0x12, 
   0x12, 0xFF, 0xFF, 0xFF, 0xFF, 0x7F, 0x1F, 0x00, 0xFF, 0xF8, 0xE0, 0x00, 0x00, 0x00, 0x00, 0xFF, 
   0x38, 0xFF, 0x38, 0xFF, 0x38, 0xFF, 0x38, 0xFF, 0x38, 0xFF, 0x38, 0x00, 0x00, 0x00, 0x69, 0x76, 
   0x83, 0xD3, 0x0A, 0x26, 0x42, 0x5E, 0xC9, 0x00, 0x1C, 0x38, 0x54, 0x83, 0x94, 0xA6, 0xB7, 0xC9, 
   0xDB, 0xED, 0xA6, 0xB7, 0xB7, 0x00, 0x1C, 0x37, 0x53, 0x6F, 0x8A, 0x72, 0x72, 0x72, 0x00, 0x00, 
   0x00, 0x00, 0x00, 0x00, 0x00, 0x00, 0x00, 0x00, 0x00, 0x00, 0x00, 0x00, 0x00, 0x00, 0x00, 0x00, 
   0x00, 0x00, 0x00, 0x00, 0x00, 0x00, 0x00, 0x00, 0x00, 0x00, 0x00, 0x00, 0x00, 0x00, 0x00, 0x00, 
   0x00, 0x00, 0x00, 0x00, 0x00, 0x00, 0x00, 0x00, 0x00, 0x00, 0x00, 0x00, 0x00, 0x00, 0x00, 0x00, 
   0x00, 0x00, 0x00, 0x00, 0x00, 0x00, 0x00, 0x00, 0x00, 0x00, 0x00, 0x00, 0x00, 0x00, 0x00, 0x00, 
   0x00, 0x00, 0x00, 0x00, 0x00, 0x00, 0x00, 0x00, 0x00, 0x00, 0x00, 0x00, 0x00, 0x00, 0x00, 0x00, 
   0x00, 0x00, 0x00, 0x00, 0x00, 0x00, 0x00, 0x00, 0x00, 0x00, 0x00, 0x00, 0x00, 0x00, 0x00, 0x00, 
   0x00, 0x00, 0xF2, 0xF2, 0x00, 0x80, 0x80, 0x02, 0x00, 0x80, 0x80, 0x80, 0x80, 0x02, 0xF2, 0xF2, 
   0x80, 0x00, 0x00, 0x00, 0x00, 0x02, 0x00, 0x00, 0x00, 0x00, 0x00, 0x00, 0x00, 0x00, 0x00, 0x00, 
   0x00, 0x00, 0x00, 0x00, 0x00, 0x00, 0x00, 0x70, 0x00, 0x00, 0x00, 0x00, 0x00, 0x00, 0x00, 0x00, 
   0x41, 0x31, 0x21, 0x11, 0x01, 0xF1, 0xE1, 0xD1, 0xC1, 0xB1, 0xA1, 0x91, 0x72, 0x62, 0x52, 0x42, 
   0x32, 0x22, 0x12, 0x02, 0xF2, 0xE2, 0xD2, 0xC2, 0xB2, 0xA2, 0x92, 0x73, 0x63, 0x53, 0x43, 0x33, 
   0x23, 0x13, 0x03, 0xF3, 0xE3, 0xD3, 0xC3, 0xB3, 0xA3, 0x93, 0x74, 0x64, 0x54, 0x44, 0x34, 0x24, 
   0x14, 0x04, 0xF4, 0xE4, 0xD4, 0xC4, 0xB4, 0xA4, 0x94, 0x75, 0x65, 0x55, 0x45, 0x35, 0x25, 0x15, 
   0x05, 0xF5, 0xE5, 0xD5, 0xC5, 0xB5, 0xA5, 0x95, 0x76, 0x66, 0x56, 0x46, 0x36, 0x26, 0x16, 0x06, 
   0xF6, 0xE6, 0xD6, 0xC6, 0xB6, 0xA6, 0x96, 0x77, 0x67, 0x57, 0x47, 0x37, 0x27, 0x17, 0x07, 0xF7, 
   0xE7, 0xD7, 0xC7, 0xB7, 0xA7, 0x97, 0x78, 0x68, 0x58, 0x48, 0x38, 0x28, 0x18, 0x08, 0xF8, 0xE8, 
   0xD8, 0xC8, 0xB8, 0xA8, 0x98, 0x79, 0x69, 0x59, 0x49, 0x39, 0x29, 0x19, 0x09, 0xF9, 0xE9, 0xD9, 
   0xC9, 0xB9, 0xA9, 0x99, 0x7A, 0x6A, 0x5A, 0x4A, 0x3A, 0x2A, 0x1A, 0x0A, 0xFA, 0xEA, 0xDA, 0xCA, 
   0xBA, 0xAA, 0x9A, 0x7B, 0x6B, 0x5B, 0x4B, 0x3B, 0x2B, 0x1B, 0x0B, 0xFB, 0xEB, 0xDB, 0xCB, 0xBB, 
   0xAB, 0x9B, 0x1F, 0x3F, 0x7F, 0xFF, 0xFF, 0xFF, 0xFF, 0xFF, 0xFF, 0xFF, 0xFF, 0xFF, 0xFF, 0xFF, 
   0xFF, 0x7F, 0x3F, 0x1F, 0x56, 0x56, 0x56, 0x54, 0x54, 0x52, 0x24, 0x22, 0x20, 0x20, 0x22, 0x24, 
   0x52, 0x54, 0x54, 0x56, 0x56, 0x56, 0x00, 0x00, 0x00, 0x00, 0x00, 0x00, 0x00, 0x00, 0x00, 0x00, 
   0xDD, 0xDD, 0xDD, 0xD8, 0xD8, 0xD8, 0xD9, 0xDA, 0xDA, 0xDA, 0xDA, 0xD9, 0xDA, 0xDA, 0xDA, 0xDA, 
   0xD8, 0xD8, 0xD8, 0xD8, 0xD8, 0xD8, 0xD8, 0xD9, 0xD9, 0xD9, 0xD9, 0xD9, 0xD9, 0xD9, 0xD9, 0xD9, 
   0xDA, 0xDA, 0xDA, 0x72, 0x72, 0x72, 0x72, 0x72, 0xE0, 0xC2, 0xC2, 0xC2, 0xC2, 0xC2, 0xB7, 0xB7, 
   0xB7, 0xB7, 0xB7, 0x00, 0x83, 0x83, 0x83, 0x94, 0x94, 0x94, 0xD3, 0xD3, 0xD3, 0xA6, 0xA6, 0xA6, 
   0xC3, 0xC3, 0xC3, 0xD3, 0xD3, 0xD3, 0xDA, 0xDA, 0xDA, 0xDA, 0xDA, 0xDA, 0xDE, 0xDE, 0xDE, 0xDE, 
   0xDE, 0xDE, 0xDE, 0xDE, 0xDE, 0xDE, 0xDD, 0xDA, 0xDA, 0xDA, 0xDA, 0xDA, 0xDA, 0xDE, 0xDE, 0xDE, 
   0xDA, 0xDA, 0xDA, 0xDA, 0xDA, 0xDA, 0xDE, 0xDE, 0xDE, 0x00, 0x00, 0x00, 0x00, 0x00, 0x00, 0x00, 
   0x00, 0x08, 0x18, 0x10, 0x00, 0x00, 0x00, 0x00, 0x00, 0x00, 0x00, 0x00, 0x00, 0x10, 0x38, 0x18, 
   0x10, 0x00, 0x00, 0x00, 0x00, 0x00, 0x00, 0x00, 0x00, 0x00, 0x28, 0x7C, 0x3C, 0x38, 0x58, 0x08, 
   0x00, 0x00, 0x00, 0x00, 0x00, 0x00, 0x04, 0x12, 0x3A, 0x3A, 0x38, 0x38, 0x38, 0x90, 0x90, 0x90, 
   0x50, 0x10, 0x30, 0x30, 0x20, 0x00, 0x00, 0x18, 0x40, 0x90, 0xB8, 0xB8, 0x38, 0x38, 0x38, 0x12, 
   0x12, 0x12, 0x34, 0x10, 0x10, 0x30, 0x00, 0x00, 0x00, 0x00, 0x10, 0x38, 0x38, 0x3A, 0x3A, 0xBA, 
   0x90, 0x90, 0x10, 0x10, 0x10, 0x30, 0x30, 0x20, 0x00, 0x00, 0x18, 0x18, 0x3C, 0x7E, 0xFF, 0xDB, 
   0x99, 0x18, 0x3C, 0x66, 0x10, 0x08, 0x00, 0x10, 0x08, 0x00, 0x00, 0x00, 0x18, 0x18, 0x3C, 0x7E, 
   0xFF, 0xDB, 0x99, 0x18, 0x3C, 0x66, 0x00, 0x10, 0x08, 0x00, 0x10, 0x08, 0x00, 0x00, 0x18, 0x18, 
   0x3C, 0x7E, 0xFF, 0xDB, 0x99, 0x18, 0x3C, 0x66, 0x08, 0x00, 0x10, 0x08, 0x00, 0x10, 0x00, 0x00, 
   0x00, 0x18, 0x18, 0x3C, 0x3C, 0x34, 0x3C, 0x3C, 0x7A, 0x6E, 0x6E, 0x7E, 0x6E, 0x6E, 0x7E, 0x76, 
   0x3C, 0x3C, 0x2C, 0x3C, 0x3C, 0x18, 0x18, 0x08, 0x00, 0x10, 0x00, 0x08, 0x00, 0x18, 0x18, 0x3C, 
   0x3C, 0x34, 0x3C, 0x3C, 0x7A, 0x6E, 0x6E, 0x7E, 0x6E, 0x6E, 0x7E, 0x76, 0x3C, 0x3C, 0x2C, 0x3C, 
   0x3C, 0x18, 0x18, 0x00, 0x10, 0x00, 0x08, 0x00, 0x18, 0x18, 0x3C, 0x3C, 0x34, 0x3C, 0x3C, 0x7A, 
   0x6E, 0x6E, 0x7E, 0x6E, 0x6E, 0x7E, 0x76, 0x3C, 0x3C, 0x2C, 0x3C, 0x3C, 0x18, 0x18, 0x10, 0x00, 
   0x08, 0x00, 0x10, 0x00, 0x28, 0x7C, 0x7C, 0x74, 0x7C, 0x74, 0x7C, 0xFE, 0xFE, 0xFF, 0xDF, 0xDD, 
   0xFF, 0xFF, 0xFF, 0x7F, 0x77, 0x7E, 0x74, 0x7C, 0x7C, 0x38, 0x08, 0x00, 0x10, 0x00, 0x08, 0x00, 
   0x28, 0x7C, 0x7C, 0x74, 0x7C, 0x74, 0x7C, 0xFE, 0xFE, 0xFF, 0xDF, 0xDD, 0xFF, 0xFF, 0xFF, 0x7F, 
   0x77, 0x7E, 0x74, 0x7C, 0x7C, 0x38, 0x00, 0x08, 0x00, 0x10, 0x00, 0x28, 0x7C, 0x7C, 0x74, 0x7C, 
   0x74, 0x7C, 0xFE, 0xFE, 0xFF, 0xDF, 0xDD, 0xFF, 0xFF, 0xFF, 0x7F, 0x77, 0x7E, 0x74, 0x7C, 0x7C, 
   0x38, 0x10, 0x00, 0x08, 0x00, 0x10, 0x00, 0x00, 0x24, 0x3C, 0x18, 0x18, 0x18, 0xFF, 0xFF, 0xFF, 
   0x7E, 0x5A, 0x18, 0x18, 0x00, 0x00, 0x00, 0x00, 0x00, 0x24, 0x3C, 0x18, 0x18, 0x18, 0xFF, 0xFF, 
   0xFF, 0x7E, 0x18, 0x18, 0x18, 0x00, 0x00, 0x00, 0x00, 0x00, 0x10, 0x18, 0x89, 0xD3, 0x69, 0x2A, 
   0x2C, 0x14, 0x18, 0x00, 0x00, 0x24, 0x10, 0x18, 0x89, 0xD3, 0x69, 0x2A, 0x2C, 0x14, 0x18, 0x08, 
   0x00, 0x00, 0x00, 0x00, 0x00, 0x00, 0x00, 0x00, 0x00, 0x00, 0x00, 0x00, 0x00, 0x00, 0x00, 0x00, 
   0x00, 0x00, 0x00, 0x00, 0x00, 0x00, 0x00, 0x00, 0x00, 0x00, 0x00, 0x00, 0x00, 0x00, 0x00, 0x00, 
   0x00, 0x08, 0x22, 0x58, 0x22, 0x14, 0x52, 0x24, 0x30, 0x08, 0x00, 0x24, 0x08, 0x08, 0x22, 0x58, 
   0x22, 0x14, 0x52, 0x24, 0x30, 0x08, 0x00, 0x00, 0x00, 0x00, 0x00, 0x00, 0x00, 0x04, 0x10, 0x24, 
   0x08, 0x10, 0x28, 0x04, 0x10, 0x00, 0x00, 0x00, 0x08, 0x04, 0x10, 0x24, 0x08, 0x10, 0x28, 0x04, 
   0x10, 0x00, 0x00, 0x00, 0x00, 0x00, 0x00, 0x00, 0x00, 0x10, 0x24, 0x08, 0x20, 0x14, 0x28, 0x00, 
   0x00, 0x00, 0x00, 0x00, 0x00, 0x10, 0x24, 0x08, 0x20, 0x14, 0x28, 0x00, 0x00, 0x00, 0x00, 0x00, 
   0x00, 0x00, 0x00, 0x00, 0x00, 0x00, 0x10, 0x00, 0x02, 0x00, 0x00, 0x00, 0x00, 0x00, 0x00, 0x00, 
   0x00, 0x00, 0x24, 0x00, 0x10, 0x00, 0x28, 0x00, 0x00, 0x00, 0x00, 0x00, 0x00, 0x00, 0x00, 0x00, 
   0x00, 0x00, 0x44, 0x44, 0x44, 0x44, 0x44, 0x44, 0x44, 0x44, 0x44, 0x44, 0x44, 0x44, 0x44, 0x44, 
   0x44, 0x44, 0x44, 0x00, 0x00, 0x00, 0x00, 0x00, 0x00, 0x00, 0x00, 0x00, 0x00, 0x00, 0x00, 0x00, 
   0x00, 0x00, 0x00, 0x00, 0x00, 0x64, 0x66, 0x66, 0x66, 0x66, 0x66, 0x66, 0x66, 0x64, 0x64, 0x62, 
   0x64, 0x64, 0x64, 0x64, 0x64, 0x64, 0x00, 0x02, 0x02, 0x02, 0x04, 0x04, 0x04, 0x04, 0x04, 0x04, 
   0x04, 0x04, 0x04, 0x04, 0x04, 0x04, 0x04, 0x04, 0x04, 0x04, 0x04, 0x04, 0x02, 0x02, 0xB6, 0xB4, 
   0xB4, 0xB6, 0xB4, 0x00, 0x02, 0x02, 0x02, 0x04, 0x04, 0x04, 0x04, 0x04, 0x04, 0x04, 0x04, 0x04, 
   0x04, 0x04, 0x04, 0x04, 0x04, 0x04, 0x04, 0x04, 0x04, 0x02, 0x02, 0xB6, 0xB4, 0xB4, 0xB6, 0xB4, 
   0x2C, 0x2C, 0x2C, 0x2C, 0x2C, 0x2C, 0x2C, 0x2C, 0x2C, 0x2C, 0x2C, 0x2C, 0x2C, 0x2C, 0x2C, 0x2C, 
   0x2C, 0x00, 0x00, 0x00, 0x00, 0x00, 0x00, 0x00, 0x00, 0x00, 0x00, 0x00, 0x00, 0x00, 0x00, 0x00, 
   0x00, 0x00, 0x00, 0x00, 0x00, 0x00, 0x00, 0x00, 0x00, 0x00, 0x00, 0x00, 0x00, 0x00, 0x00, 0x00, 
   0x00, 0x00, 0x00, 0x00, 0x00, 0x00, 0x00, 0x00, 0x00, 0x00, 0x00, 0x00, 0x00, 0x00, 0x00, 0x00, 
   0x00, 0x00, 0x00, 0x00, 0x00, 0x00, 0x00, 0x00, 0x00, 0x00, 0x00, 0x00, 0x00, 0x00, 0x00, 0x00, 
   0x00, 0x00, 0x00, 0x00, 0x00, 0x00, 0x00, 0x00, 0x00, 0x00, 0x00, 0x00, 0x00, 0x00, 0x00, 0x00, 
   0x00, 0x00, 0x00, 0x00, 0x00, 0x00, 0x00, 0x00, 0x00, 0x00, 0x00, 0x00, 0x00, 0x00, 0x00, 0x00, 
   0x00, 0x00, 0x00, 0x00, 0x00, 0x00, 0x00, 0x00, 0x00, 0x00, 0x00, 0x00, 0x00, 0x00, 0x00, 0x00, 
   0x00, 0x00, 0x00, 0x00, 0x00, 0x00, 0x00, 0x00, 0x00, 0x00, 0x00, 0x00, 0x00, 0x00, 0x00, 0x00, 
   0x00, 0x00, 0x00, 0x00, 0x00, 0x00, 0x00, 0x00, 0x00, 0x00, 0x00, 0x00, 0x00, 0x00, 0x00, 0x00, 
   0x00, 0x00, 0x00, 0x00, 0x00, 0x00, 0x00, 0x00, 0x00, 0x00, 0x00, 0x00, 0x00, 0x00, 0x00, 0x00, 
   0x00, 0x00, 0x00, 0x00, 0x00, 0x00, 0x00, 0x00, 0x00, 0x00, 0x00, 0x00, 0x00, 0x00, 0x00, 0x00, 
   0x00, 0x00, 0x00, 0x00, 0x00, 0x00, 0x00, 0x00, 0x00, 0x00, 0x00, 0x00, 0x00, 0x00, 0x00, 0x00, 
   0x00, 0x00, 0x00, 0x00, 0x00, 0x00, 0x00, 0x00, 0x00, 0x00, 0x00, 0x00, 0x00, 0x00, 0x00, 0x00, 
   0x00, 0x00, 0x00, 0x00, 0x00, 0x00, 0x00, 0x00, 0x00, 0x00, 0x00, 0x00, 0x00, 0x00, 0x00, 0x00, 
   0x00, 0x00, 0x00, 0x00, 0x00, 0x00, 0x00, 0x00, 0x00, 0x00, 0x00, 0x00, 0x00, 0x00, 0x00, 0x00, 
   0x00, 0x00, 0x00, 0x00, 0x00, 0x00, 0x00, 0x00, 0x00, 0x00, 0x00, 0x00, 0x00, 0x00, 0x00, 0x00, 
   0x00, 0x00, 0x00, 0x00, 0x00, 0x00, 0x00, 0x00, 0x00, 0x00, 0x00, 0x00, 0x00, 0x00, 0x00, 0x00, 
   0x00, 0x00, 0x00, 0x00, 0x00, 0x00, 0x00, 0x00, 0x00, 0x00, 0x00, 0x00, 0x00, 0x00, 0x00, 0x00, 
   0x00, 0x00, 0x00, 0x00, 0x00, 0x00, 0x00, 0x00, 0x00, 0x00, 0x00, 0x00, 0x00, 0x00, 0x00, 0x00, 
   0x00, 0x00, 0x00, 0x00, 0x00, 0x00, 0x00, 0x00, 0x00, 0x00, 0x00, 0x00, 0x00, 0x00, 0x00, 0x00, 
   0x00, 0x00, 0x00, 0x00, 0x00, 0x00, 0x00, 0x00, 0x00, 0x00, 0x00, 0x00, 0x00, 0x00, 0x00, 0x00, 
   0x00, 0x00, 0x00, 0x00, 0x00, 0x00, 0x00, 0x00, 0x00, 0x00, 0x00, 0x00, 0x00, 0x00, 0x00, 0x00, 
   0x00, 0x00, 0x00, 0x00, 0x00, 0x00, 0x00, 0x00, 0x00, 0x00, 0x00, 0x00, 0x00, 0x00, 0x00, 0x00, 
   0x00, 0x00, 0x00, 0x00, 0x00, 0x00, 0x00, 0x00, 0x00, 0x00, 0x00, 0x00, 0x00, 0x00, 0x00, 0x00, 
   0x00, 0x00, 0x00, 0x00, 0x00, 0x00, 0x00, 0x00, 0x00, 0x00, 0x00, 0x00, 0x00, 0x00, 0x00, 0x00, 
   0x00, 0x00, 0x00, 0x00, 0x00, 0x00, 0x00, 0x00, 0x00, 0x00, 0x00, 0x00, 0x00, 0x00, 0x00, 0x00, 
   0x00, 0x00, 0x00, 0x00, 0x00, 0x00, 0x00, 0x00, 0x00, 0x00, 0x00, 0x00, 0x00, 0x00, 0x00, 0x00, 
   0x00, 0x00, 0x00, 0x00, 0x00, 0x00, 0x00, 0x00, 0x00, 0x00, 0x00, 0x00, 0x00, 0x00, 0x00, 0x00, 
   0x00, 0x00, 0x00, 0x00, 0x00, 0x00, 0x00, 0x00, 0x00, 0x00, 0x00, 0x00, 0x00, 0x00, 0x00, 0x00, 
   0x00, 0x00, 0x00, 0x00, 0x00, 0x00, 0x00, 0x00, 0x00, 0x00, 0x00, 0x00, 0x00, 0x00, 0x00, 0x00, 
   0x00, 0x00, 0x00, 0x00, 0x00, 0x00, 0x00, 0x00, 0x00, 0x00, 0x00, 0x00, 0x00, 0x00, 0x00, 0x00, 
   0x00, 0x00, 0x00, 0x00, 0x00, 0x00, 0x00, 0x00, 0x00, 0x00, 0x00, 0x00, 0x00, 0x00, 0x00, 0x00, 
   0x00, 0x00, 0x00, 0x00, 0x00, 0x00, 0x00, 0x00, 0x00, 0x00, 0x00, 0x00, 0x00, 0x00, 0x00, 0x00, 
   0x00, 0x00, 0x00, 0x00, 0x00, 0x00, 0x00, 0x00, 0x00, 0x00, 0x00, 0x00, 0x00, 0x00, 0x00, 0x00, 
   0x00, 0x00, 0x00, 0x00, 0x00, 0x00, 0x00, 0x00, 0x00, 0x00, 0x00, 0x00, 0x00, 0x00, 0x00, 0x00, 
   0x00, 0x00, 0x00, 0x00, 0x00, 0x00, 0x00, 0x00, 0x00, 0x00, 0x00, 0x00, 0x00, 0x00, 0x00, 0x00, 
   0x00, 0x00, 0x00, 0x00, 0x00, 0x00, 0x00, 0x00, 0x00, 0x00, 0x00, 0x00, 0x00, 0x00, 0x00, 0x00, 
   0x00, 0x00, 0x00, 0x00, 0x00, 0x00, 0x00, 0x00, 0x00, 0x00, 0x00, 0x00, 0x00, 0x00, 0x00, 0x00, 
   0x00, 0x00, 0x00, 0x00, 0x00, 0x00, 0x00, 0x00, 0x00, 0x00, 0x00, 0x00, 0x00, 0x00, 0x00, 0x00, 
   0x00, 0x00, 0x00, 0x00, 0x00, 0x00, 0x00, 0x00, 0x00, 0x00, 0x00, 0x00, 0x00, 0x00, 0x00, 0x00, 
   0x00, 0x00, 0x00, 0x00, 0xFF, 0xFF, 0xFF, 0xFF, 0x00, 0x00, 0x00, 0x00, 0x00, 0x00, 0x00, 0x00, 
   0x00, 0x00, 0x00, 0x00, 0x00, 0x00, 0x00, 0x00, 0x00, 0x00, 0x00, 0x00, 0x00, 0x00, 0x00, 0x00, 
   0x00, 0x00, 0x00, 0x00, 0x00, 0x00, 0x00, 0x00, 0x00, 0x00, 0x00, 0x00, 0x00, 0x00, 0x00, 0x00, 
   0x00, 0x00, 0x00, 0x00, 0x00, 0x00, 0x00, 0x00, 0x00, 0x00, 0x00, 0x00, 0x00, 0x00, 0x00, 0x00, 
   0x00, 0x00, 0x00, 0x00, 0x00, 0x00, 0x00, 0x00, 0x00, 0x00, 0x00, 0x00, 0x00, 0x00, 0x00, 0x00, 
   0x00, 0x00, 0x00, 0x00, 0x00, 0x00, 0x00, 0x00, 0x00, 0x00, 0x00, 0x00, 0x00, 0x00, 0x00, 0x00, 
   0x00, 0x00, 0x00, 0x00, 0x00, 0x00, 0x00, 0x00, 0x00, 0x00, 0x00, 0x00, 0x00, 0x00, 0x00, 0x00, 
   0x00, 0x00, 0x00, 0x00, 0x00, 0x00, 0x00, 0x00, 0x00, 0x00, 0x00, 0x00, 0x00, 0x00, 0x00, 0x00, 
   0x00, 0x00, 0x00, 0x00, 0x00, 0x00, 0x00, 0x00, 0x00, 0x00, 0x00, 0x00, 0x00, 0x00, 0x00, 0x00, 
   0xA9, 0x07, 0x85, 0xC6, 0xEA, 0xD0, 0x02, 0x85, 0x2B, 0xA4, 0xC6, 0xB1, 0xD9, 0x85, 0x1B, 0x85, 
   0x2A, 0xB1, 0xE1, 0x85, 0xC5, 0xB1, 0xDF, 0xAA, 0xB1, 0xDB, 0x85, 0x1C, 0xB1, 0xDD, 0x85, 0x1B, 
   0xB1, 0xE3, 0xA4, 0xC5, 0x86, 0x1C, 0x84, 0x1B, 0x85, 0x1C, 0x85, 0x1B, 0xC6, 0xC6, 0x10, 0xD7, 
   0x85, 0x02, 0x85, 0x2A, 0xA9, 0x00, 0x85, 0x1B, 0x85, 0x1C, 0x85, 0x1B, 0x60, 0xB1, 0xD9, 0x8D, 
   0x1B, 0x00, 0x85, 0x2A, 0xB1, 0xDB, 0x85, 0x1C, 0xB1, 0xDD, 0x85, 0x1B, 0xA5, 0xC5, 0xA6, 0xC6, 
   0x85, 0x0D, 0xB1, 0xDF, 0x8E, 0x0E, 0x00, 0xA2, 0x06, 0xEA, 0x85, 0x1C, 0xA5, 0xC7, 0x85, 0x08, 
   0xA9, 0xFF, 0x88, 0x85, 0x0D, 0x8E, 0x08, 0x00, 0x85, 0x0E, 0x10, 0xD1, 0x60, 0x62, 0x62, 0x62, 
   0x62, 0x62, 0x08, 0x08, 0x08, 0x0A, 0x0A, 0x0A, 0x0A, 0x0A, 0x0A, 0x08, 0x04, 0x02, 0x60, 0x60, 
   0x60, 0x62, 0x60, 0x62, 0x64, 0x60, 0x62, 0x60, 0x62, 0x60, 0x60, 0xB4, 0xB6, 0xB0, 0xB6, 0xB6, 
   0xB6, 0xB8, 0xB6, 0xB6, 0xB6, 0xB6, 0xB6, 0xB6, 0x00, 0x00, 0x7E, 0x7E, 0x00, 0x04, 0x00, 0x00, 
   0x00, 0x00, 0x00, 0x30, 0xF0, 0xF0, 0xF0, 0xF0, 0x07, 0x07, 0x07, 0xC7, 0xF7, 0xF7, 0x24, 0x18, 
   0x5A, 0x3C, 0x18, 0x00, 0x00, 0x00, 0x00, 0x60, 0x60, 0x62, 0x62, 0x64, 0x64, 0x62, 0x62, 0x60, 
   0x60, 0x60, 0x60, 0x60, 0x60, 0x62, 0x60, 0x62, 0x64, 0x60, 0x62, 0x60, 0x62, 0x60, 0x60, 0x60, 
   0x60, 0x60, 0x60, 0x00, 0x00, 0x26, 0x26, 0x24, 0x24, 0x24, 0x26, 0x26, 0x26, 0x26, 0x24, 0x24, 
   0x24, 0x02, 0x02, 0x02, 0x15, 0x15, 0x15, 0x00, 0x00, 0x00, 0x00, 0x00, 0x00, 0x00, 0x00, 0x00, 
   0x00, 0x00, 0x00, 0x00, 0x00, 0x00, 0x00, 0x00, 0x00, 0x00, 0x00, 0x00, 0x00, 0x00, 0x00, 0x00, 
   0x3C, 0x66, 0x66, 0x66, 0x66, 0x66, 0x3C, 0x00, 0x3C, 0x18, 0x18, 0x18, 0x18, 0x38, 0x18, 0x00, 
   0x7E, 0x60, 0x60, 0x3C, 0x06, 0x46, 0x3C, 0x00, 0x3C, 0x46, 0x06, 0x0C, 0x06, 0x46, 0x3C, 0x00, 
   0x0C, 0x0C, 0x7E, 0x4C, 0x2C, 0x1C, 0x0C, 0x00, 0x7C, 0x46, 0x06, 0x7C, 0x60, 0x60, 0x7E, 0x00, 
   0x3C, 0x66, 0x66, 0x7C, 0x60, 0x62, 0x3C, 0x00, 0x18, 0x18, 0x18, 0x0C, 0x06, 0x42, 0x7E, 0x00, 
   0x3C, 0x66, 0x66, 0x3C, 0x66, 0x66, 0x3C, 0x00, 0x3C, 0x46, 0x06, 0x3E, 0x66, 0x66, 0x3C, 0x00, 
   0x61, 0x31, 0x1F, 0x0D, 0x07, 0x03, 0x01, 0x00, 0x6A, 0x4A, 0x4A, 0x4A, 0x6A, 0x08, 0x7F, 0x00, 
   0x85, 0xC4, 0xE5, 0xB5, 0x99, 0x8C, 0x87, 0x00, 0xD7, 0x55, 0xD5, 0x15, 0xD7, 0x00, 0xF0, 0x00, 
   0x48, 0x58, 0x78, 0x68, 0x48, 0x00, 0x00, 0x00, 0x3C, 0x42, 0x5A, 0x52, 0x5A, 0x42, 0x3C, 0x00, 
   0x00, 0x00, 0x00, 0x00, 0x00, 0x00, 0x00, 0x57, 0x54, 0x74, 0x54, 0x24, 0x24, 0x24, 0x24, 0x24, 
   0x75, 0x9D, 0x95, 0x95, 0x95, 0xD5, 0x9C, 0x50, 0x58, 0x50, 0x9C, 0x47, 0x45, 0x65, 0x45, 0x75, 
   0x77, 0x44, 0x64, 0x44, 0x74, 0x02, 0x02, 0x02, 0x02, 0x07, 0x55, 0x55, 0x76, 0x55, 0x56, 0x77, 
   0x51, 0x57, 0x54, 0x57, 0x20, 0x20, 0x20, 0x20, 0x70, 0xE8, 0x28, 0xEE, 0x8A, 0xEE, 0xEE, 0x88, 
   0xCC, 0x88, 0xEE, 0xC0, 0xA0, 0xA0, 0xA0, 0xC0, 0x00, 0x00, 0x00, 0xEA, 0xEA, 0xEA, 0x4C, 0xB4, 
   0xD4, 0x2C, 0xF8, 0xFF, 0x4C, 0x7C, 0xD2, 0xEA, 0xEA, 0xEA, 0x4C, 0x04, 0xD0, 0x2C, 0xF9, 0xFF, 
   0x4C, 0xE0, 0xFF, 0x2C, 0xF7, 0xFF, 0x4C, 0xE6, 0xBF, 0xEA, 0xEA, 0xEA, 0x4C, 0xA1, 0xD2, 0x2C, 
   0xF6, 0xFF, 0x4C, 0xF2, 0x9F, 0xEA, 0xEA, 0xEA, 0x4C, 0xEA, 0xD2, 0xEA, 0x00, 0xD0, 0x00, 0xD0, 
   0x58, 0x2C, 0xF9, 0xFF, 0xD8, 0xA2, 0xFF, 0x9A, 0xE8, 0x86, 0xD2, 0x86, 0xD5, 0x86, 0xD6, 0xA9, 
   0x80, 0x85, 0xD3, 0xA9, 0x00, 0x95, 0x00, 0xE8, 0xE0, 0xD2, 0x90, 0xF9, 0xA0, 0x28, 0xA2, 0x28, 
   0xA5, 0x81, 0xD0, 0x0A, 0xE6, 0x81, 0xA9, 0xD1, 0x85, 0xC1, 0xA0, 0x24, 0xA2, 0x24, 0x20, 0x98, 
   0xFC, 0xA9, 0x78, 0x85, 0xCC, 0x4C, 0xC4, 0xF0, 0xA5, 0xFD, 0x30, 0x09, 0xA5, 0x0C, 0x25, 0x0D, 
   0x85, 0xFD, 0x4C, 0x54, 0xF0, 0x24, 0xD3, 0x10, 0x0B, 0xA0, 0x00, 0xA5, 0x0C, 0x25, 0x0D, 0x30, 
   0x03, 0x4C, 0x9B, 0xF0, 0xAC, 0x80, 0x02, 0xC8, 0xF0, 0x04, 0xA0, 0x00, 0x84, 0x82, 0xAD, 0x82, 
   0x02, 0x4A, 0x90, 0x33, 0x4A, 0xB0, 0x4D, 0xA5, 0xD4, 0xF0, 0x04, 0xC6, 0xD4, 0x10, 0x55, 0xA5, 
   0xD3, 0x49, 0x01, 0x85, 0xD3, 0x29, 0x01, 0xAA, 0xE8, 0x86, 0x92, 0x84, 0x8E, 0x84, 0x90, 0x84, 
   0x19, 0x84, 0x1A, 0xA5, 0xD3, 0x29, 0x0F, 0x09, 0xC0, 0x85, 0xD3, 0xA9, 0x40, 0x24, 0xD2, 0x70, 
   0x02, 0x85, 0xD2, 0xA0, 0x25, 0xD0, 0x1D, 0x24, 0xD2, 0x30, 0x29, 0xA5, 0xD3, 0x29, 0x0F, 0x09, 
   0x80, 0x85, 0xD3, 0xA9, 0xC0, 0x85, 0xD2, 0x84, 0x19, 0x84, 0x1A, 0xA9, 0x02, 0x85, 0xD5, 0x85, 
   0xD6, 0x4C, 0x13, 0xF0, 0x84, 0xD4, 0x24, 0xD2, 0x10, 0x0A, 0xA9, 0x40, 0x85, 0xD2, 0xA5, 0xD3, 
   0x29, 0x0F, 0x85, 0xD3, 0x24, 0xD2, 0x70, 0x14, 0xA0, 0x04, 0xBE, 0xEA, 0xFC, 0xA5, 0x80, 0x29, 
   0x80, 0xD0, 0x03, 0xBE, 0xE9, 0xFC, 0x96, 0x8E, 0x88, 0x88, 0x10, 0xEE, 0xA5, 0xD3, 0x29, 0xE0, 
   0xC9, 0xE0, 0xD0, 0x10, 0xA5, 0xD3, 0x4A, 0x90, 0x0B, 0xA5, 0x80, 0x29, 0x7F, 0xD0, 0x05, 0xA6, 
   0x88, 0x20, 0x63, 0xFC, 0xA4, 0xC2, 0xA5, 0x9C, 0x10, 0x06, 0xA9, 0xD6, 0xA0, 0xF4, 0xD0, 0x09, 
   0xB9, 0xD0, 0xFE, 0xA8, 0xA6, 0xC0, 0xBD, 0xD0, 0xFE, 0xAE, 0x84, 0x02, 0xD0, 0xFB, 0xA2, 0x82, 
   0x86, 0x02, 0x86, 0x00, 0x85, 0x02, 0xEA, 0x8D, 0x22, 0x00, 0x29, 0x0F, 0xAA, 0xCA, 0x10, 0xFD, 
   0x85, 0x12, 0x85, 0x02, 0x8C, 0x23, 0x00, 0x98, 0x29, 0x0F, 0xA8, 0x88, 0x10, 0xFD, 0x85, 0x13, 
   0x85, 0x02, 0x85, 0x2A, 0x20, 0x57, 0xFC, 0x20, 0x57, 0xFC, 0x20, 0x57, 0xFC, 0x85, 0x2B, 0x85, 
   0x02, 0xA9, 0x00, 0x85, 0x00, 0xA9, 0x44, 0x85, 0x02, 0x8D, 0x96, 0x02, 0x24, 0xD3, 0x10, 0x03, 
   0x4C, 0xE1, 0xFA, 0xA5, 0x87, 0xD0, 0x03, 0x4C, 0x10, 0xF2, 0xC6, 0x87, 0xF0, 0x07, 0x24, 0x9C, 
   0x30, 0xF5, 0x4C, 0x14, 0xF8, 0x24, 0x9C, 0x10, 0x0A, 0xA5, 0x85, 0xC9, 0x03, 0xF0, 0x04, 0xE6, 
   0x9C, 0xD0, 0xE4, 0xA6, 0x88, 0xD6, 0xD5, 0xA5, 0xD3, 0x29, 0x01, 0xF0, 0x0F, 0x8A, 0x49, 0x01, 
   0xA8, 0xB9, 0xD5, 0x00, 0x30, 0x06, 0x20, 0x63, 0xFC, 0x4C, 0xAE, 0xF1, 0xB5, 0xD5, 0x10, 0x1E, 
   0xA9, 0x00, 0x85, 0x19, 0x85, 0x1A, 0x85, 0x8A, 0x85, 0x8B, 0x85, 0x8C, 0x85, 0x8D, 0xA5, 0x0C, 
   0x25, 0x0D, 0x85, 0xFD, 0xA5, 0xD3, 0x29, 0x0F, 0x09, 0xE0, 0x85, 0xD3, 0x30, 0x62, 0xA0, 0x19, 
   0xA2, 0x28, 0x20, 0x98, 0xFC, 0xA5, 0x9C, 0x30, 0x0D, 0xC9, 0x03, 0xD0, 0x05, 0x20, 0xBB, 0xFF, 
   0xA5, 0x9C, 0x09, 0x40, 0x85, 0x9C, 0xA9, 0x22, 0x85, 0xC3, 0xA5, 0x9C, 0x10, 0x32, 0xC9, 0xF8, 
   0xD0, 0x10, 0xA9, 0xFA, 0x85, 0x9C, 0xA9, 0x80, 0x85, 0xCE, 0xA9, 0x00, 0x85, 0xCC, 0x85, 0xCD, 
   0xF0, 0x1E, 0xA9, 0x80, 0x85, 0x9C, 0xA9, 0x00, 0x85, 0xC3, 0x85, 0xCD, 0x85, 0xCE, 0xA9, 0x78, 
   0x85, 0xCC, 0xA5, 0x96, 0x18, 0x69, 0x96, 0x85, 0xA0, 0xA5, 0x96, 0x18, 0x69, 0x7A, 0x85, 0x9E, 
   0xA9, 0x00, 0x85, 0x85, 0x85, 0x19, 0x85, 0x1A, 0x85, 0x8A, 0x85, 0x8B, 0x85, 0x8C, 0x85, 0x8D, 
   0xA5, 0x9C, 0xC9, 0xFA, 0xF0, 0x06, 0x24, 0x9C, 0x30, 0x1A, 0x50, 0x18, 0xA6, 0x88, 0xB5, 0x0C, 
   0x30, 0x0F, 0xA5, 0x9C, 0x10, 0x04, 0xA9, 0xF8, 0xD0, 0x02, 0x29, 0xBF, 0x85, 0x9C, 0x4C, 0x34, 
   0xF2, 0x4C, 0x14, 0xF8, 0xA5, 0x9C, 0xC9, 0xF8, 0xB0, 0x03, 0x4C, 0x2A, 0xF3, 0xA5, 0xCF, 0xF0, 
   0x25, 0xC6, 0xCF, 0xD0, 0x1E, 0xA5, 0xC4, 0xF0, 0x0B, 0xC6, 0xC4, 0xA2, 0x12, 0xA9, 0x07, 0x85, 
   0xCF, 0x4C, 0xFD, 0xF4, 0xA5, 0x96, 0xC9, 0x1F, 0xB0, 0x02, 0xE6, 0x96, 0xA9, 0x80, 0x85, 0x9C, 
   0x4C, 0xAE, 0xF1, 0x4C, 0x8A, 0xF9, 0xA5, 0xCE, 0xC9, 0x41, 0xB0, 0x29, 0xC9, 0x30, 0x90, 0x04, 
   0xA5, 0xCD, 0xF0, 0x08, 0xA5, 0xC3, 0xC9, 0x0C, 0x90, 0x16, 0xB0, 0x19, 0xA5, 0xCC, 0xD0, 0xF4, 
   0xA5, 0xC3, 0x09, 0x0F, 0x0A, 0x0A, 0x18, 0x65, 0x89, 0x85, 0x89, 0xB0, 0x08, 0x4C, 0x06, 0xF3, 
   0xA5, 0x80, 0x4A, 0x90, 0x71, 0xA5, 0xCD, 0xF0, 0x06, 0xE6, 0xCD, 0xD0, 0x5C, 0xE6, 0xCC, 0xA5, 
   0xCC, 0xF0, 0x2A, 0xA5, 0xCC, 0x18, 0x65, 0xAC, 0xC9, 0x64, 0x90, 0x19, 0xC9, 0x6C, 0xB0, 0x15, 
   0xA5, 0xC3, 0xC9, 0x0A, 0x90, 0x06, 0xA5, 0xAC, 0xC9, 0x14, 0x90, 0x09, 0xA4, 0x85, 0xC0, 0x03, 
   0xF0, 0x03, 0x4C, 0x96, 0xF7, 0xE6, 0xCC, 0xD0, 0x30, 0xE6, 0xCE, 0xD0, 0x2C, 0xA5, 0xCE, 0xF0, 
   0x28, 0xC9, 0x38, 0x90, 0x1E, 0xC9, 0x40, 0xB0, 0x1A, 0xA5, 0xAC, 0xC9, 0x1F, 0x90, 0x14, 0xA5, 
   0xC3, 0xC9, 0x03, 0xB0, 0x0E, 0xA5, 0xC1, 0xC9, 0x75, 0x90, 0x08, 0xC9, 0x86, 0xB0, 0x04, 0xA9, 
   0x50, 0x85, 0xCF, 0xE6, 0xCE, 0xD0, 0x02, 0xE6, 0xCD, 0xA5, 0xCD, 0x29, 0x1F, 0xAA, 0xBD, 0x8D, 
   0xFD, 0x29, 0xFF, 0x20, 0xA2, 0xFC, 0xA5, 0x80, 0x29, 0x7F, 0xD0, 0x06, 0xC6, 0xC4, 0x10, 0x02, 
   0xE6, 0xC4, 0xA5, 0xC4, 0xD0, 0x11, 0xA4, 0x85, 0xC0, 0x03, 0xF0, 0x0B, 0xE6, 0xAC, 0xA5, 0xAC, 
   0xC9, 0x23, 0x90, 0x03, 0x4C, 0x96, 0xF7, 0x4C, 0x8E, 0xF3, 0xC9, 0x81, 0x90, 0x60, 0xA4, 0x85, 
   0xC0, 0x03, 0xF0, 0x5A, 0xA5, 0xCC, 0xF0, 0x07, 0xE6, 0xCC, 0xF0, 0x03, 0x4C, 0x8E, 0xF3, 0xE6, 
   0xCE, 0xE6, 0xCE, 0xA5, 0xCE, 0xC9, 0x30, 0x90, 0x15, 0xC9, 0x40, 0xB0, 0x11, 0xAD, 0x80, 0x02, 
   0xA6, 0x88, 0xF0, 0x04, 0x0A, 0x0A, 0x0A, 0x0A, 0x29, 0x20, 0xD0, 0x02, 0xE6, 0xE5, 0xA5, 0xCE, 
   0x05, 0xCC, 0x29, 0x03, 0xD0, 0x0A, 0xE6, 0xAC, 0xA5, 0xAC, 0xC9, 0x22, 0x90, 0x02, 0xC6, 0xAC, 
   0xA5, 0xCE, 0xC9, 0x80, 0x90, 0x18, 0xA5, 0xE5, 0x10, 0x07, 0xC6, 0xCE, 0xC6, 0xCE, 0x4C, 0x96, 
   0xF7, 0xA9, 0x00, 0x85, 0x9C, 0x85, 0xE5, 0xA9, 0x23, 0x38, 0xE5, 0xAC, 0x85, 0xC3, 0xA4, 0x85, 
   0xA9, 0x03, 0xC0, 0x03, 0x90, 0x02, 0xA9, 0x07, 0x25, 0x80, 0xF0, 0x05, 0x90, 0x34, 0x4C, 0x14, 
   0xF8, 0xA6, 0x84, 0xE8, 0xE0, 0x03, 0x90, 0x12, 0xC0, 0x03, 0xD0, 0x0C, 0xE0, 0x05, 0x90, 0x0A, 
   0xA9, 0xD1, 0x85, 0xC1, 0xA9, 0x20, 0x85, 0x87, 0xA2, 0x00, 0x86, 0x84, 0x98, 0x0A, 0x0A, 0x65, 
   0x84, 0xAA, 0xBD, 0x87, 0xFC, 0x85, 0xAB, 0xE0, 0x0C, 0x90, 0x07, 0xA9, 0x00, 0x85, 0xC4, 0x4C, 
   0x14, 0xF8, 0xA6, 0xC1, 0x24, 0x9C, 0x10, 0x03, 0x4C, 0x74, 0xF6, 0x24, 0xFB, 0x50, 0x13, 0xA5, 
   0x9C, 0xC9, 0x02, 0x90, 0x0D, 0xC9, 0x04, 0xB0, 0x09, 0xA5, 0xC3, 0xC9, 0x10, 0xB0, 0x03, 0x4C, 
   0x96, 0xF7, 0x24, 0xFB, 0x10, 0x09, 0xA5, 0xC2, 0xC9, 0x33, 0xF0, 0x03, 0x4C, 0x96, 0xF7, 0xA5, 
   0xFA, 0xD0, 0x03, 0x4C, 0x9F, 0xF4, 0x4A, 0x90, 0xFD, 0xF0, 0xF8, 0xA2, 0x00, 0x4A, 0xB0, 0x07, 
   0xE8, 0xE0, 0x06, 0x90, 0xF8, 0xB0, 0xEC, 0xB5, 0xB3, 0xC9, 0x10, 0x90, 0xE6, 0xA0, 0x06, 0xC9, 
   0x17, 0x90, 0x56, 0xC9, 0x1A, 0xB0, 0x09, 0xA4, 0xC3, 0xC0, 0x10, 0x90, 0xD6, 0x4C, 0x5C, 0xF4, 
   0xA0, 0x0B, 0xC9, 0x20, 0x90, 0x43, 0xC9, 0x23, 0xB0, 0x3F, 0xA5, 0xC3, 0xC9, 0x10, 0xA9, 0x00, 
   0xB0, 0xC1, 0x95, 0xB3, 0xA9, 0x05, 0x85, 0x8A, 0xA9, 0x1F, 0x85, 0x8C, 0xA5, 0xC4, 0x18, 0x69, 
   0x10, 0xC9, 0x23, 0x90, 0x02, 0xA9, 0x23, 0x85, 0xC4, 0x4C, 0x9F, 0xF4, 0xA5, 0x80, 0x29, 0x03, 
   0xD0, 0x14, 0xE6, 0xC4, 0xA5, 0xC4, 0xC9, 0x23, 0x90, 0x04, 0xC6, 0xC4, 0xD0, 0x08, 0xA9, 0x04, 
   0x85, 0x8A, 0xA9, 0x03, 0x85, 0x8C, 0x4C, 0x9F, 0xF4, 0xB5, 0xAD, 0xC9, 0xD0, 0xB0, 0x20, 0xC9, 
   0x34, 0x90, 0x1C, 0xB5, 0xB3, 0xC9, 0x10, 0xF0, 0x13, 0xC9, 0x1A, 0x90, 0x06, 0xA5, 0xC3, 0xC9, 
   0x10, 0xB0, 0x0C, 0x98, 0x95, 0xB3, 0xB5, 0xB9, 0x29, 0x07, 0x95, 0xB9, 0x4C, 0x96, 0xF7, 0xA5, 
   0xC0, 0xC9, 0x33, 0xD0, 0x03, 0x4C, 0x46, 0xF5, 0xA5, 0xF9, 0xF0, 0xF9, 0x4A, 0x90, 0xFD, 0xF0, 
   0xF4, 0xA2, 0x00, 0x4A, 0xB0, 0x07, 0xE8, 0xE0, 0x06, 0x90, 0xF8, 0xB0, 0xE8, 0xB5, 0xB3, 0x85, 
   0xC5, 0xC9, 0x11, 0x90, 0xE0, 0xC9, 0x1A, 0xB0, 0x0B, 0xA0, 0x06, 0xA5, 0xD3, 0x4A, 0x4A, 0xB0, 
   0xD4, 0x4C, 0xDC, 0xF4, 0xA0, 0x0B, 0xA5, 0xD3, 0x4A, 0x4A, 0x90, 0x6A, 0xA5, 0xC5, 0xC9, 0x11, 
   0x90, 0x53, 0x98, 0x95, 0xB3, 0xB5, 0xB9, 0x29, 0x07, 0x95, 0xB9, 0xA9, 0x01, 0x85, 0x8B, 0xA9, 
   0x1F, 0x85, 0x8D, 0xA6, 0xC5, 0xE0, 0x23, 0xD0, 0x04, 0xA9, 0x3F, 0x85, 0xA6, 0xBD, 0x26, 0xFD, 
   0xF8, 0x18, 0x65, 0x92, 0x85, 0x92, 0xA5, 0x90, 0x7D, 0x3D, 0xFD, 0x85, 0x90, 0xA5, 0x8E, 0x85, 
   0xC6, 0x69, 0x00, 0x85, 0x8E, 0xD8, 0x90, 0x08, 0xA9, 0x99, 0x85, 0x8E, 0x85, 0x90, 0x85, 0x92, 
   0xA5, 0x8E, 0xC5, 0xC6, 0xF0, 0x0F, 0x4A, 0xB0, 0x0C, 0xA6, 0x88, 0xF6, 0xD5, 0xB5, 0xD5, 0xC9, 
   0x07, 0x90, 0x02, 0xD6, 0xD5, 0xA5, 0x9C, 0xC9, 0xF8, 0xD0, 0x07, 0xA5, 0xCF, 0xF0, 0x03, 0x4C, 
   0x8A, 0xF9, 0xA9, 0x33, 0x85, 0xC0, 0xA9, 0x01, 0x85, 0xD9, 0xA5, 0xAC, 0x0A, 0x0A, 0x85, 0xC5, 
   0xA5, 0xAC, 0x0A, 0x18, 0x65, 0xC5, 0x69, 0x40, 0xB0, 0x0B, 0x65, 0x89, 0x85, 0x89, 0x85, 0x89, 
   0xB0, 0x03, 0x4C, 0x55, 0xF6, 0xA5, 0x94, 0xF0, 0x2E, 0xE6, 0x94, 0x49, 0x93, 0xD0, 0xF3, 0x85, 
   0x94, 0xA6, 0x96, 0xBD, 0xDC, 0xFD, 0x85, 0x98, 0xA2, 0x04, 0x86, 0x9A, 0xA9, 0x2E, 0x95, 0xC8, 
   0xA9, 0x00, 0x95, 0xCD, 0x95, 0xB3, 0xCA, 0x10, 0xF3, 0xE6, 0x9C, 0xA5, 0x9C, 0x49, 0x04, 0xD0, 
   0x06, 0x85, 0xB8, 0xA9, 0xD1, 0x85, 0xB2, 0xE6, 0xA9, 0xA5, 0x9C, 0xC9, 0x03, 0xD0, 0x0F, 0xA5, 
   0xA0, 0xC9, 0x73, 0x90, 0x09, 0xA5, 0xA9, 0xC9, 0x20, 0x90, 0x5B, 0x4C, 0xB4, 0xF5, 0xE6, 0xE5, 
   0xE6, 0xE5, 0xD0, 0x52, 0xA5, 0x9C, 0xD0, 0x02, 0xE6, 0x9C, 0xA5, 0x9E, 0xC9, 0x35, 0xF0, 0x06, 
   0xC9, 0x65, 0xF0, 0x02, 0xC6, 0x9E, 0xC9, 0x6E, 0xD0, 0x04, 0xE6, 0x9C, 0xE6, 0x94, 0xC9, 0x66, 
   0xB0, 0x34, 0xC6, 0xA0, 0xA5, 0xA0, 0xC9, 0x95, 0xD0, 0x02, 0xC6, 0x9E, 0xC9, 0x70, 0xD0, 0x09, 
   0xA5, 0x96, 0x18, 0x69, 0x16, 0x85, 0xA0, 0xE6, 0x94, 0xA5, 0xA0, 0xC9, 0x06, 0xD0, 0x17, 0xA9, 
   0xF8, 0x85, 0x9C, 0xA5, 0xAC, 0x85, 0xC3, 0xA9, 0x00, 0x85, 0xCC, 0x85, 0xCE, 0x85, 0xCF, 0xA9, 
   0x01, 0x85, 0xCD, 0x4C, 0x55, 0xF6, 0xA5, 0x9E, 0xC9, 0x6E, 0xB0, 0x0A, 0xA5, 0x9C, 0xC9, 0x04, 
   0xB0, 0x04, 0xA9, 0x1F, 0xD0, 0x05, 0xA6, 0xB3, 0xBD, 0x65, 0xFD, 0xC5, 0xA9, 0x90, 0x0B, 0xA6, 
   0xA9, 0xBD, 0xAD, 0xFD, 0x20, 0xA2, 0xFC, 0x4C, 0x55, 0xF6, 0xA2, 0x04, 0xA4, 0x9C, 0xC0, 0x03, 
   0xD0, 0x01, 0xCA, 0xB5, 0xAD, 0x95, 0xAE, 0xB5, 0xB3, 0x95, 0xB4, 0xB5, 0xB9, 0x95, 0xBA, 0xC0, 
   0x03, 0xD0, 0x08, 0xB5, 0xC8, 0x95, 0xC9, 0xB5, 0xCD, 0x95, 0xCE, 0xCA, 0x10, 0xE5, 0xA9, 0x01, 
   0x85, 0xA9, 0x20, 0xC1, 0xFF, 0xC6, 0xD9, 0x30, 0x03, 0x4C, 0x4A, 0xF5, 0xA0, 0xFF, 0x84, 0xC5, 
   0xC8, 0xA5, 0xC4, 0xD0, 0x03, 0x4C, 0x86, 0xF7, 0xA5, 0x94, 0xD0, 0x08, 0xA5, 0x80, 0x29, 0x3F, 
   0xD0, 0x02, 0xC6, 0xC4, 0x24, 0x9C, 0x30, 0x05, 0xA5, 0x80, 0x4A, 0xB0, 0x03, 0x4C, 0x51, 0xF7, 
   0xA5, 0x9C, 0xC9, 0x03, 0xF0, 0x04, 0xA9, 0x00, 0x85, 0xFC, 0xA5, 0xFC, 0xF0, 0x03, 0x4A, 0x90, 
   0xFD, 0x85, 0xC5, 0xA2, 0x00, 0xA5, 0xA9, 0xC9, 0x05, 0xB0, 0x03, 0xE8, 0x46, 0xC5, 0x46, 0xC5, 
   0x90, 0x15, 0xB5, 0xB3, 0xC9, 0x1A, 0x90, 0x0F, 0xC9, 0x23, 0xB0, 0x0B, 0xB5, 0xB9, 0x29, 0xCF, 
   0x49, 0x08, 0x95, 0xB9, 0x4C, 0xED, 0xF6, 0xB5, 0xAD, 0xC9, 0xD1, 0xB0, 0x55, 0xC9, 0x34, 0x90, 
   0x7E, 0xB5, 0xB9, 0x29, 0xF0, 0xF0, 0x78, 0x29, 0xC0, 0xC9, 0x40, 0xF0, 0x12, 0xC9, 0x80, 0xF0, 
   0x07, 0xA5, 0x80, 0x4A, 0x29, 0x03, 0xD0, 0x67, 0xA5, 0x80, 0x4A, 0x29, 0x01, 0xD0, 0x60, 0xB5, 
   0xB9, 0x29, 0x30, 0xF0, 0x08, 0xC9, 0x10, 0xF0, 0x4B, 0xC9, 0x20, 0xF0, 0x3C, 0xB5, 0xB9, 0x29, 
   0x08, 0xF0, 0x0A, 0xB5, 0xB9, 0x09, 0x08, 0x95, 0xB9, 0xA9, 0x01, 0xD0, 0x08, 0xB5, 0xB9, 0x29, 
   0xC7, 0x95, 0xB9, 0xA9, 0xFF, 0x18, 0x75, 0xAD, 0xC9, 0xC4, 0xB0, 0x09, 0xC9, 0x3C, 0x90, 0x0E, 
   0x95, 0xAD, 0x4C, 0x3F, 0xF7, 0xB5, 0xB9, 0x29, 0xC7, 0x95, 0xB9, 0x4C, 0x3F, 0xF7, 0xB5, 0xB9, 
   0x09, 0x08, 0x29, 0xCF, 0x95, 0xB9, 0x4C, 0x3F, 0xF7, 0xB5, 0xAD, 0xC5, 0xC1, 0x90, 0xCE, 0xB0, 
   0xC2, 0x4C, 0x3F, 0xF7, 0xB5, 0xAD, 0xC5, 0xC1, 0xF0, 0x05, 0x90, 0xB7, 0x4C, 0xFD, 0xF6, 0xE8, 
   0xE0, 0x06, 0xB0, 0x0D, 0xA5, 0x9C, 0xC9, 0x03, 0xD0, 0x04, 0xE0, 0x05, 0xB0, 0x03, 0x4C, 0x9E, 
   0xF6, 0xA0, 0x00, 0xAD, 0x80, 0x02, 0xA6, 0x88, 0xF0, 0x04, 0x0A, 0x0A, 0x0A, 0x0A, 0x85, 0xC5, 
   0xA6, 0x9C, 0x10, 0x16, 0xE0, 0xF8, 0x90, 0x0B, 0xA5, 0x80, 0x29, 0x03, 0xD0, 0x05, 0xA5, 0xC5, 
   0x4C, 0x7A, 0xF7, 0xA9, 0x00, 0x85, 0x85, 0x4C, 0xFC, 0xF7, 0xA6, 0xC1, 0x29, 0x10, 0xD0, 0x38, 
   0xA5, 0xAC, 0xC9, 0x21, 0xB0, 0x32, 0xA5, 0x80, 0x29, 0x01, 0xD0, 0x2C, 0xE6, 0xAC, 0x24, 0x9C, 
   0x30, 0x26, 0xC6, 0xC3, 0xD0, 0x22, 0xA9, 0xA2, 0x85, 0xAB, 0xA9, 0x33, 0x85, 0xC0, 0x85, 0xC2, 
   0xA9, 0x00, 0x85, 0x80, 0x85, 0x84, 0xA9, 0x01, 0x85, 0x8A, 0xA9, 0x3F, 0x85, 0x8C, 0xA9, 0x00, 
   0x85, 0x8D, 0x85, 0x8B, 0xA0, 0x03, 0xD0, 0x42, 0xA5, 0xC5, 0x29, 0x20, 0xD0, 0x14, 0xA5, 0x80, 
   0x29, 0x01, 0xD0, 0x0E, 0xA5, 0xAC, 0xC9, 0x02, 0x90, 0x08, 0x24, 0x9C, 0x30, 0x02, 0xE6, 0xC3, 
   0xC6, 0xAC, 0x24, 0xC5, 0x70, 0x0D, 0xA0, 0x02, 0xE0, 0x40, 0x90, 0x18, 0x20, 0x58, 0xFC, 0x90, 
   0x02, 0xC6, 0xC1, 0x24, 0xC5, 0x30, 0x0D, 0xA0, 0x01, 0xE0, 0xC1, 0xB0, 0x07, 0x20, 0x58, 0xFC, 
   0x90, 0x02, 0xE6, 0xC1, 0xC0, 0x00, 0xD0, 0x02, 0x84, 0x86, 0x84, 0x85, 0x24, 0x9C, 0x30, 0x03, 
   0x4C, 0x14, 0xF8, 0xA5, 0xC3, 0x4A, 0x4A, 0x85, 0xC5, 0xA9, 0x07, 0x38, 0xE5, 0xC5, 0xB0, 0x02, 
   0xA9, 0x00, 0x85, 0xA7, 0xA6, 0x88, 0xB5, 0x0C, 0x30, 0x6D, 0x24, 0x9C, 0x10, 0x25, 0xA5, 0x80, 
   0x4A, 0x90, 0x7D, 0xA5, 0xC3, 0xC9, 0x21, 0x90, 0x12, 0xA5, 0x9C, 0xC9, 0x80, 0xD0, 0x71, 0xE6, 
   0x9C, 0xA9, 0x10, 0x85, 0x87, 0xA6, 0x88, 0xA9, 0xFF, 0x85, 0xE5, 0xA5, 0xC4, 0xF0, 0x61, 0xE6, 
   0xC3, 0xD0, 0x5D, 0xA5, 0xC0, 0xC9, 0x34, 0xB0, 0x57, 0xA5, 0x94, 0xD0, 0x53, 0xA5, 0x85, 0xC9, 
   0x03, 0xF0, 0x4D, 0xA5, 0xD3, 0x29, 0xFD, 0x85, 0xD3, 0xA5, 0xC5, 0x29, 0x20, 0x49, 0x20, 0x4A, 
   0x4A, 0x4A, 0x4A, 0x05, 0xD3, 0x85, 0xD3, 0xA5, 0xAC, 0x18, 0x69, 0x03, 0x85, 0xA7, 0x85, 0xD7, 
   0x20, 0x52, 0xFC, 0x85, 0xC0, 0xA5, 0x8A, 0xD0, 0x0E, 0xA9, 0x1F, 0x85, 0x8C, 0xA5, 0xD3, 0x29, 
   0x02, 0x4A, 0x18, 0x69, 0x02, 0x85, 0x8A, 0xA6, 0x9C, 0x10, 0x15, 0xA5, 0xC3, 0xF0, 0x11, 0xA5, 
   0x80, 0x4A, 0x90, 0x0C, 0xE0, 0xF8, 0x90, 0x06, 0x4A, 0x90, 0x05, 0x4A, 0x90, 0x02, 0xC6, 0xC3, 
   0xA5, 0x9C, 0xC9, 0xF8, 0x90, 0x03, 0x4C, 0x8A, 0xF9, 0xA5, 0xA9, 0xD0, 0x03, 0x4C, 0x41, 0xF9, 
   0xA5, 0x85, 0xC9, 0x03, 0xF0, 0xF7, 0xA5, 0xC2, 0xC9, 0x33, 0xD0, 0xF1, 0x0A, 0x0A, 0xA5, 0x96, 
   0x18, 0x69, 0x10, 0x0A, 0x85, 0xC6, 0xA5, 0x81, 0xC5, 0xC6, 0xB0, 0xE1, 0x29, 0x03, 0x18, 0x69, 
   0x01, 0xAA, 0xB5, 0xB3, 0xC9, 0x11, 0x90, 0xD5, 0xC9, 0x17, 0xB0, 0xD1, 0x8A, 0xA8, 0xA9, 0x06, 
   0x85, 0xC5, 0xA5, 0x9C, 0xC9, 0x03, 0xD0, 0x02, 0xC6, 0xC5, 0xA9, 0x00, 0xC8, 0xC4, 0xC5, 0xB0, 
   0x06, 0x19, 0xB9, 0x00, 0x4C, 0xEC, 0xF8, 0x29, 0x07, 0xD0, 0x46, 0xB5, 0xAD, 0xC9, 0xD0, 0xB0, 
   0x40, 0x18, 0x69, 0x04, 0x85, 0xC2, 0xA9, 0x80, 0x38, 0xE5, 0xA9, 0xA4, 0x9C, 0xC0, 0x03, 0xD0, 
   0x07, 0x38, 0xFD, 0x88, 0xFD, 0x4C, 0x25, 0xF9, 0x38, 0xFD, 0x65, 0xFD, 0xCA, 0xF0, 0x06, 0xFD, 
   0x65, 0xFD, 0x4C, 0x1C, 0xF9, 0x85, 0xA8, 0xA5, 0xA8, 0x30, 0x0E, 0xA5, 0x8B, 0xD0, 0x12, 0xA9, 
   0x02, 0x85, 0x8B, 0xA9, 0x0F, 0x85, 0x8D, 0xD0, 0x08, 0xA9, 0x7F, 0x85, 0xA8, 0xA9, 0x33, 0x85, 
   0xC2, 0xA5, 0xC0, 0xC9, 0x34, 0x90, 0x43, 0xA5, 0xD7, 0x69, 0x0F, 0x85, 0xC5, 0xA0, 0x2C, 0xA5, 
   0xD3, 0x4A, 0x4A, 0xA9, 0x00, 0x90, 0x0F, 0xA6, 0xA7, 0xE4, 0xC5, 0x90, 0x09, 0xA5, 0x81, 0x29, 
   0x03, 0x69, 0xB4, 0xA8, 0xA9, 0x01, 0x84, 0xD8, 0x25, 0x80, 0xD0, 0x0C, 0xE6, 0xA7, 0xE6, 0xA7, 
   0xE6, 0xA7, 0xA5, 0xA7, 0xC9, 0x78, 0xB0, 0x0E, 0xA6, 0x88, 0xAD, 0x82, 0x02, 0x3D, 0xEF, 0xFC, 
   0xD0, 0x08, 0x20, 0x52, 0xFC, 0x2C, 0xA9, 0x33, 0x85, 0xC0, 0x24, 0x9C, 0x10, 0x35, 0xA5, 0xCF, 
   0xF0, 0x13, 0xC9, 0x08, 0xB0, 0x0C, 0x09, 0x01, 0x85, 0x19, 0xA9, 0x38, 0x85, 0x17, 0xA9, 0x0C, 
   0x85, 0x15, 0x4C, 0xE1, 0xFA, 0xA5, 0x9C, 0xC9, 0xF8, 0xB0, 0x1C, 0xA5, 0x85, 0xC9, 0x03, 0xF0, 
   0x1C, 0xA5, 0xC3, 0x4A, 0x85, 0x18, 0x4A, 0x4A, 0x09, 0x00, 0x85, 0x1A, 0xA9, 0x08, 0x85, 0x16, 
   0x4C, 0xE1, 0xFA, 0x24, 0x9C, 0x70, 0xDB, 0xA5, 0x9C, 0xC9, 0xF9, 0xF0, 0xD5, 0xA6, 0x8A, 0xBD, 
   0xD0, 0xFD, 0x85, 0xC5, 0xBD, 0xD6, 0xFD, 0x85, 0xC6, 0xC6, 0x8C, 0xD0, 0x07, 0xA9, 0x00, 0x85, 
   0x8A, 0x4C, 0x6A, 0xFA, 0x6C, 0xC5, 0x00, 0xA5, 0x8C, 0x29, 0x03, 0x09, 0x08, 0x85, 0x17, 0xA5, 
   0x8C, 0x4A, 0x85, 0x19, 0xC9, 0x04, 0x90, 0x04, 0xA9, 0x08, 0xD0, 0x07, 0xA5, 0x80, 0x4A, 0x29, 
   0x03, 0x09, 0x08, 0x85, 0x15, 0x4C, 0x7C, 0xFA, 0xA5, 0x8C, 0x49, 0x1F, 0x4A, 0x4A, 0x09, 0x10, 
   0x85, 0x17, 0xA9, 0x04, 0x85, 0x19, 0xA5, 0x80, 0x0A, 0x0A, 0x09, 0x08, 0x85, 0x15, 0x4C, 0x7C, 
   0xFA, 0xA9, 0x07, 0x85, 0x15, 0xA9, 0x08, 0x85, 0x16, 0xA9, 0xFF, 0x85, 0x19, 0x85, 0x1A, 0xA5, 
   0x8C, 0x4A, 0x49, 0x07, 0x09, 0x10, 0x85, 0x17, 0x38, 0xE9, 0x03, 0x85, 0x18, 0x4C, 0xE1, 0xFA, 
   0xA5, 0xC4, 0x4A, 0x09, 0x10, 0x85, 0x17, 0xA5, 0x8C, 0x0A, 0x85, 0x19, 0xA9, 0x05, 0x85, 0x15, 
   0x4C, 0x7C, 0xFA, 0xA5, 0x8C, 0x4A, 0x09, 0x02, 0x85, 0x19, 0xA9, 0x18, 0x85, 0x17, 0xA5, 0x80, 
   0x4A, 0x29, 0x03, 0x09, 0x04, 0x85, 0x15, 0x4C, 0x7C, 0xFA, 0xA9, 0x30, 0x38, 0xE5, 0xAC, 0x4A, 
   0x4A, 0x85, 0x17, 0x4A, 0x09, 0x03, 0x85, 0x19, 0xA9, 0x08, 0x85, 0x15, 0xA5, 0xC4, 0xC9, 0x08, 
   0xB0, 0x1C, 0xA5, 0x85, 0xC9, 0x03, 0xF0, 0x16, 0xA5, 0x80, 0x29, 0x20, 0xD0, 0x10, 0xA5, 0x80, 
   0x0A, 0x85, 0x1A, 0xA9, 0x0F, 0x85, 0x18, 0xA9, 0x0C, 0x85, 0x16, 0x4C, 0xE1, 0xFA, 0xA5, 0x8D, 
   0xF0, 0x04, 0xC6, 0x8D, 0xD0, 0x09, 0xA9, 0x00, 0x85, 0x8B, 0x85, 0x1A, 0x4C, 0xE1, 0xFA, 0xA5, 
   0x8B, 0xF0, 0x2E, 0xC9, 0x01, 0xF0, 0x1A, 0xC9, 0x02, 0xF0, 0x03, 0x4C, 0xE1, 0xFA, 0xA9, 0x08, 
   0x85, 0x18, 0xA9, 0x09, 0x85, 0x1A, 0xA5, 0x80, 0x29, 0x02, 0x09, 0x08, 0x85, 0x16, 0x4C, 0xE1, 
   0xFA, 0xA9, 0x18, 0x85, 0x18, 0xA5, 0x8D, 0x4A, 0x85, 0x1A, 0xA9, 0x08, 0x85, 0x16, 0x4C, 0xE1, 
   0xFA, 0xA5, 0xD3, 0x30, 0x0A, 0xA5, 0x9C, 0xC9, 0x80, 0xD0, 0x0A, 0xA5, 0xC3, 0xD0, 0x06, 0xA9, 
   0x00, 0x85, 0x19, 0x85, 0x1A, 0xA5, 0x81, 0x0A, 0x0A, 0x0A, 0x45, 0x81, 0x0A, 0x26, 0x81, 0xA5, 
   0xA6, 0xF0, 0x02, 0xC6, 0xA6, 0x0A, 0x0A, 0x0A, 0xAA, 0xBD, 0xA2, 0xFF, 0x85, 0xC7, 0xA9, 0x04, 
   0x85, 0xC5, 0xA9, 0x00, 0x24, 0x9C, 0x10, 0x04, 0xA6, 0xA7, 0x86, 0xC5, 0xA0, 0x11, 0x99, 0xE7, 
   0x00, 0x88, 0x10, 0xFA, 0xA0, 0x11, 0xA5, 0xAB, 0x18, 0x69, 0x11, 0xAA, 0xBD, 0x00, 0xFE, 0x99, 
   0xE7, 0x00, 0xC4, 0xC5, 0xF0, 0x04, 0xCA, 0x88, 0x10, 0xF2, 0xA9, 0xFF, 0x38, 0xE5, 0xAC, 0x85, 
   0xE6, 0x24, 0x9C, 0x10, 0x03, 0x4C, 0x97, 0xFB, 0xA9, 0xE6, 0x38, 0xE5, 0xA7, 0x38, 0xE5, 0xA9, 
   0x85, 0xA2, 0xA5, 0xC2, 0xC9, 0x33, 0xF0, 0x0B, 0xA5, 0xA8, 0x38, 0xE9, 0x03, 0x90, 0x04, 0x85, 
   0xA8, 0xB0, 0x08, 0xA9, 0x74, 0x85, 0xA8, 0xA9, 0x33, 0x85, 0xC2, 0xA9, 0xE6, 0x38, 0xE5, 0xA8, 
   0x38, 0xE5, 0xA9, 0x85, 0xA4, 0xA2, 0x05, 0xA5, 0x9C, 0xC9, 0x03, 0xD0, 0x01, 0xCA, 0xB5, 0xB3, 
   0xA8, 0xC0, 0x23, 0xB0, 0x0F, 0xB9, 0x14, 0xFD, 0x25, 0x80, 0xD9, 0x14, 0xFD, 0xD0, 0x05, 0xB9, 
   0xF1, 0xFC, 0x95, 0xB3, 0xCA, 0x10, 0xE7, 0xA9, 0x00, 0x85, 0xFB, 0xA9, 0x80, 0x85, 0xFA, 0x85, 
   0xF9, 0x85, 0xFC, 0x85, 0x2C, 0xA5, 0x9C, 0x29, 0xBF, 0xC9, 0x03, 0xF0, 0x14, 0xA6, 0xAA, 0xA5, 
   0x80, 0x29, 0x03, 0xD0, 0x08, 0xA5, 0x81, 0x29, 0x03, 0x18, 0x69, 0xB4, 0xAA, 0x86, 0x08, 0x86, 
   0xAA, 0xE6, 0x80, 0xD0, 0x13, 0xE6, 0x83, 0xA5, 0x83, 0x29, 0xC7, 0x85, 0x83, 0x29, 0x07, 0xD0, 
   0x07, 0xE6, 0x82, 0xD0, 0x03, 0x38, 0x66, 0x82, 0xA2, 0x04, 0x8A, 0x0A, 0xA8, 0xB5, 0x8E, 0x29, 
   0xF0, 0x4A, 0x99, 0xD9, 0x00, 0xB5, 0x8E, 0x29, 0x0F, 0x0A, 0x0A, 0x0A, 0x99, 0xDB, 0x00, 0xCA, 
   0xCA, 0x10, 0xE7, 0xE8, 0xE8, 0xA0, 0x7F, 0xB5, 0xD9, 0xD0, 0x08, 0x94, 0xD9, 0xE8, 0xE8, 0xE0, 
   0x0A, 0x90, 0xF4, 0xA2, 0x0C, 0x24, 0xD2, 0x50, 0x06, 0xA4, 0x88, 0xF0, 0x02, 0xA2, 0x00, 0x86, 
   0x06, 0x86, 0x07, 0xA6, 0xBF, 0xBD, 0xD0, 0xFE, 0xA4, 0x9C, 0x10, 0x06, 0xC0, 0xF8, 0xB0, 0x02, 
   0xA9, 0xD6, 0x85, 0x24, 0x29, 0x0F, 0xAA, 0xA5, 0x82, 0x2A, 0x2A, 0x2A, 0x29, 0x02, 0x48, 0xA5, 
   0x9C, 0xC9, 0xF8, 0x90, 0x0A, 0xA4, 0xC1, 0xB9, 0xD0, 0xFE, 0x85, 0xC8, 0x4C, 0xEF, 0xFF, 0x29, 
   0xBF, 0x30, 0xF2, 0xC9, 0x02, 0x90, 0x07, 0xC9, 0x04, 0xB0, 0x03, 0x4C, 0xE3, 0xFF, 0x68, 0x4C, 
   0xD7, 0xFF, 0xA5, 0xC1, 0x18, 0x69, 0x04, 0x60, 0xA5, 0x86, 0x69, 0x1D, 0x90, 0x02, 0xA9, 0xFF, 
   0x85, 0x86, 0x60, 0x8A, 0x49, 0x01, 0x85, 0x88, 0xA2, 0x12, 0xA5, 0xD3, 0x29, 0xE0, 0xC9, 0xE0, 
   0xD0, 0x02, 0xA2, 0x04, 0xB5, 0x8E, 0xB4, 0x8F, 0x95, 0x8F, 0x94, 0x8E, 0xCA, 0xCA, 0x10, 0xF4, 
   0xA9, 0x00, 0x85, 0xCF, 0x85, 0xE5, 0x60, 0x00, 0x12, 0x24, 0x00, 0x36, 0x48, 0x5A, 0x00, 0x6C, 
   0x7E, 0x90, 0x00, 0xA2, 0xB4, 0xC6, 0xD8, 0xEA, 0xBD, 0xC0, 0xFC, 0x95, 0x9C, 0xCA, 0x88, 0x10, 
   0xF7, 0x60, 0x4A, 0x4A, 0x4A, 0x4A, 0xC9, 0x08, 0x90, 0x02, 0x09, 0xF0, 0x18, 0x65, 0xBF, 0xC9, 
   0xD1, 0x90, 0x03, 0x38, 0xE9, 0xA0, 0xC9, 0x31, 0xB0, 0x03, 0x18, 0x69, 0xA0, 0x85, 0xBF, 0x60, 
   0x80, 0x80, 0x7A, 0x7A, 0x96, 0x96, 0xC0, 0xDD, 0xC0, 0xDD, 0x02, 0x07, 0x33, 0x01, 0xB2, 0x00, 
   0x01, 0xD1, 0xD1, 0xD1, 0xD1, 0xD1, 0xD1, 0x0A, 0x07, 0x0A, 0x07, 0x0A, 0x07, 0x00, 0x00, 0x00, 
   0x00, 0x00, 0x00, 0x60, 0x33, 0x7E, 0x33, 0x00, 0x23, 0x0F, 0x0A, 0x19, 0xBC, 0x88, 0xDE, 0x40, 
   0x80, 0x00, 0x01, 0x03, 0x04, 0x05, 0x10, 0x07, 0x08, 0x09, 0x0A, 0x00, 0x0C, 0x0D, 0x0E, 0x0F, 
   0x01, 0x10, 0x12, 0x13, 0x11, 0x15, 0x16, 0x14, 0x18, 0x17, 0x00, 0x1B, 0x1C, 0x1A, 0x1E, 0x1F, 
   0x1D, 0x21, 0x22, 0x20, 0xFF, 0xFF, 0x7F, 0x0F, 0x0F, 0x03, 0x03, 0x03, 0x03, 0x03, 0x03, 0x03, 
   0x03, 0x03, 0x03, 0x03, 0xFF, 0x01, 0x01, 0x01, 0x03, 0x03, 0x03, 0x03, 0x03, 0x03, 0x03, 0x03, 
   0x03, 0x03, 0x03, 0x03, 0x07, 0x07, 0x07, 0x50, 0x50, 0x50, 0x00, 0x00, 0x00, 0x00, 0x00, 0x00, 
   0x00, 0x00, 0x00, 0x50, 0x50, 0x50, 0x00, 0x00, 0x00, 0x00, 0x00, 0x00, 0x00, 0x00, 0x01, 0x01, 
   0x01, 0x01, 0x01, 0x01, 0x00, 0x00, 0x00, 0x02, 0x02, 0x02, 0x02, 0x02, 0x02, 0x00, 0x00, 0x00, 
   0x25, 0x06, 0x03, 0x05, 0x04, 0x17, 0x21, 0x17, 0x17, 0x17, 0x17, 0x17, 0x17, 0x17, 0x17, 0x17, 
   0x21, 0x21, 0x21, 0x21, 0x21, 0x17, 0x17, 0x17, 0x17, 0x17, 0x17, 0x17, 0x17, 0x17, 0x17, 0x21, 
   0x21, 0x21, 0x21, 0x21, 0x21, 0x17, 0x17, 0x17, 0x00, 0x18, 0x38, 0x58, 0x78, 0x31, 0x21, 0x11, 
   0x31, 0x31, 0x21, 0x21, 0x31, 0x31, 0x21, 0x01, 0x31, 0x31, 0x31, 0x21, 0x21, 0x11, 0x31, 0x31, 
   0x31, 0x21, 0x11, 0x31, 0x21, 0x31, 0x31, 0x21, 0x11, 0x31, 0x31, 0x21, 0x11, 0x00, 0x00, 0xF2, 
   0xF2, 0x00, 0x80, 0x80, 0x02, 0x00, 0x80, 0x80, 0x80, 0x80, 0x02, 0xF2, 0xF2, 0x80, 0x00, 0x00, 
   0x00, 0x00, 0x02, 0x00, 0x00, 0x00, 0x00, 0x00, 0x00, 0x00, 0x00, 0x00, 0x00, 0x00, 0x00, 0x00, 
   0x6A, 0x21, 0xE7, 0x08, 0x40, 0x53, 0xFA, 0xFA, 0xF9, 0xFA, 0xFA, 0xFA, 0x07, 0x12, 0x1C, 0x0F, 
   0x29, 0x20, 0x33, 0x1D, 0x2D, 0x0E, 0x13, 0x3F, 0x0E, 0x3B, 0x1C, 0x4B, 0x3B, 0x55, 0x3F, 0x5E, 
   0x4E, 0x5A, 0x2C, 0x4B, 0x64, 0x55, 0x65, 0x68, 0x37, 0x0F, 0x3F, 0x71, 0x00, 0x00, 0x00, 0x00, 
   0x00, 0x00, 0x08, 0x10, 0x00, 0x08, 0x24, 0x3C, 0x18, 0x18, 0xDB, 0xFF, 0x7E, 0x3C, 0x18, 0x18, 
   0x00, 0x00, 0x00, 0x08, 0x10, 0x00, 0x08, 0x10, 0x24, 0x3C, 0x18, 0x18, 0xDB, 0xFF, 0x7E, 0x3C, 
   0x18, 0x18, 0x00, 0x00, 0x00, 0x10, 0x00, 0x08, 0x10, 0x00, 0x24, 0x3C, 0x18, 0x18, 0xDB, 0xFF, 
   0x7E, 0x3C, 0x18, 0x18, 0x00, 0x00, 0x00, 0x00, 0x04, 0x08, 0x00, 0x04, 0x12, 0x1E, 0x0C, 0x0C, 
   0x2D, 0x3F, 0x3F, 0x1E, 0x0C, 0x0C, 0x00, 0x00, 0x00, 0x04, 0x08, 0x00, 0x04, 0x08, 0x12, 0x1E, 
   0x0C, 0x0C, 0x2D, 0x3F, 0x3F, 0x1E, 0x0C, 0x0C, 0x00, 0x00, 0x00, 0x08, 0x00, 0x04, 0x08, 0x00, 
   0x12, 0x1E, 0x0C, 0x0C, 0x2D, 0x3F, 0x3F, 0x1E, 0x0C, 0x0C, 0x00, 0x00, 0x00, 0x00, 0x10, 0x20, 
   0x00, 0x10, 0x48, 0x78, 0x30, 0x30, 0xB4, 0xFC, 0xFC, 0x78, 0x30, 0x30, 0x00, 0x00, 0x00, 0x10, 
   0x20, 0x00, 0x10, 0x20, 0x48, 0x78, 0x30, 0x30, 0xB4, 0xFC, 0xFC, 0x78, 0x30, 0x30, 0x00, 0x00, 
   0x00, 0x20, 0x00, 0x10, 0x20, 0x00, 0x48, 0x78, 0x30, 0x30, 0xB4, 0xFC, 0xFC, 0x78, 0x30, 0x30, 
   0x00, 0x00, 0x00, 0x00, 0x00, 0x00, 0x00, 0x00, 0x00, 0x24, 0x10, 0x18, 0x89, 0xD3, 0x69, 0x2A, 
   0x2C, 0x14, 0x18, 0x08, 0x00, 0x00, 0x00, 0x00, 0x00, 0x00, 0x24, 0x08, 0x08, 0x22, 0x58, 0x22, 
   0x14, 0x52, 0x24, 0x30, 0x08, 0x00, 0x00, 0x00, 0x00, 0x00, 0x00, 0x00, 0x00, 0x08, 0x04, 0x10, 
   0x24, 0x08, 0x10, 0x28, 0x04, 0x10, 0x00, 0x00, 0x00, 0x00, 0x00, 0x00, 0x00, 0x00, 0x00, 0x00, 
   0x10, 0x24, 0x08, 0x20, 0x14, 0x28, 0x00, 0x00, 0x00, 0x00, 0x00, 0x00, 0x00, 0x00, 0x00, 0x00, 
   0x00, 0x00, 0x00, 0x24, 0x00, 0x10, 0x00, 0x28, 0x00, 0x00, 0x00, 0x00, 0x00, 0x00, 0x00, 0x00, 
   0x41, 0x31, 0x21, 0x11, 0x01, 0xF1, 0xE1, 0xD1, 0xC1, 0xB1, 0xA1, 0x91, 0x72, 0x62, 0x52, 0x42, 
   0x32, 0x22, 0x12, 0x02, 0xF2, 0xE2, 0xD2, 0xC2, 0xB2, 0xA2, 0x92, 0x73, 0x63, 0x53, 0x43, 0x33, 
   0x23, 0x13, 0x03, 0xF3, 0xE3, 0xD3, 0xC3, 0xB3, 0xA3, 0x93, 0x74, 0x64, 0x54, 0x44, 0x34, 0x24, 
   0x14, 0x04, 0xF4, 0xE4, 0xD4, 0xC4, 0xB4, 0xA4, 0x94, 0x75, 0x65, 0x55, 0x45, 0x35, 0x25, 0x15, 
   0x05, 0xF5, 0xE5, 0xD5, 0xC5, 0xB5, 0xA5, 0x95, 0x76, 0x66, 0x56, 0x46, 0x36, 0x26, 0x16, 0x06, 
   0xF6, 0xE6, 0xD6, 0xC6, 0xB6, 0xA6, 0x96, 0x77, 0x67, 0x57, 0x47, 0x37, 0x27, 0x17, 0x07, 0xF7, 
   0xE7, 0xD7, 0xC7, 0xB7, 0xA7, 0x97, 0x78, 0x68, 0x58, 0x48, 0x38, 0x28, 0x18, 0x08, 0xF8, 0xE8, 
   0xD8, 0xC8, 0xB8, 0xA8, 0x98, 0x79, 0x69, 0x59, 0x49, 0x39, 0x29, 0x19, 0x09, 0xF9, 0xE9, 0xD9, 
   0xC9, 0xB9, 0xA9, 0x99, 0x7A, 0x6A, 0x5A, 0x4A, 0x3A, 0x2A, 0x1A, 0x0A, 0xFA, 0xEA, 0xDA, 0xCA, 
   0xBA, 0xAA, 0x9A, 0x7B, 0x6B, 0x5B, 0x4B, 0x3B, 0x2B, 0x1B, 0x0B, 0xFB, 0xEB, 0xDB, 0xCB, 0xBB, 
   0xAB, 0x9B, 0xB2, 0xB8, 0xBC, 0x48, 0x0E, 0x4C, 0x0E, 0x4A, 0x00, 0x00, 0x00, 0x00, 0x00, 0x00, 
   0x00, 0x00, 0x00, 0x00, 0x00, 0x00, 0x00, 0x00, 0x00, 0x00, 0x00, 0x2C, 0xF6, 0xFF, 0x4C, 0x64, 
   0x9E, 0x2C, 0xF6, 0xFF, 0x4C, 0x5A, 0x93, 0xEA, 0xEA, 0xEA, 0x60, 0xEA, 0xEA, 0xEA, 0xEA, 0xEA, 
   0xEA, 0xEA, 0xEA, 0xEA, 0xEA, 0xEA, 0xEA, 0x2C, 0xF8, 0xFF, 0x4C, 0xDA, 0xDF, 0xEA, 0xEA, 0xEA, 
   0x4C, 0x38, 0xF0, 0x2C, 0xF7, 0xFF, 0x4C, 0xE6, 0xBF, 0xEA, 0xEA, 0xEA, 0x4C, 0x38, 0xF0, 0x2C, 
   0xF6, 0xFF, 0x4C, 0xF2, 0x9F, 0xEA, 0xEA, 0xEA, 0x4C, 0xEA, 0xEA, 0xEA, 0x00, 0xF0, 0x00, 0xF0, 
};
static const uint32_t rom_riverraid2_size = 16384;

#endif

