#ifndef ROM_sap_H
#define ROM_sap_H

#include <stdint.h>

static const uint8_t rom_sap[] = {
   0x2C, 0xF8, 0xFF, 0xEA, 0xA9, 0x00, 0x95, 0x00, 0x9A, 0xE8, 0xD0, 0xFA, 0xA9, 0x34, 0x85, 0x0A, 
   0x20, 0xF6, 0xF8, 0xA5, 0x82, 0xD0, 0x07, 0xA2, 0x01, 0x86, 0x82, 0x4C, 0x60, 0xF6, 0xA2, 0x07, 
   0xBD, 0x58, 0xFF, 0x45, 0x85, 0x25, 0x86, 0x95, 0x87, 0xE0, 0x04, 0xB0, 0x02, 0x95, 0x06, 0xCA, 
   0x10, 0xEE, 0x86, 0xB3, 0xA5, 0xF1, 0x29, 0x1F, 0x18, 0x69, 0x04, 0xE8, 0x20, 0x2D, 0xF9, 0x20, 
   0x52, 0xFB, 0xA5, 0xF1, 0x29, 0x1F, 0x18, 0x69, 0x44, 0xE8, 0x20, 0x2D, 0xF9, 0x20, 0x52, 0xFB, 
   0xA2, 0x03, 0xA5, 0xF2, 0xF0, 0x06, 0xA4, 0xF3, 0xD0, 0x02, 0x69, 0x09, 0x20, 0x2D, 0xF9, 0x20, 
   0x52, 0xFB, 0xE8, 0xA4, 0xF2, 0xC8, 0x98, 0x20, 0x2D, 0xF9, 0x20, 0x52, 0xFB, 0x20, 0x28, 0xF9, 
   0x85, 0x02, 0x85, 0x2B, 0x85, 0x2C, 0xA5, 0xEA, 0x29, 0x0F, 0xC9, 0x0D, 0x90, 0x05, 0xAA, 0xB5, 
   0x7F, 0x85, 0x8B, 0xA9, 0x06, 0x85, 0x04, 0x85, 0x05, 0x85, 0x1F, 0xA2, 0x0D, 0xA4, 0xAF, 0xA5, 
   0xF6, 0x85, 0x0D, 0xAD, 0x84, 0x02, 0xD0, 0xFB, 0x85, 0x02, 0x85, 0x2A, 0x85, 0x01, 0xC6, 0xDF, 
   0xEA, 0x4C, 0xE5, 0xF0, 0x86, 0x04, 0x86, 0x05, 0xA9, 0x02, 0x85, 0x1E, 0xA5, 0x8C, 0x85, 0x2A, 
   0x85, 0x09, 0x85, 0x06, 0x85, 0x07, 0xA5, 0xF7, 0x85, 0x0E, 0xA5, 0xF8, 0x85, 0x0F, 0x85, 0x10, 
   0x85, 0x2C, 0xA5, 0xF9, 0x85, 0x0D, 0xA5, 0xFA, 0x85, 0x0E, 0xA5, 0xFB, 0x85, 0x0F, 0x4C, 0xFC, 
   0xF0, 0xA5, 0xF6, 0x85, 0x0D, 0x8A, 0xF0, 0xCC, 0x85, 0x02, 0x85, 0x2A, 0xA5, 0xDF, 0xBD, 0xE3, 
   0xFF, 0x85, 0x1B, 0x85, 0x1C, 0xA5, 0xF7, 0x85, 0x0E, 0xA5, 0xF8, 0x85, 0x0F, 0xA5, 0xF9, 0x85, 
   0x0D, 0xA5, 0xFA, 0x85, 0x0E, 0xA5, 0xFB, 0xCA, 0x85, 0x0F, 0x10, 0xD5, 0xA5, 0xF2, 0x05, 0xF3, 
   0xF0, 0x15, 0xA2, 0x27, 0xA9, 0x1F, 0xC0, 0x1E, 0xD0, 0x02, 0x85, 0x1B, 0x85, 0x02, 0x85, 0x2A, 
   0xA5, 0x8B, 0x85, 0x09, 0x4C, 0x53, 0xF1, 0x4C, 0x14, 0xFA, 0x85, 0x02, 0x85, 0x2A, 0xA9, 0x00, 
   0x85, 0x1B, 0x38, 0xB0, 0x2E, 0xA5, 0x8C, 0x85, 0x02, 0x85, 0x2A, 0x85, 0x08, 0xA9, 0x00, 0x85, 
   0x1B, 0xF0, 0x54, 0x85, 0x02, 0x85, 0x2A, 0xA9, 0x00, 0x85, 0x1B, 0xF0, 0x7D, 0xC0, 0x20, 0xB0, 
   0xD9, 0xB9, 0x8F, 0x00, 0x85, 0x06, 0xB1, 0xCD, 0x85, 0x02, 0x85, 0x2A, 0x85, 0x1B, 0xB9, 0x60, 
   0xFB, 0x85, 0x04, 0xA5, 0xF6, 0x85, 0x0D, 0xA5, 0xF7, 0x85, 0x0E, 0xA5, 0xF8, 0x85, 0x0F, 0xA5, 
   0xF9, 0x85, 0x0D, 0xA5, 0xFA, 0x85, 0x0E, 0xA5, 0xFB, 0x88, 0x85, 0x0F, 0xCA, 0x10, 0xCE, 0xC0, 
   0x20, 0xB0, 0xB2, 0xB9, 0x8F, 0x00, 0x85, 0x06, 0xB9, 0x60, 0xFB, 0x85, 0x04, 0xA5, 0x8C, 0x85, 
   0x2A, 0x85, 0x08, 0xB1, 0xCD, 0x85, 0x1B, 0xA5, 0xF6, 0x85, 0x0D, 0xA5, 0xF7, 0x85, 0x0E, 0xA5, 
   0xF8, 0x85, 0x0F, 0xA5, 0xF9, 0x85, 0x0D, 0xA5, 0xFA, 0x85, 0x0E, 0xA5, 0xFB, 0x85, 0x0F, 0x88, 
   0xA2, 0x39, 0xC0, 0x20, 0xB0, 0x8D, 0xB1, 0xCD, 0x85, 0x1B, 0xB9, 0x60, 0xFB, 0x85, 0x04, 0x85, 
   0x02, 0x85, 0x2A, 0xB9, 0x8F, 0x00, 0x85, 0x06, 0xA9, 0x00, 0x85, 0x1E, 0x85, 0x1F, 0x85, 0x0D, 
   0x85, 0x0E, 0x85, 0x0F, 0x88, 0xCA, 0x10, 0xDA, 0x30, 0x22, 0xA9, 0x00, 0x85, 0x1B, 0xF0, 0x30, 
   0xA9, 0x00, 0x85, 0x1B, 0x85, 0x02, 0x85, 0x2A, 0xA5, 0x89, 0x8D, 0x08, 0x00, 0x4C, 0x3E, 0xF2, 
   0xA9, 0x00, 0x85, 0x02, 0x85, 0x2A, 0x8D, 0x1B, 0x00, 0x4C, 0x6D, 0xF2, 0xA2, 0x26, 0xC0, 0x20, 
   0xB0, 0xD8, 0xB1, 0xCD, 0x85, 0x1B, 0xB9, 0x60, 0xFB, 0x85, 0x04, 0xB9, 0x8F, 0x00, 0x85, 0x06, 
   0x85, 0x02, 0x85, 0x2A, 0x88, 0xA9, 0x02, 0x85, 0x1E, 0x85, 0x1F, 0xEA, 0xA5, 0xF6, 0x85, 0x0D, 
   0xA5, 0xF7, 0x85, 0x0E, 0xA5, 0xF8, 0x85, 0x0F, 0xA5, 0xF9, 0x85, 0x0D, 0xA5, 0xFA, 0x85, 0x0E, 
   0xA5, 0xFB, 0x85, 0x0F, 0xC0, 0x20, 0xB0, 0xA8, 0xB1, 0xCD, 0x85, 0x1B, 0xB9, 0x60, 0xFB, 0x85, 
   0x04, 0xA5, 0x89, 0x85, 0x02, 0x85, 0x2A, 0x85, 0x08, 0xB9, 0x8F, 0x00, 0x85, 0x06, 0xA5, 0xF6, 
   0x85, 0x0D, 0xA5, 0xF7, 0x85, 0x0E, 0xA5, 0xF8, 0x85, 0x0F, 0xA5, 0xF9, 0x85, 0x0D, 0xA5, 0xFA, 
   0x85, 0x0E, 0xA5, 0xFB, 0x88, 0x85, 0x0F, 0xC0, 0x20, 0xB0, 0x85, 0xB1, 0xCD, 0x85, 0x1B, 0xB9, 
   0x60, 0xFB, 0x85, 0x04, 0x85, 0x02, 0x85, 0x2A, 0xB9, 0x8F, 0x00, 0x85, 0x06, 0x88, 0xA5, 0xF6, 
   0x85, 0x0D, 0xA5, 0xF7, 0x85, 0x0E, 0xA5, 0xF8, 0x85, 0x0F, 0xA5, 0xF9, 0x85, 0x0D, 0xA5, 0xFA, 
   0x85, 0x0E, 0xA5, 0xFB, 0xCA, 0x85, 0x0F, 0x10, 0xCE, 0xA5, 0xF6, 0x85, 0x0D, 0xA5, 0xF7, 0x85, 
   0x0E, 0xA0, 0x00, 0x84, 0x1B, 0xA5, 0x8C, 0x85, 0x02, 0x85, 0x2A, 0x8D, 0x09, 0x00, 0xA5, 0xF8, 
   0x85, 0x0F, 0xA5, 0xB0, 0x0A, 0x90, 0x04, 0xA0, 0xD0, 0xEA, 0xEA, 0x85, 0x10, 0x85, 0x20, 0xA5, 
   0x02, 0x85, 0xB2, 0xA5, 0xF9, 0x85, 0x0D, 0xA5, 0xFA, 0x85, 0x0E, 0xA5, 0xFB, 0x85, 0x0F, 0xA2, 
   0x00, 0x85, 0x02, 0x85, 0x2A, 0x86, 0x1E, 0xA5, 0x8A, 0x85, 0x09, 0xA5, 0xF6, 0x85, 0x0D, 0xA5, 
   0xF7, 0x85, 0x0E, 0xA5, 0xF8, 0x85, 0x0F, 0xA9, 0x06, 0x85, 0x05, 0x85, 0x04, 0x84, 0x20, 0xA5, 
   0xF9, 0x85, 0x0D, 0xA5, 0xFA, 0x85, 0x0E, 0xA5, 0xFB, 0x85, 0x0F, 0xA5, 0x87, 0x85, 0x06, 0x85, 
   0x07, 0xA2, 0x0C, 0x85, 0x02, 0x85, 0x2A, 0xBD, 0xE3, 0xFF, 0x85, 0x1B, 0x85, 0x1C, 0xA5, 0xF6, 
   0x85, 0x0D, 0xA5, 0xF7, 0x85, 0x0E, 0xA5, 0xF8, 0x85, 0x0F, 0xA5, 0xF9, 0x85, 0x0D, 0xA5, 0xFA, 
   0x85, 0x0E, 0xA5, 0xFB, 0x85, 0x2B, 0x85, 0x0F, 0xCA, 0xD0, 0xD8, 0xA5, 0x8C, 0x85, 0x02, 0x85, 
   0x2A, 0x85, 0x09, 0xA9, 0x03, 0x8D, 0x04, 0x00, 0x86, 0x0D, 0x86, 0x0E, 0x86, 0x1F, 0x86, 0x0F, 
   0x8D, 0x10, 0x00, 0x85, 0x11, 0x4A, 0x85, 0x05, 0xA9, 0x10, 0x85, 0x21, 0xA5, 0x8E, 0x85, 0x02, 
   0x85, 0x2A, 0x85, 0x09, 0xA9, 0xD0, 0x45, 0x85, 0x25, 0x86, 0x85, 0x06, 0x85, 0x07, 0x8D, 0x2B, 
   0x00, 0x20, 0x48, 0xF9, 0xA9, 0x07, 0x85, 0xB1, 0xAC, 0xB1, 0x00, 0xB1, 0xDB, 0x4A, 0xAA, 0x85, 
   0x2B, 0xB1, 0xD5, 0x85, 0x1B, 0xB1, 0xDD, 0x29, 0xFE, 0x85, 0x2A, 0x85, 0xFC, 0xB1, 0xD7, 0x4A, 
   0x85, 0x1C, 0xB1, 0xD9, 0x39, 0xB8, 0xFF, 0xA4, 0xFC, 0x85, 0x1B, 0x86, 0x1C, 0x84, 0x1B, 0xC6, 
   0xB1, 0x10, 0xD5, 0x85, 0x02, 0x85, 0x2A, 0xA9, 0x00, 0x85, 0x1B, 0x85, 0x1C, 0x85, 0x02, 0x85, 
   0x2A, 0xA5, 0x8C, 0x85, 0x09, 0xA5, 0x8D, 0x85, 0x06, 0x85, 0x07, 0xA9, 0x03, 0x85, 0x05, 0x4A, 
   0x85, 0x04, 0xA5, 0x80, 0x0A, 0x0A, 0x0A, 0x69, 0x08, 0x85, 0xDF, 0xA9, 0xFF, 0x85, 0xE0, 0xA0, 
   0x07, 0xB1, 0xDF, 0x4A, 0x85, 0xFC, 0x85, 0x02, 0x85, 0x2A, 0xB9, 0xC3, 0xFF, 0x85, 0x1B, 0xB9, 
   0xCB, 0xFF, 0x85, 0x1C, 0xEA, 0xB9, 0xDB, 0xFF, 0xAA, 0xB9, 0xD3, 0xFF, 0x85, 0x1B, 0x86, 0x1C, 
   0xA5, 0xFC, 0x85, 0x1C, 0x88, 0x10, 0xDA, 0xA9, 0x3F, 0x85, 0x02, 0x8D, 0x96, 0x02, 0x86, 0x1C, 
   0xA9, 0x02, 0x85, 0x01, 0xA2, 0x1F, 0xBD, 0xA0, 0xF9, 0xC9, 0x10, 0x90, 0x02, 0x49, 0xA0, 0x45, 
   0x85, 0x25, 0x86, 0x95, 0x8F, 0xCA, 0x10, 0xEE, 0xA5, 0xF2, 0x05, 0xF3, 0xD0, 0x1B, 0xA2, 0x02, 
   0x8A, 0x0A, 0x0A, 0xA8, 0xB5, 0xEB, 0x29, 0xF0, 0x4A, 0x99, 0xD5, 0x00, 0xB5, 0xEB, 0x29, 0x0F, 
   0x0A, 0x0A, 0x0A, 0x99, 0xD7, 0x00, 0xCA, 0x10, 0xE7, 0xA5, 0x01, 0x10, 0x0C, 0xA5, 0xF3, 0xF0, 
   0x08, 0xA9, 0x00, 0x85, 0xEF, 0xA9, 0x8F, 0x85, 0xEA, 0xA5, 0xEA, 0x10, 0x04, 0xE6, 0xF2, 0xE6, 
   0xF1, 0xA6, 0xE9, 0xE8, 0xF0, 0x2B, 0xA5, 0xE2, 0x0A, 0xD0, 0x26, 0xA6, 0xB3, 0x30, 0x22, 0xB5, 
   0xC9, 0x4A, 0x90, 0x06, 0xA9, 0x08, 0x85, 0xF4, 0xB0, 0x17, 0xA5, 0xE8, 0xC9, 0x80, 0x2A, 0xC9, 
   0x80, 0x2A, 0xCA, 0x10, 0xF7, 0x29, 0x03, 0xA8, 0xB9, 0x4A, 0xFB, 0x85, 0xEF, 0xA9, 0x0F, 0x85, 
   0xEA, 0xA5, 0xF4, 0xF0, 0x02, 0xC6, 0xF4, 0xA0, 0x00, 0x84, 0xDF, 0xA5, 0xE2, 0x0A, 0xD0, 0x35, 
   0xA5, 0xE9, 0xC9, 0xFE, 0xB0, 0x2F, 0xA2, 0x04, 0xB5, 0xC8, 0x4A, 0xB0, 0x17, 0xB5, 0xE3, 0xF0, 
   0x13, 0x30, 0x11, 0x29, 0x7F, 0xC9, 0x40, 0x90, 0x02, 0x49, 0x7F, 0x18, 0x65, 0xDF, 0x10, 0x02, 
   0xA9, 0x7F, 0x85, 0xDF, 0xCA, 0xD0, 0xE1, 0xA5, 0xDF, 0x4A, 0x4A, 0x4A, 0x4A, 0x85, 0x1A, 0xA9, 
   0x10, 0x85, 0x18, 0xA0, 0x03, 0x84, 0x16, 0xA5, 0xE2, 0x0A, 0xD0, 0x0D, 0xA5, 0xEF, 0xF0, 0x09, 
   0xA5, 0xF4, 0xF0, 0x05, 0xA9, 0x04, 0x20, 0xE4, 0xF8, 0xA0, 0x00, 0xA5, 0xE1, 0x30, 0x38, 0xA5, 
   0xE2, 0x0A, 0xD0, 0x33, 0xA5, 0x84, 0x29, 0x04, 0xD0, 0x15, 0x85, 0xF5, 0xC6, 0xEF, 0x10, 0x03, 
   0x85, 0xEF, 0xA8, 0xF0, 0x0A, 0xA9, 0x06, 0x85, 0x19, 0xA5, 0x81, 0x29, 0x01, 0x10, 0x14, 0xA0, 
   0x01, 0xA5, 0x0C, 0x30, 0x02, 0xA0, 0x03, 0x84, 0x19, 0xA5, 0xEF, 0x4A, 0x29, 0x0F, 0x49, 0x0F, 
   0x18, 0x69, 0x0D, 0x85, 0x17, 0xA0, 0x03, 0x84, 0x15, 0xA5, 0xB2, 0x10, 0x11, 0xA9, 0x06, 0x20, 
   0xE4, 0xF8, 0xA0, 0x63, 0xA5, 0xAF, 0xC9, 0x55, 0xB0, 0x02, 0xA0, 0x47, 0x84, 0xAF, 0xA5, 0xEA, 
   0x29, 0x0F, 0xF0, 0x12, 0xA9, 0x00, 0x85, 0xF4, 0xC6, 0xEA, 0xA5, 0xEA, 0x85, 0x1A, 0xA9, 0x08, 
   0x85, 0x18, 0x85, 0x16, 0xD0, 0x02, 0x85, 0xEA, 0xA5, 0xF3, 0x05, 0xF2, 0xD0, 0x18, 0xA5, 0xE9, 
   0xC9, 0xC1, 0xB0, 0x12, 0x29, 0x3F, 0xD0, 0x0E, 0xA5, 0xF1, 0x29, 0x10, 0xC9, 0x10, 0xD0, 0x06, 
   0xE6, 0xF3, 0xA9, 0x9F, 0x85, 0xF2, 0xA5, 0xE9, 0xC9, 0xFF, 0xD0, 0x08, 0xA4, 0xF1, 0xC0, 0x30, 
   0xB0, 0x02, 0x85, 0xE2, 0xA5, 0xE2, 0xC9, 0x80, 0xD0, 0x3E, 0xE6, 0xD0, 0xA6, 0xD0, 0xE8, 0xD0, 
   0x04, 0xA9, 0xFC, 0x85, 0xD0, 0xA5, 0xEE, 0x18, 0x69, 0xAF, 0x85, 0xEE, 0xF8, 0xA5, 0xED, 0x69, 
   0x16, 0x85, 0xED, 0xA5, 0xEC, 0x69, 0x00, 0x85, 0xEC, 0xA5, 0xEB, 0x69, 0x00, 0x85, 0xEB, 0x29, 
   0x0F, 0xC9, 0x06, 0x90, 0x12, 0xA5, 0xEB, 0x69, 0x03, 0x90, 0x0A, 0xA9, 0x99, 0x85, 0xED, 0x85, 
   0xEC, 0xA9, 0x95, 0x85, 0xE2, 0x85, 0xEB, 0xD8, 0xA5, 0xF3, 0x05, 0xF2, 0xD0, 0x4F, 0xA5, 0xE9, 
   0x29, 0x3F, 0xF0, 0x49, 0xC9, 0x3D, 0xB0, 0x45, 0xA5, 0x82, 0x29, 0x78, 0x85, 0xDF, 0xA5, 0xF1, 
   0x29, 0x78, 0xC5, 0xDF, 0xD0, 0x37, 0xA4, 0x80, 0xA5, 0x82, 0x59, 0x4E, 0xFB, 0x85, 0xDF, 0x29, 
   0x03, 0xAA, 0xB5, 0xE4, 0xD0, 0x27, 0xA9, 0xB6, 0x95, 0xE4, 0xA5, 0xE9, 0x29, 0x3F, 0xC9, 0x38, 
   0xB0, 0x08, 0xA5, 0xDF, 0x29, 0x9C, 0xC9, 0x9C, 0xD0, 0x04, 0xA9, 0x01, 0x95, 0xC9, 0x20, 0xD9, 
   0xF8, 0xA5, 0x82, 0x59, 0x4E, 0xFB, 0x3D, 0xB4, 0xFF, 0x45, 0xE8, 0x85, 0xE8, 0xAD, 0x84, 0x02, 
   0xD0, 0xFB, 0xA0, 0x82, 0x84, 0x02, 0x84, 0x01, 0x84, 0x00, 0x84, 0x02, 0x84, 0x02, 0x84, 0x02, 
   0x85, 0x00, 0xE6, 0x81, 0xD0, 0x07, 0xE6, 0xE1, 0xD0, 0x03, 0x38, 0x66, 0xE1, 0xA0, 0xFF, 0xAD, 
   0x82, 0x02, 0x29, 0x08, 0xD0, 0x02, 0xA0, 0x0F, 0x98, 0xA0, 0x00, 0x24, 0xE1, 0x10, 0x04, 0x29, 
   0xF7, 0xA4, 0xE1, 0x84, 0x85, 0x06, 0x85, 0x85, 0x86, 0xA9, 0x50, 0x85, 0x02, 0x8D, 0x96, 0x02, 
   0xAD, 0x80, 0x02, 0x4A, 0x4A, 0x4A, 0x4A, 0x85, 0x84, 0xC9, 0x0F, 0xF0, 0x04, 0xA9, 0x00, 0x85, 
   0xE1, 0xAD, 0x82, 0x02, 0x4A, 0xB0, 0x0A, 0xA6, 0x80, 0xE8, 0x86, 0x82, 0xA2, 0xE1, 0x4C, 0x04, 
   0xF0, 0xA0, 0x00, 0x4A, 0xB0, 0x1E, 0xA5, 0x83, 0xF0, 0x04, 0xC6, 0x83, 0x10, 0x18, 0xE6, 0x80, 
   0xA5, 0x80, 0x29, 0x03, 0x85, 0x80, 0x85, 0xE1, 0xA9, 0xAA, 0x85, 0xEB, 0x85, 0xEC, 0x85, 0xED, 
   0xA0, 0x1E, 0x85, 0xE2, 0x84, 0x83, 0xA5, 0xE2, 0x29, 0x7F, 0xF0, 0x03, 0x4C, 0x0D, 0xF8, 0xA5, 
   0xE2, 0xC9, 0x80, 0xF0, 0x0C, 0xA5, 0x0C, 0x30, 0x08, 0xA9, 0x80, 0x85, 0xE2, 0xA9, 0x00, 0x85, 
   0x81, 0xA5, 0x81, 0x29, 0x07, 0xD0, 0x12, 0x24, 0x0C, 0x10, 0x0A, 0xC6, 0xEF, 0x10, 0x04, 0xA9, 
   0x00, 0x85, 0xEF, 0x10, 0x04, 0x85, 0xE1, 0xE6, 0xEF, 0xA5, 0xEF, 0x10, 0x04, 0xA9, 0x7F, 0x85, 
   0xEF, 0xA5, 0x84, 0x29, 0x03, 0xC9, 0x03, 0xA5, 0xEF, 0xB0, 0x0B, 0x4A, 0x4A, 0x4A, 0x4A, 0x85, 
   0xDF, 0x38, 0xA5, 0xEF, 0xE5, 0xDF, 0x85, 0xE0, 0x4A, 0x4A, 0x4A, 0x4A, 0x85, 0xDF, 0xA5, 0xE0, 
   0x29, 0x0F, 0x18, 0x65, 0xF0, 0xC9, 0x10, 0x90, 0x02, 0xE6, 0xDF, 0x29, 0x0F, 0x85, 0xF0, 0xA5, 
   0xF1, 0x38, 0xE5, 0xDF, 0x85, 0xF1, 0xC9, 0xB0, 0x90, 0x0A, 0xE9, 0x60, 0x85, 0xF1, 0xE6, 0xE9, 
   0xD0, 0x02, 0xC6, 0xE9, 0xA5, 0xDF, 0xF0, 0x0C, 0xE6, 0xF5, 0xA5, 0xF5, 0xC9, 0x03, 0x90, 0x02, 
   0xA9, 0x00, 0x85, 0xF5, 0xA5, 0xF5, 0x18, 0x69, 0xFC, 0x85, 0xCE, 0xA5, 0xE8, 0x85, 0xFC, 0xA2, 
   0x04, 0xA5, 0xFC, 0x29, 0x03, 0x85, 0xE0, 0xA5, 0xE9, 0x29, 0x3F, 0xC9, 0x3E, 0x90, 0x06, 0xA9, 
   0x00, 0x85, 0xE0, 0x85, 0xFC, 0xA5, 0xDF, 0xE5, 0xE0, 0x85, 0xE0, 0xB5, 0xC8, 0x4A, 0x90, 0x04, 
   0xA5, 0xDF, 0x85, 0xE0, 0xB5, 0xE3, 0xF0, 0x19, 0x38, 0xE5, 0xE0, 0xF0, 0x08, 0xC9, 0xB7, 0x90, 
   0x10, 0xC9, 0xF0, 0x90, 0x08, 0xA5, 0x82, 0x29, 0x60, 0x69, 0x5F, 0x95, 0xBE, 0xA9, 0x00, 0x95, 
   0xC8, 0x95, 0xE3, 0xA5, 0xFC, 0x4A, 0x4A, 0x85, 0xFC, 0xCA, 0xD0, 0xB5, 0xA5, 0xF2, 0x05, 0xF3, 
   0xF0, 0x19, 0xA5, 0xF2, 0x38, 0xE5, 0xDF, 0x85, 0xF2, 0xB0, 0x10, 0xA9, 0x9F, 0x85, 0xF2, 0xC6, 
   0xF3, 0x10, 0x08, 0xA9, 0x00, 0x85, 0xF2, 0x85, 0xF3, 0xE6, 0xE9, 0xA5, 0xF4, 0xF0, 0x15, 0xA5, 
   0x84, 0x29, 0x0C, 0x85, 0x84, 0xA0, 0x02, 0xA5, 0x81, 0x29, 0x20, 0xF0, 0x02, 0xA0, 0x01, 0x98, 
   0x05, 0x84, 0x85, 0x84, 0xA5, 0xEA, 0x29, 0x0F, 0xF0, 0x12, 0x4A, 0x90, 0x02, 0x49, 0xFF, 0xA4, 
   0xAF, 0xC0, 0x55, 0x90, 0x02, 0x49, 0xFF, 0x18, 0x65, 0xAF, 0x85, 0xAF, 0xA5, 0xDF, 0xC9, 0x03, 
   0x90, 0x02, 0xA9, 0x03, 0x85, 0xDF, 0xA5, 0x84, 0x4A, 0xB0, 0x0A, 0xA5, 0xAF, 0x38, 0xE5, 0xDF, 
   0x85, 0xAF, 0x4C, 0xCE, 0xF7, 0x4A, 0xB0, 0x06, 0xA5, 0xAF, 0x65, 0xDF, 0x85, 0xAF, 0xA5, 0xAF, 
   0xC9, 0x8C, 0x90, 0x02, 0xA9, 0x8C, 0xC9, 0x1E, 0xB0, 0x02, 0xA9, 0x1E, 0x85, 0xAF, 0xA2, 0x05, 
   0xA9, 0x00, 0x95, 0xF6, 0xCA, 0x10, 0xFB, 0xA5, 0xF2, 0x4A, 0x4A, 0x4A, 0xA8, 0xBE, 0x92, 0xFF, 
   0xB9, 0x4C, 0xF9, 0x95, 0xF6, 0xA9, 0xFF, 0xE8, 0xE0, 0x06, 0x90, 0xF7, 0xCA, 0xA0, 0x00, 0xA5, 
   0xF3, 0x4A, 0xB0, 0x01, 0x88, 0x98, 0x55, 0xF6, 0x95, 0xF6, 0xCA, 0x10, 0xF8, 0xA5, 0xF1, 0x29, 
   0x1F, 0x18, 0x69, 0x44, 0x85, 0xE3, 0xA5, 0xF1, 0x20, 0x47, 0xF9, 0x08, 0x49, 0xF0, 0x18, 0x69, 
   0x80, 0x28, 0x6A, 0x85, 0xB0, 0xA5, 0xE9, 0x29, 0x3F, 0xC9, 0x3E, 0x90, 0x04, 0xA9, 0xFC, 0x85, 
   0xD0, 0xA2, 0x04, 0xA9, 0x60, 0x95, 0xB9, 0xA9, 0x00, 0x95, 0xB4, 0xB5, 0xE3, 0x85, 0xDF, 0xE0, 
   0x00, 0xF0, 0x55, 0xA4, 0xE1, 0x10, 0x06, 0xA9, 0x00, 0x85, 0xDF, 0xF0, 0x0C, 0xA4, 0xE9, 0xC8, 
   0xD0, 0x07, 0xA5, 0xF1, 0x95, 0xE3, 0x4C, 0x98, 0xF8, 0xA5, 0xDF, 0xE9, 0x18, 0xC9, 0xE2, 0x90, 
   0x1E, 0xA5, 0xDF, 0x4A, 0x4A, 0x4A, 0xA8, 0xB9, 0xC0, 0xFF, 0x95, 0xB4, 0xB9, 0x3E, 0xF9, 0x95, 
   0xB9, 0xB5, 0xC8, 0x4A, 0xA5, 0xDF, 0x29, 0x07, 0x90, 0x02, 0xA9, 0x00, 0x4C, 0x98, 0xF8, 0xC9, 
   0x88, 0x90, 0x15, 0xE9, 0x88, 0x4A, 0x4A, 0x4A, 0xA8, 0xB9, 0x41, 0xF9, 0x95, 0xB4, 0xB9, 0x44, 
   0xF9, 0x95, 0xB9, 0xA5, 0xDF, 0x38, 0xE9, 0x18, 0x20, 0x2D, 0xF9, 0x4A, 0x56, 0xC8, 0x2A, 0x95, 
   0xC8, 0x88, 0x88, 0x88, 0x94, 0xC3, 0xA5, 0xE9, 0xC9, 0xFF, 0xD0, 0x13, 0xA9, 0x60, 0x95, 0xB4, 
   0xA9, 0xE0, 0x95, 0xBE, 0xA9, 0xE0, 0x95, 0xB9, 0xA9, 0xFF, 0x85, 0xD0, 0x4C, 0xD0, 0xF8, 0xB5, 
   0xC8, 0x4A, 0x90, 0x0C, 0xA9, 0xE0, 0x95, 0xB4, 0xA9, 0xE0, 0x95, 0xBE, 0xA9, 0xE0, 0x95, 0xB9, 
   0xCA, 0x30, 0x03, 0x4C, 0x33, 0xF8, 0x4C, 0x1E, 0xF0, 0xA5, 0x82, 0x0A, 0x0A, 0x0A, 0x45, 0x82, 
   0x0A, 0x26, 0x82, 0x60, 0x85, 0x1A, 0xA0, 0x01, 0xA5, 0x81, 0x4A, 0x90, 0x02, 0xA0, 0x02, 0x84, 
   0x18, 0xA9, 0x03, 0x85, 0x16, 0x60, 0xA2, 0x13, 0xBD, 0x80, 0xFF, 0x95, 0xCD, 0xCA, 0x10, 0xF8, 
   0xA9, 0x55, 0x85, 0xAF, 0xA9, 0x38, 0x85, 0xB0, 0xA2, 0x04, 0xBD, 0xA6, 0xFF, 0x95, 0xC3, 0xBD, 
   0xAB, 0xFF, 0x95, 0xC8, 0xBD, 0x5B, 0xFB, 0x95, 0xBE, 0xA9, 0xE0, 0x95, 0xB9, 0xCA, 0x10, 0xEA, 
   0xA6, 0x80, 0xBD, 0xB0, 0xFF, 0x85, 0xE9, 0x60, 0x85, 0x02, 0x85, 0x2A, 0x60, 0xA0, 0x02, 0x38, 
   0xE9, 0x0F, 0xC8, 0xB0, 0xFB, 0x49, 0x0F, 0x0A, 0x0A, 0x0A, 0x0A, 0x69, 0x80, 0x60, 0xE0, 0xC0, 
   0xA0, 0x20, 0x40, 0x60, 0x60, 0x80, 0x80, 0x0A, 0x0A, 0x0A, 0x0A, 0x60, 0xC0, 0xFF, 0x3F, 0x0F, 
   0x03, 0xFF, 0xFC, 0xF0, 0xC0, 0xF0, 0xC0, 0xFF, 0x3F, 0x0F, 0x03, 0xFF, 0xFC, 0xF0, 0xC0, 0x00, 
   0x00, 0x00, 0x00, 0x00, 0x00, 0x00, 0x00, 0x00, 0x0E, 0x20, 0x22, 0x24, 0x26, 0x28, 0x00, 0x0A, 
   0x0A, 0x00, 0x28, 0x26, 0x24, 0x22, 0x20, 0x0E, 0x00, 0x00, 0x00, 0x00, 0x00, 0x00, 0x00, 0x00, 
   0x00, 0x00, 0x00, 0x00, 0x00, 0x00, 0x00, 0x00, 0x0E, 0x50, 0x52, 0x54, 0x56, 0x58, 0x00, 0xA2, 
   0xA2, 0x00, 0x58, 0x56, 0x54, 0x52, 0x50, 0x0E, 0x00, 0x00, 0x00, 0x00, 0x00, 0x00, 0x00, 0x00, 
   0x00, 0x00, 0x00, 0x00, 0x00, 0x00, 0x00, 0x00, 0x0E, 0xC0, 0xC2, 0xC4, 0xC6, 0xC8, 0x00, 0x62, 
   0x62, 0x00, 0xC8, 0xC6, 0xC4, 0xC2, 0xC0, 0x0E, 0x00, 0x00, 0x00, 0x00, 0x00, 0x00, 0x00, 0x00, 
   0x00, 0x00, 0x00, 0x00, 0x00, 0x00, 0x00, 0x00, 0x0E, 0x20, 0x42, 0x64, 0x86, 0xA8, 0x00, 0x28, 
   0x28, 0x00, 0xA8, 0x86, 0x64, 0x42, 0x20, 0x0E, 0x00, 0x00, 0x00, 0x00, 0x00, 0x00, 0x00, 0x00, 
   0x00, 0x00, 0x00, 0x00, 0x00, 0x00, 0x00, 0x00, 0x00, 0x00, 0x00, 0x00, 0x00, 0x00, 0x00, 0x00, 
   0x00, 0x00, 0x00, 0x00, 0x00, 0x00, 0x00, 0x00, 0x00, 0x00, 0x00, 0x00, 0x00, 0x00, 0x00, 0x00, 
   0x85, 0x02, 0x10, 0x0E, 0x8E, 0xB3, 0x00, 0x20, 0x4A, 0xF9, 0xA9, 0x00, 0x85, 0x1B, 0xF0, 0x4C, 
   0x10, 0x3C, 0x10, 0xF3, 0xA5, 0xAF, 0xC9, 0x1E, 0x85, 0x02, 0xD0, 0x04, 0xA9, 0x1F, 0x85, 0x1B, 
   0xA5, 0x8B, 0x85, 0x09, 0xA9, 0x00, 0x85, 0x1E, 0x85, 0x08, 0xA9, 0x04, 0x85, 0xB1, 0xA4, 0xAF, 
   0xA6, 0xB1, 0xC6, 0xB1, 0xB5, 0xB4, 0x85, 0xCF, 0xB5, 0xB9, 0x85, 0xD1, 0xB5, 0xBE, 0x85, 0xD3, 
   0x88, 0xC0, 0x20, 0xA5, 0x07, 0xB0, 0xB9, 0x85, 0x02, 0x10, 0xC5, 0x8E, 0xB3, 0x00, 0xB9, 0x60, 
   0xFB, 0x85, 0x04, 0xB1, 0xCD, 0x85, 0x1B, 0xB9, 0x8F, 0x00, 0x85, 0x06, 0xB5, 0xC8, 0x85, 0xE0, 
   0xB5, 0xC3, 0xAA, 0x88, 0xC0, 0x20, 0xB0, 0x74, 0xB1, 0xCD, 0x85, 0x1B, 0xB9, 0x60, 0xFB, 0x85, 
   0x04, 0xB9, 0x8F, 0x00, 0x85, 0x06, 0x88, 0xC0, 0x20, 0xA5, 0xE0, 0xB0, 0x69, 0x85, 0x2C, 0x85, 
   0x21, 0xB1, 0xCD, 0xE0, 0x06, 0xCA, 0x10, 0xFD, 0x8D, 0x11, 0x00, 0x85, 0x02, 0x85, 0x2A, 0x85, 
   0x1B, 0xB9, 0x8F, 0x00, 0x85, 0x06, 0xB9, 0x60, 0xFB, 0x85, 0x04, 0xA5, 0xB1, 0x30, 0x35, 0xB0, 
   0x6C, 0xA2, 0x1E, 0x88, 0xC0, 0x20, 0xB0, 0x5B, 0xB1, 0xCD, 0x85, 0x1B, 0xB9, 0x60, 0xFB, 0x85, 
   0x04, 0xB9, 0x8F, 0x00, 0x85, 0x06, 0x84, 0xDF, 0x8A, 0xA8, 0xB1, 0xD1, 0x85, 0x05, 0x85, 0x21, 
   0x85, 0x2A, 0xB1, 0xCF, 0x85, 0x1C, 0xB1, 0xD3, 0x25, 0x86, 0x85, 0x07, 0xA4, 0xDF, 0xCA, 0x10, 
   0xD2, 0x4C, 0x30, 0xFA, 0x20, 0x48, 0xF9, 0x85, 0x2B, 0x4C, 0x89, 0xF2, 0xA9, 0x00, 0x8D, 0x1B, 
   0x00, 0x20, 0x4B, 0xF9, 0xF0, 0x90, 0xEA, 0x85, 0x21, 0xB1, 0xCD, 0xE0, 0x06, 0xCA, 0x10, 0xFD, 
   0x8D, 0x11, 0x00, 0x85, 0x02, 0x85, 0x2A, 0x85, 0x2C, 0xEA, 0xEA, 0xEA, 0xA9, 0x00, 0x85, 0x1B, 
   0x4C, 0x9B, 0xFA, 0x20, 0x4B, 0xF9, 0xA9, 0x00, 0x85, 0x1B, 0x4C, 0xB6, 0xFA, 0xA2, 0x1E, 0x88, 
   0xC0, 0x20, 0xB0, 0x2C, 0xB1, 0xCD, 0x85, 0x1B, 0xB9, 0x60, 0xFB, 0x85, 0x04, 0xB9, 0x8F, 0x00, 
   0x85, 0x06, 0x84, 0xDF, 0x8A, 0xA8, 0xB1, 0xD1, 0x85, 0x21, 0x85, 0x2A, 0x85, 0x05, 0xB1, 0xCF, 
   0x85, 0x1C, 0xB1, 0xD3, 0x25, 0x86, 0x85, 0x07, 0xA4, 0xDF, 0xCA, 0x10, 0xD2, 0x4C, 0x30, 0xFA, 
   0x20, 0x4B, 0xF9, 0xA9, 0x00, 0x8D, 0x1B, 0x00, 0xF0, 0xD8, 0x08, 0x10, 0x20, 0x30, 0x17, 0x46, 
   0x92, 0x00, 0x95, 0x20, 0x85, 0x02, 0x88, 0x10, 0xFD, 0x95, 0x10, 0x60, 0x60, 0x80, 0xA0, 0xC0, 
   0x00, 0x00, 0x00, 0x00, 0x00, 0x01, 0x01, 0x01, 0xF1, 0x11, 0x07, 0x07, 0x07, 0x07, 0x07, 0x07, 
   0x07, 0x07, 0x07, 0x07, 0x07, 0xF7, 0x11, 0x01, 0x01, 0x01, 0x01, 0x00, 0x00, 0x00, 0x00, 0x00, 
   0x00, 0x00, 0x00, 0x00, 0x00, 0x00, 0x00, 0x00, 0xF0, 0x10, 0x07, 0x07, 0x07, 0x07, 0x07, 0x07, 
   0x07, 0x07, 0x07, 0x07, 0x07, 0xF7, 0x10, 0x00, 0x00, 0x00, 0x00, 0x00, 0x00, 0x00, 0x00, 0x00, 
   0x00, 0x00, 0x00, 0x00, 0x00, 0x00, 0x00, 0x00, 0xF0, 0x90, 0x07, 0x07, 0x07, 0x07, 0x07, 0x07, 
   0x07, 0x07, 0x07, 0x07, 0x07, 0x77, 0x10, 0x00, 0x00, 0x00, 0x00, 0x00, 0x00, 0x00, 0x80, 0x00, 
   0x00, 0x00, 0x00, 0x00, 0x00, 0x00, 0x00, 0x00, 0xF0, 0x10, 0x05, 0x05, 0x05, 0x05, 0x05, 0x05, 
   0x05, 0x05, 0x05, 0x05, 0x05, 0xF5, 0x10, 0x00, 0x00, 0x00, 0x00, 0x00, 0x00, 0x00, 0x00, 0x00, 
   0x00, 0x00, 0x00, 0x00, 0x00, 0x00, 0x00, 0x00, 0x00, 0x00, 0x00, 0x00, 0x00, 0x00, 0x00, 0x00, 
   0x00, 0x00, 0x00, 0x00, 0x00, 0x00, 0x00, 0x00, 0x00, 0x00, 0x00, 0x00, 0x00, 0x00, 0x00, 0x00, 
   0x00, 0x1F, 0x16, 0x1F, 0x0D, 0x1F, 0x16, 0x1F, 0x04, 0x0F, 0xFC, 0xFC, 0xFE, 0xDE, 0xDE, 0xDE, 
   0xDE, 0xDE, 0xDE, 0xFE, 0xFC, 0xFC, 0x0F, 0x04, 0x1F, 0x16, 0x1F, 0x0D, 0x1F, 0x16, 0x1F, 0x00, 
   0x00, 0x1F, 0x16, 0x1F, 0x0D, 0x1F, 0x16, 0x1F, 0x04, 0x0F, 0xFC, 0xFC, 0xFC, 0xDC, 0xDC, 0xDC, 
   0xDC, 0xDC, 0xDC, 0xFC, 0xFC, 0xF8, 0x0F, 0x04, 0x1F, 0x16, 0x1F, 0x0D, 0x1F, 0x16, 0x1F, 0x00, 
   0x00, 0x1F, 0x16, 0x1F, 0x0D, 0x1F, 0x16, 0x1F, 0x04, 0x0F, 0xF0, 0xF0, 0xF0, 0xD0, 0xD0, 0xD0, 
   0xD0, 0xD0, 0xD0, 0xF0, 0xF0, 0xF0, 0x0F, 0x04, 0x1F, 0x16, 0x1F, 0x0D, 0x1F, 0x16, 0x1F, 0x00, 
   0x00, 0x1F, 0x16, 0x1F, 0x0D, 0x1F, 0x16, 0x1F, 0x04, 0x0F, 0xC0, 0xC0, 0xC0, 0xC0, 0xC0, 0xC0, 
   0xC0, 0xC0, 0xC0, 0xC0, 0xC0, 0xC0, 0x0F, 0x04, 0x1F, 0x16, 0x1F, 0x0D, 0x1F, 0x16, 0x1F, 0x00, 
   0x00, 0x00, 0x00, 0x00, 0x00, 0x1F, 0x16, 0x1F, 0x04, 0x0F, 0xF0, 0xF0, 0xF8, 0x78, 0x78, 0x78, 
   0x78, 0x78, 0x78, 0xF8, 0xF0, 0xF0, 0x0F, 0x04, 0x1F, 0x16, 0x1F, 0x00, 0x00, 0x00, 0x00, 0x00, 
   0x00, 0x00, 0x00, 0x00, 0x00, 0x1F, 0x16, 0x1F, 0x04, 0x0F, 0xF0, 0xF0, 0xFC, 0xFC, 0xFC, 0xFC, 
   0xFC, 0xFC, 0xFC, 0xFC, 0xF0, 0xF0, 0x0F, 0x04, 0x1F, 0x16, 0x1F, 0x00, 0x00, 0x00, 0x00, 0x00, 
   0x00, 0x00, 0x00, 0x00, 0x00, 0x00, 0x00, 0x00, 0x00, 0x00, 0x80, 0x80, 0xF8, 0xF8, 0xF8, 0xF8, 
   0xF8, 0xF8, 0xF8, 0xF8, 0x80, 0x80, 0x00, 0x00, 0x00, 0x00, 0x00, 0x00, 0x00, 0x00, 0x00, 0x00, 
   0x00, 0x00, 0x00, 0x00, 0x00, 0x00, 0x00, 0x00, 0x40, 0x99, 0x3C, 0x7E, 0xEA, 0x9D, 0xFF, 0x77, 
   0xAE, 0x7C, 0x70, 0x01, 0x88, 0x00, 0x00, 0x00, 0x00, 0x00, 0x00, 0x00, 0x00, 0x00, 0x00, 0x00, 
   0x00, 0x1F, 0x1B, 0x1F, 0x16, 0x1F, 0x1B, 0x1F, 0x04, 0x0F, 0xFC, 0xFC, 0xFE, 0xDE, 0xDE, 0xDE, 
   0xDE, 0xDE, 0xDE, 0xFE, 0xFC, 0xFC, 0x0F, 0x04, 0x1F, 0x1B, 0x1F, 0x16, 0x1F, 0x1B, 0x1F, 0x00, 
   0x00, 0x1F, 0x1B, 0x1F, 0x16, 0x1F, 0x1B, 0x1F, 0x04, 0x0F, 0xFC, 0xFC, 0xFC, 0xDC, 0xDC, 0xDC, 
   0xDC, 0xDC, 0xDC, 0xFC, 0xFC, 0xF8, 0x0F, 0x04, 0x1F, 0x1B, 0x1F, 0x16, 0x1F, 0x1B, 0x1F, 0x00, 
   0x00, 0x1F, 0x1B, 0x1F, 0x16, 0x1F, 0x1B, 0x1F, 0x04, 0x0F, 0xF0, 0xF0, 0xF0, 0xD0, 0xD0, 0xD0, 
   0xD0, 0xD0, 0xD0, 0xF0, 0xF0, 0xF0, 0x0F, 0x04, 0x1F, 0x1B, 0x1F, 0x16, 0x1F, 0x1B, 0x1F, 0x00, 
   0x00, 0x1F, 0x1B, 0x1F, 0x16, 0x1F, 0x1B, 0x1F, 0x04, 0x0F, 0xC0, 0xC0, 0xC0, 0xC0, 0xC0, 0xC0, 
   0xC0, 0xC0, 0xC0, 0xC0, 0xC0, 0xC0, 0x0F, 0x04, 0x1F, 0x1B, 0x1F, 0x16, 0x1F, 0x1B, 0x1F, 0x00, 
   0x00, 0x00, 0x00, 0x00, 0x00, 0x1F, 0x1B, 0x1F, 0x04, 0x0F, 0xF0, 0xF0, 0xF8, 0x78, 0x78, 0x78, 
   0x78, 0x78, 0x78, 0xF8, 0xF0, 0xF0, 0x0F, 0x04, 0x1F, 0x1B, 0x1F, 0x00, 0x00, 0x00, 0x00, 0x00, 
   0x00, 0x00, 0x00, 0x00, 0x00, 0x1F, 0x1B, 0x1F, 0x04, 0x0F, 0xF0, 0xF0, 0xFC, 0xFC, 0xFC, 0xFC, 
   0xFC, 0xFC, 0xFC, 0xFC, 0xF0, 0xF0, 0x0F, 0x04, 0x1F, 0x1B, 0x1F, 0x00, 0x00, 0x00, 0x00, 0x00, 
   0x00, 0x00, 0x00, 0x00, 0x00, 0x00, 0x00, 0x00, 0x00, 0x00, 0x80, 0x80, 0xF8, 0xF8, 0xF8, 0xF8, 
   0xF8, 0xF8, 0xF8, 0xF8, 0x80, 0x80, 0x00, 0x00, 0x00, 0x00, 0x00, 0x00, 0x00, 0x00, 0x00, 0x00, 
   0x00, 0x00, 0x00, 0x00, 0x00, 0x00, 0x00, 0x00, 0x40, 0x99, 0x3C, 0x7E, 0xEA, 0x9D, 0xFF, 0x77, 
   0xAE, 0x7C, 0x70, 0x01, 0x88, 0x00, 0x00, 0x00, 0x00, 0x00, 0x00, 0x00, 0x00, 0x00, 0x00, 0x00, 
   0x00, 0x1F, 0x0D, 0x1F, 0x1B, 0x1F, 0x0D, 0x1F, 0x04, 0x0F, 0xFC, 0xFC, 0xFE, 0xDE, 0xDE, 0xDE, 
   0xDE, 0xDE, 0xDE, 0xFE, 0xFC, 0xFC, 0x0F, 0x04, 0x1F, 0x0D, 0x1F, 0x1B, 0x1F, 0x0D, 0x1F, 0x00, 
   0x00, 0x1F, 0x0D, 0x1F, 0x1B, 0x1F, 0x0D, 0x1F, 0x04, 0x0F, 0xFC, 0xFC, 0xFC, 0xDC, 0xDC, 0xDC, 
   0xDC, 0xDC, 0xDC, 0xFC, 0xFC, 0xF8, 0x0F, 0x04, 0x1F, 0x0D, 0x1F, 0x1B, 0x1F, 0x0D, 0x1F, 0x00, 
   0x00, 0x1F, 0x0D, 0x1F, 0x1B, 0x1F, 0x0D, 0x1F, 0x04, 0x0F, 0xF0, 0xF0, 0xF0, 0xD0, 0xD0, 0xD0, 
   0xD0, 0xD0, 0xD0, 0xF0, 0xF0, 0xF0, 0x0F, 0x04, 0x1F, 0x0D, 0x1F, 0x1B, 0x1F, 0x0D, 0x1F, 0x00, 
   0x00, 0x1F, 0x0D, 0x1F, 0x1B, 0x1F, 0x0D, 0x1F, 0x04, 0x0F, 0xC0, 0xC0, 0xC0, 0xC0, 0xC0, 0xC0, 
   0xC0, 0xC0, 0xC0, 0xC0, 0xC0, 0xC0, 0x0F, 0x04, 0x1F, 0x0D, 0x1F, 0x1B, 0x1F, 0x0D, 0x1F, 0x00, 
   0x00, 0x00, 0x00, 0x00, 0x00, 0x1F, 0x0D, 0x1F, 0x04, 0x0F, 0xF0, 0xF0, 0xF8, 0x78, 0x78, 0x78, 
   0x78, 0x78, 0x78, 0xF8, 0xF0, 0xF0, 0x0F, 0x04, 0x1F, 0x0D, 0x1F, 0x00, 0x00, 0x00, 0x00, 0x00, 
   0x00, 0x00, 0x00, 0x00, 0x00, 0x1F, 0x0D, 0x1F, 0x04, 0x0F, 0xF0, 0xF0, 0xFC, 0xFC, 0xFC, 0xFC, 
   0xFC, 0xFC, 0xFC, 0xFC, 0xF0, 0xF0, 0x0F, 0x04, 0x1F, 0x0D, 0x1F, 0x00, 0x00, 0x00, 0x00, 0x00, 
   0x00, 0x00, 0x00, 0x00, 0x00, 0x00, 0x00, 0x00, 0x00, 0x00, 0x80, 0x80, 0xF8, 0xF8, 0xF8, 0xF8, 
   0xF8, 0xF8, 0xF8, 0xF8, 0x80, 0x80, 0x00, 0x00, 0x00, 0x00, 0x00, 0x00, 0x00, 0x00, 0x00, 0x00, 
   0x00, 0x00, 0x00, 0x00, 0x00, 0x00, 0x00, 0x00, 0x40, 0x99, 0x3C, 0x7E, 0xEA, 0x9D, 0xFF, 0x77, 
   0xAE, 0x7C, 0x70, 0x01, 0x88, 0x00, 0x00, 0x00, 0x00, 0x00, 0x00, 0x00, 0x00, 0x00, 0x00, 0x00, 
   0x79, 0xCD, 0xCD, 0xCC, 0xCC, 0xCD, 0xCD, 0x79, 0x79, 0x31, 0x31, 0x30, 0x30, 0x31, 0x71, 0x31, 
   0xFD, 0xC1, 0xC1, 0x78, 0x0C, 0x0D, 0x8D, 0x79, 0x79, 0x8D, 0x0D, 0x18, 0x18, 0x0D, 0x8D, 0x79, 
   0x19, 0x19, 0x19, 0xFC, 0x98, 0x59, 0x39, 0x19, 0xF9, 0x8D, 0x0D, 0x0C, 0xF8, 0xC1, 0xC1, 0xFD, 
   0x79, 0xCD, 0xCD, 0xCC, 0xF8, 0xC1, 0xC5, 0x79, 0x31, 0x31, 0x31, 0x30, 0x18, 0x0D, 0x85, 0xFD, 
   0x79, 0xCD, 0xCD, 0x78, 0x78, 0xCD, 0xCD, 0x79, 0x79, 0x8D, 0x0D, 0x7C, 0xCC, 0xCD, 0xCD, 0x79, 
   0x00, 0x00, 0x00, 0x00, 0x00, 0x00, 0x00, 0x00, 0x54, 0x54, 0xB4, 0x28, 0x06, 0x00, 0x68, 0x56, 
   0x00, 0x00, 0x00, 0x00, 0x00, 0x08, 0x14, 0x2A, 0x55, 0xAA, 0x54, 0x28, 0x10, 0x08, 0x05, 0x02, 
   0x05, 0x08, 0x10, 0x28, 0x54, 0xAA, 0x55, 0x2A, 0x14, 0x08, 0x00, 0x00, 0x00, 0x00, 0x00, 0x00, 
   0x00, 0xFC, 0x00, 0xFC, 0x60, 0xFB, 0x60, 0xF9, 0x00, 0xFF, 0x00, 0xFF, 0x00, 0xFF, 0x00, 0xFF, 
   0x00, 0xFF, 0x00, 0x01, 0x01, 0x01, 0x01, 0x02, 0x02, 0x02, 0x02, 0x03, 0x03, 0x04, 0x04, 0x04, 
   0x04, 0x05, 0x05, 0x05, 0x05, 0x05, 0x04, 0x00, 0x00, 0x00, 0x00, 0xE0, 0x60, 0x60, 0x60, 0x60, 
   0xC0, 0x80, 0x40, 0x00, 0xC0, 0x30, 0x0C, 0x03, 0xFF, 0xFF, 0xFF, 0xFF, 0xFE, 0xFE, 0xFE, 0xFE, 
   0xC0, 0xA0, 0x80, 0x00, 0xAD, 0xA9, 0xE9, 0xA9, 0xED, 0x41, 0x0F, 0x00, 0x50, 0x58, 0x5C, 0x56, 
   0x53, 0x11, 0xF0, 0x00, 0xBA, 0x8A, 0xBA, 0xA2, 0x3A, 0x80, 0xFE, 0x00, 0xE9, 0xAB, 0xAF, 0xAD, 
   0xE9, 0x00, 0x00, 0x00, 0x00, 0x38, 0x7E, 0x6F, 0xDF, 0xDA, 0xED, 0x7B, 0x7B, 0x37, 0x3E, 0x18, 
   0x00, 0x00, 0x00, 0x00, 0x00, 0x00, 0x00, 0xEA, 0x02, 0x00, 0x00, 0x00, 0x00, 0xF0, 0x32, 0x60, 
   0x2C, 0xF8, 0xFF, 0xEA, 0xA9, 0x00, 0x95, 0x00, 0x9A, 0xE8, 0xD0, 0xFA, 0x20, 0x47, 0xFD, 0xA5, 
   0x82, 0xD0, 0x08, 0xA2, 0x01, 0x86, 0x82, 0xCA, 0x4C, 0x4F, 0xF6, 0xA2, 0x07, 0xBD, 0xAD, 0xF0, 
   0x45, 0x85, 0x25, 0x86, 0x95, 0x87, 0xE0, 0x01, 0xB0, 0x02, 0x95, 0x09, 0xCA, 0x10, 0xEE, 0xA9, 
   0x21, 0xA2, 0x00, 0x20, 0xBD, 0xFD, 0xA9, 0x28, 0xE8, 0x86, 0x0A, 0x20, 0xBD, 0xFD, 0xA5, 0xDD, 
   0xE8, 0x20, 0xBD, 0xFD, 0xA5, 0xDD, 0x18, 0x69, 0x40, 0xC9, 0xA0, 0x90, 0x02, 0xE9, 0xA0, 0xE8, 
   0x20, 0x96, 0xFD, 0x85, 0x02, 0x85, 0x2B, 0xA2, 0x03, 0xB5, 0xE8, 0x20, 0x9E, 0xFD, 0x85, 0xF5, 
   0xB5, 0xE0, 0x29, 0x0F, 0x05, 0xF5, 0x95, 0xE0, 0x95, 0xE0, 0x88, 0x88, 0x88, 0x88, 0x94, 0xE4, 
   0xCA, 0x10, 0xE6, 0xA5, 0x8B, 0x85, 0x09, 0xAC, 0x84, 0x02, 0xD0, 0xFB, 0x85, 0x02, 0x85, 0x2A, 
   0x84, 0x01, 0x84, 0x04, 0x84, 0x05, 0xA9, 0x02, 0x45, 0x85, 0x25, 0x86, 0x85, 0x06, 0x85, 0x07, 
   0xA2, 0x01, 0x85, 0x02, 0x85, 0x2A, 0xCA, 0x10, 0xF9, 0xA0, 0x07, 0x85, 0x02, 0x85, 0x2A, 0xB1, 
   0x92, 0x85, 0x1B, 0xB1, 0x94, 0x85, 0x1C, 0x88, 0x10, 0xF1, 0x4C, 0xF1, 0xF0, 0x56, 0x00, 0x50, 
   0x2A, 0xD8, 0x0E, 0x24, 0x22, 0x62, 0x62, 0x62, 0x62, 0x62, 0x62, 0x62, 0x62, 0x62, 0x62, 0x62, 
   0x62, 0x62, 0x62, 0x62, 0x62, 0x62, 0x62, 0x62, 0x62, 0x62, 0x62, 0x62, 0x62, 0x50, 0x06, 0x06, 
   0x06, 0x06, 0x06, 0x06, 0x06, 0x04, 0x04, 0x04, 0x04, 0x04, 0x04, 0x04, 0x02, 0x02, 0x02, 0x02, 
   0x02, 0x02, 0x02, 0x50, 0x56, 0xFF, 0xFF, 0xEE, 0x88, 0x00, 0x00, 0x00, 0x00, 0x10, 0x15, 0x15, 
   0x25, 0x85, 0x02, 0x85, 0x2A, 0xC8, 0x84, 0x1B, 0x84, 0x1C, 0xC8, 0x84, 0x05, 0xA0, 0x03, 0x84, 
   0x04, 0xEA, 0x85, 0xF9, 0x85, 0x10, 0x85, 0x11, 0xA2, 0x01, 0x85, 0x02, 0x85, 0x2A, 0xA0, 0x00, 
   0x85, 0xF9, 0xC6, 0xF5, 0xA9, 0x07, 0x85, 0xF5, 0xA5, 0xBB, 0xC9, 0x50, 0xCA, 0x85, 0x2B, 0x10, 
   0xE9, 0x90, 0x05, 0x84, 0x04, 0x84, 0x05, 0xCA, 0x86, 0xF7, 0xA4, 0xF5, 0xB1, 0xB9, 0x19, 0xD7, 
   0xFD, 0x25, 0xF7, 0x85, 0x1B, 0xB1, 0xBB, 0x85, 0x1C, 0x85, 0x02, 0x85, 0x2A, 0xB1, 0xC1, 0x85, 
   0xF6, 0xB1, 0xBF, 0xAA, 0xB1, 0xBD, 0x19, 0xDC, 0xFD, 0xA4, 0xF6, 0x85, 0x1B, 0x86, 0x1C, 0x84, 
   0x1B, 0xC6, 0xF5, 0x10, 0xD5, 0x85, 0x02, 0x85, 0x2A, 0xA9, 0x00, 0x85, 0x1B, 0x85, 0x1C, 0x4C, 
   0x70, 0xF1, 0x24, 0x24, 0x0E, 0x24, 0x24, 0x0E, 0x24, 0x24, 0x24, 0x24, 0x24, 0x24, 0x24, 0x24, 
   0xA2, 0x0C, 0xBD, 0x93, 0xFF, 0x45, 0x85, 0x25, 0x86, 0xE0, 0x08, 0xB0, 0x1C, 0x85, 0x02, 0x85, 
   0x2A, 0x85, 0x09, 0xA5, 0x8E, 0x85, 0x08, 0xBD, 0xE5, 0xF0, 0x85, 0x0D, 0xBD, 0xE4, 0xFD, 0x85, 
   0x0E, 0xBD, 0xEC, 0xFD, 0x85, 0x0F, 0x4C, 0x9F, 0xF1, 0x85, 0x02, 0x85, 0x2A, 0x85, 0x09, 0xCA, 
   0x10, 0xD0, 0xA2, 0x00, 0xA4, 0x87, 0xA5, 0x8A, 0x85, 0x02, 0x85, 0x2A, 0x85, 0x08, 0x84, 0x09, 
   0x86, 0x0D, 0x86, 0x0E, 0x86, 0x0F, 0x86, 0x05, 0x86, 0x0A, 0xA5, 0x89, 0x85, 0x11, 0x85, 0x07, 
   0xA9, 0xF0, 0x85, 0x21, 0x85, 0x02, 0x85, 0x2A, 0x20, 0xBC, 0xFD, 0x20, 0xBC, 0xFD, 0x85, 0x2B, 
   0xA2, 0x04, 0x86, 0xDB, 0xA4, 0x8F, 0x85, 0x02, 0x85, 0x2A, 0xC0, 0x15, 0xB0, 0x29, 0xB1, 0x9A, 
   0x85, 0x1C, 0xB9, 0x45, 0xFF, 0x85, 0x0E, 0xCA, 0x86, 0xDB, 0xB5, 0xE0, 0x85, 0x04, 0x85, 0xEC, 
   0xA9, 0x00, 0x85, 0x0E, 0x88, 0xC0, 0x15, 0xB0, 0x19, 0xB1, 0x9A, 0x85, 0x1C, 0xB9, 0x45, 0xFF, 
   0x84, 0xF5, 0x85, 0x0E, 0x4C, 0x1B, 0xF2, 0xA9, 0x00, 0x85, 0x0E, 0x85, 0x1C, 0x85, 0xF9, 0x4C, 
   0xE7, 0xF1, 0xA9, 0x00, 0x85, 0x0E, 0x85, 0x1C, 0x4C, 0x00, 0xF2, 0x85, 0x02, 0x85, 0x2A, 0xB5, 
   0xE4, 0xAA, 0x30, 0x21, 0xE0, 0x05, 0xB0, 0x49, 0xE0, 0x02, 0xB0, 0x29, 0xCA, 0x10, 0xFD, 0xEA, 
   0x85, 0x10, 0x20, 0xBC, 0xFD, 0xA9, 0x00, 0x85, 0x0E, 0x88, 0xC0, 0x15, 0xB0, 0x04, 0xB1, 0x9A, 
   0x85, 0x1C, 0x4C, 0x91, 0xF2, 0x85, 0xF9, 0x85, 0xF9, 0x85, 0xF9, 0x8D, 0x10, 0x00, 0xA9, 0x60, 
   0x85, 0x20, 0x4C, 0x32, 0xF2, 0x85, 0xF9, 0xCA, 0xCA, 0x85, 0xF9, 0xCA, 0x10, 0xFD, 0x8D, 0x10, 
   0x00, 0xA9, 0x00, 0x85, 0x0E, 0x88, 0xC0, 0x15, 0xB0, 0x04, 0xB1, 0x9A, 0x85, 0x1C, 0x4C, 0x91, 
   0xF2, 0xE9, 0x05, 0xAA, 0x88, 0xC0, 0x15, 0x90, 0x07, 0x85, 0xF9, 0xC6, 0xF5, 0x4C, 0x85, 0xF2, 
   0xB1, 0x9A, 0xEA, 0x85, 0x1C, 0xA9, 0x00, 0x85, 0x0E, 0x85, 0xF9, 0xCA, 0x10, 0xFD, 0x8D, 0x10, 
   0x00, 0x85, 0x02, 0x85, 0x2A, 0xC0, 0x15, 0x90, 0x06, 0xEA, 0x85, 0xF9, 0x4C, 0xA4, 0xF2, 0xB9, 
   0x45, 0xFF, 0x85, 0x0E, 0xA6, 0xDB, 0xF0, 0x60, 0xAD, 0xF1, 0x00, 0x85, 0x9C, 0xA5, 0xEC, 0x85, 
   0x20, 0xA5, 0x8C, 0x8D, 0x06, 0x00, 0xA2, 0x0C, 0xA5, 0xDE, 0x85, 0x0E, 0x88, 0xC0, 0x15, 0xB0, 
   0x3A, 0xB1, 0x9A, 0x85, 0x1C, 0xB9, 0x45, 0xFF, 0x85, 0x0E, 0x84, 0xF5, 0x8A, 0xA8, 0x85, 0x2A, 
   0xA6, 0xDB, 0xB5, 0xED, 0x85, 0x9C, 0xB1, 0x9C, 0x85, 0x1B, 0x98, 0xAA, 0xA4, 0xF5, 0xA5, 0x07, 
   0x85, 0xF9, 0x85, 0x2B, 0xCA, 0x10, 0xD1, 0xA2, 0x00, 0x86, 0xEC, 0x86, 0x0E, 0xA6, 0xDB, 0x88, 
   0x05, 0x02, 0x15, 0xB1, 0x95, 0xB1, 0x85, 0x2C, 0x4C, 0xD6, 0xF1, 0x85, 0x1C, 0x84, 0xF5, 0x8A, 
   0xA8, 0xEA, 0xEA, 0xEA, 0xEA, 0x4C, 0xCE, 0xF2, 0xA5, 0xEC, 0x85, 0x20, 0x85, 0xF9, 0x85, 0xF9, 
   0xA2, 0x47, 0x88, 0xC0, 0x15, 0xB0, 0x13, 0xA9, 0x00, 0x85, 0x0E, 0xB1, 0x9A, 0x85, 0x1C, 0xB9, 
   0x45, 0xFF, 0xEA, 0xEA, 0xEA, 0x85, 0x0E, 0x4C, 0x30, 0xF3, 0xA9, 0x00, 0x85, 0x0E, 0x85, 0x1C, 
   0x85, 0x02, 0x85, 0x2A, 0x20, 0xBA, 0xFD, 0x20, 0xBC, 0xFD, 0x85, 0x2B, 0xA9, 0x00, 0x85, 0x0E, 
   0xE6, 0xF5, 0xC6, 0xF5, 0x88, 0xC0, 0x15, 0xB0, 0x0C, 0xB1, 0x9A, 0x85, 0x1C, 0xB9, 0x45, 0xFF, 
   0x85, 0x0E, 0x4C, 0x5E, 0xF3, 0xA9, 0x00, 0x85, 0x1C, 0x85, 0x0E, 0x4C, 0x5E, 0xF3, 0x85, 0x02, 
   0x85, 0x2A, 0xA5, 0xF3, 0xD0, 0x46, 0x20, 0xBC, 0xFD, 0xA5, 0x89, 0x85, 0x06, 0xEA, 0xEA, 0xEA, 
   0xEA, 0x88, 0xA9, 0x00, 0x85, 0x0E, 0xC0, 0x15, 0x90, 0x07, 0x84, 0xF5, 0x8A, 0xA8, 0x4C, 0x90, 
   0xF3, 0xB1, 0x9A, 0x85, 0x1C, 0xB9, 0x45, 0xFF, 0x84, 0xF5, 0x86, 0xF6, 0xA4, 0xF6, 0x85, 0x0E, 
   0x85, 0x02, 0x85, 0x2A, 0xE0, 0x39, 0xB0, 0x06, 0xB9, 0x5A, 0xFF, 0x4C, 0xA0, 0xF3, 0xB1, 0xA6, 
   0x25, 0xF4, 0x85, 0x1B, 0xA4, 0xF5, 0xCA, 0x10, 0xC8, 0x4C, 0x83, 0xF4, 0x20, 0xB9, 0xFD, 0xEA, 
   0xEA, 0x85, 0xF9, 0x88, 0xA9, 0x00, 0x85, 0x0E, 0xC0, 0x15, 0x90, 0x09, 0x85, 0x1C, 0x84, 0xF5, 
   0x8A, 0xA8, 0x4C, 0xD4, 0xF3, 0xB1, 0x9A, 0x85, 0x1C, 0xB9, 0x45, 0xFF, 0x84, 0xF5, 0x86, 0xF6, 
   0xA4, 0xF6, 0x85, 0x0E, 0x85, 0x02, 0x85, 0x2A, 0xA5, 0x8C, 0x85, 0x06, 0xB9, 0x01, 0xFF, 0x25, 
   0xF4, 0x85, 0x1B, 0xA4, 0xF5, 0xEA, 0xEA, 0xEA, 0xE0, 0x30, 0xF0, 0x1E, 0xCA, 0x10, 0xC4, 0xEA, 
   0xEA, 0xEA, 0xEA, 0xEA, 0xEA, 0xEA, 0xEA, 0xEA, 0xEA, 0xEA, 0xEA, 0xEA, 0xEA, 0xEA, 0xEA, 0xEA, 
   0xEA, 0xEA, 0xEA, 0x85, 0x1C, 0x84, 0xF5, 0x4C, 0x20, 0xF4, 0xCA, 0x88, 0xA9, 0x00, 0x85, 0x0E, 
   0xC0, 0x15, 0xB0, 0xEF, 0xB1, 0x9A, 0x85, 0x1C, 0xB9, 0x45, 0xFF, 0x84, 0xF5, 0xEA, 0x85, 0x0E, 
   0x8A, 0xA8, 0xA9, 0x07, 0x85, 0x02, 0x85, 0x2A, 0x85, 0x04, 0xB9, 0xB5, 0xF0, 0x45, 0x85, 0x25, 
   0x86, 0x85, 0x06, 0xA5, 0xA2, 0x85, 0x1B, 0xA4, 0xF5, 0xCA, 0xE0, 0x18, 0xB0, 0xCD, 0xA9, 0xE0, 
   0x85, 0x20, 0x88, 0xA9, 0x00, 0x85, 0x0E, 0xC0, 0x15, 0xB0, 0x2D, 0xB1, 0x9A, 0x85, 0x1C, 0xB9, 
   0x45, 0xFF, 0x84, 0xF5, 0x85, 0x0E, 0x8A, 0xA8, 0xA9, 0x07, 0xEA, 0x85, 0x2A, 0x85, 0x04, 0xB9, 
   0xB5, 0xF0, 0x45, 0x85, 0x25, 0x86, 0x85, 0x06, 0xA5, 0xA3, 0x85, 0x1B, 0xA4, 0xF5, 0x85, 0x2B, 
   0x85, 0xF9, 0xCA, 0x10, 0xCD, 0x4C, 0x83, 0xF4, 0x85, 0x1C, 0x84, 0xF5, 0xEA, 0xEA, 0xEA, 0xEA, 
   0x4C, 0x56, 0xF4, 0xA5, 0x07, 0x05, 0x02, 0x05, 0xB1, 0x85, 0xB1, 0x85, 0x2C, 0x85, 0x02, 0x85, 
   0x2A, 0xA9, 0x00, 0x85, 0x1C, 0x85, 0x1B, 0xA5, 0x89, 0x85, 0x09, 0xA5, 0x8C, 0x85, 0x06, 0x85, 
   0x07, 0xA9, 0x06, 0x85, 0x04, 0x85, 0x05, 0xA0, 0x0C, 0xC0, 0x07, 0xA2, 0x00, 0xB0, 0x02, 0xA2, 
   0x02, 0x85, 0x02, 0x85, 0x2A, 0x86, 0x1D, 0x86, 0x1E, 0xB9, 0x62, 0xF1, 0x45, 0x85, 0x25, 0x86, 
   0x85, 0x09, 0x88, 0x10, 0xE4, 0xA0, 0x02, 0xA9, 0x00, 0xA6, 0x8D, 0x85, 0x02, 0x85, 0x2A, 0x85, 
   0x1D, 0x85, 0x1E, 0x86, 0x09, 0x88, 0x10, 0xEF, 0x85, 0x02, 0x85, 0x2A, 0xA5, 0x88, 0x85, 0x09, 
   0x85, 0x02, 0x85, 0x2A, 0x85, 0xF9, 0xA2, 0x00, 0x86, 0x2B, 0x86, 0x0B, 0x86, 0x0C, 0xE8, 0x86, 
   0x04, 0x85, 0xF9, 0x85, 0x10, 0x85, 0x11, 0xE8, 0xE8, 0x86, 0x05, 0xA9, 0x10, 0x85, 0x21, 0xA0, 
   0x07, 0xB1, 0x96, 0x85, 0xF5, 0x85, 0x02, 0x85, 0x2A, 0xB9, 0x58, 0xFE, 0x85, 0x1B, 0xB9, 0x60, 
   0xFE, 0x85, 0x1C, 0xEA, 0xB9, 0x70, 0xFE, 0xAA, 0xB9, 0x68, 0xFE, 0x85, 0x1B, 0x86, 0x1C, 0xA5, 
   0xF5, 0x85, 0x1C, 0x85, 0x2B, 0x88, 0x10, 0xD9, 0xC8, 0x84, 0x1B, 0x84, 0x1C, 0xA9, 0x36, 0xA2, 
   0x82, 0x85, 0x02, 0x8D, 0x96, 0x02, 0x86, 0x01, 0xA9, 0xFE, 0x85, 0x93, 0x85, 0x95, 0x85, 0x97, 
   0xA5, 0xD3, 0x29, 0xF0, 0x4A, 0xD0, 0x02, 0xA9, 0x50, 0x85, 0x92, 0xA6, 0x80, 0xE8, 0x8A, 0x0A, 
   0x0A, 0x0A, 0x85, 0x96, 0xA5, 0xD3, 0x29, 0x0F, 0x0A, 0x0A, 0x0A, 0x85, 0x94, 0xA0, 0x08, 0xA2, 
   0x02, 0xB5, 0xB5, 0x29, 0x0F, 0x0A, 0x0A, 0x0A, 0x99, 0xB9, 0x00, 0xCA, 0x30, 0x0E, 0x88, 0x88, 
   0xB5, 0xB6, 0x29, 0xF0, 0x4A, 0x99, 0xB9, 0x00, 0x88, 0x88, 0x10, 0xE5, 0xD8, 0xA5, 0xD1, 0xD0, 
   0x04, 0xA5, 0xA8, 0x30, 0x00, 0xA5, 0x81, 0x29, 0x07, 0xD0, 0x0E, 0xA6, 0xDC, 0xE8, 0x8A, 0x29, 
   0x07, 0x85, 0xDC, 0xA8, 0xB9, 0xBA, 0xFE, 0x85, 0xF1, 0xA0, 0x00, 0xA5, 0x81, 0x29, 0x01, 0xD0, 
   0x02, 0xA0, 0x20, 0x84, 0xF2, 0xA2, 0x05, 0xA0, 0x00, 0xA5, 0xA8, 0xC9, 0x20, 0xB0, 0x06, 0xA5, 
   0xD1, 0xD0, 0x02, 0xB4, 0xC9, 0x94, 0x15, 0xCA, 0x10, 0xED, 0xA5, 0xAB, 0xD0, 0x0E, 0xA5, 0xD6, 
   0xC9, 0x0A, 0xB0, 0x08, 0xA5, 0x8F, 0xC9, 0x7D, 0xB0, 0x02, 0xE6, 0x8F, 0xAD, 0x84, 0x02, 0xD0, 
   0xFB, 0xA0, 0x82, 0x84, 0x02, 0x84, 0x00, 0x84, 0x02, 0x84, 0x02, 0x84, 0x02, 0x85, 0x00, 0xE6, 
   0x81, 0xD0, 0x07, 0xE6, 0xA8, 0xD0, 0x03, 0x38, 0x66, 0xA8, 0xA0, 0xFF, 0xAD, 0x82, 0x02, 0x29, 
   0x08, 0xD0, 0x02, 0xA0, 0x0F, 0x98, 0xA0, 0x00, 0x24, 0xA8, 0x10, 0x04, 0x29, 0xF7, 0xA4, 0xA8, 
   0x84, 0x85, 0x06, 0x85, 0x85, 0x86, 0xA9, 0x57, 0x85, 0x02, 0x8D, 0x96, 0x02, 0xAD, 0x80, 0x02, 
   0xA8, 0xA6, 0xAC, 0xF0, 0x02, 0xA0, 0x0F, 0x98, 0x4A, 0x4A, 0x4A, 0x4A, 0x85, 0x84, 0xC8, 0xF0, 
   0x07, 0xA9, 0x00, 0x85, 0xA8, 0x4C, 0x2C, 0xF6, 0x24, 0x0C, 0x10, 0xF5, 0xAD, 0x82, 0x02, 0x4A, 
   0xB0, 0x05, 0xA2, 0xA8, 0x4C, 0x04, 0xF0, 0xA0, 0x00, 0x4A, 0xB0, 0x2F, 0xA5, 0x83, 0xF0, 0x04, 
   0xC6, 0x83, 0x10, 0x29, 0xE6, 0x80, 0xA5, 0x80, 0xC9, 0x03, 0xD0, 0x03, 0x20, 0xCA, 0xFD, 0xA5, 
   0x80, 0x29, 0x03, 0x85, 0x80, 0x85, 0xA8, 0xA9, 0xAA, 0x85, 0xD3, 0x85, 0xB5, 0x85, 0xB6, 0x85, 
   0xB7, 0x85, 0xB8, 0xA9, 0x50, 0x85, 0xBB, 0xA0, 0x1E, 0x84, 0xD1, 0x84, 0x83, 0xA5, 0xA8, 0x30, 
   0x04, 0xA5, 0xD1, 0xF0, 0x03, 0x4C, 0x1B, 0xF0, 0xA5, 0xCF, 0xD0, 0x0D, 0x24, 0x0C, 0x10, 0x03, 
   0x4C, 0x1B, 0xF0, 0xA9, 0x01, 0x85, 0xCF, 0x85, 0x81, 0x24, 0xB0, 0x10, 0x3C, 0xA5, 0xEB, 0x05, 
   0xE9, 0x05, 0xEA, 0xD0, 0x0C, 0xA5, 0x8F, 0xC9, 0x7D, 0xD0, 0x06, 0xA9, 0xC2, 0x85, 0x9A, 0xE6, 
   0xD1, 0xA5, 0x81, 0xA6, 0xD6, 0xF0, 0x13, 0xE0, 0x1A, 0xB0, 0x09, 0x29, 0x03, 0xD0, 0x0B, 0xC6, 
   0xD6, 0x4C, 0xBA, 0xF6, 0x29, 0x01, 0xD0, 0x02, 0xC6, 0xD6, 0xA5, 0x81, 0x29, 0x03, 0xD0, 0x06, 
   0xA5, 0xD4, 0xF0, 0x02, 0xC6, 0xD4, 0x4C, 0x56, 0xF7, 0xA5, 0xB5, 0xC9, 0x05, 0xD0, 0x05, 0xE6, 
   0xD1, 0x4C, 0x56, 0xF7, 0x18, 0xA5, 0xB8, 0x69, 0xAB, 0x85, 0xB8, 0xA9, 0x01, 0xF8, 0x65, 0xB7, 
   0x85, 0xB7, 0xA5, 0xB6, 0x69, 0x00, 0x85, 0xB6, 0xD8, 0xC9, 0x60, 0x90, 0x06, 0xA9, 0x00, 0x85, 
   0xB6, 0xE6, 0xB5, 0xA5, 0x81, 0x29, 0x01, 0xD0, 0x31, 0x24, 0x0C, 0x30, 0x16, 0xA6, 0xD6, 0xE8, 
   0xE0, 0x25, 0x90, 0x02, 0xA2, 0x25, 0x86, 0xD6, 0xA5, 0x81, 0x29, 0x07, 0xD0, 0x02, 0xE6, 0xD4, 
   0x4C, 0x2A, 0xF7, 0xA5, 0x81, 0x29, 0x07, 0xD0, 0x02, 0xC6, 0xD4, 0xA6, 0xD6, 0xE0, 0x18, 0xB0, 
   0x05, 0xE6, 0xD6, 0x4C, 0x2A, 0xF7, 0xF0, 0x02, 0xC6, 0xD6, 0xA5, 0xD4, 0x10, 0x02, 0xA9, 0x00, 
   0xC9, 0x08, 0x90, 0x02, 0xA9, 0x07, 0x85, 0xD4, 0xA2, 0x00, 0xA5, 0x81, 0x29, 0x01, 0xD0, 0x16, 
   0xA5, 0x84, 0x49, 0x0F, 0x29, 0x03, 0xF0, 0x0C, 0xA5, 0xD5, 0x18, 0x69, 0x05, 0xC9, 0x17, 0x90, 
   0x02, 0xA9, 0x17, 0xAA, 0x86, 0xD5, 0xEA, 0xA5, 0xD0, 0xA2, 0x03, 0x85, 0xF5, 0x29, 0x01, 0xF0, 
   0x7D, 0xB5, 0xE8, 0xD0, 0x02, 0xA9, 0xA0, 0xA4, 0xD8, 0x88, 0x84, 0xF6, 0x38, 0xE5, 0xF6, 0x85, 
   0xF7, 0xF0, 0x29, 0xC9, 0xA1, 0xB0, 0x25, 0xB5, 0xE0, 0x29, 0xF0, 0x95, 0xE0, 0xB4, 0xC5, 0xA5, 
   0xF7, 0xD9, 0x06, 0xFD, 0xB0, 0x56, 0xB5, 0xE0, 0x15, 0xC5, 0x95, 0xE0, 0xA5, 0xF7, 0x4C, 0xDC, 
   0xF7, 0xB5, 0xE0, 0x15, 0xC5, 0x95, 0xE0, 0xA5, 0xF7, 0x4C, 0xDC, 0xF7, 0xB5, 0xE0, 0x29, 0x0F, 
   0xC9, 0x00, 0xF0, 0x13, 0xA8, 0xB9, 0x01, 0xFD, 0x95, 0xE8, 0xB5, 0xE0, 0x29, 0xF0, 0x95, 0xE0, 
   0xA9, 0x00, 0x95, 0xC5, 0x4C, 0xDE, 0xF7, 0xF6, 0xC2, 0xB5, 0xC2, 0x29, 0x03, 0x95, 0xC2, 0xA8, 
   0x86, 0xF8, 0xA6, 0x80, 0xA9, 0xFD, 0x85, 0x99, 0xBD, 0xEC, 0xFC, 0x85, 0x98, 0xB1, 0x98, 0xA6, 
   0xF8, 0x95, 0xC5, 0xBD, 0xF0, 0xFC, 0x45, 0xD0, 0x85, 0xD0, 0xA9, 0x00, 0x95, 0xE8, 0xA5, 0xF5, 
   0x4A, 0xCA, 0xF0, 0x03, 0x4C, 0x5B, 0xF7, 0xA5, 0xD1, 0xD0, 0x3C, 0xA5, 0x81, 0x29, 0x01, 0xD0, 
   0x0C, 0x24, 0x0C, 0x10, 0x06, 0xA5, 0x81, 0x29, 0x03, 0xD0, 0x02, 0xE6, 0x90, 0xA6, 0x90, 0xE0, 
   0x03, 0x90, 0x04, 0xA2, 0x00, 0x86, 0x90, 0xBD, 0x78, 0xFE, 0x85, 0x9A, 0xA5, 0x81, 0x29, 0x03, 
   0xD0, 0x02, 0xE6, 0x91, 0xA6, 0x91, 0xE0, 0x03, 0x90, 0x02, 0xA2, 0x00, 0x86, 0x91, 0xBD, 0xD7, 
   0xFE, 0x85, 0xA6, 0xA9, 0xFF, 0x85, 0xA7, 0xA6, 0xAB, 0xF0, 0x03, 0xCA, 0x86, 0xAB, 0xA6, 0xD2, 
   0xF0, 0x03, 0xCA, 0x86, 0xD2, 0xA2, 0x03, 0xA5, 0xF1, 0x95, 0xED, 0xCA, 0xD0, 0xF9, 0x86, 0xCE, 
   0xA9, 0x1F, 0x38, 0xE5, 0xD4, 0x85, 0xCB, 0xA9, 0x0A, 0x85, 0xC9, 0xA5, 0x81, 0x29, 0x03, 0xD0, 
   0x0C, 0xE6, 0xA9, 0xA5, 0xA9, 0xC9, 0x03, 0x90, 0x02, 0xA9, 0x03, 0x85, 0xA9, 0xA5, 0xA9, 0xA8, 
   0x24, 0x0C, 0x30, 0x01, 0xC8, 0x84, 0xCD, 0xA4, 0xA4, 0xA9, 0xFC, 0x85, 0x99, 0xA6, 0x80, 0xBD, 
   0xE4, 0xFC, 0x85, 0x98, 0xB1, 0x98, 0x85, 0xF5, 0xA5, 0xE8, 0xC9, 0x40, 0xB0, 0x1D, 0xA0, 0x0A, 
   0x84, 0xCA, 0xA0, 0x15, 0x84, 0xCC, 0xC9, 0x20, 0x90, 0x04, 0xC6, 0xCC, 0x49, 0x3F, 0x4A, 0xA4, 
   0x8F, 0xC0, 0x55, 0x90, 0x02, 0xA9, 0x00, 0x25, 0xF4, 0x85, 0xCE, 0xA6, 0xAC, 0xF0, 0x06, 0xCA, 
   0x86, 0xAC, 0x4C, 0x03, 0xF9, 0xCA, 0x86, 0xAA, 0x24, 0xB1, 0x30, 0x03, 0x4C, 0x99, 0xF9, 0xA5, 
   0xF5, 0x4A, 0xB0, 0x48, 0xA5, 0xDF, 0x38, 0xE9, 0x18, 0xC9, 0x22, 0xB0, 0x08, 0xA9, 0x01, 0x85, 
   0xCD, 0xA9, 0x00, 0x85, 0xCE, 0xA5, 0xDF, 0xC9, 0x0C, 0x90, 0x11, 0xA9, 0x64, 0x2C, 0x82, 0x02, 
   0x50, 0x02, 0xA9, 0x79, 0x85, 0xF8, 0xA5, 0x8F, 0xC5, 0xF8, 0x90, 0x20, 0xA4, 0xD2, 0xD0, 0x18, 
   0xA9, 0x50, 0x85, 0xD2, 0xA5, 0xDF, 0xC9, 0x30, 0x90, 0x0E, 0xA5, 0xD3, 0xF0, 0x0A, 0xF8, 0x38, 
   0xE9, 0x01, 0x85, 0xD3, 0xD0, 0x02, 0xC6, 0xB0, 0xD8, 0x4C, 0x99, 0xF9, 0xA9, 0x46, 0x85, 0xAB, 
   0x4A, 0x85, 0xAC, 0xA9, 0x08, 0x85, 0xCA, 0xA2, 0x00, 0x86, 0xCD, 0x86, 0xD4, 0x86, 0xB1, 0xA5, 
   0xAC, 0x4A, 0x85, 0xCE, 0xA5, 0xAA, 0x30, 0x3E, 0xA5, 0x8F, 0xA6, 0xAA, 0xE0, 0x01, 0xF0, 0x12, 
   0x18, 0x69, 0x04, 0xAA, 0xA5, 0x81, 0x29, 0x01, 0xD0, 0x05, 0x8A, 0x38, 0xE9, 0x09, 0xAA, 0x4C, 
   0x48, 0xF9, 0x18, 0x69, 0x05, 0xAA, 0xA5, 0x81, 0x29, 0x01, 0xD0, 0x0C, 0x8A, 0x38, 0xE9, 0x06, 
   0xC9, 0x64, 0xB0, 0x03, 0x18, 0x69, 0x02, 0xAA, 0x86, 0x8F, 0xA5, 0xAA, 0x30, 0x08, 0xF0, 0x26, 
   0x4A, 0xB0, 0x14, 0x4C, 0x8B, 0xF9, 0xA5, 0xF5, 0x4A, 0xB0, 0x2A, 0xA5, 0xDF, 0xC9, 0x39, 0xB0, 
   0x2A, 0xA5, 0x8F, 0xC9, 0x5A, 0x90, 0x0F, 0xA9, 0x01, 0x85, 0xAA, 0xA9, 0x01, 0x85, 0xD8, 0xA9, 
   0x04, 0x85, 0xD6, 0x4C, 0x99, 0xF9, 0xA9, 0x01, 0x85, 0xD8, 0xA9, 0x04, 0x85, 0xD6, 0xA9, 0x00, 
   0x85, 0xAA, 0x4C, 0x99, 0xF9, 0xA5, 0xE8, 0xC9, 0x20, 0x90, 0xEB, 0xA2, 0x00, 0x86, 0xD6, 0xCA, 
   0x86, 0xD8, 0xA9, 0x02, 0x85, 0xAA, 0x4C, 0x99, 0xF9, 0xA2, 0x03, 0xB4, 0xAC, 0xF0, 0x26, 0x88, 
   0x94, 0xAC, 0xC0, 0x27, 0x90, 0x0C, 0xA9, 0x0C, 0x85, 0xCA, 0xA9, 0x1F, 0x85, 0xCC, 0xA9, 0x05, 
   0x85, 0xCE, 0xB4, 0xE8, 0xF0, 0x1F, 0xC8, 0xC8, 0x94, 0xE8, 0xA5, 0xF2, 0x95, 0xED, 0xA9, 0x00, 
   0x95, 0xB1, 0x4C, 0xD5, 0xF9, 0xB5, 0xB1, 0x10, 0x0C, 0xA9, 0x00, 0x85, 0xD4, 0xA9, 0x10, 0x85, 
   0xD6, 0xA9, 0x30, 0x95, 0xAC, 0xCA, 0xD0, 0xC3, 0xA2, 0x01, 0xA5, 0xAC, 0xF0, 0x02, 0xA2, 0x00, 
   0xB5, 0xD5, 0xE0, 0x01, 0xD0, 0x15, 0xA5, 0x84, 0x29, 0x03, 0xC9, 0x03, 0xA5, 0xD6, 0xB0, 0x0B, 
   0x4A, 0x4A, 0x4A, 0x4A, 0x85, 0xF5, 0x38, 0xA5, 0xD6, 0xE5, 0xF5, 0x85, 0xF6, 0x4A, 0x4A, 0x4A, 
   0x4A, 0x95, 0xD7, 0xA5, 0xF6, 0x29, 0x0F, 0x18, 0x75, 0xD9, 0xC9, 0x10, 0x90, 0x02, 0xF6, 0xD7, 
   0x29, 0x0F, 0x95, 0xD9, 0xCA, 0x10, 0xC9, 0x24, 0xB0, 0x30, 0x2A, 0xA5, 0x84, 0x29, 0x02, 0xD0, 
   0x07, 0xA5, 0x8F, 0x18, 0x65, 0xD7, 0x85, 0x8F, 0xA5, 0x84, 0x29, 0x01, 0xD0, 0x07, 0xA5, 0x8F, 
   0x38, 0xE5, 0xD7, 0x85, 0x8F, 0xA5, 0x8F, 0xC9, 0x14, 0xB0, 0x02, 0xA9, 0x14, 0xC9, 0x7E, 0x90, 
   0x02, 0xA9, 0x7D, 0x85, 0x8F, 0xA5, 0xDD, 0x38, 0xE5, 0xD8, 0x85, 0xF5, 0xC9, 0xA0, 0xD0, 0x05, 
   0xA9, 0x00, 0x4C, 0x65, 0xFA, 0xC9, 0xF0, 0x90, 0x0C, 0x38, 0xA9, 0x00, 0xE5, 0xF5, 0x85, 0xF5, 
   0x38, 0xA9, 0xA0, 0xE5, 0xF5, 0x85, 0xDD, 0xA5, 0xF3, 0xF0, 0x17, 0x38, 0xA5, 0xDF, 0xE5, 0xD8, 
   0xC9, 0xF0, 0x90, 0x04, 0xA9, 0x00, 0x85, 0xE8, 0x85, 0xDF, 0xD0, 0x03, 0x4C, 0x94, 0xFA, 0x4C, 
   0xDD, 0xFA, 0x38, 0xA5, 0xE8, 0xE5, 0xD8, 0xC9, 0xF0, 0x90, 0x02, 0xA9, 0x00, 0x85, 0xE8, 0xF0, 
   0x03, 0x4C, 0x22, 0xFB, 0xA2, 0x00, 0x86, 0xB1, 0xCA, 0x86, 0xF4, 0xE6, 0xA4, 0xA5, 0xA4, 0x29, 
   0x3F, 0x85, 0xA4, 0xA8, 0xA9, 0xFC, 0x85, 0x99, 0xA6, 0x80, 0xBD, 0xE4, 0xFC, 0x85, 0x98, 0xB1, 
   0x98, 0xF0, 0x06, 0x4A, 0xB0, 0x10, 0x4C, 0xD4, 0xFA, 0xA9, 0x00, 0x85, 0xF3, 0x85, 0xF4, 0xA9, 
   0x9F, 0x85, 0xE8, 0x4C, 0x22, 0xFB, 0xA2, 0x00, 0x86, 0xF3, 0xCA, 0x86, 0xF4, 0xA9, 0x9F, 0x85, 
   0xE8, 0x4C, 0x22, 0xFB, 0x85, 0xF3, 0xA9, 0xB7, 0x85, 0xDF, 0x4C, 0xDD, 0xFA, 0xA9, 0xFF, 0x85, 
   0xA2, 0xA9, 0xFE, 0x85, 0xA3, 0xA5, 0xDF, 0xC9, 0xA0, 0x90, 0x08, 0xE9, 0xA0, 0x4A, 0x4A, 0xAA, 
   0x4C, 0x06, 0xFB, 0xC9, 0x18, 0x90, 0x05, 0xA2, 0x06, 0x4C, 0x06, 0xFB, 0xA2, 0x00, 0x86, 0xF4, 
   0x4A, 0x4A, 0x18, 0x69, 0x07, 0xAA, 0xA0, 0x01, 0xB9, 0xA2, 0x00, 0x3D, 0xF4, 0xFC, 0x99, 0xA2, 
   0x00, 0x88, 0x10, 0xF4, 0xA5, 0xDF, 0x38, 0xE9, 0x18, 0xC9, 0xE0, 0x90, 0x03, 0x38, 0xE9, 0x60, 
   0x85, 0xE8, 0xA6, 0xD6, 0xE0, 0x20, 0x90, 0x2A, 0xA9, 0x3F, 0x2C, 0x82, 0x02, 0x10, 0x01, 0x4A, 
   0x85, 0xF5, 0xA5, 0x81, 0x25, 0xF5, 0xD0, 0x02, 0xE6, 0xA5, 0xA5, 0xA5, 0x29, 0x0F, 0x85, 0xA5, 
   0xA8, 0xA6, 0x80, 0xA9, 0xFD, 0x85, 0x99, 0xBD, 0xE8, 0xFC, 0x85, 0x98, 0xB1, 0x98, 0x05, 0xD0, 
   0x85, 0xD0, 0x4C, 0x1B, 0xF0, 0xEA, 0xEA, 0xEA, 0xEA, 0xEA, 0xEA, 0xEA, 0xEA, 0xEA, 0xEA, 0xEA, 
   0xEA, 0xEA, 0xEA, 0xEA, 0xEA, 0xEA, 0xEA, 0xEA, 0xEA, 0xEA, 0xEA, 0xEA, 0xEA, 0xEA, 0xEA, 0xEA, 
   0xEA, 0xEA, 0xEA, 0xEA, 0xEA, 0xEA, 0xEA, 0xEA, 0xEA, 0xEA, 0xEA, 0xEA, 0xEA, 0xEA, 0xEA, 0xEA, 
   0xEA, 0xEA, 0xEA, 0xEA, 0xEA, 0xEA, 0xEA, 0xEA, 0xEA, 0xEA, 0xEA, 0xEA, 0xEA, 0xEA, 0xEA, 0xEA, 
   0xEA, 0xEA, 0xEA, 0xEA, 0xEA, 0xEA, 0xEA, 0xEA, 0xEA, 0xEA, 0xEA, 0xEA, 0xEA, 0xEA, 0xEA, 0xEA, 
   0xEA, 0xEA, 0xEA, 0xEA, 0xEA, 0xEA, 0xEA, 0xEA, 0xEA, 0xEA, 0xEA, 0xEA, 0xEA, 0xEA, 0xEA, 0xEA, 
   0xEA, 0xEA, 0xEA, 0xEA, 0xEA, 0xEA, 0xEA, 0xEA, 0xEA, 0xEA, 0xEA, 0xEA, 0xEA, 0xEA, 0xEA, 0xEA, 
   0xEA, 0xEA, 0xEA, 0xEA, 0xEA, 0xEA, 0xEA, 0xEA, 0xEA, 0xEA, 0xEA, 0xEA, 0xEA, 0xEA, 0xEA, 0xEA, 
   0xEA, 0xEA, 0xEA, 0xEA, 0xEA, 0xEA, 0xEA, 0xEA, 0xEA, 0xEA, 0xEA, 0xEA, 0xEA, 0xEA, 0xEA, 0xEA, 
   0xEA, 0xEA, 0xEA, 0xEA, 0xEA, 0xEA, 0xEA, 0xEA, 0xEA, 0xEA, 0xEA, 0xEA, 0xEA, 0xEA, 0xEA, 0xEA, 
   0xEA, 0xEA, 0xEA, 0xEA, 0xEA, 0xEA, 0xEA, 0xEA, 0xEA, 0xEA, 0xEA, 0xEA, 0xEA, 0xEA, 0xEA, 0xEA, 
   0x03, 0x03, 0x02, 0x03, 0x02, 0x03, 0x02, 0x03, 0x00, 0x03, 0x02, 0x03, 0x03, 0x03, 0x02, 0x03, 
   0x02, 0x03, 0x03, 0x02, 0x02, 0x03, 0x02, 0x03, 0x03, 0x03, 0x02, 0x00, 0x02, 0x02, 0x02, 0x00, 
   0x02, 0x02, 0x02, 0x00, 0x02, 0x02, 0x03, 0x00, 0x03, 0x03, 0x03, 0x02, 0x02, 0x02, 0x03, 0x02, 
   0x03, 0x02, 0x03, 0x02, 0x03, 0x03, 0x03, 0x02, 0x03, 0x03, 0x03, 0x02, 0x03, 0x03, 0x03, 0x03, 
   0x03, 0x03, 0x02, 0x02, 0x03, 0x03, 0x03, 0x02, 0x03, 0x02, 0x03, 0x02, 0x03, 0x02, 0x02, 0x03, 
   0x03, 0x03, 0x02, 0x03, 0x03, 0x03, 0x02, 0x02, 0x02, 0x02, 0x02, 0x03, 0x03, 0x03, 0x02, 0x03, 
   0x03, 0x03, 0x02, 0x03, 0x03, 0x03, 0x02, 0x03, 0x03, 0x03, 0x02, 0x03, 0x03, 0x02, 0x02, 0x03, 
   0x03, 0x02, 0x02, 0x03, 0x03, 0x03, 0x02, 0x03, 0x03, 0x03, 0x02, 0x03, 0x03, 0x03, 0x03, 0x02, 
   0x02, 0x03, 0x02, 0x00, 0x03, 0x03, 0x02, 0x02, 0x03, 0x03, 0x02, 0x03, 0x03, 0x03, 0x02, 0x03, 
   0x03, 0x03, 0x02, 0x03, 0x03, 0x03, 0x02, 0x03, 0x03, 0x03, 0x02, 0x03, 0x03, 0x03, 0x02, 0x03, 
   0x03, 0x03, 0x02, 0x03, 0x03, 0x03, 0x02, 0x03, 0x02, 0x02, 0x02, 0x02, 0x00, 0x03, 0x02, 0x03, 
   0x02, 0x03, 0x03, 0x03, 0x00, 0x02, 0x03, 0x03, 0x02, 0x03, 0x02, 0x02, 0x03, 0x03, 0x03, 0x03, 
   0x02, 0x03, 0x02, 0x02, 0x03, 0x03, 0x02, 0x03, 0x02, 0x02, 0x03, 0x03, 0x02, 0x03, 0x02, 0x03, 
   0x02, 0x02, 0x02, 0x03, 0x00, 0x03, 0x03, 0x03, 0x02, 0x03, 0x02, 0x02, 0x00, 0x02, 0x02, 0x03, 
   0x03, 0x03, 0x03, 0x02, 0x00, 0x26, 0x6C, 0xAC, 0x17, 0x17, 0x27, 0x37, 0x0B, 0x0B, 0x0F, 0x13, 
   0x00, 0x04, 0x02, 0x01, 0xFC, 0xF8, 0xF0, 0xE0, 0xC0, 0x80, 0xFF, 0x03, 0x07, 0x0F, 0x1F, 0x3F, 
   0x7F, 0x00, 0x10, 0x20, 0x20, 0x40, 0x00, 0x90, 0x80, 0x80, 0x60, 0x04, 0x04, 0x04, 0x04, 0x04, 
   0x04, 0x04, 0x04, 0x04, 0x00, 0x02, 0x04, 0x00, 0x01, 0x02, 0x04, 0x05, 0x02, 0x01, 0x02, 0x01, 
   0x04, 0x02, 0x01, 0x04, 0x02, 0x01, 0x02, 0x00, 0x02, 0x02, 0x04, 0x04, 0x02, 0x02, 0x02, 0x02, 
   0x04, 0x01, 0x01, 0x04, 0x02, 0x01, 0x02, 0x00, 0x01, 0x02, 0x04, 0x05, 0x02, 0x01, 0x02, 0x01, 
   0x04, 0x02, 0x01, 0x04, 0x02, 0x01, 0x02, 0xA9, 0x00, 0x85, 0x9C, 0x85, 0xF1, 0xA9, 0xFF, 0x85, 
   0x9D, 0xA9, 0xC2, 0x85, 0x9A, 0xA9, 0xFE, 0x85, 0x9B, 0xA9, 0xFE, 0x85, 0xBA, 0x85, 0xBC, 0x85, 
   0xBE, 0x85, 0xC0, 0x85, 0xC2, 0x85, 0x93, 0x85, 0x95, 0xA9, 0x00, 0xA6, 0x80, 0xE0, 0x03, 0xD0, 
   0x04, 0xA5, 0x82, 0x29, 0x3F, 0x85, 0xA4, 0x29, 0x0F, 0x85, 0xA5, 0xBD, 0xED, 0xF0, 0x85, 0xD3, 
   0xA9, 0x7D, 0x85, 0x8F, 0xA9, 0x01, 0x85, 0xC3, 0x85, 0xC4, 0x85, 0xC5, 0xA2, 0x03, 0xA9, 0x00, 
   0x95, 0xF1, 0xCA, 0x10, 0xF9, 0x60, 0x20, 0xBD, 0xFD, 0x85, 0x02, 0x85, 0x2A, 0x60, 0x18, 0x69, 
   0x2E, 0xA8, 0x29, 0x0F, 0x85, 0xF5, 0x98, 0x4A, 0x4A, 0x4A, 0x4A, 0xA8, 0x18, 0x65, 0xF5, 0xC9, 
   0x0F, 0x90, 0x03, 0xE9, 0x0F, 0xC8, 0x49, 0x07, 0x0A, 0x0A, 0x0A, 0x0A, 0x60, 0x20, 0x9E, 0xFD, 
   0x95, 0x20, 0x85, 0x02, 0x88, 0x10, 0xFD, 0x95, 0x10, 0x60, 0xA5, 0x82, 0x0A, 0x0A, 0x0A, 0x45, 
   0x82, 0x0A, 0x26, 0x82, 0xA5, 0x82, 0x60, 0x00, 0x01, 0x01, 0x00, 0x00, 0x01, 0x01, 0x00, 0x00, 
   0x00, 0x00, 0x00, 0x00, 0xFF, 0xFF, 0xFF, 0xFF, 0x7F, 0x1F, 0x0E, 0x04, 0x7F, 0x7F, 0x3F, 0x0F, 
   0x03, 0x00, 0x00, 0x00, 0xEA, 0xEA, 0xEA, 0xEA, 0xEA, 0xEA, 0xEA, 0xEA, 0xEA, 0xEA, 0xEA, 0xEA, 
   0x78, 0xCC, 0xCC, 0xCC, 0xCC, 0xCC, 0xCC, 0x78, 0x78, 0x30, 0x30, 0x30, 0x30, 0x30, 0x70, 0x30, 
   0xFC, 0xC0, 0xC0, 0x78, 0x0C, 0x0C, 0x8C, 0x78, 0x78, 0x8C, 0x0C, 0x18, 0x18, 0x0C, 0x8C, 0x78, 
   0x18, 0x18, 0x18, 0xFC, 0x98, 0x58, 0x38, 0x18, 0xF8, 0x8C, 0x0C, 0x0C, 0xF8, 0xC0, 0xC0, 0xFC, 
   0x78, 0xCC, 0xCC, 0xCC, 0xF8, 0xC0, 0xC4, 0x78, 0x30, 0x30, 0x30, 0x30, 0x18, 0x0C, 0x84, 0xFC, 
   0x78, 0xCC, 0xCC, 0x78, 0x78, 0xCC, 0xCC, 0x78, 0x78, 0x8C, 0x0C, 0x7C, 0xCC, 0xCC, 0xCC, 0x78, 
   0x00, 0x00, 0x00, 0x00, 0x00, 0x00, 0x00, 0x00, 0x00, 0xAD, 0xA9, 0xE9, 0xA9, 0xED, 0x41, 0x0F, 
   0x00, 0x50, 0x58, 0x5C, 0x56, 0x53, 0x11, 0xF0, 0x00, 0xBA, 0x8A, 0xBA, 0xA2, 0x3A, 0x80, 0xFE, 
   0x00, 0xE9, 0xAB, 0xAF, 0xAD, 0xE9, 0x00, 0x00, 0x7B, 0x90, 0xA5, 0x00, 0x04, 0x0A, 0x0A, 0x0C, 
   0x18, 0x30, 0xFC, 0xFD, 0xA1, 0x40, 0x11, 0x21, 0x08, 0x31, 0x65, 0xB0, 0x31, 0x04, 0x7E, 0x7E, 
   0x00, 0x04, 0x0A, 0x0A, 0x0C, 0x18, 0x30, 0xFD, 0xFD, 0xA0, 0x41, 0x11, 0x20, 0x09, 0xB1, 0x64, 
   0x31, 0x31, 0x04, 0x7E, 0x7E, 0x00, 0x04, 0x0A, 0x0A, 0x0C, 0x18, 0x30, 0xFD, 0xFC, 0xA1, 0x41, 
   0x10, 0x21, 0x09, 0x30, 0xE5, 0x31, 0x30, 0x04, 0x7E, 0x7E, 0x10, 0x10, 0x10, 0x00, 0x20, 0x20, 
   0x00, 0x10, 0x00, 0x04, 0x0A, 0x0A, 0x0C, 0x18, 0x30, 0xFC, 0xFD, 0xA1, 0x41, 0x11, 0x20, 0x09, 
   0x31, 0xE5, 0x31, 0x30, 0x04, 0x7E, 0x7E, 0x6B, 0x7B, 0x8B, 0xEA, 0xEA, 0xEA, 0xEA, 0xEA, 0xEA, 
   0xEA, 0xEA, 0xEA, 0xEA, 0xEA, 0xEA, 0xEA, 0xEA, 0xEA, 0xEA, 0xEA, 0xEA, 0xEA, 0xEA, 0xEA, 0xEA, 
   0xEA, 0xEA, 0xEA, 0xEA, 0xEA, 0xEA, 0xEA, 0xEA, 0xEA, 0xEA, 0xEA, 0xEA, 0xEA, 0xEA, 0xEA, 0xEA, 
   0x00, 0x00, 0x00, 0x40, 0x30, 0x78, 0xFC, 0x06, 0x04, 0x00, 0x00, 0x00, 0x00, 0x00, 0x00, 0x00, 
   0x00, 0x00, 0xC0, 0x60, 0x30, 0x78, 0xFC, 0x07, 0x02, 0x00, 0x00, 0x00, 0x00, 0x00, 0x00, 0x00, 
   0x00, 0x00, 0x00, 0x40, 0x30, 0x78, 0xFC, 0x36, 0xE4, 0x00, 0x00, 0x00, 0x00, 0x00, 0x00, 0x00, 
   0x80, 0x11, 0x53, 0xFE, 0x53, 0x11, 0x10, 0x38, 0x3C, 0x3E, 0x62, 0x20, 0x00, 0x00, 0x00, 0x00, 
   0x00, 0x00, 0x00, 0x00, 0x00, 0x00, 0x00, 0x00, 0x00, 0x00, 0x00, 0x00, 0x00, 0x00, 0x78, 0xF8, 
   0xF8, 0xF8, 0xF8, 0xF8, 0xA8, 0x80, 0x80, 0x80, 0x00, 0x00, 0x82, 0x82, 0x82, 0x82, 0x82, 0x82, 
   0x82, 0x82, 0x82, 0xFE, 0x82, 0xC6, 0x82, 0xAA, 0x82, 0x92, 0x82, 0xAA, 0x82, 0xC6, 0x82, 0xFE, 
   0x44, 0x44, 0x44, 0x6C, 0x44, 0x54, 0x44, 0x54, 0x54, 0x54, 0x44, 0x54, 0x44, 0x6C, 0x44, 0x44, 
   0x44, 0x44, 0x44, 0x7C, 0x28, 0x28, 0x28, 0x28, 0x28, 0x28, 0x28, 0x38, 0x28, 0x28, 0x28, 0x28, 
   0x28, 0x28, 0xFE, 0x20, 0x2A, 0x28, 0x28, 0x48, 0x48, 0x48, 0x68, 0x68, 0x88, 0x88, 0xA8, 0xA8, 
   0xC8, 0xC8, 0xC8, 0xFE, 0x10, 0x10, 0x90, 0x91, 0x12, 0x97, 0x8E, 0x7F, 0x8E, 0x87, 0x02, 0x81, 
   0x80, 0x00, 0x00, 0xFE, 0x10, 0x10, 0x90, 0x11, 0x92, 0x97, 0x0E, 0xFF, 0x8E, 0x07, 0x82, 0x81, 
   0x00, 0x00, 0x00, 0xFE, 0x10, 0x10, 0x10, 0x91, 0x92, 0x17, 0x8E, 0xFF, 0x0E, 0x87, 0x82, 0x01, 
   0x80, 0x00, 0x00, 0xEA, 0xEA, 0xEA, 0xEA, 0xEA, 0xEA, 0xEA, 0xEA, 0xEA, 0xEA, 0xEA, 0xEA, 0xEA, 
   0xEA, 0xEA, 0xEA, 0xEA, 0xEA, 0xEA, 0xEA, 0xEA, 0xEA, 0xEA, 0xEA, 0xEA, 0xEA, 0xEA, 0xEA, 0xEA, 
   0xEA, 0xEA, 0xEA, 0xEA, 0xEA, 0xEA, 0x00, 0xEA, 0x02, 0x00, 0xEA, 0xEA, 0x00, 0xF0, 0x00, 0xF0, 
   0x2C, 0xF7, 0xFF, 0x4C, 0x34, 0xF8, 0xEA, 0xEA, 0xEA, 0xEA, 0xEA, 0xEA, 0x20, 0x7A, 0xF6, 0xA2, 
   0x05, 0xBD, 0xA5, 0xF7, 0x45, 0x86, 0x25, 0x87, 0x95, 0x88, 0xE0, 0x04, 0xB0, 0x02, 0x95, 0x06, 
   0xCA, 0x10, 0xEE, 0xA9, 0x03, 0x85, 0x04, 0x85, 0x05, 0xA9, 0x34, 0x85, 0x0A, 0xAD, 0x84, 0x02, 
   0xD0, 0xFB, 0x85, 0x02, 0x85, 0x01, 0x85, 0x08, 0x85, 0x2C, 0x85, 0x2B, 0x85, 0x9F, 0xA9, 0x07, 
   0x85, 0xFB, 0x85, 0x25, 0x85, 0x26, 0xA4, 0xFB, 0xB1, 0xE1, 0x85, 0xFA, 0xB1, 0xDF, 0xAA, 0xB1, 
   0xD7, 0x85, 0x02, 0xEA, 0x85, 0x1B, 0xB1, 0xD9, 0x85, 0x1C, 0xB1, 0xDB, 0x85, 0x1B, 0xB1, 0xDD, 
   0xA4, 0xFA, 0x85, 0x1C, 0x86, 0x1B, 0x84, 0x1C, 0x85, 0x1B, 0xC6, 0xFB, 0x10, 0xD8, 0xA9, 0x86, 
   0x85, 0x21, 0x85, 0x02, 0x85, 0x2A, 0xA0, 0x00, 0x84, 0x25, 0x84, 0x26, 0x84, 0x1B, 0x84, 0x1C, 
   0x85, 0x04, 0x85, 0x05, 0xA5, 0x8C, 0x85, 0x06, 0x85, 0x07, 0xA6, 0xA3, 0x10, 0x02, 0xA2, 0x00, 
   0xBD, 0xB0, 0xF6, 0x85, 0x04, 0x85, 0xFA, 0xBD, 0xAF, 0xF6, 0x85, 0x05, 0x85, 0xFB, 0xA0, 0x07, 
   0x85, 0x02, 0xB9, 0x84, 0xF7, 0x24, 0xFA, 0x30, 0x02, 0x85, 0x1B, 0x24, 0xFB, 0x30, 0x02, 0x85, 
   0x1C, 0x88, 0xD0, 0xEC, 0x85, 0x02, 0x84, 0x1B, 0x84, 0x1C, 0xA5, 0xF8, 0x25, 0x87, 0x85, 0x07, 
   0xA5, 0xEA, 0x24, 0xF1, 0x30, 0x02, 0xA5, 0x8C, 0x25, 0x87, 0x85, 0x06, 0x85, 0x02, 0x84, 0x93, 
   0x84, 0x94, 0x84, 0x04, 0x84, 0x05, 0xA0, 0x02, 0x84, 0x28, 0x84, 0x1F, 0xA5, 0xF7, 0x29, 0x0F, 
   0xD0, 0x02, 0xA0, 0x00, 0x84, 0x1D, 0xA0, 0x02, 0xA5, 0xF8, 0x29, 0x0F, 0xD0, 0x02, 0xA0, 0x00, 
   0x84, 0x9E, 0xA5, 0xF7, 0x25, 0x87, 0x85, 0xFC, 0xA5, 0x8F, 0xA2, 0x00, 0x20, 0x99, 0xF6, 0xA2, 
   0x03, 0xA5, 0x9D, 0x18, 0x69, 0x04, 0x20, 0x99, 0xF6, 0xA5, 0xA4, 0x29, 0x01, 0x0A, 0x0A, 0x0A, 
   0x69, 0x95, 0x85, 0xE7, 0x38, 0xA5, 0x9B, 0xE5, 0x9C, 0x0A, 0x0A, 0x18, 0x65, 0xA4, 0xA6, 0x90, 
   0x18, 0x7D, 0xD5, 0xF6, 0xA8, 0xBD, 0xD6, 0xF7, 0xC0, 0x60, 0x90, 0x02, 0x29, 0xF2, 0xC0, 0x80, 
   0x90, 0x02, 0x29, 0xF0, 0x85, 0x91, 0x98, 0xC9, 0xA0, 0x90, 0x02, 0xA9, 0x00, 0x85, 0xFB, 0xA2, 
   0x01, 0x20, 0x99, 0xF6, 0x85, 0x02, 0x85, 0x2A, 0xA5, 0xFB, 0xC9, 0x86, 0xB0, 0x02, 0x85, 0x02, 
   0xCA, 0x86, 0xFA, 0xA5, 0x9E, 0x85, 0x1E, 0x85, 0x02, 0xA5, 0xF1, 0x29, 0x02, 0x4A, 0x49, 0x01, 
   0x09, 0x8A, 0xAA, 0x18, 0xA5, 0x94, 0x65, 0x96, 0x85, 0x94, 0x85, 0x2B, 0x90, 0x04, 0xA5, 0x98, 
   0x85, 0x23, 0x8A, 0x38, 0xE5, 0x8E, 0x90, 0x12, 0xA8, 0x29, 0xF8, 0xF0, 0x02, 0xA0, 0x07, 0x85, 
   0x02, 0x85, 0x2A, 0xB1, 0xE3, 0x85, 0x1B, 0xCA, 0xD0, 0xD9, 0xA9, 0x00, 0x85, 0x28, 0xA4, 0xEF, 
   0x85, 0x02, 0x85, 0x2A, 0x88, 0xD0, 0x09, 0x84, 0x1B, 0xA5, 0xFC, 0x85, 0x06, 0x4C, 0xA8, 0xF1, 
   0x24, 0x04, 0x50, 0x04, 0xA9, 0x00, 0x85, 0x1D, 0x18, 0xA5, 0x94, 0x65, 0x96, 0x85, 0x94, 0x85, 
   0x2B, 0x90, 0x04, 0xA5, 0x98, 0x85, 0x23, 0x18, 0xA5, 0x93, 0x65, 0x95, 0x85, 0x93, 0x90, 0x08, 
   0xA5, 0x97, 0x85, 0x22, 0x85, 0x20, 0xE6, 0x9F, 0xCA, 0xD0, 0xC5, 0xA0, 0x07, 0x85, 0x02, 0x85, 
   0x2A, 0xA9, 0x10, 0x85, 0x05, 0xA5, 0xF3, 0x85, 0x1E, 0xA5, 0x8D, 0x85, 0x07, 0x18, 0xA5, 0x93, 
   0x65, 0x95, 0x85, 0x93, 0x85, 0x2B, 0x90, 0x06, 0xA5, 0x97, 0x85, 0x22, 0x85, 0x20, 0x18, 0xA5, 
   0x94, 0x65, 0x96, 0x85, 0x94, 0x90, 0x04, 0xA5, 0x98, 0x85, 0x23, 0x88, 0x10, 0xCF, 0x85, 0x02, 
   0x85, 0x2A, 0xA9, 0x3C, 0x85, 0x1C, 0x86, 0x1D, 0x86, 0x1E, 0xA5, 0x8A, 0x85, 0x08, 0xA5, 0x91, 
   0x85, 0x05, 0xA5, 0x88, 0x85, 0x06, 0xA9, 0x30, 0x85, 0x0A, 0x24, 0x04, 0x50, 0x04, 0xA9, 0x58, 
   0x85, 0xE5, 0xA0, 0x07, 0xB1, 0xE7, 0xAA, 0xB1, 0xE5, 0x85, 0x02, 0x85, 0x2A, 0x85, 0x1B, 0x86, 
   0x1C, 0xB9, 0xA7, 0x00, 0x85, 0x0D, 0xB9, 0xAF, 0x00, 0x85, 0x0E, 0xB9, 0xB7, 0x00, 0x85, 0x0F, 
   0xB9, 0xBF, 0x00, 0x85, 0x0D, 0xB9, 0xC7, 0x00, 0x85, 0x0E, 0xB9, 0xCF, 0x00, 0x85, 0x0F, 0x85, 
   0x2B, 0x88, 0x10, 0xD0, 0x85, 0x02, 0x85, 0x2A, 0xA5, 0xF1, 0x29, 0x02, 0x4A, 0x09, 0x06, 0xAA, 
   0x85, 0x02, 0x85, 0x2A, 0x84, 0x0D, 0x84, 0x0E, 0x84, 0x0F, 0xCA, 0x10, 0xF3, 0x85, 0x02, 0x85, 
   0x2A, 0x85, 0x14, 0xE8, 0x86, 0x0D, 0x86, 0x0E, 0x86, 0x0F, 0x86, 0x08, 0xE8, 0x86, 0x04, 0x85, 
   0x10, 0x85, 0x11, 0x86, 0x05, 0xA9, 0x30, 0x85, 0x2B, 0x85, 0x24, 0x4A, 0x85, 0x21, 0xA5, 0x88, 
   0x85, 0x07, 0xA2, 0x07, 0x85, 0x02, 0x85, 0x2A, 0xBD, 0xE0, 0xF6, 0x85, 0x1B, 0xBD, 0xE8, 0xF6, 
   0x85, 0x1C, 0xEA, 0xBD, 0xF8, 0xF6, 0xA8, 0xBD, 0xF0, 0xF6, 0x85, 0x1B, 0x84, 0x1C, 0x85, 0x2B, 
   0xCA, 0x10, 0xE1, 0xA9, 0x2E, 0x85, 0x02, 0x85, 0x01, 0x8D, 0x96, 0x02, 0xA5, 0xF1, 0xC9, 0x01, 
   0xD0, 0x09, 0x20, 0xC9, 0xF7, 0xC6, 0xA3, 0x10, 0x02, 0xE6, 0xEB, 0xA2, 0x02, 0x8A, 0x0A, 0x0A, 
   0xA8, 0xB5, 0xEC, 0x29, 0xF0, 0x4A, 0x99, 0xD7, 0x00, 0xB5, 0xEC, 0x29, 0x0F, 0x0A, 0x0A, 0x0A, 
   0x99, 0xD9, 0x00, 0xCA, 0x10, 0xE7, 0xA2, 0x01, 0xB5, 0xF7, 0x29, 0x0F, 0xF0, 0x02, 0xD6, 0xF7, 
   0xB5, 0xF4, 0xF0, 0x02, 0xD6, 0xF4, 0xB5, 0xF1, 0xF0, 0x04, 0x30, 0x02, 0xD6, 0xF1, 0xB5, 0xF7, 
   0x29, 0x0F, 0x95, 0x19, 0xE0, 0x00, 0xD0, 0x0F, 0xA8, 0xD0, 0x04, 0xA9, 0x58, 0xD0, 0x05, 0x29, 
   0x0C, 0x0A, 0x69, 0x5D, 0x85, 0xE5, 0x98, 0x49, 0x0F, 0x7D, 0xB7, 0xF6, 0x95, 0x17, 0xA9, 0x0F, 
   0x95, 0x15, 0xCA, 0x10, 0xC3, 0xA5, 0xF6, 0xF0, 0x10, 0xC6, 0xF6, 0xA5, 0xF6, 0x29, 0x03, 0xD0, 
   0x3F, 0xA9, 0x0C, 0x85, 0x19, 0x85, 0x15, 0xD0, 0x35, 0xA5, 0xF2, 0xD0, 0x1F, 0xA5, 0xF1, 0xF0, 
   0x2F, 0x10, 0x19, 0xA0, 0x02, 0x84, 0x19, 0xA9, 0x04, 0x85, 0x15, 0xA5, 0xEA, 0x4A, 0x08, 0x38, 
   0xA9, 0x82, 0xE5, 0x8E, 0x4A, 0x4A, 0x4A, 0x28, 0x69, 0x0F, 0xD0, 0x12, 0x4A, 0x85, 0xFA, 0x85, 
   0x19, 0x29, 0x03, 0x09, 0x08, 0x85, 0x15, 0xA9, 0x10, 0x38, 0xE5, 0xFA, 0x09, 0x10, 0x85, 0x17, 
   0xE8, 0xB5, 0xD7, 0xC9, 0x00, 0xD0, 0x0A, 0xA9, 0x58, 0x95, 0xD7, 0xE8, 0xE8, 0xE0, 0x09, 0x90, 
   0xF0, 0xA9, 0x58, 0xA4, 0xEB, 0xD0, 0x16, 0xA5, 0xEA, 0x4A, 0xB0, 0x13, 0xE6, 0x92, 0xA5, 0x92, 
   0xC9, 0x03, 0x90, 0x04, 0xA9, 0x00, 0x85, 0x92, 0x0A, 0x0A, 0x0A, 0x69, 0x7D, 0x85, 0xE3, 0xAD, 
   0x84, 0x02, 0xD0, 0xFB, 0xA0, 0x82, 0x84, 0x02, 0x84, 0x00, 0x84, 0x02, 0x84, 0x02, 0x84, 0x02, 
   0x85, 0x00, 0xE6, 0xEA, 0xD0, 0x07, 0xE6, 0xE9, 0xD0, 0x03, 0x38, 0x66, 0xE9, 0xA0, 0xFF, 0xAD, 
   0x82, 0x02, 0x29, 0x08, 0xD0, 0x02, 0xA0, 0x0F, 0x98, 0xA0, 0x00, 0x24, 0xE9, 0x10, 0x04, 0x29, 
   0xF7, 0xA4, 0xE9, 0x84, 0x86, 0x06, 0x86, 0x85, 0x87, 0xA9, 0x50, 0x85, 0x02, 0x8D, 0x96, 0x02, 
   0xA5, 0x81, 0xF0, 0x1A, 0xAD, 0x82, 0x02, 0x4A, 0xB0, 0x05, 0xA2, 0xE9, 0x4C, 0x07, 0xFE, 0xA0, 
   0x00, 0x4A, 0xB0, 0x24, 0xA5, 0x82, 0xF0, 0x04, 0xC6, 0x82, 0x10, 0x1E, 0xE6, 0x80, 0xA5, 0x80, 
   0x29, 0x03, 0x85, 0x80, 0xA8, 0xC8, 0x84, 0xEE, 0xA9, 0x00, 0x85, 0xF1, 0x85, 0xE9, 0x85, 0xEC, 
   0x85, 0xED, 0xA0, 0x1E, 0x84, 0xEB, 0x84, 0x81, 0x84, 0x82, 0xAD, 0x80, 0x02, 0xA8, 0x4A, 0x4A, 
   0x4A, 0x4A, 0x85, 0x84, 0xC8, 0xF0, 0x04, 0xA9, 0x00, 0x85, 0xE9, 0xA5, 0xEB, 0xF0, 0x08, 0xA5, 
   0x84, 0x4A, 0x90, 0xB6, 0x4C, 0x0F, 0xF0, 0xA5, 0x07, 0x49, 0x80, 0x05, 0xF1, 0x10, 0x03, 0x4C, 
   0xC7, 0xF4, 0xA5, 0xA5, 0xD0, 0xF9, 0xA4, 0xED, 0x38, 0xA5, 0xA6, 0xE9, 0x3A, 0x0A, 0xF8, 0xA2, 
   0x02, 0x75, 0xEC, 0x95, 0xEC, 0xA9, 0x00, 0xCA, 0x10, 0xF7, 0xD8, 0x90, 0x0A, 0xA9, 0xAA, 0x85, 
   0xEC, 0x85, 0xED, 0x85, 0xEE, 0x85, 0xEB, 0xA9, 0x1E, 0x85, 0xF2, 0x98, 0x45, 0xED, 0x29, 0xF0, 
   0xF0, 0x0C, 0xA5, 0xA3, 0xC9, 0x06, 0xB0, 0x06, 0xA9, 0x3F, 0x85, 0xF6, 0xE6, 0xA3, 0xA5, 0x9F, 
   0x24, 0x97, 0x30, 0x05, 0x49, 0xFF, 0x18, 0x69, 0x01, 0x18, 0x65, 0x8F, 0x18, 0x69, 0x30, 0x38, 
   0xE5, 0xA4, 0x38, 0xE9, 0x24, 0x4A, 0x4A, 0x4A, 0x4A, 0x4A, 0xA8, 0xA5, 0x90, 0x39, 0xDD, 0xF6, 
   0x85, 0x90, 0xD0, 0x23, 0x85, 0x9C, 0xA9, 0x07, 0x85, 0x90, 0xA9, 0x28, 0x85, 0x9B, 0xA5, 0xA6, 
   0xC9, 0x82, 0xB0, 0x04, 0x69, 0x08, 0x85, 0xA6, 0xA6, 0x80, 0xA5, 0xF0, 0xDD, 0xCB, 0xF6, 0xB0, 
   0x06, 0xE6, 0xF0, 0xE0, 0x03, 0xF0, 0xF3, 0xA6, 0xF0, 0xBD, 0xED, 0xF7, 0x85, 0xA0, 0xBD, 0xCF, 
   0xF6, 0x85, 0xA1, 0x24, 0x01, 0x10, 0x06, 0xA9, 0x80, 0x85, 0xF1, 0x85, 0xF7, 0xA0, 0x3F, 0xA5, 
   0xF1, 0xF0, 0x1B, 0x84, 0xF5, 0x10, 0x0C, 0xC6, 0x8E, 0xA5, 0x8E, 0xC9, 0x03, 0xB0, 0x0F, 0xA9, 
   0x1E, 0x85, 0xF1, 0x29, 0x18, 0x18, 0x69, 0x5D, 0x85, 0xE5, 0xA9, 0x58, 0x85, 0xE3, 0xA5, 0x0C, 
   0x29, 0x80, 0xC5, 0x83, 0x85, 0x83, 0xF0, 0x1C, 0xC9, 0x00, 0xF0, 0x18, 0xA5, 0xA5, 0xD0, 0x14, 
   0xA5, 0xF4, 0xD0, 0x10, 0xA9, 0x00, 0x85, 0xE9, 0xA5, 0xF1, 0xD0, 0x08, 0xA9, 0x6F, 0x85, 0xF7, 
   0xA9, 0x00, 0x85, 0xF4, 0xA9, 0x01, 0x85, 0xEF, 0xA5, 0xF1, 0xD0, 0x29, 0xA5, 0xF7, 0x29, 0x0F, 
   0xD0, 0x41, 0xA0, 0x00, 0xA5, 0x0C, 0x30, 0x1D, 0xA9, 0x0A, 0x85, 0xEF, 0xA5, 0x84, 0x4A, 0x4A, 
   0x4A, 0xB0, 0x04, 0xA0, 0x10, 0xA2, 0x35, 0x4A, 0xB0, 0x04, 0xA0, 0xF0, 0xA2, 0x35, 0x84, 0x97, 
   0x86, 0x95, 0x4C, 0x93, 0xF5, 0xA5, 0x84, 0xA4, 0xF1, 0xF0, 0x04, 0x10, 0x28, 0x09, 0x03, 0x4A, 
   0xB0, 0x02, 0xE6, 0x8E, 0x4A, 0xB0, 0x02, 0xC6, 0x8E, 0x4A, 0xB0, 0x02, 0xC6, 0x8F, 0x4A, 0xB0, 
   0x02, 0xE6, 0x8F, 0xA4, 0xF1, 0xD0, 0x0E, 0xA9, 0x82, 0xC5, 0x8E, 0x90, 0x06, 0xA5, 0xA6, 0xC5, 
   0x8E, 0x90, 0x02, 0x85, 0x8E, 0xA9, 0x85, 0xC5, 0x8F, 0x90, 0x06, 0xA9, 0x0F, 0xC5, 0x8F, 0x90, 
   0x02, 0x85, 0x8F, 0xA5, 0xA5, 0xD0, 0x2D, 0x24, 0xE9, 0x30, 0x29, 0xA5, 0xF5, 0xD0, 0x25, 0xA5, 
   0xEA, 0x25, 0xA0, 0xD0, 0x1F, 0xA5, 0xA2, 0xD0, 0x1B, 0xE6, 0xF9, 0xA5, 0xF9, 0xC9, 0x03, 0x90, 
   0x04, 0xA9, 0x00, 0x85, 0xF9, 0x20, 0xC1, 0xF6, 0xF0, 0xEF, 0xA5, 0x8F, 0x85, 0x9D, 0xA9, 0x1F, 
   0x85, 0xA2, 0x85, 0xF3, 0xA5, 0xF9, 0x0A, 0x0A, 0x0A, 0x0A, 0x0A, 0x65, 0xA4, 0xA0, 0xF0, 0x38, 
   0xE5, 0x9D, 0x10, 0x07, 0xA0, 0x10, 0x49, 0xFF, 0x18, 0x69, 0x01, 0x85, 0xFA, 0x4A, 0x4A, 0x18, 
   0x65, 0xFA, 0x46, 0xFA, 0x65, 0xFA, 0x85, 0x96, 0x84, 0x98, 0x20, 0xC1, 0xF6, 0xD0, 0x06, 0x85, 
   0xF3, 0x85, 0xF8, 0x85, 0xA2, 0xA5, 0xEA, 0x25, 0xA1, 0xD0, 0x21, 0xA5, 0xF1, 0xD0, 0x1D, 0xA5, 
   0x90, 0xA4, 0x8F, 0xC0, 0x50, 0x90, 0x02, 0x09, 0x08, 0xAA, 0x38, 0x98, 0xFD, 0xDD, 0xF7, 0x38, 
   0xE5, 0xA4, 0xF0, 0x08, 0x30, 0x04, 0xE6, 0xA4, 0xE6, 0xA4, 0xC6, 0xA4, 0xA5, 0xA2, 0xF0, 0x0C, 
   0xC6, 0xA2, 0xA5, 0xA2, 0xC9, 0x0F, 0xD0, 0x04, 0xA9, 0xBF, 0x85, 0xF8, 0xA5, 0x9B, 0x45, 0x9C, 
   0x85, 0xA5, 0xF0, 0x43, 0xA9, 0x30, 0x85, 0xA4, 0xA0, 0x00, 0x84, 0xF3, 0x84, 0xF8, 0x84, 0xA2, 
   0x84, 0xF4, 0xA5, 0xA0, 0x4A, 0x4A, 0x4A, 0x4A, 0x4A, 0x25, 0xEA, 0xD0, 0x2A, 0xE6, 0x9C, 0xA5, 
   0xF1, 0xF0, 0x07, 0xA5, 0x8F, 0x38, 0xE9, 0x04, 0x85, 0x8F, 0xA2, 0x07, 0xB5, 0xA7, 0x29, 0x10, 
   0xC9, 0x10, 0x76, 0xCF, 0x36, 0xC7, 0x76, 0xBF, 0xB5, 0xBF, 0x29, 0x08, 0xC9, 0x08, 0x76, 0xB7, 
   0x36, 0xAF, 0x76, 0xA7, 0xCA, 0x10, 0xE5, 0x4C, 0x0F, 0xF0, 0xA2, 0x11, 0xA9, 0xF7, 0x95, 0xD7, 
   0xCA, 0xCA, 0x10, 0xFA, 0xA2, 0x30, 0xA0, 0x07, 0xB9, 0xAB, 0xF7, 0x95, 0xA6, 0xCA, 0x88, 0x10, 
   0xF7, 0x8A, 0xD0, 0xF2, 0x86, 0x9C, 0x4C, 0xB3, 0xF7, 0x4C, 0xC8, 0xFB, 0xE9, 0x0F, 0xB0, 0xFC, 
   0x49, 0x0F, 0x0A, 0x0A, 0x0A, 0x0A, 0x69, 0x80, 0x95, 0x10, 0x85, 0x02, 0x95, 0x20, 0x60, 0x80, 
   0x80, 0x00, 0x00, 0x02, 0x02, 0x06, 0x06, 0x00, 0x04, 0x00, 0x00, 0x00, 0x00, 0x00, 0x00, 0x00, 
   0x00, 0xA6, 0xF9, 0xBD, 0xDD, 0xF6, 0x49, 0x07, 0x25, 0x90, 0x60, 0x03, 0x04, 0x05, 0x05, 0x0F, 
   0x07, 0x03, 0x01, 0x01, 0x01, 0x00, 0x40, 0x20, 0x20, 0x00, 0x00, 0x00, 0x00, 0x03, 0x05, 0x06, 
   0x00, 0xAD, 0xA9, 0xE9, 0xA9, 0xED, 0x41, 0x0F, 0x00, 0x50, 0x58, 0x5C, 0x56, 0x53, 0x11, 0xF0, 
   0x00, 0xBA, 0x8A, 0xBA, 0xA2, 0x3A, 0x80, 0xFE, 0x00, 0xE9, 0xAB, 0xAF, 0xAD, 0xE9, 0x00, 0x00, 
   0x3C, 0x66, 0x66, 0x66, 0x66, 0x66, 0x66, 0x3C, 0x3C, 0x18, 0x18, 0x18, 0x18, 0x18, 0x38, 0x18, 
   0x7E, 0x60, 0x60, 0x3C, 0x06, 0x06, 0x46, 0x3C, 0x3C, 0x46, 0x06, 0x0C, 0x0C, 0x06, 0x46, 0x3C, 
   0x0C, 0x0C, 0x0C, 0x7E, 0x4C, 0x2C, 0x1C, 0x0C, 0x7C, 0x46, 0x06, 0x06, 0x7C, 0x60, 0x60, 0x7E, 
   0x3C, 0x66, 0x66, 0x66, 0x7C, 0x60, 0x62, 0x3C, 0x18, 0x18, 0x18, 0x18, 0x0C, 0x06, 0x42, 0x7E, 
   0x3C, 0x66, 0x66, 0x3C, 0x3C, 0x66, 0x66, 0x3C, 0x3C, 0x46, 0x06, 0x3E, 0x66, 0x66, 0x66, 0x3C, 
   0x00, 0x18, 0x00, 0x18, 0x18, 0x18, 0x18, 0x18, 0x00, 0x00, 0x00, 0x00, 0x00, 0x00, 0x00, 0x00, 
   0x04, 0x20, 0x81, 0x44, 0x00, 0x00, 0x00, 0x08, 0x20, 0x81, 0x04, 0x40, 0x00, 0x00, 0x08, 0x10, 
   0x42, 0x08, 0x40, 0x00, 0x00, 0x00, 0x18, 0x42, 0x08, 0x20, 0x00, 0x00, 0x00, 0x18, 0x3C, 0xB6, 
   0xB6, 0xB6, 0x3C, 0x18, 0x00, 0x18, 0x3C, 0xDB, 0xDB, 0xDB, 0x3C, 0x18, 0x00, 0x18, 0x3C, 0x6D, 
   0x6D, 0x6D, 0x3C, 0x18, 0x00, 0x00, 0x42, 0xE7, 0x42, 0x7E, 0x7E, 0x7E, 0x3C, 0x00, 0xA5, 0x42, 
   0xA5, 0x7E, 0x7E, 0x7E, 0x3C, 0x0C, 0x0C, 0x34, 0x00, 0x2A, 0x06, 0xFF, 0xFF, 0xDF, 0x8F, 0x07, 
   0x03, 0x01, 0x00, 0xE8, 0x86, 0xEF, 0xA9, 0x28, 0x85, 0x9B, 0xA9, 0x58, 0x85, 0xE5, 0xA9, 0x42, 
   0x85, 0xA6, 0xA9, 0x07, 0x85, 0x90, 0x4A, 0x85, 0xA3, 0xA9, 0x0F, 0x85, 0x8F, 0xA9, 0x82, 0x85, 
   0x8E, 0xA9, 0x80, 0x85, 0x83, 0x60, 0x10, 0x10, 0x10, 0x12, 0x10, 0x14, 0x12, 0x16, 0x40, 0x20, 
   0x20, 0x00, 0x00, 0x00, 0x00, 0x00, 0x40, 0x20, 0x40, 0x00, 0x40, 0x20, 0x40, 0x7F, 0x7F, 0x7F, 
   0x7F, 0x3F, 0x1F, 0x00, 0x00, 0x00, 0x00, 0x00, 0x00, 0x00, 0x00, 0x00, 0x00, 0xF8, 0x00, 0x00, 
   0x2C, 0xF7, 0xFF, 0x00, 0xA9, 0x00, 0x95, 0x00, 0x9A, 0xE8, 0xD0, 0xFA, 0x20, 0x7A, 0xF6, 0xA2, 
   0x05, 0xBD, 0xA5, 0xF7, 0x45, 0x86, 0x25, 0x87, 0x95, 0x88, 0xE0, 0x04, 0xB0, 0x02, 0x95, 0x06, 
   0xCA, 0x10, 0xEE, 0xA9, 0x03, 0x85, 0x04, 0x85, 0x2C, 0xF9, 0xFF, 0xEA, 0xEA, 0xEA, 0xEA, 0xEA, 
   0xEA, 0x2C, 0xF6, 0xFF, 0xD8, 0xA2, 0xFF, 0x9A, 0xE8, 0x8A, 0x95, 0x00, 0xE8, 0xD0, 0xFB, 0x24, 
   0x0C, 0x30, 0x06, 0x24, 0x0D, 0x30, 0x02, 0xC6, 0x9B, 0xA0, 0x4D, 0x8C, 0x96, 0x02, 0xE6, 0x84, 
   0xA5, 0x84, 0x29, 0x07, 0xD0, 0x02, 0xC6, 0x9A, 0xA5, 0x89, 0xD0, 0x69, 0xAD, 0x80, 0x02, 0x29, 
   0xF0, 0xC9, 0xF0, 0xF0, 0x4B, 0xA4, 0x9B, 0xF0, 0x0A, 0x24, 0x0C, 0x30, 0x43, 0xA9, 0x01, 0x85, 
   0x9B, 0xA9, 0xF0, 0xA2, 0x00, 0x86, 0x81, 0xAA, 0x29, 0x20, 0xD0, 0x14, 0xA5, 0x85, 0xF0, 0x04, 
   0xC9, 0x1E, 0xD0, 0x31, 0xE6, 0x80, 0xA5, 0x80, 0xC9, 0x05, 0xD0, 0x1D, 0xA9, 0x01, 0xD0, 0x17, 
   0x8A, 0x29, 0x10, 0xD0, 0x1B, 0xA5, 0x85, 0xF0, 0x04, 0xC9, 0x1E, 0xD0, 0x18, 0xC6, 0x80, 0xA5, 
   0x80, 0x30, 0x02, 0xD0, 0x04, 0xA9, 0x04, 0x85, 0x80, 0xA9, 0x04, 0x85, 0x86, 0xA9, 0x01, 0x2C, 
   0xA9, 0x00, 0x85, 0x85, 0x2C, 0xE6, 0x85, 0xA5, 0x80, 0xF0, 0x0A, 0x24, 0x0C, 0x30, 0x06, 0xA9, 
   0x02, 0x85, 0x84, 0x85, 0x89, 0x85, 0x02, 0xA2, 0x05, 0xCA, 0xD0, 0xFD, 0x85, 0x12, 0xA9, 0x70, 
   0x85, 0x22, 0x85, 0x14, 0x85, 0x10, 0x85, 0x11, 0xA9, 0x00, 0x85, 0x20, 0xA9, 0x10, 0x85, 0x21, 
   0x85, 0x96, 0x85, 0x13, 0xA9, 0x20, 0x85, 0x23, 0xA9, 0xF0, 0x85, 0x24, 0x85, 0x02, 0x85, 0x2A, 
   0xA9, 0x05, 0x85, 0x0A, 0xA9, 0xFF, 0x85, 0x0D, 0x85, 0x0E, 0x85, 0x0F, 0xA9, 0x0F, 0x85, 0x08, 
   0xA9, 0x01, 0x85, 0x25, 0x85, 0x26, 0xA9, 0x13, 0x85, 0x04, 0x85, 0x05, 0xA9, 0x00, 0x85, 0x06, 
   0x85, 0x07, 0x85, 0x09, 0xAE, 0x84, 0x02, 0xD0, 0xFB, 0x86, 0x02, 0xA5, 0x89, 0xD0, 0x05, 0xA9, 
   0x0F, 0x25, 0x81, 0x4A, 0x85, 0x01, 0x85, 0x02, 0xA9, 0xB8, 0x85, 0x08, 0xA2, 0x23, 0x86, 0x02, 
   0xCA, 0xD0, 0xFB, 0x86, 0x0F, 0xA9, 0x02, 0x85, 0x1F, 0x85, 0x1D, 0x85, 0x1E, 0x85, 0x02, 0xA9, 
   0x7B, 0x85, 0x09, 0x85, 0x02, 0xA9, 0x00, 0x85, 0x1F, 0xA2, 0x04, 0x20, 0xBD, 0xFD, 0x85, 0x02, 
   0x20, 0x90, 0xFD, 0x85, 0x02, 0x85, 0x02, 0x85, 0x02, 0x85, 0x02, 0xA9, 0x00, 0x85, 0x09, 0x85, 
   0x02, 0xA9, 0x78, 0x85, 0x09, 0xA2, 0x0E, 0x85, 0x02, 0xCA, 0xD0, 0xFB, 0xA2, 0x78, 0xA4, 0x80, 
   0xC0, 0x01, 0xD0, 0x04, 0xA9, 0x00, 0xA2, 0x7B, 0x85, 0x09, 0x85, 0x02, 0x86, 0x09, 0x85, 0x02, 
   0xA2, 0x00, 0x20, 0xBD, 0xFD, 0x20, 0x90, 0xFD, 0x85, 0x02, 0xA2, 0x03, 0x85, 0x02, 0xCA, 0xD0, 
   0xFB, 0xA2, 0x78, 0x8A, 0xA4, 0x80, 0xC0, 0x01, 0xF0, 0x06, 0xC0, 0x02, 0xD0, 0x04, 0xA2, 0x7B, 
   0xA9, 0x00, 0x85, 0x09, 0x85, 0x02, 0x86, 0x09, 0x85, 0x02, 0xA2, 0x01, 0xA4, 0x9B, 0xC0, 0x01, 
   0xD0, 0x01, 0xE8, 0x20, 0xBD, 0xFD, 0x20, 0x90, 0xFD, 0xA2, 0x03, 0x85, 0x02, 0xCA, 0xD0, 0xFB, 
   0xA2, 0x78, 0x8A, 0xA4, 0x80, 0xC0, 0x02, 0xF0, 0x06, 0xC0, 0x03, 0xD0, 0x04, 0xA2, 0x7B, 0xA9, 
   0x00, 0x85, 0x09, 0x85, 0x02, 0x86, 0x09, 0x85, 0x02, 0xA2, 0x02, 0xA4, 0x9B, 0x10, 0x02, 0xA2, 
   0x00, 0xC0, 0x01, 0xD0, 0x01, 0xE8, 0x20, 0xBD, 0xFD, 0x20, 0x90, 0xFD, 0xA2, 0x03, 0x85, 0x02, 
   0xCA, 0xD0, 0xFB, 0xA2, 0x78, 0x8A, 0xA4, 0x80, 0xC0, 0x03, 0xF0, 0x06, 0xC0, 0x04, 0xD0, 0x04, 
   0xA2, 0x7B, 0xA9, 0x00, 0x85, 0x09, 0x85, 0x02, 0x86, 0x09, 0x85, 0x02, 0xA2, 0x03, 0xA4, 0x9B, 
   0xF0, 0x08, 0xA2, 0x05, 0xC0, 0xFF, 0xD0, 0x02, 0xA2, 0x01, 0x20, 0xBD, 0xFD, 0x20, 0x90, 0xFD, 
   0xA2, 0x03, 0x85, 0x02, 0xCA, 0xD0, 0xFB, 0xA2, 0x78, 0x8A, 0xA4, 0x80, 0xC0, 0x04, 0xD0, 0x02, 
   0xA9, 0x00, 0x85, 0x09, 0x85, 0x02, 0x86, 0x09, 0xA2, 0x0D, 0x85, 0x02, 0xCA, 0xD0, 0xFB, 0xA2, 
   0x0A, 0xCA, 0xD0, 0xFD, 0x85, 0x14, 0x85, 0x02, 0x86, 0x1D, 0x86, 0x09, 0x85, 0x02, 0xA9, 0xB8, 
   0x85, 0x07, 0x85, 0x02, 0xA9, 0x02, 0x85, 0x1F, 0x85, 0x02, 0xA9, 0xB8, 0x85, 0x09, 0xA9, 0x00, 
   0x85, 0x1E, 0x85, 0x1F, 0xA2, 0x20, 0x85, 0x02, 0xCA, 0xD0, 0xFB, 0xA9, 0x0F, 0x85, 0x08, 0x85, 
   0x09, 0x85, 0x02, 0xA9, 0x00, 0x85, 0x08, 0x85, 0x09, 0x85, 0x02, 0x85, 0x96, 0xEA, 0xA9, 0xFE, 
   0x85, 0x0F, 0xA9, 0x0C, 0x85, 0x06, 0x85, 0x07, 0xA0, 0x07, 0xEA, 0xA2, 0x40, 0x86, 0x20, 0x86, 
   0x21, 0xA5, 0x9A, 0x29, 0x1F, 0xC9, 0x14, 0x86, 0x24, 0x85, 0x14, 0xB0, 0x09, 0xA0, 0x00, 0xC9, 
   0x0C, 0x90, 0x03, 0xE9, 0x0C, 0xA8, 0x84, 0x96, 0x98, 0x49, 0x07, 0x85, 0x98, 0xA9, 0x7D, 0xA2, 
   0x08, 0x85, 0x02, 0x85, 0x2A, 0x38, 0x95, 0x8C, 0xE9, 0x08, 0x95, 0x8A, 0xE9, 0x08, 0xCA, 0xCA, 
   0xCA, 0xCA, 0x10, 0xF2, 0x85, 0x2B, 0x85, 0x2A, 0xA2, 0x00, 0x86, 0x0F, 0x86, 0x08, 0xA9, 0xFD, 
   0x85, 0x8B, 0x85, 0x8D, 0x85, 0x8F, 0x85, 0x91, 0x85, 0x93, 0x85, 0x95, 0x85, 0x02, 0x86, 0x09, 
   0x20, 0x94, 0xFD, 0xA9, 0xC0, 0x85, 0x20, 0x85, 0x21, 0x85, 0x2A, 0xA2, 0x00, 0x86, 0x1B, 0x86, 
   0x1C, 0x86, 0x1B, 0xCA, 0x86, 0x0D, 0x86, 0x0E, 0xD0, 0x03, 0x2C, 0xF9, 0xFF, 0xA2, 0x07, 0x86, 
   0x0F, 0xA9, 0x31, 0x85, 0x0A, 0xA9, 0x01, 0x85, 0x05, 0x85, 0x2B, 0xA9, 0x10, 0x85, 0x24, 0x86, 
   0x1F, 0xBD, 0x50, 0xFD, 0x85, 0x02, 0x85, 0x2A, 0xA8, 0xEA, 0xBD, 0x30, 0xFD, 0x85, 0x1B, 0xBD, 
   0x85, 0xFD, 0x85, 0x08, 0xBD, 0x38, 0xFD, 0x85, 0x1C, 0xBD, 0x40, 0xFD, 0x85, 0x1B, 0xBD, 0x48, 
   0xFD, 0x9A, 0xA2, 0x00, 0x85, 0x1C, 0x84, 0x1B, 0x85, 0x1C, 0x86, 0x08, 0xBA, 0xCA, 0xC6, 0x98, 
   0x10, 0xCF, 0xA2, 0xFF, 0x9A, 0xA9, 0x02, 0x85, 0x01, 0xE8, 0x86, 0x1B, 0x86, 0x1C, 0x86, 0x1B, 
   0x86, 0x05, 0x86, 0x02, 0xA2, 0x39, 0x8E, 0x96, 0x02, 0xE6, 0x82, 0xD0, 0x0E, 0xE6, 0x83, 0xD0, 
   0x0A, 0xE6, 0x81, 0xA5, 0x81, 0x29, 0x04, 0xF0, 0x02, 0x85, 0x81, 0xA6, 0x87, 0xE0, 0xFE, 0xD0, 
   0x04, 0x86, 0x88, 0xE6, 0x87, 0xA5, 0x86, 0xF0, 0x2C, 0x85, 0x15, 0x4A, 0x4A, 0x4A, 0x4A, 0xAA, 
   0xBD, 0x8F, 0xFD, 0xE6, 0x88, 0xC5, 0x88, 0xB0, 0x24, 0xA9, 0x00, 0x85, 0x88, 0xE6, 0x87, 0xBD, 
   0x8C, 0xFD, 0x65, 0x87, 0xAA, 0xBD, 0x8D, 0xFD, 0xF0, 0x0B, 0x85, 0x17, 0x4A, 0x4A, 0x4A, 0x4A, 
   0x85, 0x19, 0x4C, 0xAD, 0xFB, 0x85, 0x19, 0x85, 0x86, 0xA2, 0xFE, 0x86, 0x87, 0x4C, 0xED, 0xFD, 
   0xAD, 0x84, 0x02, 0xD0, 0xFB, 0xA0, 0x02, 0x84, 0x02, 0x84, 0x00, 0x84, 0x02, 0x84, 0x02, 0x84, 
   0x02, 0xA0, 0x00, 0x84, 0x00, 0x4C, 0x49, 0xF8, 0x18, 0x69, 0x2E, 0xA8, 0x29, 0x0F, 0x85, 0xFA, 
   0x98, 0x4A, 0x4A, 0x4A, 0x4A, 0xA8, 0x18, 0x65, 0xFA, 0xC9, 0x0F, 0x90, 0x03, 0xE9, 0x0F, 0xC8, 
   0x49, 0x07, 0x0A, 0x0A, 0x0A, 0x0A, 0x95, 0x20, 0x85, 0x02, 0x88, 0x10, 0xFD, 0x95, 0x10, 0x60, 
   0x00, 0x00, 0x00, 0x00, 0x00, 0x00, 0x00, 0x00, 0x00, 0x00, 0x00, 0x00, 0x00, 0x00, 0x00, 0x00, 
   0x00, 0x0C, 0x0A, 0x0A, 0x0C, 0x0A, 0x0A, 0x0C, 0x00, 0xEA, 0x8A, 0x8A, 0xCC, 0x8A, 0x8A, 0xEC, 
   0x00, 0x95, 0x95, 0xB5, 0xB7, 0xD5, 0xD5, 0x92, 0x00, 0x67, 0x54, 0x54, 0x56, 0x54, 0x54, 0x67, 
   0x00, 0x22, 0x22, 0x22, 0x22, 0x22, 0x22, 0x77, 0x00, 0x70, 0x40, 0x40, 0x60, 0x40, 0x40, 0x70, 
   0x00, 0x07, 0x02, 0x02, 0x02, 0x02, 0x02, 0x07, 0x00, 0x0E, 0x08, 0x08, 0x08, 0x08, 0x08, 0x08, 
   0x00, 0xE4, 0xA4, 0xAA, 0xAA, 0xAA, 0xAA, 0xEA, 0x00, 0xE0, 0x80, 0x80, 0xC0, 0x80, 0x80, 0xE0, 
   0x00, 0x4E, 0x4A, 0x4A, 0x4A, 0xAA, 0xAA, 0xAE, 0x00, 0xE0, 0xA0, 0xA0, 0xA0, 0xA0, 0xA0, 0xA0, 
   0x00, 0x00, 0x00, 0x00, 0x00, 0x00, 0x00, 0x00, 0x00, 0x45, 0x6D, 0x6D, 0x55, 0x45, 0x45, 0x45, 
   0x00, 0x77, 0x44, 0x44, 0x44, 0x44, 0x44, 0x44, 0x00, 0x04, 0x04, 0x04, 0x04, 0x0A, 0x0A, 0x0A, 
   0x00, 0xEE, 0xAA, 0xAA, 0xAA, 0xAA, 0xAA, 0xEA, 0x00, 0x00, 0x00, 0x00, 0x00, 0x00, 0x00, 0x00, 
   0x00, 0x08, 0x08, 0x0A, 0x0A, 0x0D, 0x0D, 0x08, 0x00, 0xAA, 0xAA, 0xAA, 0xBB, 0xAA, 0xAA, 0x93, 
   0x00, 0xA9, 0xA9, 0xA9, 0x31, 0xAA, 0xAA, 0x32, 0x00, 0x02, 0x02, 0x02, 0x02, 0x83, 0x83, 0x82, 
   0x00, 0x2E, 0x28, 0x28, 0xAC, 0x68, 0x68, 0x2E, 0x00, 0x20, 0x00, 0x20, 0x10, 0x50, 0x50, 0x20, 
   0x00, 0x10, 0x38, 0x7C, 0xFE, 0xFE, 0xFE, 0x6C, 0x00, 0x10, 0x38, 0x7C, 0xFE, 0xFE, 0xFE, 0x6C, 
   0x00, 0x10, 0x38, 0x7C, 0xFE, 0xFE, 0xFE, 0x6C, 0x00, 0x10, 0x38, 0x7C, 0xFE, 0xFE, 0xFE, 0x6C, 
   0x00, 0x10, 0x38, 0x7C, 0xFE, 0xFE, 0xFE, 0x6C, 0x00, 0x10, 0x38, 0x7C, 0xFE, 0xFE, 0xFE, 0x6C, 
   0x00, 0x00, 0x00, 0x00, 0x00, 0x00, 0x00, 0x00, 0x00, 0x00, 0x00, 0x00, 0x00, 0x00, 0x00, 0x00, 
   0x00, 0x00, 0x00, 0x00, 0x00, 0x00, 0x00, 0x00, 0x00, 0x00, 0x00, 0x00, 0x00, 0x00, 0x00, 0x00, 
   0x00, 0x65, 0x15, 0x15, 0x26, 0x45, 0x45, 0x35, 0x00, 0x58, 0x54, 0x54, 0x54, 0x54, 0x54, 0x58, 
   0x00, 0x00, 0x00, 0x00, 0x00, 0x00, 0x00, 0x00, 0x00, 0x00, 0x00, 0x00, 0x00, 0x00, 0x00, 0x00, 
   0x61, 0x31, 0x1F, 0x0D, 0x07, 0x03, 0x01, 0x00, 0x75, 0x45, 0x45, 0x45, 0x75, 0x04, 0x7F, 0x00, 
   0x60, 0x70, 0x58, 0x4C, 0x46, 0x43, 0xC1, 0x00, 0xBA, 0x8A, 0xBA, 0xA2, 0x3A, 0x00, 0xFE, 0x00, 
   0xE9, 0xAB, 0xAF, 0xAD, 0xE9, 0x00, 0x00, 0x00, 0x77, 0x55, 0x77, 0x55, 0x77, 0x00, 0x00, 0x00, 
   0x11, 0x11, 0x17, 0x15, 0x17, 0x00, 0x80, 0x80, 0xAA, 0xAA, 0xBA, 0x27, 0x22, 0x00, 0x03, 0x00, 
   0x4B, 0x4A, 0x6B, 0x00, 0x08, 0x00, 0x47, 0x41, 0x77, 0x55, 0x75, 0x00, 0x00, 0x00, 0x00, 0x00, 
   0xF7, 0x95, 0x87, 0x90, 0xF0, 0x84, 0xD6, 0xD6, 0x1A, 0x26, 0x26, 0x44, 0x00, 0x57, 0x00, 0x08, 
   0xA9, 0x07, 0x85, 0x96, 0xA4, 0x96, 0xB1, 0x8A, 0x85, 0x97, 0x85, 0x02, 0xEA, 0xB1, 0x94, 0x85, 
   0x1B, 0xB1, 0x92, 0x85, 0x1C, 0xB1, 0x90, 0x85, 0x1B, 0xB1, 0x8E, 0xAA, 0xB1, 0x8C, 0xA4, 0x97, 
   0x86, 0x1C, 0x85, 0x1B, 0x84, 0x1C, 0x84, 0x1B, 0xC6, 0x96, 0x10, 0xD8, 0x60, 0xA0, 0xFC, 0xA5, 
   0x9B, 0xD0, 0x02, 0xA0, 0xFF, 0xE0, 0x05, 0xD0, 0x01, 0xC8, 0x84, 0x95, 0x84, 0x93, 0x84, 0x91, 
   0x84, 0x8F, 0x84, 0x8D, 0x84, 0x8B, 0xBD, 0xE7, 0xFD, 0xA2, 0x00, 0x38, 0xE9, 0x08, 0x95, 0x8A, 
   0xE8, 0xE8, 0xE0, 0x0C, 0xD0, 0xF5, 0x60, 0x30, 0x60, 0x90, 0xC0, 0xF0, 0x30, 0xA5, 0x89, 0xF0, 
   0x30, 0xA5, 0x84, 0xC9, 0x0F, 0xD0, 0x2A, 0xA2, 0x00, 0xA5, 0x80, 0xC9, 0x01, 0xF0, 0x13, 0xC9, 
   0x02, 0xF0, 0x12, 0xC9, 0x03, 0xF0, 0x11, 0xA9, 0x00, 0x95, 0x00, 0x9A, 0xE8, 0xD0, 0xFA, 0x4C, 
   0x06, 0xF0, 0x4C, 0xFA, 0xFA, 0x4C, 0x00, 0xF0, 0xA9, 0xF0, 0x48, 0xA9, 0x03, 0x48, 0x4C, 0x31, 
   0xF8, 0x4C, 0xB0, 0xFB, 0x4C, 0xF8, 0x4C, 0x00, 0xF0, 0x4C, 0xAB, 0xFB, 0xA5, 0x9B, 0x45, 0x9C, 
   0xA9, 0x00, 0x4C, 0x08, 0xFE, 0x30, 0x85, 0xA4, 0xA0, 0x00, 0x84, 0xF3, 0x84, 0xF8, 0x84, 0xA2, 
   0x84, 0xF4, 0xA5, 0xA0, 0x4A, 0x4A, 0x4A, 0x4A, 0x4A, 0x25, 0xEA, 0xD0, 0x2A, 0xE6, 0x9C, 0xA5, 
   0xF1, 0xF0, 0x07, 0xA5, 0x8F, 0x38, 0xE9, 0x04, 0x85, 0x8F, 0xA2, 0x07, 0xB5, 0xA7, 0x29, 0x10, 
   0xC9, 0x10, 0x76, 0xCF, 0x36, 0xC7, 0x76, 0xBF, 0xB5, 0xBF, 0x29, 0x08, 0xC9, 0x08, 0x76, 0xB7, 
   0x36, 0xAF, 0x76, 0xA7, 0xCA, 0x10, 0xE5, 0x4C, 0x0F, 0xF0, 0xA2, 0x11, 0xA9, 0xF7, 0x8E, 0x8E, 
   0xCA, 0xCA, 0x10, 0xFA, 0xA2, 0x30, 0xA0, 0x07, 0xB9, 0xAB, 0xF7, 0x95, 0xA6, 0xCA, 0x88, 0x10, 
   0xF7, 0x8A, 0xD0, 0xF2, 0x86, 0x9C, 0x4C, 0xB3, 0xF7, 0x18, 0x69, 0x2E, 0xA8, 0x29, 0x0F, 0x85, 
   0xFA, 0x98, 0x4A, 0x4A, 0x4A, 0x4A, 0xA8, 0x18, 0x65, 0xFA, 0xC9, 0x0F, 0x90, 0x03, 0xE9, 0x0F, 
   0xC8, 0x49, 0x07, 0x0A, 0x0A, 0x0A, 0x0A, 0x95, 0x20, 0x85, 0x02, 0x88, 0x10, 0xFD, 0x95, 0x10, 
   0x60, 0xA6, 0xF9, 0xBD, 0xDD, 0xF6, 0x49, 0x07, 0x25, 0x90, 0x60, 0x03, 0x04, 0x05, 0x05, 0x0F, 
   0x07, 0x03, 0x01, 0x01, 0x01, 0x00, 0x40, 0x20, 0x20, 0x00, 0x00, 0x00, 0x00, 0x03, 0x05, 0x06, 
   0x00, 0xAD, 0xA9, 0xE9, 0xA9, 0xED, 0x41, 0x0F, 0x00, 0x50, 0x58, 0x5C, 0x56, 0x53, 0x11, 0xF0, 
   0x00, 0xBA, 0x8A, 0xBA, 0xA2, 0x3A, 0x80, 0xFE, 0x00, 0xE9, 0xAB, 0xAF, 0xAD, 0xE9, 0x00, 0x00, 
   0x00, 0x00, 0x00, 0x00, 0x00, 0x00, 0x00, 0x00, 0x00, 0x11, 0x11, 0x11, 0x19, 0x15, 0x15, 0x19, 
   0x00, 0x24, 0x24, 0x24, 0x26, 0x24, 0x24, 0x77, 0x00, 0x57, 0x54, 0x54, 0x74, 0x54, 0x54, 0x24, 
   0x00, 0x70, 0x40, 0x40, 0x40, 0x40, 0x40, 0x40, 0x00, 0x00, 0x00, 0x00, 0x00, 0x00, 0x00, 0x00, 
   0x00, 0xCA, 0xAA, 0xAA, 0xCE, 0xAA, 0xAA, 0xC4, 0x00, 0xA9, 0xA9, 0xAB, 0xCB, 0xAD, 0xAD, 0xC9, 
   0x00, 0x64, 0x24, 0x24, 0x64, 0x44, 0x44, 0x6E, 0x00, 0x4A, 0xAA, 0xAA, 0xAC, 0xAA, 0xAA, 0x4C, 
   0x00, 0x8A, 0x8A, 0xAA, 0xAA, 0xDA, 0xDA, 0x8A, 0x00, 0x97, 0x95, 0xB5, 0xB5, 0xD4, 0xD4, 0x97, 
   0x00, 0x07, 0x05, 0x05, 0x05, 0x04, 0x04, 0x07, 0x00, 0x55, 0x55, 0x55, 0x67, 0x55, 0x55, 0x62, 
   0x00, 0x4B, 0x4A, 0x5A, 0x5A, 0x6A, 0x6A, 0x4B, 0x00, 0x02, 0x82, 0x82, 0x83, 0x82, 0x82, 0x03, 
   0x00, 0x2A, 0x2A, 0x2A, 0x32, 0xAA, 0xAA, 0x32, 0x00, 0xA0, 0xA0, 0x40, 0x40, 0x40, 0xA0, 0xA0, 
   0x00, 0x1D, 0x11, 0x11, 0x11, 0x11, 0x11, 0x10, 0x00, 0x5D, 0x45, 0x45, 0xDD, 0x51, 0x51, 0x9D, 
   0x00, 0xD4, 0x14, 0x14, 0x98, 0x14, 0x14, 0xD8, 0x00, 0x19, 0x15, 0x15, 0x19, 0x15, 0x15, 0x19, 
   0x00, 0xD5, 0x14, 0x14, 0x1D, 0x15, 0x15, 0x09, 0x00, 0xC8, 0x48, 0x48, 0xC8, 0x08, 0x08, 0xDC, 
   0x00, 0x77, 0x14, 0x14, 0x76, 0x44, 0x44, 0x77, 0x00, 0x77, 0x44, 0x44, 0x46, 0x44, 0x44, 0x47, 
   0x00, 0x72, 0x42, 0x42, 0x42, 0x42, 0x42, 0x77, 0x00, 0x07, 0x04, 0x04, 0x05, 0x04, 0x04, 0x07, 
   0x00, 0xAA, 0xAA, 0xAA, 0xBA, 0x2B, 0x2B, 0x92, 0x00, 0x2E, 0x28, 0xA8, 0xAC, 0x68, 0x68, 0x2E, 
   0x7F, 0x3F, 0x1F, 0x80, 0x80, 0x00, 0x00, 0xEA, 0x02, 0x00, 0x06, 0x00, 0x03, 0xF0, 0x03, 0xF0, 
   0x2C, 0xF8, 0xFF, 0xEA, 0xA9, 0x00, 0x95, 0x00, 0x9A, 0xE8, 0xD0, 0xFA, 0x20, 0x75, 0xFA, 0xA2, 
   0x08, 0xBD, 0xB8, 0xFF, 0x45, 0x87, 0x25, 0x88, 0x95, 0x89, 0xE0, 0x04, 0xB0, 0x02, 0x95, 0x06, 
   0xCA, 0x10, 0xEE, 0xA0, 0x50, 0xA2, 0x90, 0xA5, 0xE3, 0x4A, 0x90, 0x02, 0xA2, 0xA0, 0xA9, 0xF0, 
   0x85, 0xBD, 0xA5, 0x9D, 0xF0, 0x08, 0xA0, 0x60, 0xA2, 0xB0, 0x86, 0xBD, 0x84, 0xBF, 0x86, 0xC1, 
   0x84, 0xC3, 0xA6, 0x94, 0xBD, 0x95, 0xFC, 0x10, 0x04, 0xA5, 0x8D, 0x85, 0x91, 0xA0, 0x00, 0xBD, 
   0xE6, 0xFF, 0x10, 0x29, 0xA5, 0xE9, 0xC9, 0x37, 0xB0, 0x04, 0xC9, 0x21, 0xB0, 0x3A, 0xA5, 0x9E, 
   0xD0, 0x36, 0xA5, 0xD3, 0x4A, 0x4A, 0x48, 0x4A, 0x4A, 0x4A, 0x4A, 0xAA, 0x68, 0x3D, 0x92, 0xFC, 
   0x5D, 0x90, 0xFC, 0x48, 0xA8, 0xB9, 0x06, 0xFC, 0xA8, 0x68, 0x18, 0x69, 0x10, 0x18, 0x84, 0xF4, 
   0x69, 0x06, 0xA8, 0xA2, 0x06, 0xA5, 0x9D, 0x49, 0xFF, 0x85, 0xF6, 0xB9, 0xDE, 0xFB, 0x95, 0xA0, 
   0x05, 0xF6, 0x85, 0x9F, 0x88, 0xCA, 0x10, 0xF3, 0xA2, 0x02, 0xA9, 0x00, 0xA4, 0xD1, 0x30, 0x02, 
   0xB5, 0xE1, 0x20, 0x88, 0xF3, 0x95, 0x95, 0x94, 0x98, 0x86, 0xDB, 0xCA, 0x10, 0xF2, 0xA6, 0xEB, 
   0xBD, 0xD6, 0xFB, 0x85, 0x9B, 0xBD, 0xDA, 0xFB, 0x85, 0x9C, 0xA0, 0x0E, 0xA2, 0x06, 0xB1, 0xBB, 
   0x45, 0x87, 0x25, 0x88, 0x95, 0xA7, 0xB1, 0xB7, 0x95, 0xAE, 0x88, 0xCA, 0x10, 0xF0, 0xAD, 0x84, 
   0x02, 0xD0, 0xFB, 0x85, 0x02, 0x85, 0x2A, 0x85, 0x01, 0x85, 0x2C, 0x85, 0xF8, 0x20, 0x0A, 0xF3, 
   0xA2, 0x03, 0xA0, 0x02, 0x20, 0xB6, 0xF3, 0xE8, 0xA0, 0x08, 0x20, 0xB6, 0xF3, 0xA5, 0x80, 0x85, 
   0xF8, 0xA9, 0x58, 0x85, 0xC5, 0xA4, 0xC7, 0xD0, 0x02, 0x85, 0xC7, 0xA9, 0x50, 0x85, 0xCB, 0x20, 
   0x0A, 0xF3, 0x85, 0x02, 0x85, 0x2A, 0xA9, 0x00, 0x85, 0x26, 0x85, 0x1B, 0x85, 0x1C, 0xA5, 0x8E, 
   0x85, 0x06, 0x85, 0x07, 0xA9, 0x02, 0x85, 0x04, 0x85, 0x05, 0xA5, 0x9B, 0x29, 0x0F, 0xAA, 0xA5, 
   0x9C, 0x29, 0x0F, 0xA8, 0x85, 0x02, 0x85, 0x2A, 0xEA, 0xCA, 0x10, 0xFD, 0x85, 0x10, 0xA5, 0x9B, 
   0x85, 0x20, 0xA5, 0x9C, 0x85, 0x21, 0x88, 0x10, 0xFD, 0x85, 0x11, 0x85, 0x02, 0x85, 0x2A, 0xA9, 
   0x05, 0x85, 0x0A, 0xA0, 0x1F, 0xA5, 0xEB, 0x0A, 0x0A, 0xAA, 0x18, 0xA5, 0xDB, 0x65, 0xDC, 0x85, 
   0xDB, 0x85, 0x2B, 0x90, 0x04, 0xA5, 0xDD, 0x85, 0x24, 0xA9, 0x00, 0xC0, 0x09, 0xB0, 0x05, 0x98, 
   0x4A, 0xB9, 0xC5, 0xFB, 0x85, 0x02, 0x85, 0x2A, 0x85, 0x1B, 0x85, 0x1C, 0xB0, 0x0A, 0xBD, 0xEF, 
   0xF3, 0xE8, 0x85, 0x0D, 0x85, 0x0E, 0x85, 0x0F, 0x88, 0xD0, 0xCF, 0xA6, 0xEB, 0x18, 0xA5, 0xDB, 
   0x65, 0xDC, 0x85, 0xDB, 0x90, 0x02, 0xA4, 0xDD, 0x84, 0x24, 0xA9, 0x01, 0x85, 0x0A, 0xBD, 0xCE, 
   0xFB, 0xBC, 0xD2, 0xFB, 0xA6, 0xD4, 0x85, 0x02, 0x85, 0x2A, 0x85, 0x0E, 0xA5, 0x8E, 0x85, 0x08, 
   0xA9, 0x00, 0x85, 0x1B, 0x85, 0x1C, 0x85, 0x04, 0x85, 0x0D, 0x84, 0x0F, 0x86, 0x05, 0xA2, 0x01, 
   0x18, 0xA5, 0xDB, 0x65, 0xDC, 0x85, 0xDB, 0xA9, 0x00, 0x90, 0x02, 0xA5, 0xDD, 0x85, 0x24, 0x18, 
   0xA5, 0xDB, 0x65, 0xDC, 0x85, 0xDB, 0xA9, 0x00, 0x90, 0x02, 0xA5, 0xDD, 0x85, 0x02, 0x85, 0x2A, 
   0xA0, 0x00, 0x94, 0xF6, 0xB4, 0x98, 0xD0, 0x0A, 0xA0, 0x60, 0x94, 0xF6, 0x95, 0x10, 0x85, 0x24, 
   0xD0, 0x08, 0x88, 0xD0, 0xFD, 0x8D, 0x24, 0x00, 0x95, 0x10, 0x85, 0x02, 0x85, 0x2A, 0xCA, 0x10, 
   0xBF, 0x20, 0xA6, 0xF3, 0xA5, 0x95, 0x85, 0x20, 0xA5, 0x96, 0x85, 0x21, 0x85, 0x02, 0x85, 0x2A, 
   0x20, 0xA6, 0xF3, 0xA5, 0xF6, 0x85, 0x20, 0xA5, 0xF7, 0x85, 0x21, 0xA5, 0xE9, 0x18, 0x65, 0xF2, 
   0x69, 0x15, 0xA8, 0xA5, 0xE5, 0x85, 0x0B, 0x85, 0x02, 0x85, 0x2A, 0x85, 0x2C, 0xA2, 0x14, 0x86, 
   0x25, 0x18, 0xA5, 0xDB, 0x65, 0xDC, 0x85, 0xDB, 0xA9, 0x00, 0x85, 0x2B, 0x90, 0x02, 0xA5, 0xDD, 
   0x85, 0x24, 0x20, 0x72, 0xF3, 0x85, 0x02, 0x85, 0x2A, 0x85, 0x06, 0xCA, 0x10, 0xE3, 0x86, 0x25, 
   0xE8, 0x86, 0x1C, 0xF0, 0x06, 0xA9, 0x00, 0x85, 0x1B, 0xF0, 0x20, 0xA2, 0x17, 0x18, 0xA5, 0xDB, 
   0x65, 0xDC, 0x85, 0xDB, 0xA9, 0x00, 0x90, 0x02, 0xA5, 0xDD, 0x85, 0x24, 0x88, 0xC0, 0x16, 0xB0, 
   0xE4, 0xB1, 0xB5, 0x85, 0x1B, 0xB1, 0xB9, 0x45, 0x87, 0x25, 0x88, 0x85, 0x02, 0x85, 0x2A, 0x85, 
   0x06, 0xA9, 0x00, 0xE4, 0x92, 0xB0, 0x02, 0x85, 0x1F, 0x85, 0x1C, 0xCA, 0x10, 0xCF, 0x20, 0x72, 
   0xF3, 0xA6, 0x02, 0x86, 0x85, 0x85, 0x02, 0x85, 0x2A, 0x85, 0x06, 0xA5, 0x90, 0x85, 0x08, 0xA2, 
   0xFF, 0x86, 0x0D, 0x86, 0x0E, 0x86, 0x0F, 0xA5, 0x91, 0x85, 0x09, 0xE8, 0x86, 0x1C, 0xA2, 0x06, 
   0x20, 0x72, 0xF3, 0x85, 0x02, 0x85, 0x2A, 0x85, 0x06, 0xB5, 0xA7, 0x85, 0x07, 0xB5, 0xAE, 0x85, 
   0x1C, 0xB5, 0xA0, 0x85, 0x0F, 0xCA, 0x10, 0xE8, 0x98, 0x38, 0xE9, 0x08, 0x85, 0xF6, 0xA2, 0x00, 
   0xA0, 0x07, 0xA9, 0x00, 0x85, 0x1B, 0xB1, 0xBB, 0x45, 0x87, 0x25, 0x88, 0x85, 0x02, 0x85, 0x2A, 
   0x85, 0x07, 0xB1, 0xB7, 0x85, 0x1C, 0x88, 0x30, 0x07, 0xB5, 0xA0, 0x85, 0x0F, 0xE8, 0xD0, 0xE2, 
   0xA9, 0x00, 0x85, 0x1B, 0xA6, 0x9A, 0xD0, 0x02, 0xA9, 0x60, 0x85, 0xF8, 0xA5, 0x07, 0x0A, 0xA5, 
   0x02, 0x6A, 0x85, 0x86, 0xA5, 0xE6, 0x85, 0x0C, 0xA5, 0x9D, 0x29, 0x04, 0x49, 0x25, 0xAA, 0xA4, 
   0x8F, 0xA5, 0x8D, 0x85, 0x02, 0x85, 0x2A, 0x4C, 0x05, 0xF4, 0x85, 0x02, 0x85, 0x2A, 0xA5, 0x89, 
   0x85, 0x06, 0x85, 0x07, 0xA0, 0x00, 0x84, 0x0B, 0x84, 0x0C, 0xA2, 0x13, 0x86, 0x04, 0x85, 0x10, 
   0x85, 0x11, 0x86, 0x21, 0x85, 0x02, 0x85, 0x2A, 0x86, 0x05, 0xC8, 0x84, 0x0A, 0xA9, 0x07, 0x85, 
   0x25, 0x85, 0x26, 0x85, 0xF7, 0x85, 0x2B, 0x20, 0x9F, 0xF3, 0xA5, 0xF8, 0xA4, 0xF7, 0xB1, 0xCF, 
   0x85, 0xF6, 0xB1, 0xCD, 0xAA, 0xB1, 0xC5, 0x05, 0xF8, 0x85, 0x2A, 0x85, 0x1B, 0xB1, 0xC7, 0x85, 
   0x1C, 0xB1, 0xC9, 0x85, 0x1B, 0xB1, 0xCB, 0xA4, 0xF6, 0x85, 0x1C, 0x86, 0x1B, 0x84, 0x1C, 0x85, 
   0x1B, 0xC6, 0xF7, 0x10, 0xD7, 0x85, 0x02, 0x85, 0x2A, 0xA9, 0x00, 0x85, 0x1B, 0x85, 0x1C, 0x85, 
   0x1B, 0x60, 0x88, 0xC0, 0x16, 0xB0, 0x0B, 0xB1, 0xB5, 0x85, 0x1B, 0xB1, 0xB9, 0x45, 0x87, 0x25, 
   0x88, 0x60, 0xA9, 0x00, 0x85, 0x1B, 0xF0, 0xF9, 0xA8, 0xC8, 0x98, 0x29, 0x0F, 0x85, 0xF6, 0x98, 
   0x4A, 0x4A, 0x4A, 0x4A, 0xA8, 0x18, 0x65, 0xF6, 0xC9, 0x0F, 0x90, 0x03, 0xE9, 0x0F, 0xC8, 0x49, 
   0x07, 0x0A, 0x0A, 0x0A, 0x0A, 0x60, 0x18, 0xA5, 0xDB, 0x65, 0xDC, 0x85, 0xDB, 0xA9, 0x00, 0x90, 
   0x02, 0xA5, 0xDD, 0x85, 0x24, 0x60, 0xB5, 0xD5, 0x29, 0xF0, 0x4A, 0x99, 0xC5, 0x00, 0xB5, 0xD5, 
   0x29, 0x0F, 0x0A, 0x0A, 0x0A, 0x99, 0xC7, 0x00, 0x85, 0x02, 0x85, 0x2A, 0x60, 0xA9, 0x07, 0x85, 
   0x16, 0xA9, 0x99, 0xF8, 0x18, 0x65, 0xD7, 0x85, 0xD7, 0xA5, 0xD6, 0xE9, 0x00, 0x85, 0xD6, 0xA5, 
   0xD5, 0xE9, 0x00, 0xB0, 0x06, 0xA9, 0x00, 0x85, 0xD6, 0x85, 0xD7, 0x85, 0xD5, 0xD8, 0x60, 0xFF, 
   0xCF, 0x83, 0x01, 0x7F, 0x3D, 0x18, 0x00, 0xFF, 0xFE, 0xBC, 0x18, 0xFE, 0xFC, 0x78, 0x30, 0xA9, 
   0x00, 0x85, 0x1B, 0xF0, 0x29, 0x85, 0x09, 0x84, 0x08, 0xA9, 0x00, 0x85, 0x1C, 0xA9, 0xFF, 0x85, 
   0x0E, 0xA5, 0x9F, 0x85, 0x0F, 0x86, 0x0A, 0xA4, 0xF6, 0xA9, 0x90, 0x8D, 0x24, 0x00, 0xC0, 0x16, 
   0x85, 0x14, 0xB0, 0xDB, 0xB1, 0xB5, 0x85, 0x1B, 0xB1, 0xB9, 0x45, 0x87, 0x25, 0x88, 0xA6, 0x9A, 
   0x85, 0x02, 0x85, 0x2A, 0x85, 0x06, 0xF0, 0x00, 0xF0, 0x00, 0xA9, 0x00, 0x85, 0x1C, 0xCA, 0x10, 
   0xFD, 0x8D, 0x11, 0x00, 0x85, 0x2B, 0x85, 0x02, 0x85, 0x2A, 0x88, 0xC0, 0x16, 0xB0, 0x0C, 0xB1, 
   0xB9, 0x45, 0x87, 0x25, 0x88, 0x85, 0x06, 0xB1, 0xB5, 0x85, 0x1B, 0xA9, 0x00, 0x85, 0x1C, 0xA5, 
   0x97, 0x85, 0x21, 0xA2, 0x0B, 0x88, 0x88, 0xC0, 0x16, 0xB0, 0x2A, 0xB1, 0xB5, 0x85, 0x1B, 0xB1, 
   0xB9, 0x45, 0x87, 0x25, 0x88, 0x85, 0x02, 0x85, 0x2A, 0x85, 0x06, 0xA9, 0x00, 0x85, 0x1C, 0xBD, 
   0x95, 0xFC, 0x25, 0x9D, 0x85, 0x1F, 0xCA, 0x30, 0x18, 0xA5, 0xF8, 0x85, 0x2B, 0x85, 0x21, 0xA9, 
   0x0F, 0x85, 0xF8, 0xD0, 0xD1, 0xA9, 0x00, 0x85, 0x1B, 0xF0, 0xDA, 0xA9, 0x00, 0x85, 0x1B, 0xF0, 
   0x11, 0x88, 0x84, 0xF6, 0xC0, 0x16, 0xB0, 0xF3, 0xB1, 0xB5, 0x85, 0x1B, 0xB1, 0xB9, 0x45, 0x87, 
   0x25, 0x88, 0xA0, 0x0F, 0x85, 0xF7, 0xB1, 0xBD, 0xA2, 0x00, 0x86, 0x05, 0x85, 0x02, 0x85, 0x2A, 
   0x85, 0x1C, 0xA5, 0xF7, 0x85, 0x06, 0x86, 0x0D, 0xA9, 0x62, 0x25, 0x88, 0x85, 0x07, 0x86, 0x0E, 
   0x86, 0x0F, 0xA5, 0x9D, 0x85, 0x1F, 0x88, 0x84, 0xF7, 0xA6, 0xF6, 0xCA, 0x8A, 0xA8, 0xC0, 0x16, 
   0xB0, 0x55, 0xB1, 0xB5, 0x85, 0x1B, 0xB1, 0xB9, 0x45, 0x87, 0x25, 0x88, 0xA4, 0xF7, 0x85, 0x2A, 
   0x85, 0x06, 0xB1, 0xBD, 0x85, 0x1C, 0xB1, 0xBF, 0x25, 0x88, 0x85, 0x07, 0xB9, 0x95, 0xFC, 0x25, 
   0x9D, 0x85, 0x1F, 0xC6, 0xF7, 0x10, 0xD4, 0xEA, 0xCA, 0x8A, 0xA8, 0xC0, 0x16, 0xB0, 0x2F, 0xB1, 
   0xB5, 0x85, 0x1B, 0xB1, 0xB9, 0x45, 0x87, 0x25, 0x88, 0xA4, 0xF8, 0x85, 0x2A, 0x85, 0x06, 0xB1, 
   0xC1, 0x85, 0x1C, 0xB1, 0xC3, 0x25, 0x88, 0x85, 0x07, 0xB9, 0x95, 0xFC, 0x25, 0x9D, 0x8D, 0x1F, 
   0x00, 0xC6, 0xF8, 0x10, 0xD3, 0x30, 0x0F, 0xA9, 0x00, 0x85, 0x1B, 0xEA, 0xF0, 0xAA, 0xA9, 0x00, 
   0x85, 0x1B, 0xEA, 0xEA, 0xF0, 0xCF, 0xA2, 0xFF, 0x85, 0x02, 0x85, 0x2A, 0x86, 0x0D, 0x86, 0x0E, 
   0x86, 0x0F, 0xE8, 0x86, 0x1F, 0x86, 0x1B, 0x86, 0x1C, 0x86, 0x1B, 0x86, 0xF8, 0xA0, 0x08, 0xA5, 
   0x9E, 0xA6, 0xE0, 0xF0, 0x02, 0xA9, 0x00, 0x4A, 0x4A, 0x4A, 0xC9, 0x14, 0xB0, 0x09, 0xA0, 0x00, 
   0xC9, 0x0C, 0x90, 0x03, 0xE9, 0x0C, 0xA8, 0x98, 0x18, 0x69, 0xA8, 0xA2, 0x0A, 0x85, 0x02, 0x85, 
   0x2A, 0x95, 0xC5, 0x38, 0xE9, 0x10, 0xCA, 0xCA, 0x10, 0xF3, 0xA5, 0x8D, 0x85, 0x08, 0x20, 0x0A, 
   0xF3, 0xA5, 0x9E, 0xF0, 0x06, 0xC6, 0x9E, 0xD0, 0x02, 0xC6, 0x9E, 0xA9, 0x3C, 0xA2, 0x82, 0x85, 
   0x02, 0x8D, 0x96, 0x02, 0x86, 0x01, 0xA5, 0xE0, 0xC9, 0x52, 0xD0, 0x2A, 0xA5, 0x80, 0xF0, 0x26, 
   0x0A, 0x0A, 0x85, 0x80, 0xA9, 0x00, 0x85, 0xE5, 0x85, 0x9E, 0x85, 0x2C, 0xA0, 0xDF, 0x84, 0xE8, 
   0xA9, 0x14, 0x85, 0xE1, 0xA2, 0x20, 0xA5, 0xE9, 0xC9, 0x47, 0x90, 0x06, 0xA0, 0x40, 0xA9, 0x4C, 
   0x85, 0xE3, 0x86, 0xE7, 0x84, 0xE9, 0xA0, 0x00, 0xA6, 0xE0, 0xF0, 0x15, 0xE6, 0xF3, 0xA5, 0xF3, 
   0x29, 0x03, 0xD0, 0x02, 0xE6, 0xE0, 0xBD, 0x35, 0xFC, 0x10, 0x02, 0x84, 0xE0, 0x85, 0x17, 0xA0, 
   0x01, 0x84, 0x15, 0xA9, 0x04, 0x85, 0x19, 0xA5, 0xEC, 0xD0, 0x46, 0xA5, 0xE9, 0xC9, 0x20, 0xD0, 
   0x40, 0xA6, 0x94, 0xE0, 0x04, 0xD0, 0x07, 0x24, 0xD3, 0x10, 0x09, 0xCA, 0xD0, 0x06, 0xE0, 0x03, 
   0x90, 0x02, 0xA2, 0x02, 0x8A, 0x0A, 0x0A, 0x0A, 0xAA, 0xA0, 0x03, 0xBD, 0xD7, 0xFC, 0xF0, 0x21, 
   0x18, 0x65, 0xF4, 0xC5, 0xE1, 0xB0, 0x0A, 0xBD, 0xD8, 0xFC, 0x38, 0xE5, 0xF4, 0xC5, 0xE1, 0xB0, 
   0x07, 0xE8, 0xE8, 0x88, 0x10, 0xE5, 0x30, 0x09, 0xE6, 0xE9, 0xA2, 0x20, 0x86, 0xE7, 0xCA, 0x86, 
   0xE8, 0xA5, 0xF5, 0xD0, 0x13, 0x24, 0x85, 0x50, 0x0F, 0xA5, 0xE7, 0xF0, 0x0B, 0xA6, 0xEA, 0xD0, 
   0x07, 0x86, 0xE7, 0xE8, 0x86, 0xEA, 0x86, 0xE0, 0xAD, 0x84, 0x02, 0xD0, 0xFB, 0x85, 0x16, 0xA0, 
   0x82, 0x84, 0x02, 0x84, 0x00, 0x84, 0x02, 0x84, 0x02, 0x84, 0x02, 0x85, 0x00, 0xE6, 0xD2, 0xD0, 
   0x07, 0xE6, 0xD1, 0xD0, 0x03, 0x38, 0x66, 0xD1, 0xA0, 0xFF, 0xAD, 0x82, 0x02, 0x29, 0x08, 0xD0, 
   0x02, 0xA0, 0x0F, 0x98, 0xA0, 0x00, 0x24, 0xD1, 0x10, 0x04, 0x29, 0xF7, 0xA4, 0xD1, 0x84, 0x87, 
   0x06, 0x87, 0x85, 0x88, 0xA9, 0x4F, 0x85, 0x02, 0x8D, 0x96, 0x02, 0xAD, 0x80, 0x02, 0x4A, 0x4A, 
   0x4A, 0x4A, 0x85, 0x83, 0xC9, 0x0F, 0xF0, 0x0C, 0xA2, 0x00, 0x86, 0xD1, 0xA5, 0xD8, 0xC9, 0x20, 
   0xD0, 0x02, 0x86, 0x9E, 0xAD, 0x82, 0x02, 0x4A, 0xB0, 0x05, 0xA2, 0xD1, 0x4C, 0x04, 0xF0, 0xA5, 
   0x9E, 0xF0, 0x03, 0x4C, 0xDC, 0xF9, 0xE6, 0xD3, 0xA5, 0x82, 0x0A, 0x45, 0x82, 0x0A, 0x26, 0x82, 
   0xA5, 0xEC, 0xD0, 0x43, 0xA6, 0xE7, 0xF0, 0x3F, 0xA5, 0xE9, 0x38, 0xFD, 0xCA, 0xFE, 0x85, 0xE9, 
   0xE6, 0xE7, 0xA5, 0xE7, 0xC9, 0x21, 0x90, 0x04, 0xA9, 0x20, 0x85, 0xE7, 0xA6, 0xE9, 0xE0, 0x20, 
   0xF0, 0x1F, 0xA4, 0x9D, 0xF0, 0x0D, 0xE0, 0x22, 0xD0, 0x09, 0xA9, 0x53, 0x85, 0xE0, 0xA9, 0x00, 
   0x20, 0xD3, 0xF3, 0xE0, 0x56, 0xF0, 0x0A, 0xE0, 0x36, 0xD0, 0x0C, 0x98, 0xD0, 0x09, 0x4C, 0xCC, 
   0xFC, 0xA9, 0x00, 0x85, 0xE7, 0x85, 0xF5, 0xC6, 0xDA, 0x10, 0x1F, 0xA9, 0x3B, 0x85, 0xDA, 0xF8, 
   0xA5, 0xD9, 0x38, 0xE9, 0x01, 0xB0, 0x02, 0xA9, 0x59, 0x85, 0xD9, 0xA5, 0xD8, 0xE9, 0x00, 0x85, 
   0xD8, 0xD8, 0xA5, 0xD8, 0x05, 0xD9, 0xD0, 0x02, 0xC6, 0x9E, 0xA5, 0x07, 0x30, 0x06, 0xA9, 0x00, 
   0x85, 0xF2, 0xF0, 0x65, 0xA5, 0xE9, 0xC9, 0x40, 0xB0, 0x62, 0xA5, 0xEA, 0xD0, 0x5B, 0xA5, 0x94, 
   0xC9, 0x04, 0xF0, 0x55, 0xC9, 0x05, 0xD0, 0x29, 0x20, 0xA9, 0xFC, 0xD0, 0x4C, 0x95, 0xED, 0xC6, 
   0xF1, 0x10, 0x02, 0xC6, 0x9E, 0xA5, 0x93, 0x29, 0x03, 0x0A, 0x0A, 0x0A, 0x0A, 0x69, 0x20, 0xF8, 
   0x65, 0xD6, 0x85, 0xD6, 0xA9, 0x00, 0x65, 0xD5, 0x85, 0xD5, 0xD8, 0xA9, 0x25, 0x85, 0xE0, 0xD0, 
   0x28, 0xA5, 0x93, 0xC9, 0x06, 0x90, 0x03, 0x4C, 0xCC, 0xFC, 0xA5, 0xEC, 0xF0, 0x04, 0xE6, 0xEC, 
   0xD0, 0x14, 0xA5, 0xE9, 0xC9, 0x21, 0xB0, 0x11, 0xA9, 0x05, 0x85, 0xF2, 0xA5, 0x93, 0x29, 0x04, 
   0xD0, 0x04, 0xA9, 0x0F, 0x85, 0x83, 0x20, 0xCD, 0xF3, 0x4C, 0xD0, 0xF7, 0xA5, 0xBD, 0xC9, 0xB0, 
   0xD0, 0xD5, 0xA9, 0x01, 0x85, 0x16, 0xA5, 0xE1, 0xC9, 0x8C, 0xB0, 0x08, 0xC9, 0x0D, 0x90, 0x0A, 
   0xC9, 0x50, 0xB0, 0x06, 0xE6, 0xE1, 0xA2, 0x07, 0xD0, 0x04, 0xC6, 0xE1, 0xA2, 0x0B, 0x86, 0xE8, 
   0xA5, 0xDF, 0x0A, 0xA5, 0xDE, 0x2A, 0x10, 0x02, 0x49, 0xFF, 0x85, 0xDC, 0xA0, 0xF0, 0xA5, 0xDE, 
   0x30, 0x02, 0xA0, 0x10, 0x84, 0xDD, 0x38, 0xA9, 0x8F, 0xE5, 0xDC, 0x18, 0x65, 0xDF, 0x85, 0xDF, 
   0x90, 0x06, 0xA5, 0xDE, 0x69, 0x03, 0x85, 0xDE, 0xA5, 0xDC, 0x4A, 0x4A, 0x4A, 0xC9, 0x05, 0xB0, 
   0x02, 0xA9, 0x06, 0x69, 0x04, 0x85, 0x92, 0xA5, 0xE7, 0xF0, 0x04, 0xC9, 0x03, 0x90, 0x21, 0x05, 
   0xEC, 0x05, 0xF2, 0x05, 0xEA, 0xD0, 0x1D, 0xA5, 0x0C, 0x29, 0x80, 0xC5, 0x84, 0x85, 0x84, 0xF0, 
   0x13, 0xAA, 0x30, 0x10, 0xA9, 0x01, 0x85, 0xE7, 0x85, 0xD1, 0xA9, 0x20, 0x85, 0xE0, 0xC6, 0xE9, 
   0xA5, 0x83, 0x85, 0xE8, 0xA5, 0xEA, 0xF0, 0x18, 0xA5, 0x83, 0x29, 0x02, 0xD0, 0x12, 0x85, 0xEA, 
   0xA9, 0x10, 0x85, 0xE7, 0x85, 0xF5, 0xA0, 0x07, 0xA5, 0xDD, 0x30, 0x02, 0xA0, 0x0B, 0x84, 0xE8, 
   0xA5, 0xEC, 0xD0, 0x30, 0xA5, 0x9D, 0xF0, 0x2C, 0xA5, 0xE1, 0x38, 0xE9, 0x44, 0xC9, 0x0F, 0xB0, 
   0x23, 0xA5, 0xE9, 0xC9, 0x54, 0x90, 0x09, 0xA5, 0x83, 0x4A, 0xB0, 0x04, 0xA9, 0x15, 0xD0, 0x0E, 
   0xA5, 0xE9, 0xC9, 0x20, 0xD0, 0x0E, 0xA5, 0x83, 0x29, 0x02, 0xD0, 0x08, 0xA9, 0x0C, 0x85, 0xEC, 
   0xA9, 0x4C, 0x85, 0xE1, 0xA5, 0xEA, 0xF0, 0x17, 0xA5, 0xDC, 0x4A, 0x4A, 0x18, 0xA4, 0xDD, 0x30, 
   0x03, 0x49, 0xFF, 0x38, 0x69, 0x4B, 0x85, 0xE1, 0xA9, 0x29, 0x38, 0xE5, 0x92, 0x85, 0xE9, 0xA5, 
   0xEC, 0xF0, 0x3D, 0xA9, 0x00, 0x85, 0xE7, 0xA5, 0xD3, 0x29, 0x07, 0xD0, 0x28, 0xA5, 0x83, 0x4A, 
   0xB0, 0x02, 0xC6, 0xEC, 0x4A, 0xB0, 0x02, 0xE6, 0xEC, 0xA5, 0xEC, 0xC9, 0x0B, 0xB0, 0x06, 0xA9, 
   0x0F, 0x85, 0xE8, 0xA9, 0x0B, 0xC9, 0x16, 0x90, 0x0A, 0xA9, 0x00, 0xA2, 0x05, 0x86, 0xE4, 0xA2, 
   0x56, 0x86, 0xE9, 0x85, 0xEC, 0xA5, 0xEC, 0xF0, 0x07, 0x0A, 0x38, 0x2A, 0x69, 0x01, 0x85, 0xE9, 
   0xA5, 0xEA, 0xD0, 0x63, 0xA5, 0xEC, 0xC9, 0x0C, 0xB0, 0x5D, 0xA5, 0xD3, 0x29, 0x03, 0xAA, 0x4A, 
   0xB0, 0x55, 0xA5, 0xE8, 0xA4, 0xE7, 0xD0, 0x02, 0xA5, 0x83, 0x4A, 0x4A, 0x4A, 0xB0, 0x0F, 0xC6, 
   0xE1, 0xA0, 0x08, 0x84, 0xE5, 0xE0, 0x00, 0xD0, 0x02, 0xC6, 0xE4, 0x4C, 0x1D, 0xF9, 0x4A, 0xB0, 
   0x0C, 0xE6, 0xE1, 0xA0, 0x00, 0x84, 0xE5, 0xE0, 0x00, 0xD0, 0x02, 0xC6, 0xE4, 0xA2, 0x00, 0xA5, 
   0xE9, 0xC9, 0x40, 0x90, 0x02, 0xA2, 0x02, 0xA5, 0xE1, 0xC9, 0x08, 0xB0, 0x07, 0x20, 0xAB, 0xFA, 
   0xA9, 0x94, 0x85, 0xE1, 0xC9, 0x95, 0x90, 0x07, 0x20, 0xAD, 0xFE, 0xA9, 0x08, 0x85, 0xE1, 0xA5, 
   0xE4, 0x10, 0x04, 0xA9, 0x04, 0x85, 0xE4, 0xA5, 0x9D, 0xD0, 0x1D, 0xA2, 0x00, 0xA5, 0xE1, 0x38, 
   0xE5, 0xE3, 0xF0, 0x14, 0xB0, 0x02, 0xA2, 0x08, 0xA5, 0xD3, 0x29, 0x07, 0xD0, 0x08, 0xE6, 0xE3, 
   0xB0, 0x04, 0xC6, 0xE3, 0xC6, 0xE3, 0x86, 0xE6, 0xA5, 0xEC, 0xC9, 0x0B, 0xD0, 0x17, 0xA5, 0x83, 
   0x29, 0x0C, 0xC9, 0x0C, 0xF0, 0x0F, 0xA5, 0x83, 0x85, 0xE8, 0xA9, 0x01, 0x85, 0xE7, 0x4A, 0x85, 
   0xEC, 0xA9, 0x1F, 0x85, 0xE9, 0xA6, 0xE4, 0xA5, 0x83, 0x29, 0x0C, 0xC9, 0x0C, 0xD0, 0x02, 0xA2, 
   0x05, 0xA5, 0xE9, 0xC9, 0x1F, 0xD0, 0x04, 0xA2, 0x03, 0xD0, 0x16, 0xC9, 0x56, 0xF0, 0x12, 0xC9, 
   0x20, 0xF0, 0x0E, 0xA2, 0x00, 0x90, 0x0A, 0xC9, 0x3C, 0xB0, 0x06, 0xA5, 0xEC, 0xD0, 0x02, 0xA2, 
   0x05, 0xA5, 0xEA, 0xF0, 0x02, 0xA2, 0x06, 0xA5, 0xEC, 0xF0, 0x06, 0x29, 0x01, 0x18, 0x69, 0x07, 
   0xAA, 0xA5, 0xF2, 0xF0, 0x02, 0xA2, 0x00, 0x86, 0xE4, 0xBD, 0xC2, 0xFE, 0x85, 0xB5, 0xA9, 0xFB, 
   0x85, 0xB6, 0xA9, 0x21, 0xE0, 0x07, 0x90, 0x02, 0xA9, 0x0B, 0x85, 0xB9, 0xA5, 0x93, 0xAA, 0xA4, 
   0x94, 0xB9, 0xA1, 0xFC, 0x85, 0x1F, 0xC0, 0x05, 0xD0, 0x10, 0x20, 0xA9, 0xFC, 0xF0, 0x04, 0xA2, 
   0x0C, 0xD0, 0x07, 0xA5, 0x93, 0x29, 0x03, 0x09, 0x08, 0xAA, 0xA5, 0x82, 0x3D, 0xD9, 0xFF, 0x85, 
   0xF6, 0xBD, 0xEB, 0xFE, 0x18, 0x65, 0xF6, 0x85, 0xB7, 0xBD, 0xCD, 0xFF, 0x85, 0xD4, 0xBD, 0xC1, 
   0xFF, 0x85, 0xBB, 0xA4, 0x94, 0xB9, 0xEE, 0xFF, 0xF0, 0x16, 0xA9, 0x60, 0x24, 0xD3, 0x10, 0x02, 
   0xA9, 0x70, 0x85, 0xB7, 0xA9, 0x30, 0x85, 0xBB, 0xA5, 0x93, 0x85, 0x1F, 0xA9, 0x03, 0x85, 0xD4, 
   0xA5, 0x9E, 0xD0, 0x2C, 0xB9, 0xEE, 0xFF, 0xD0, 0x27, 0xC0, 0x05, 0xF0, 0x23, 0xA5, 0xE2, 0x0A, 
   0x0A, 0x0A, 0x29, 0x30, 0xC9, 0x30, 0x29, 0x10, 0x65, 0xB7, 0x85, 0xB7, 0xA5, 0xD3, 0x4A, 0xB0, 
   0x0F, 0xA5, 0x93, 0xC9, 0x04, 0xB0, 0x09, 0xA6, 0xE2, 0xD0, 0x02, 0xA2, 0xA0, 0xCA, 0x86, 0xE2, 
   0x20, 0xBF, 0xFC, 0xE8, 0xB5, 0xC5, 0xD0, 0x0A, 0xA9, 0x58, 0x95, 0xC5, 0xE8, 0xE8, 0xE0, 0x09, 
   0x90, 0xF2, 0x4C, 0x0F, 0xF0, 0xA2, 0x01, 0x86, 0x82, 0xA9, 0x04, 0x95, 0x19, 0xA9, 0x10, 0x95, 
   0x17, 0xCA, 0x10, 0xF5, 0x86, 0x9E, 0x85, 0xE1, 0x0A, 0x85, 0xE9, 0x85, 0xD6, 0x85, 0xD8, 0xA2, 
   0x1B, 0xBD, 0x91, 0xFE, 0x95, 0xB5, 0xCA, 0x10, 0xF8, 0xA9, 0x3B, 0x85, 0xDA, 0xA9, 0x1F, 0x85, 
   0xF1, 0xA9, 0xA0, 0x85, 0x80, 0xA9, 0xC4, 0x85, 0x81, 0xD0, 0x13, 0xA5, 0x81, 0x0A, 0x45, 0x81, 
   0x0A, 0x45, 0x81, 0x0A, 0x0A, 0x2A, 0x45, 0x81, 0x4A, 0x66, 0x81, 0xCA, 0x10, 0xED, 0xA9, 0x7C, 
   0x85, 0xE2, 0xA5, 0x81, 0x4A, 0x4A, 0x4A, 0x48, 0x29, 0x07, 0x85, 0x94, 0x68, 0x4A, 0x4A, 0x4A, 
   0x85, 0xEB, 0xA5, 0x81, 0x29, 0x07, 0x85, 0x93, 0xA2, 0x4C, 0xA0, 0x00, 0xA5, 0x94, 0xC9, 0x02, 
   0xB0, 0x0B, 0xA0, 0xFF, 0xA2, 0x11, 0xA5, 0x81, 0x0A, 0x90, 0x02, 0xA2, 0x88, 0x84, 0x9D, 0x86, 
   0xE3, 0xA6, 0x94, 0xBD, 0xEE, 0xFF, 0xF0, 0x04, 0xA9, 0x3C, 0x85, 0xE2, 0x60, 0x4C, 0x04, 0xF0, 
   0x00, 0x00, 0x00, 0x00, 0x00, 0x33, 0x72, 0xDA, 0x1E, 0x1C, 0x18, 0x58, 0x58, 0x7C, 0x3E, 0x1A, 
   0x18, 0x10, 0x18, 0x18, 0x18, 0x00, 0x00, 0x80, 0x80, 0xC3, 0x62, 0x62, 0x36, 0x3E, 0x1C, 0x18, 
   0x18, 0x3C, 0x3E, 0x3A, 0x38, 0x18, 0x18, 0x10, 0x18, 0x18, 0x18, 0x00, 0x10, 0x20, 0x22, 0x24, 
   0x34, 0x32, 0x16, 0x1E, 0x1C, 0x18, 0x18, 0x1C, 0x1C, 0x18, 0x18, 0x18, 0x18, 0x10, 0x18, 0x18, 
   0x18, 0x00, 0x0C, 0x08, 0x28, 0x28, 0x3E, 0x0A, 0x0E, 0x1C, 0x18, 0x18, 0x1C, 0x1C, 0x18, 0x18, 
   0x18, 0x18, 0x18, 0x10, 0x18, 0x18, 0x18, 0x00, 0x00, 0x02, 0x43, 0x44, 0x74, 0x14, 0x1C, 0x1C, 
   0x18, 0x18, 0x18, 0x3C, 0x3E, 0x3A, 0x38, 0x18, 0x18, 0x10, 0x18, 0x18, 0x18, 0x00, 0x18, 0x10, 
   0x1C, 0x18, 0x18, 0x18, 0x18, 0x18, 0x18, 0x18, 0x18, 0x18, 0x1C, 0x1E, 0x1A, 0x18, 0x18, 0x10, 
   0x18, 0x18, 0x18, 0x00, 0x00, 0x00, 0x00, 0x00, 0x00, 0x00, 0x63, 0xF2, 0xF6, 0xDC, 0xC0, 0xC0, 
   0xC0, 0xC0, 0xC0, 0xF0, 0xD0, 0x90, 0xD0, 0xD0, 0xC0, 0x00, 0x30, 0x10, 0x10, 0x10, 0x16, 0x14, 
   0x14, 0x16, 0x12, 0x16, 0x1E, 0x1C, 0x18, 0x38, 0x38, 0x3C, 0x1E, 0x1A, 0x02, 0x18, 0x18, 0x18, 
   0x0C, 0x08, 0x08, 0x08, 0x68, 0x28, 0x28, 0x68, 0x48, 0x68, 0x78, 0x38, 0x18, 0x1C, 0x1C, 0x3C, 
   0x78, 0x58, 0x40, 0x18, 0x18, 0x18, 0x7E, 0xDB, 0x99, 0x99, 0x99, 0x99, 0x99, 0x99, 0x80, 0x20, 
   0x08, 0x04, 0x01, 0x04, 0x10, 0x20, 0x43, 0xC3, 0x34, 0xF4, 0xF2, 0x72, 0x00, 0x40, 0x7F, 0x7F, 
   0x7F, 0xFF, 0xFF, 0xFF, 0xFF, 0xFF, 0x78, 0x78, 0x78, 0xFF, 0xFF, 0xFF, 0xFF, 0xFF, 0x00, 0x01, 
   0x03, 0x0F, 0x7F, 0xFF, 0xFF, 0xFF, 0xFF, 0xFF, 0xFF, 0xFF, 0xFF, 0xFF, 0xFF, 0xFF, 0xFF, 0xFF, 
   0xFF, 0xFF, 0xFF, 0xFF, 0xFF, 0xFF, 0x00, 0x04, 0x08, 0x10, 0x1C, 0x52, 0x52, 0x52, 0x52, 0x52, 
   0x52, 0x52, 0x52, 0x52, 0x52, 0x52, 0x52, 0x78, 0x78, 0x78, 0x78, 0x78, 0x78, 0x4A, 0x4A, 0x4A, 
   0x22, 0x52, 0x52, 0x52, 0x52, 0x52, 0x52, 0x52, 0x52, 0x52, 0x52, 0x78, 0x78, 0x78, 0x78, 0x78, 
   0x78, 0x78, 0x4A, 0x4A, 0x4A, 0x22, 0x13, 0x13, 0x13, 0x13, 0x13, 0x13, 0x13, 0x09, 0x0B, 0x0B, 
   0x0B, 0x0B, 0x0B, 0x0B, 0x0B, 0x0B, 0x0B, 0x0B, 0x0B, 0x0B, 0x09, 0x0B, 0x09, 0x0B, 0x0B, 0x0B, 
   0x0B, 0x0B, 0x0B, 0x0B, 0x8B, 0x06, 0x04, 0x03, 0x02, 0x84, 0x13, 0x13, 0x0E, 0x0B, 0x09, 0x09, 
   0x09, 0x0B, 0x09, 0x09, 0x09, 0x89, 0x1D, 0x1D, 0x1D, 0x1D, 0x1D, 0x1D, 0x1D, 0x1D, 0x1D, 0x1A, 
   0x1A, 0x19, 0x19, 0x19, 0x19, 0x19, 0x19, 0x1D, 0x1D, 0x1D, 0x1D, 0x1D, 0x14, 0x15, 0x14, 0x15, 
   0x14, 0x15, 0x14, 0x15, 0x14, 0x15, 0x14, 0x95, 0x18, 0x19, 0x1A, 0x1B, 0x1C, 0x1D, 0x1E, 0x9F, 
   0x00, 0x0F, 0x0F, 0x00, 0x0F, 0x80, 0x80, 0x82, 0x02, 0x00, 0x80, 0x82, 0x02, 0x00, 0x00, 0x02, 
   0x02, 0x00, 0x00, 0x02, 0x02, 0x02, 0x00, 0x02, 0x00, 0xA5, 0x81, 0x2A, 0x2A, 0x2A, 0x29, 0x03, 
   0xAA, 0xA4, 0x93, 0xB9, 0xF8, 0xFE, 0xA8, 0x35, 0xED, 0x08, 0x98, 0x15, 0xED, 0x28, 0x60, 0xA2, 
   0x02, 0x8A, 0x0A, 0x0A, 0xA8, 0x20, 0xB6, 0xF3, 0xCA, 0x10, 0xF6, 0x60, 0xA9, 0x31, 0x85, 0xE0, 
   0xA9, 0x84, 0x85, 0x9E, 0x4C, 0xDC, 0xF9, 0x48, 0x4F, 0x00, 0x00, 0x00, 0x00, 0x00, 0x00, 0x2C, 
   0x37, 0x48, 0x4F, 0x60, 0x6B, 0x00, 0x00, 0x2C, 0x6B, 0x00, 0x00, 0x00, 0x00, 0x00, 0x00, 0x2C, 
   0x37, 0x40, 0x47, 0x50, 0x57, 0x60, 0x6B, 0x2C, 0x3D, 0x40, 0x4D, 0x50, 0x5D, 0x60, 0x6B, 0x00, 
   0x00, 0x18, 0x24, 0x5A, 0x5A, 0x5A, 0x66, 0x7E, 0x5E, 0x76, 0x7E, 0x5E, 0x76, 0x3C, 0x18, 0x00, 
   0x00, 0x18, 0x24, 0x5A, 0x5A, 0x5A, 0x66, 0x7E, 0x7A, 0x6E, 0x7E, 0x7A, 0x6E, 0x3C, 0x18, 0x00, 
   0x00, 0xC3, 0xE7, 0x7E, 0x3C, 0x18, 0x3C, 0x7C, 0x7C, 0x78, 0x38, 0x38, 0x30, 0x30, 0x10, 0x10, 
   0x00, 0xC3, 0xE7, 0x7E, 0x3C, 0x18, 0x3C, 0x3E, 0x3E, 0x1E, 0x1C, 0x1C, 0x0C, 0x0C, 0x08, 0x08, 
   0x00, 0xFE, 0xF9, 0xF9, 0xF9, 0xF9, 0x60, 0x10, 0x08, 0x0C, 0x0C, 0x08, 0x38, 0x30, 0x40, 0x00, 
   0x00, 0xFE, 0xF9, 0xF9, 0xFA, 0xFA, 0x60, 0x10, 0x08, 0x0C, 0x0C, 0x08, 0x38, 0x30, 0x80, 0x00, 
   0x00, 0x00, 0x00, 0x00, 0x00, 0xFF, 0xAB, 0x03, 0x03, 0x0B, 0x2E, 0xBA, 0xE0, 0x80, 0x00, 0x00, 
   0x00, 0x00, 0x00, 0x00, 0x00, 0xFF, 0xAB, 0x55, 0xFF, 0x06, 0x04, 0x00, 0x00, 0x00, 0x00, 0x00, 
   0x00, 0x3E, 0x77, 0x77, 0x63, 0x7B, 0x63, 0x6F, 0x63, 0x36, 0x36, 0x1C, 0x08, 0x1C, 0x36, 0x00, 
   0x85, 0x32, 0x3D, 0x78, 0xF8, 0xC6, 0x82, 0x90, 0x88, 0xD8, 0x70, 0x00, 0x00, 0x00, 0x00, 0x00, 
   0x49, 0x33, 0x3C, 0x78, 0xFA, 0xC4, 0x92, 0x88, 0xD8, 0x70, 0x00, 0x00, 0x00, 0x00, 0x00, 0x00, 
   0xFE, 0xBA, 0xBA, 0xBA, 0xFE, 0xEE, 0xEE, 0xEE, 0xFE, 0xBA, 0xBA, 0xBA, 0xFE, 0xEE, 0xEE, 0xEE, 
   0x00, 0xF8, 0xFC, 0xFE, 0xFE, 0x7E, 0x3E, 0x00, 0x10, 0x00, 0x54, 0x00, 0x92, 0x00, 0x10, 0x00, 
   0x00, 0xF8, 0xFC, 0xFE, 0xFE, 0x7E, 0x3E, 0x00, 0x00, 0x28, 0x00, 0x54, 0x00, 0x10, 0x00, 0x00, 
   0x00, 0x00, 0x38, 0x6C, 0x44, 0x44, 0x44, 0x6C, 0x38, 0x10, 0x38, 0x7C, 0x38, 0x00, 0x00, 0x00, 
   0x00, 0x00, 0x00, 0x00, 0x00, 0x00, 0x00, 0x00, 0x00, 0x00, 0x00, 0x00, 0x00, 0x00, 0x00, 0x00, 
   0x22, 0x22, 0x22, 0x22, 0x22, 0x22, 0x22, 0x22, 0x22, 0x22, 0x22, 0x22, 0x22, 0x22, 0x22, 0x22, 
   0x20, 0x20, 0x20, 0x20, 0x20, 0x4E, 0x4E, 0x4E, 0x2E, 0x2E, 0x2E, 0x2E, 0x2E, 0x2E, 0x2E, 0x2E, 
   0x00, 0x00, 0x04, 0x00, 0x04, 0x00, 0x00, 0x00, 0x00, 0x00, 0x00, 0x00, 0x00, 0x00, 0x62, 0x62, 
   0x50, 0x50, 0x50, 0x50, 0x50, 0x50, 0x50, 0x50, 0x50, 0x50, 0x50, 0x50, 0x50, 0x50, 0x50, 0x50, 
   0x04, 0x04, 0x04, 0x04, 0x04, 0x04, 0x04, 0x04, 0x04, 0x04, 0x04, 0x04, 0x22, 0x04, 0x04, 0x04, 
   0x0E, 0x0E, 0x0E, 0x0E, 0x0E, 0x0E, 0x0E, 0x0E, 0x0E, 0x0E, 0x0E, 0x0E, 0x0E, 0x0E, 0x0E, 0x0E, 
   0x06, 0x62, 0x62, 0x62, 0x06, 0x62, 0x62, 0x62, 0x06, 0x62, 0x62, 0x62, 0x06, 0x62, 0x62, 0x62, 
   0x2E, 0x2E, 0x2E, 0x2E, 0x2E, 0x2E, 0x2E, 0x2E, 0x0E, 0x0E, 0x0E, 0x0E, 0x0E, 0x0E, 0x0E, 0x0E, 
   0x0E, 0x06, 0x06, 0x06, 0x06, 0x06, 0x06, 0x06, 0x0E, 0x0E, 0x0E, 0x0E, 0x0E, 0x0E, 0x0E, 0x0E, 
   0x0E, 0x6E, 0xFB, 0x00, 0xFD, 0x21, 0xFC, 0x00, 0xFE, 0xB0, 0xFD, 0x60, 0xFE, 0xB0, 0xFD, 0x60, 
   0xFE, 0x58, 0xFF, 0x58, 0xFF, 0x10, 0xFF, 0x00, 0xFF, 0x00, 0xFF, 0x00, 0xFF, 0xA5, 0x81, 0x0A, 
   0x45, 0x81, 0x0A, 0x45, 0x81, 0x0A, 0x0A, 0x45, 0x81, 0x0A, 0x26, 0x81, 0xCA, 0x10, 0xEE, 0x4C, 
   0xBE, 0xFA, 0x00, 0x16, 0x2C, 0x42, 0x58, 0x6E, 0x84, 0x9A, 0xB0, 0x01, 0x01, 0x01, 0x01, 0x01, 
   0x01, 0x01, 0x00, 0x01, 0x00, 0x00, 0x01, 0x00, 0x00, 0x00, 0x01, 0xFF, 0x00, 0x00, 0x00, 0xFF, 
   0x00, 0x00, 0xFF, 0x00, 0xFF, 0xFF, 0xFF, 0xFF, 0xFF, 0xFF, 0xFF, 0x00, 0x00, 0x00, 0x00, 0x00, 
   0x00, 0x20, 0x40, 0x80, 0xC0, 0xC0, 0xE0, 0xF0, 0x80, 0x40, 0x20, 0x10, 0x08, 0x04, 0x02, 0x01, 
   0x3C, 0x66, 0x66, 0x66, 0x66, 0x66, 0x66, 0x3C, 0x3C, 0x18, 0x18, 0x18, 0x18, 0x18, 0x38, 0x18, 
   0x7E, 0x60, 0x60, 0x3C, 0x06, 0x06, 0x46, 0x3C, 0x3C, 0x46, 0x06, 0x0C, 0x0C, 0x06, 0x46, 0x3C, 
   0x0C, 0x0C, 0x0C, 0x7E, 0x4C, 0x2C, 0x1C, 0x0C, 0x7C, 0x46, 0x06, 0x06, 0x7C, 0x60, 0x60, 0x7E, 
   0x3C, 0x66, 0x66, 0x66, 0x7C, 0x60, 0x62, 0x3C, 0x18, 0x18, 0x18, 0x18, 0x0C, 0x06, 0x42, 0x7E, 
   0x3C, 0x66, 0x66, 0x3C, 0x3C, 0x66, 0x66, 0x3C, 0x3C, 0x46, 0x06, 0x3E, 0x66, 0x66, 0x66, 0x3C, 
   0x00, 0x18, 0x18, 0x00, 0x00, 0x18, 0x18, 0x00, 0x00, 0x00, 0x00, 0x00, 0x00, 0x00, 0x00, 0x00, 
   0x00, 0x00, 0xF7, 0x95, 0x87, 0x80, 0x90, 0xF0, 0xAD, 0xA9, 0xE9, 0xA9, 0xED, 0x41, 0x0F, 0x00, 
   0x47, 0x41, 0x77, 0x55, 0x75, 0x00, 0x00, 0x00, 0x50, 0x58, 0x5C, 0x56, 0x53, 0x11, 0xF0, 0x00, 
   0x03, 0x00, 0x4B, 0x4A, 0x6B, 0x00, 0x08, 0x00, 0xBA, 0x8A, 0xBA, 0xA2, 0x3A, 0x80, 0xFE, 0x00, 
   0x80, 0x80, 0xAA, 0xAA, 0xBA, 0x22, 0x27, 0x02, 0xE9, 0xAB, 0xAF, 0xAD, 0xE9, 0x00, 0x00, 0x00, 
   0x00, 0x00, 0x11, 0x11, 0x17, 0x15, 0x17, 0x00, 0x00, 0x00, 0x00, 0x00, 0x00, 0x00, 0x00, 0x00, 
   0x00, 0x00, 0x77, 0x54, 0x77, 0x51, 0x77, 0x00, 0x0C, 0x0C, 0x52, 0x56, 0x00, 0x20, 0x24, 0x28, 
   0xB4, 0x00, 0x00, 0x00, 0x00, 0x00, 0x00, 0x10, 0x20, 0x40, 0x81, 0x71, 0x6E, 0x00, 0x01, 0x02, 
   0x06, 0x00, 0x06, 0x00, 0x00, 0x00, 0x00, 0x00, 0x00, 0x00, 0x00, 0x00, 0x00, 0x00, 0x00, 0x10, 
   0x10, 0x00, 0x10, 0x10, 0x00, 0x00, 0x00, 0x08, 0x10, 0x10, 0x10, 0x80, 0x80, 0x80, 0x00, 0x00, 
   0x00, 0x00, 0x01, 0x00, 0x00, 0x00, 0x00, 0xEA, 0x02, 0x00, 0x00, 0x00, 0x00, 0xF0, 0x00, 0x00, 
};
static const uint32_t rom_sap_size = 16384;

#endif

