#ifndef ROM_A2600_thrust_H
#define ROM_A2600_thrust_H

#include <stdint.h>

static const uint8_t thrust[] = {
   0xA9, 0x00, 0xF0, 0x58, 0xC4, 0x81, 0xF0, 0x0C, 0xA5, 0x8F, 0x18, 0x65, 0x89, 0x85, 0x89, 0xA5, 
   0x8C, 0x18, 0x90, 0x14, 0xAD, 0x90, 0x00, 0x10, 0x02, 0x30, 0x02, 0x49, 0xFF, 0xC9, 0xF6, 0xB0, 
   0x04, 0xA9, 0x01, 0x90, 0x03, 0x69, 0x0A, 0x18, 0xEA, 0x6D, 0x88, 0x00, 0x85, 0x88, 0xB8, 0x50, 
   0x1C, 0xC6, 0x8A, 0xA6, 0x8A, 0xA5, 0x85, 0x7D, 0x00, 0x9B, 0x85, 0x88, 0x7D, 0x75, 0x9B, 0x85, 
   0x89, 0x98, 0x38, 0xFD, 0x00, 0x9D, 0x85, 0x8B, 0xBD, 0x00, 0x9E, 0x85, 0x8C, 0x4C, 0x85, 0x90, 
   0xA9, 0x00, 0xF0, 0x70, 0xC4, 0xA5, 0xB0, 0xA8, 0xB1, 0x9F, 0x25, 0xC5, 0x88, 0x85, 0x02, 0x85, 
   0x1B, 0xC4, 0x8B, 0xF0, 0xCC, 0xC4, 0x8E, 0xD0, 0x9B, 0xC6, 0x8D, 0xA6, 0x8D, 0xA5, 0x85, 0x7D, 
   0x00, 0x9C, 0x85, 0x89, 0x7D, 0x6F, 0x9C, 0x85, 0x88, 0x98, 0xFD, 0x00, 0x9F, 0x85, 0x8E, 0xBD, 
   0x6F, 0x9F, 0x8D, 0x8F, 0x00, 0xC4, 0xD7, 0x30, 0x13, 0xC4, 0xD7, 0xD0, 0x0A, 0xA5, 0xD8, 0x85, 
   0xD7, 0xA9, 0x02, 0x85, 0x1F, 0x10, 0x0F, 0xEA, 0xA9, 0x00, 0x10, 0xF7, 0xB1, 0xDE, 0x85, 0x24, 
   0x0A, 0x0A, 0x85, 0x0A, 0x85, 0x2A, 0xC4, 0x94, 0xF0, 0x09, 0x10, 0x04, 0xB1, 0x92, 0x90, 0x0A, 
   0xEA, 0x10, 0x05, 0xA5, 0x95, 0x8D, 0x94, 0x00, 0xA9, 0x00, 0x85, 0x1C, 0xC4, 0xA5, 0xB0, 0x90, 
   0xB1, 0x9F, 0x25, 0xC5, 0x88, 0x84, 0x80, 0xA6, 0x88, 0xA4, 0x89, 0xE0, 0x58, 0xB0, 0x68, 0xC0, 
   0x58, 0x85, 0x02, 0x85, 0x1B, 0xBD, 0x7C, 0x99, 0xB0, 0x26, 0x19, 0x24, 0x99, 0x85, 0x0D, 0xBD, 
   0x64, 0x9A, 0x19, 0x14, 0x9A, 0x85, 0x0E, 0xBD, 0x6C, 0x99, 0x19, 0x14, 0x99, 0x85, 0x0F, 0xA9, 
   0xFF, 0x85, 0x0D, 0x85, 0x0E, 0x4C, 0x5E, 0x91, 0x4C, 0x76, 0x92, 0x00, 0x00, 0x00, 0x00, 0x00, 
   0x85, 0x0D, 0xBD, 0x64, 0x9A, 0x85, 0x0E, 0xBD, 0x6C, 0x99, 0x85, 0x0F, 0xB9, 0x10, 0x99, 0x85, 
   0x0D, 0xB9, 0x00, 0x9A, 0x85, 0x0E, 0xB9, 0x00, 0x99, 0xB0, 0x43, 0xD0, 0x0B, 0xA5, 0xD8, 0x85, 
   0xD7, 0xA9, 0x02, 0x8D, 0x1F, 0x00, 0x10, 0x4C, 0xEA, 0xA9, 0x00, 0x10, 0xF6, 0x4C, 0x54, 0x90, 
   0xA2, 0x05, 0xCA, 0xD0, 0xFD, 0xF0, 0x27, 0x85, 0x02, 0x85, 0x1B, 0xE0, 0x6C, 0xA9, 0xFF, 0x85, 
   0x0D, 0x85, 0x0E, 0x8D, 0x0F, 0x00, 0xB0, 0xE8, 0xBD, 0x68, 0x99, 0x19, 0x10, 0x99, 0x85, 0x0D, 
   0xBD, 0x50, 0x9A, 0x19, 0x00, 0x9A, 0x85, 0x0E, 0xBD, 0x58, 0x99, 0x19, 0x00, 0x99, 0x85, 0x0F, 
   0xA4, 0x80, 0x30, 0x94, 0xA2, 0x00, 0xC4, 0xD7, 0x10, 0xB1, 0xB1, 0xDE, 0x85, 0x24, 0x0A, 0x0A, 
   0x85, 0x2A, 0x85, 0x0A, 0x86, 0x0D, 0x86, 0x0E, 0xC4, 0x94, 0xF0, 0x09, 0x10, 0x04, 0xB1, 0x92, 
   0x90, 0x0A, 0xEA, 0x10, 0x05, 0xA5, 0x95, 0x8D, 0x94, 0x00, 0xA9, 0x00, 0x85, 0x1C, 0x86, 0x0F, 
   0xC4, 0xAC, 0xD0, 0x99, 0xA6, 0x96, 0xE8, 0xB5, 0xC5, 0x85, 0xC5, 0xB5, 0xB2, 0x85, 0x9F, 0xB5, 
   0xA5, 0x85, 0xA5, 0xB5, 0xAC, 0x85, 0xAC, 0xA9, 0x00, 0x85, 0x1B, 0xB5, 0xB8, 0x85, 0x20, 0x29, 
   0x0F, 0xF0, 0x0C, 0xE9, 0x05, 0xB0, 0x18, 0x69, 0x03, 0x90, 0x05, 0xE9, 0x01, 0xB0, 0xFC, 0x18, 
   0xA5, 0x8F, 0x85, 0x10, 0x65, 0x89, 0x85, 0x89, 0x88, 0xC4, 0xD7, 0x30, 0x1E, 0x10, 0x27, 0xE9, 
   0x03, 0xB0, 0x56, 0x69, 0x02, 0x90, 0x05, 0xE9, 0x01, 0xB0, 0xFC, 0xEA, 0xA5, 0x8F, 0x65, 0x89, 
   0x8D, 0x89, 0x00, 0x88, 0xC4, 0xD7, 0x10, 0x0C, 0x8D, 0x10, 0x00, 0xB1, 0xDE, 0x85, 0x24, 0x0A, 
   0x0A, 0x4C, 0x41, 0x92, 0x85, 0x10, 0xD0, 0x11, 0xA5, 0xD8, 0x85, 0xD7, 0xA9, 0x02, 0xC4, 0x94, 
   0x85, 0x02, 0x85, 0x2A, 0x85, 0x1F, 0x4C, 0x49, 0x92, 0xA9, 0x00, 0x10, 0xF1, 0xD0, 0x13, 0xA5, 
   0xD8, 0x85, 0xD7, 0xA9, 0x02, 0xC4, 0x94, 0x85, 0x10, 0x85, 0x02, 0x85, 0x2A, 0x85, 0x1F, 0x4C, 
   0x49, 0x92, 0xA9, 0x00, 0xEA, 0x10, 0xEE, 0xE9, 0x01, 0xD0, 0xFC, 0x18, 0xA5, 0x8F, 0x65, 0x89, 
   0x85, 0x89, 0xEA, 0x88, 0xC4, 0xD7, 0x10, 0xD5, 0xB1, 0xDE, 0x85, 0x24, 0x0A, 0x0A, 0xEA, 0x85, 
   0x10, 0x85, 0x02, 0x85, 0x2A, 0x85, 0x0A, 0xC4, 0x94, 0xF0, 0x09, 0x30, 0x03, 0xEA, 0x10, 0x08, 
   0xB1, 0x92, 0x90, 0x07, 0xA5, 0x95, 0x85, 0x94, 0xA9, 0x00, 0x18, 0x85, 0x1C, 0xB5, 0xBF, 0x86, 
   0x96, 0x85, 0x06, 0x85, 0x25, 0x88, 0x84, 0x80, 0xA5, 0x8C, 0x65, 0x88, 0x85, 0x88, 0xAA, 0x85, 
   0x2B, 0xA9, 0x00, 0x4C, 0xC9, 0x90, 0xC8, 0x85, 0x02, 0x84, 0x0D, 0x84, 0x0E, 0x84, 0x0F, 0x84, 
   0x1F, 0x84, 0x1E, 0x84, 0x0C, 0xA2, 0xFF, 0x9A, 0x4C, 0xEA, 0xBF, 0xA0, 0xFE, 0x84, 0xF4, 0xA8, 
   0x88, 0x84, 0xF2, 0xA5, 0x8B, 0x30, 0x26, 0x38, 0xE5, 0xF2, 0xF0, 0x0A, 0xA4, 0x8A, 0x90, 0x13, 
   0x88, 0xF9, 0x00, 0x9D, 0xD0, 0xF8, 0xA5, 0xF2, 0xE5, 0xF4, 0x85, 0xF2, 0xA5, 0xF4, 0x38, 0xF9, 
   0xFF, 0x9C, 0x18, 0x24, 0xF4, 0x10, 0x04, 0x79, 0x00, 0x9D, 0x18, 0x65, 0xF4, 0x85, 0xF0, 0xA5, 
   0x8E, 0x30, 0x1C, 0x38, 0xE5, 0xF2, 0xF0, 0x0A, 0xA4, 0x8D, 0x90, 0x13, 0x88, 0xF9, 0x00, 0x9F, 
   0xD0, 0xF8, 0xA5, 0xF2, 0xE5, 0xF4, 0xA4, 0xF0, 0xD0, 0x03, 0x38, 0xE5, 0xF4, 0x85, 0xF2, 0xA4, 
   0xFB, 0xB9, 0x30, 0x98, 0x30, 0x11, 0xB9, 0x20, 0x98, 0x38, 0xE5, 0x86, 0x0A, 0xB0, 0x08, 0xC5, 
   0xF2, 0xD0, 0x04, 0xE9, 0x02, 0x85, 0xF2, 0xA4, 0xF2, 0xC8, 0x98, 0x60, 0x00, 0x00, 0x00, 0x00, 
   0xC4, 0x81, 0xF0, 0x0C, 0xA5, 0x8F, 0x18, 0x65, 0x89, 0x85, 0x89, 0xA5, 0x8C, 0x18, 0x90, 0x13, 
   0xA5, 0x90, 0x10, 0x02, 0x30, 0x02, 0x49, 0xFF, 0xC9, 0xF6, 0xB0, 0x04, 0xA9, 0x01, 0x90, 0x03, 
   0x69, 0x0A, 0x18, 0x65, 0x88, 0x85, 0x88, 0x4C, 0x7D, 0x93, 0xC6, 0x8A, 0xA6, 0x8A, 0xA5, 0x85, 
   0x7D, 0x00, 0x9B, 0x85, 0x88, 0x7D, 0x75, 0x9B, 0x85, 0x89, 0x98, 0x38, 0xFD, 0x00, 0x9D, 0x85, 
   0x8B, 0xBD, 0x00, 0x9E, 0x85, 0x8C, 0x4C, 0x7D, 0x93, 0xB1, 0x9F, 0x25, 0xC5, 0xC4, 0xA5, 0x90, 
   0x02, 0xA9, 0x00, 0x88, 0x84, 0x80, 0x85, 0x02, 0x85, 0x1B, 0xC4, 0x8B, 0xF0, 0xCC, 0xC4, 0x8E, 
   0xD0, 0x9E, 0xC6, 0x8D, 0xA6, 0x8D, 0xA5, 0x85, 0x7D, 0x00, 0x9C, 0x85, 0x89, 0x7D, 0x6F, 0x9C, 
   0x85, 0x88, 0x98, 0xFD, 0x00, 0x9F, 0x85, 0x8E, 0xBD, 0x6F, 0x9F, 0x85, 0x8F, 0xC4, 0x94, 0xF0, 
   0x06, 0x10, 0x08, 0xB1, 0x92, 0x90, 0x06, 0xA5, 0x95, 0x85, 0x94, 0xA9, 0x00, 0x85, 0x02, 0x85, 
   0x1C, 0xC4, 0xD7, 0x08, 0xC4, 0xD8, 0x08, 0xB1, 0x9F, 0x25, 0xC5, 0xC4, 0xA5, 0x90, 0x02, 0xA9, 
   0x00, 0xA6, 0x88, 0xA4, 0x89, 0xE0, 0x58, 0xB0, 0x5E, 0xC0, 0x58, 0x85, 0x02, 0x85, 0x1B, 0xBD, 
   0x7C, 0x99, 0xB0, 0x1E, 0x19, 0x24, 0x99, 0x85, 0x0D, 0xBD, 0x64, 0x9A, 0x19, 0x14, 0x9A, 0x85, 
   0x0E, 0xBD, 0x6C, 0x99, 0x19, 0x14, 0x99, 0x85, 0x0F, 0xA9, 0xFF, 0x85, 0x0D, 0x85, 0x0E, 0x4C, 
   0x2E, 0x94, 0x85, 0x0D, 0xBD, 0x64, 0x9A, 0x85, 0x0E, 0xBD, 0x6C, 0x99, 0x85, 0x0F, 0xB9, 0x10, 
   0x99, 0x85, 0x0D, 0xB9, 0x00, 0x9A, 0x85, 0x0E, 0xB9, 0x00, 0x99, 0xB0, 0x41, 0x4C, 0x76, 0x92, 
   0x4C, 0x49, 0x93, 0x00, 0x00, 0x00, 0x00, 0x00, 0x00, 0x00, 0x00, 0x00, 0x00, 0x00, 0x00, 0x00, 
   0xA2, 0x05, 0xCA, 0xD0, 0xFD, 0xF0, 0x27, 0x85, 0x02, 0x85, 0x1B, 0xE0, 0x6C, 0xA9, 0xFF, 0x85, 
   0x0D, 0x85, 0x0E, 0x8D, 0x0F, 0x00, 0xB0, 0xE8, 0xBD, 0x68, 0x99, 0x19, 0x10, 0x99, 0x85, 0x0D, 
   0xBD, 0x50, 0x9A, 0x19, 0x00, 0x9A, 0x85, 0x0E, 0xBD, 0x58, 0x99, 0x19, 0x00, 0x99, 0x85, 0x0F, 
   0xA2, 0x1F, 0xA4, 0x80, 0x88, 0x30, 0xB6, 0xC4, 0x94, 0xF0, 0x09, 0x10, 0x04, 0xB1, 0x92, 0x90, 
   0x0A, 0xEA, 0x10, 0x05, 0xA5, 0x95, 0x8D, 0x94, 0x00, 0xA9, 0x00, 0x85, 0x1C, 0x9A, 0xC4, 0xD7, 
   0x08, 0xC4, 0xD8, 0x08, 0xA9, 0x00, 0x85, 0x0D, 0x85, 0x0E, 0x85, 0x0F, 0x9A, 0xC4, 0xAC, 0xD0, 
   0x8F, 0xE6, 0x96, 0xA6, 0x96, 0xB5, 0xC5, 0x85, 0xC5, 0xB5, 0xB2, 0x85, 0x9F, 0xB5, 0xA5, 0x85, 
   0xA5, 0xB5, 0xAC, 0x85, 0xAC, 0xA9, 0x00, 0x85, 0x1B, 0xB5, 0xB8, 0x85, 0x20, 0x29, 0x0F, 0xF0, 
   0x0C, 0xE9, 0x06, 0xB0, 0x1D, 0x69, 0x04, 0x30, 0x05, 0xE9, 0x01, 0xB0, 0xFC, 0x18, 0xA5, 0x8F, 
   0x85, 0x10, 0x65, 0x89, 0x85, 0x89, 0xA5, 0x32, 0x95, 0xB7, 0x88, 0x84, 0x80, 0xC4, 0xD7, 0x4C, 
   0xB9, 0x94, 0xE9, 0x01, 0xB0, 0xFC, 0xEA, 0xEA, 0xA5, 0x8F, 0x65, 0x89, 0x85, 0x89, 0xA5, 0x32, 
   0x95, 0xB7, 0x88, 0x84, 0x80, 0xC4, 0xD7, 0x85, 0x10, 0x85, 0x02, 0x85, 0x2A, 0x08, 0xC4, 0xD8, 
   0x08, 0xC4, 0x94, 0xF0, 0x06, 0x10, 0x08, 0xB1, 0x92, 0x90, 0x06, 0xA5, 0x95, 0x85, 0x94, 0xA9, 
   0x00, 0x85, 0x1C, 0x18, 0xB5, 0xBF, 0x85, 0x25, 0x85, 0x06, 0xA5, 0x8C, 0x65, 0x88, 0x85, 0x88, 
   0xAA, 0xA9, 0x00, 0x4C, 0xA3, 0x93, 0xA4, 0xFB, 0xA5, 0xEA, 0x30, 0x1D, 0xA5, 0x84, 0x29, 0x02, 
   0xF0, 0x17, 0xA5, 0x97, 0x29, 0x04, 0x05, 0x9E, 0xD0, 0x0F, 0xA2, 0x6C, 0x86, 0x89, 0x86, 0x8B, 
   0x86, 0x8E, 0x85, 0x8C, 0x85, 0x8F, 0x4C, 0xDB, 0x95, 0xBE, 0xEA, 0x9B, 0xA5, 0x87, 0x0A, 0xA8, 
   0xC8, 0xA9, 0xEC, 0xE5, 0x86, 0xB0, 0x02, 0xC8, 0xC8, 0x0A, 0x90, 0x01, 0x88, 0x84, 0x8A, 0x85, 
   0x88, 0x18, 0xE8, 0x7D, 0x00, 0x9F, 0x90, 0xFA, 0x88, 0x10, 0xF6, 0x86, 0x8D, 0xA8, 0x69, 0x59, 
   0x38, 0xFD, 0x00, 0x9F, 0x85, 0x8E, 0xBD, 0x6F, 0x9F, 0x85, 0x8F, 0xF0, 0x12, 0x30, 0x07, 0x4A, 
   0x98, 0x90, 0x0C, 0x4A, 0x10, 0x09, 0x4A, 0x98, 0x90, 0x01, 0x4A, 0xE9, 0x00, 0x49, 0xFF, 0x85, 
   0x89, 0xBD, 0x00, 0x9C, 0x10, 0x04, 0xA9, 0x6C, 0x10, 0x05, 0x38, 0x65, 0x85, 0x65, 0x89, 0x85, 
   0x89, 0xA4, 0xFB, 0xBE, 0x38, 0x98, 0xA4, 0x8A, 0xA5, 0x88, 0x18, 0x69, 0x02, 0x90, 0x02, 0x88, 
   0x18, 0xE8, 0x7D, 0x00, 0x9D, 0x90, 0xFA, 0x88, 0x10, 0xF6, 0x86, 0x8A, 0xA8, 0x69, 0x59, 0x38, 
   0xFD, 0x00, 0x9D, 0x85, 0x8B, 0xBD, 0x00, 0x9E, 0x85, 0x8C, 0xF0, 0x12, 0x30, 0x07, 0x4A, 0x98, 
   0x90, 0x0C, 0x4A, 0x10, 0x09, 0x4A, 0x98, 0x90, 0x01, 0x4A, 0xE9, 0x00, 0x49, 0xFF, 0x85, 0x88, 
   0xBD, 0x00, 0x9B, 0x10, 0x04, 0xA9, 0x00, 0x10, 0x05, 0x38, 0x65, 0x85, 0x65, 0x88, 0x85, 0x88, 
   0xC0, 0x00, 0xD0, 0x06, 0x18, 0x7D, 0x75, 0x9B, 0x85, 0x89, 0xA4, 0xFB, 0x8A, 0xD9, 0x30, 0x98, 
   0xD0, 0x1B, 0xA5, 0x86, 0x69, 0x2B, 0xD9, 0x20, 0x98, 0xB0, 0x12, 0xA5, 0x90, 0x30, 0x02, 0x49, 
   0xFF, 0xC9, 0xF6, 0xB0, 0x02, 0xA9, 0xF7, 0x69, 0x09, 0x65, 0x88, 0x85, 0x88, 0xA5, 0xD9, 0x10, 
   0x5A, 0xA5, 0x9E, 0xC9, 0xFA, 0xB0, 0x04, 0xC9, 0x30, 0xB0, 0x50, 0xA5, 0xF8, 0x29, 0x03, 0xA8, 
   0xA5, 0xF8, 0x4A, 0x4A, 0x08, 0x0A, 0x69, 0x02, 0x85, 0x80, 0x85, 0xEE, 0xE9, 0x06, 0x88, 0x10, 
   0x02, 0xE9, 0x02, 0xA0, 0x02, 0x20, 0x8D, 0x92, 0x85, 0x81, 0xA2, 0x00, 0xA5, 0x80, 0xD5, 0xA5, 
   0xE8, 0x90, 0xFB, 0xA5, 0x82, 0x4A, 0xA5, 0x80, 0xCA, 0xB0, 0x24, 0xF0, 0x0A, 0xD5, 0xAB, 0x90, 
   0x06, 0xB5, 0xAB, 0xE9, 0x03, 0x85, 0x80, 0xA5, 0x81, 0xD5, 0xA5, 0xB0, 0x09, 0xB5, 0xA5, 0x69, 
   0x03, 0x20, 0x8B, 0x92, 0x85, 0x81, 0xC5, 0x80, 0x90, 0x27, 0x28, 0xA2, 0xFF, 0x30, 0x25, 0xF0, 
   0x12, 0xD5, 0xAB, 0x90, 0x0E, 0x69, 0x02, 0x20, 0x8B, 0x92, 0xD5, 0xA4, 0x90, 0x03, 0xCA, 0x10, 
   0x12, 0x95, 0xAB, 0xA5, 0x81, 0xD5, 0xA5, 0xB0, 0x08, 0xE9, 0x02, 0xD5, 0xAC, 0x90, 0x04, 0x95, 
   0xA5, 0x18, 0x24, 0x38, 0x4C, 0xDE, 0xBF, 0x11, 0x11, 0x11, 0x11, 0x11, 0x11, 0x11, 0x01, 0x11, 
   0x11, 0x11, 0x11, 0x11, 0x11, 0x11, 0x11, 0x11, 0x11, 0x11, 0x11, 0x11, 0x25, 0x11, 0x11, 0x11, 
   0x11, 0x11, 0x11, 0x25, 0x11, 0x11, 0x11, 0x25, 0x11, 0x11, 0x11, 0x25, 0x11, 0x11, 0x25, 0x11, 
   0x11, 0x25, 0x11, 0x11, 0x25, 0x11, 0x25, 0x25, 0x11, 0x25, 0x25, 0x11, 0x25, 0x25, 0x25, 0x11, 
   0x25, 0x25, 0x25, 0x25, 0x25, 0x25, 0x25, 0x25, 0x39, 0x25, 0x49, 0x25, 0x39, 0x25, 0x49, 0x39, 
   0x49, 0x49, 0x49, 0x49, 0x84, 0x04, 0x84, 0x05, 0xA5, 0x96, 0x84, 0x96, 0x85, 0x21, 0xA0, 0x20, 
   0x84, 0x0D, 0x29, 0x0F, 0xAA, 0xCA, 0xD0, 0xFD, 0x85, 0x11, 0xA5, 0xBF, 0x85, 0x06, 0x85, 0x25, 
   0x85, 0x02, 0xA0, 0x40, 0x8C, 0x0D, 0x00, 0xA5, 0xB8, 0x85, 0x20, 0x29, 0x0F, 0xE9, 0x01, 0xB0, 
   0xFC, 0x85, 0x10, 0x85, 0x02, 0x85, 0x2A, 0xA0, 0x80, 0x84, 0x0D, 0x85, 0x0E, 0x85, 0x0F, 0xA4, 
   0x83, 0xB9, 0x20, 0x98, 0x38, 0xE5, 0x86, 0x0A, 0x90, 0x02, 0xA9, 0xFF, 0x85, 0x81, 0xA5, 0x97, 
   0x4A, 0x90, 0x07, 0x4A, 0x90, 0x08, 0xA9, 0x2A, 0xD0, 0x07, 0xA9, 0x0E, 0xD0, 0x03, 0xB9, 0x10, 
   0x98, 0x85, 0x07, 0xA5, 0xEA, 0x85, 0x26, 0x10, 0x04, 0xA9, 0x00, 0x10, 0x03, 0xB9, 0x00, 0x98, 
   0x86, 0x0F, 0x85, 0x02, 0x86, 0x0E, 0x86, 0x0D, 0x85, 0x08, 0x85, 0x2B, 0xA9, 0x0F, 0xC5, 0x9D, 
   0xB0, 0x02, 0x85, 0x0C, 0xA0, 0x5A, 0x24, 0xD9, 0x50, 0x09, 0xA5, 0xEA, 0x29, 0x34, 0x85, 0x0A, 
   0x4C, 0xBC, 0x90, 0x86, 0x0A, 0x84, 0x80, 0x4C, 0x97, 0x93, 0xFF, 0xFF, 0xFF, 0xFF, 0xFF, 0xFF, 
   0xFF, 0xFF, 0xFF, 0xFF, 0xFF, 0xFF, 0xFF, 0xFF, 0xFF, 0x22, 0x5D, 0x41, 0x22, 0x22, 0x14, 0x14, 
   0x08, 0x14, 0x14, 0x22, 0x22, 0x41, 0x5D, 0x22, 0x5D, 0x41, 0x21, 0x12, 0x12, 0x0A, 0x04, 0x0A, 
   0x12, 0x12, 0x21, 0x41, 0x5D, 0x22, 0x04, 0x7A, 0x82, 0x42, 0x22, 0x12, 0x0A, 0x06, 0x0A, 0x12, 
   0x22, 0x42, 0x82, 0x7A, 0x04, 0x0A, 0x72, 0x82, 0x62, 0x11, 0x0D, 0x03, 0x0D, 0x11, 0x62, 0x82, 
   0x72, 0x0A, 0x04, 0x08, 0x14, 0x14, 0x62, 0x82, 0x62, 0x1D, 0x03, 0x1D, 0x62, 0x82, 0x62, 0x14, 
   0x14, 0x08, 0x10, 0x28, 0x28, 0x24, 0x42, 0x82, 0x79, 0x07, 0x79, 0x82, 0x42, 0x24, 0x28, 0x28, 
   0x10, 0x60, 0x90, 0x4C, 0x42, 0x41, 0x8E, 0x70, 0x00, 0x70, 0x8E, 0x41, 0x42, 0x4C, 0x90, 0x60, 
   0x00, 0x7F, 0x81, 0x42, 0x44, 0x48, 0x50, 0x20, 0x50, 0x48, 0x44, 0x42, 0x81, 0x7F, 0x00, 0x60, 
   0x98, 0x46, 0x41, 0x46, 0x98, 0x60, 0x00, 0x41, 0x41, 0x41, 0x41, 0x41, 0x22, 0x22, 0x22, 0x22, 
   0x22, 0x14, 0x14, 0x00, 0x00, 0x1C, 0x22, 0x41, 0x41, 0x41, 0x41, 0x22, 0x1C, 0x3C, 0x42, 0x81, 
   0x81, 0x81, 0x81, 0x42, 0x3C, 0x42, 0x81, 0x81, 0x81, 0x42, 0x3C, 0x00, 0xFF, 0xFF, 0xFF, 0xFF, 
   0x64, 0x56, 0x7E, 0xDC, 0x48, 0x88, 0x76, 0xA8, 0x44, 0xC8, 0xAE, 0x8C, 0x2A, 0x5A, 0xB6, 0x6A, 
   0x7E, 0x48, 0x56, 0x6A, 0x5E, 0x64, 0xDC, 0x76, 0xAE, 0x2A, 0xC8, 0x4A, 0xCE, 0x44, 0x8C, 0xB6, 
   0xFF, 0xFF, 0xFF, 0x56, 0x42, 0x67, 0x5B, 0x81, 0xFF, 0xFF, 0xFF, 0x56, 0x42, 0x67, 0x5B, 0x81, 
   0xFF, 0xFF, 0xFF, 0x1D, 0x2B, 0x42, 0x51, 0x65, 0x00, 0x05, 0x0D, 0x17, 0x28, 0x3C, 0x4D, 0x61, 
   0x00, 0x00, 0x00, 0x00, 0x00, 0x8D, 0xAD, 0xAD, 0x99, 0xAD, 0xDD, 0xC9, 0xC9, 0xC9, 0xC9, 0xC5, 
   0xC9, 0xD9, 0xC9, 0xE9, 0xC5, 0xE9, 0xC5, 0xF9, 0xC5, 0xE9, 0x3C, 0x42, 0x99, 0xA5, 0xA5, 0x99, 
   0x42, 0x3C, 0x32, 0xCC, 0xF3, 0x0D, 0x03, 0x01, 0x4C, 0x33, 0xCF, 0xB0, 0xC0, 0x80, 0xC0, 0x20, 
   0x10, 0x10, 0x10, 0x20, 0xC0, 0x00, 0x01, 0x03, 0x0D, 0xF3, 0xCC, 0x32, 0x00, 0x80, 0xC0, 0xB0, 
   0xCF, 0x33, 0x4C, 0x00, 0x38, 0x10, 0x38, 0x44, 0x38, 0x44, 0x44, 0x44, 0x38, 0x30, 0x40, 0x80, 
   0x80, 0x80, 0x40, 0x30, 0x00, 0x3C, 0x42, 0x5A, 0x5A, 0x42, 0x3C, 0x00, 0x00, 0x00, 0x00, 0xA1, 
   0xFF, 0x43, 0x81, 0x81, 0x81, 0x81, 0x43, 0x3D, 0x01, 0x01, 0x00, 0x00, 0x00, 0xA1, 0xFF, 0x43, 
   0x81, 0x81, 0x81, 0x81, 0x43, 0x3D, 0x01, 0x00, 0x01, 0x00, 0x00, 0x00, 0x00, 0x00, 0x00, 0x38, 
   0x44, 0x44, 0x44, 0x38, 0x00, 0x00, 0x00, 0x00, 0x10, 0x00, 0x00, 0x00, 0x00, 0x00, 0x10, 0x28, 
   0x10, 0x00, 0x00, 0x18, 0x24, 0x24, 0x18, 0x00, 0x00, 0x00, 0x91, 0x91, 0x99, 0x91, 0x99, 0x81, 
   0x7E, 0x20, 0x04, 0x90, 0x25, 0x88, 0x42, 0x11, 0x44, 0x08, 0x80, 0x02, 0x20, 0x08, 0x40, 0x01, 
   0x10, 0x00, 0x02, 0x00, 0x80, 0x00, 0x04, 0x00, 0x80, 0x00, 0x00, 0x08, 0x00, 0x80, 0xFF, 0xFF, 
   0xFF, 0xFF, 0xFF, 0xFF, 0xFF, 0xFF, 0xFF, 0xFF, 0xFF, 0xFF, 0xFF, 0xFF, 0xFF, 0xFF, 0xFF, 0xFF, 
   0xFF, 0xFF, 0xFF, 0xFF, 0xFF, 0xFF, 0xFF, 0xFF, 0xFF, 0xFF, 0xFF, 0xFF, 0xFF, 0xFF, 0xFF, 0xFF, 
   0xFF, 0xFF, 0xFF, 0xFF, 0xFF, 0xFF, 0xFF, 0xFF, 0xFF, 0xFF, 0xFF, 0xFF, 0xFF, 0xFF, 0xFF, 0xFF, 
   0xFF, 0xFF, 0xFF, 0xFF, 0xFF, 0xFF, 0xFF, 0xFF, 0xFF, 0xFF, 0xFF, 0xFF, 0xFF, 0xFF, 0xFF, 0xFF, 
   0xFF, 0xFF, 0xFF, 0xFF, 0xFF, 0xFF, 0xFF, 0xFF, 0xFF, 0xFF, 0xFF, 0xFF, 0xFF, 0xFF, 0xFF, 0xFF, 
   0xFF, 0xFF, 0xFF, 0xFF, 0xFF, 0xFF, 0xFF, 0xFF, 0xFF, 0xFF, 0xFF, 0xFF, 0xFF, 0xFF, 0xFF, 0xFF, 
   0xFF, 0xFF, 0xFF, 0xFF, 0xFF, 0xFE, 0xFC, 0xF8, 0xF0, 0xE0, 0xC0, 0x80, 0x00, 0x00, 0x00, 0x00, 
   0x00, 0x00, 0x00, 0x00, 0x00, 0x00, 0x00, 0x00, 0x00, 0x00, 0x00, 0x00, 0x00, 0x00, 0x00, 0x00, 
   0x00, 0x00, 0x00, 0x00, 0x00, 0x00, 0x00, 0x00, 0x00, 0x00, 0x00, 0x00, 0x00, 0x00, 0x00, 0x00, 
   0x00, 0x00, 0x00, 0x00, 0x00, 0x00, 0x00, 0x00, 0x00, 0x00, 0x00, 0x00, 0x00, 0x00, 0x00, 0x00, 
   0x00, 0x00, 0x00, 0x00, 0x00, 0x00, 0x00, 0x00, 0x00, 0x00, 0x00, 0x00, 0x00, 0x00, 0x00, 0x00, 
   0x00, 0x00, 0x00, 0x00, 0x00, 0x00, 0x00, 0x00, 0x00, 0x00, 0x00, 0x00, 0x00, 0x01, 0x03, 0x07, 
   0x0F, 0x1F, 0x3F, 0x7F, 0xFF, 0xFF, 0xFF, 0xFF, 0xFF, 0xFF, 0xFF, 0xFF, 0xFF, 0xFF, 0xFF, 0xFF, 
   0xFF, 0xFF, 0xFF, 0xFF, 0xE1, 0xF5, 0xE1, 0xE5, 0xF5, 0xE1, 0xE5, 0xF5, 0xE1, 0xF5, 0xF1, 0xE1, 
   0xF5, 0xF1, 0xE1, 0xF5, 0xF1, 0xE1, 0xF5, 0xF1, 0xF1, 0xE1, 0xF5, 0xF1, 0xF1, 0xE1, 0xF5, 0xF1, 
   0xF1, 0xF1, 0xF1, 0xF1, 0xF1, 0xF1, 0xE1, 0xF5, 0xF1, 0xF1, 0xF1, 0xF1, 0xF1, 0xFF, 0xFF, 0xFF, 
   0xFF, 0xFF, 0xFF, 0xFF, 0xFF, 0xFF, 0xFF, 0xFF, 0xFF, 0xFF, 0xFF, 0xFF, 0xFF, 0xFF, 0xFF, 0xFF, 
   0xFF, 0xFF, 0xFF, 0xFF, 0xFF, 0xFF, 0xFF, 0xFF, 0xFF, 0xFF, 0xFF, 0xFF, 0xFF, 0xFF, 0xFF, 0xFF, 
   0xFF, 0xFF, 0xFF, 0xFF, 0xFF, 0xFF, 0xFF, 0xFF, 0xFF, 0xFF, 0xFF, 0xFF, 0xFF, 0xFF, 0xFF, 0xFF, 
   0xFF, 0xFF, 0xFF, 0xFF, 0xFF, 0xFF, 0xFF, 0xFF, 0xFF, 0xFF, 0xFF, 0xFF, 0xFF, 0xFF, 0xFF, 0xFF, 
   0xFF, 0xFF, 0xFF, 0xFF, 0xFF, 0xFF, 0xFF, 0xFF, 0xFF, 0xFF, 0xFF, 0xFF, 0xFF, 0xFF, 0xFF, 0xFF, 
   0xFF, 0xFF, 0xFF, 0xFF, 0xFF, 0xFF, 0xFF, 0xFF, 0xFF, 0xFF, 0xFF, 0xFF, 0xFF, 0x7F, 0x3F, 0x1F, 
   0x0F, 0x07, 0x03, 0x01, 0x00, 0x00, 0x00, 0x00, 0x00, 0x00, 0x00, 0x00, 0x00, 0x00, 0x00, 0x00, 
   0x00, 0x00, 0x00, 0x00, 0x00, 0x00, 0x00, 0x00, 0x00, 0x00, 0x00, 0x00, 0x00, 0x00, 0x00, 0x00, 
   0x00, 0x00, 0x00, 0x00, 0x00, 0x00, 0x00, 0x00, 0x00, 0x00, 0x00, 0x00, 0x00, 0x00, 0x00, 0x00, 
   0x00, 0x00, 0x00, 0x00, 0x00, 0x00, 0x00, 0x00, 0x00, 0x00, 0x00, 0x00, 0x00, 0x00, 0x00, 0x00, 
   0x00, 0x00, 0x00, 0x00, 0x00, 0x00, 0x00, 0x00, 0x00, 0x00, 0x00, 0x00, 0x00, 0x80, 0xC0, 0xE0, 
   0xF0, 0xF8, 0xFC, 0xFE, 0xFF, 0xFF, 0xFF, 0xFF, 0xFF, 0xFF, 0xFF, 0xFF, 0x01, 0x01, 0x01, 0xF1, 
   0x01, 0x01, 0x01, 0x01, 0x01, 0xF1, 0x01, 0x01, 0x01, 0x01, 0x01, 0xF1, 0x01, 0x01, 0x01, 0x01, 
   0x01, 0x01, 0x01, 0xF1, 0x01, 0x01, 0x01, 0x01, 0x01, 0x01, 0x01, 0x01, 0x01, 0xF1, 0x01, 0x01, 
   0x01, 0x01, 0x01, 0x01, 0x01, 0x01, 0x01, 0x01, 0x01, 0x01, 0x01, 0x01, 0x01, 0x01, 0x01, 0x01, 
   0x01, 0x11, 0x01, 0x01, 0x01, 0x01, 0x01, 0x01, 0x01, 0x01, 0x01, 0x39, 0x6D, 0x7D, 0x6D, 0x6D, 
   0x00, 0x1E, 0x13, 0x01, 0xFF, 0x00, 0x13, 0x12, 0x1C, 0x1D, 0x11, 0x00, 0xFF, 0x00, 0x01, 0x00, 
   0x05, 0x0D, 0x12, 0x21, 0x26, 0x26, 0xFF, 0x00, 0x1E, 0x1A, 0x19, 0x26, 0x27, 0x27, 0x0D, 0x00, 
   0x09, 0x0A, 0x06, 0x05, 0x17, 0x18, 0x06, 0xFF, 0x00, 0x26, 0x25, 0x25, 0x16, 0x15, 0x07, 0x06, 
   0x0A, 0x0B, 0x02, 0x01, 0x14, 0x15, 0x10, 0x18, 0x1B, 0x0F, 0x05, 0xFF, 0x00, 0x2A, 0x24, 0x29, 
   0x29, 0x2F, 0x2F, 0x16, 0x16, 0x1C, 0x1C, 0x24, 0x29, 0x33, 0x0B, 0x00, 0xFF, 0x00, 0x00, 0x06, 
   0x1C, 0x1C, 0x3E, 0x3E, 0x22, 0x22, 0x0E, 0x0E, 0x08, 0x00, 0x0E, 0x2E, 0x3A, 0x36, 0x36, 0x32, 
   0xFF, 0x00, 0x40, 0x04, 0x00, 0x00, 0x17, 0x3C, 0x24, 0x00, 0x0B, 0x00, 0x1C, 0x40, 0x1E, 0x19, 
   0x01, 0x01, 0x1F, 0x00, 0xFF, 0x00, 0x04, 0x13, 0x31, 0x00, 0x00, 0x17, 0x1D, 0x0D, 0x09, 0x1D, 
   0x34, 0x00, 0x00, 0x0F, 0x1F, 0x1A, 0x21, 0x1C, 0x1C, 0x0B, 0x16, 0x00, 0x00, 0x06, 0x0E, 0x17, 
   0x0A, 0x09, 0x09, 0x23, 0x17, 0x07, 0x06, 0x19, 0x1A, 0x08, 0x07, 0x19, 0x00, 0x00, 0x0B, 0x07, 
   0x07, 0x16, 0x0F, 0x1C, 0x14, 0x10, 0x0F, 0x12, 0x1F, 0x0C, 0x07, 0x1E, 0x11, 0x07, 0x13, 0x1D, 
   0x00, 0x00, 0x01, 0x15, 0x10, 0x10, 0x0A, 0x0A, 0x18, 0x0F, 0x08, 0x12, 0x1D, 0x12, 0x07, 0x14, 
   0x35, 0x00, 0x00, 0x22, 0x1C, 0x04, 0x20, 0x06, 0x06, 0x11, 0x06, 0x11, 0x06, 0x0C, 0x44, 0x36, 
   0x15, 0x04, 0x08, 0x04, 0x0C, 0x00, 0x00, 0x04, 0x12, 0x05, 0x13, 0x21, 0x08, 0x20, 0x15, 0x10, 
   0x2C, 0x27, 0x04, 0x20, 0x05, 0x1D, 0x14, 0x14, 0x44, 0x00, 0x00, 0x05, 0x0D, 0x17, 0x1F, 0x31, 
   0x45, 0x57, 0xFF, 0xFF, 0xFF, 0xFF, 0xFF, 0xFF, 0xFF, 0xFF, 0xFF, 0xFF, 0xFF, 0xFF, 0xFF, 0xFF, 
   0x00, 0x22, 0x26, 0x31, 0xFF, 0x00, 0x25, 0x2E, 0x2F, 0x27, 0x26, 0x33, 0xFF, 0x00, 0x10, 0x16, 
   0x1F, 0x2E, 0x3C, 0x3D, 0x31, 0x3C, 0xFF, 0x00, 0x24, 0x2F, 0x30, 0x11, 0x10, 0x1F, 0xFF, 0x00, 
   0x33, 0x34, 0x2C, 0x2C, 0x24, 0x1F, 0x1A, 0x0A, 0x0A, 0x1F, 0x20, 0x1C, 0x25, 0x2E, 0x2A, 0x22, 
   0xFF, 0x00, 0x32, 0x2B, 0x38, 0x39, 0x24, 0x24, 0x2E, 0x33, 0x33, 0x2A, 0x2A, 0x38, 0x44, 0x3C, 
   0x3A, 0x20, 0x1F, 0x34, 0xFF, 0x00, 0x05, 0x0C, 0x20, 0x44, 0x44, 0x28, 0x28, 0x14, 0x14, 0x28, 
   0x44, 0x3E, 0x3E, 0x3A, 0x3A, 0x3D, 0xFF, 0x00, 0x44, 0x1E, 0x19, 0x04, 0x04, 0x1B, 0x44, 0x44, 
   0x24, 0x04, 0x1C, 0x0B, 0x04, 0x1C, 0x3E, 0x44, 0x44, 0x41, 0x20, 0x1E, 0x07, 0x43, 0xFF, 0x00, 
   0xFC, 0xDE, 0xD1, 0x00, 0x00, 0xF0, 0xE4, 0xE7, 0xF6, 0xF3, 0xCE, 0x00, 0x00, 0xF0, 0xEA, 0xEE, 
   0xF3, 0xE5, 0xE8, 0xF5, 0xEA, 0x00, 0x00, 0xFA, 0xEA, 0xD0, 0xF5, 0xF8, 0xE8, 0x00, 0x00, 0xF2, 
   0xF1, 0xF9, 0xE9, 0xE4, 0xE7, 0xEE, 0xF7, 0xF7, 0xE2, 0xF3, 0xF9, 0xEB, 0xE4, 0xED, 0xE4, 0x00, 
   0x00, 0xF8, 0xF9, 0xEC, 0xE8, 0xF2, 0xF8, 0xF6, 0xF1, 0xF1, 0xFA, 0xFA, 0xEC, 0xE0, 0xEC, 0xED, 
   0xEC, 0xE1, 0xCC, 0x00, 0x00, 0xFB, 0xF4, 0xFC, 0xE0, 0xEF, 0xFA, 0xEF, 0xFA, 0xEC, 0xD8, 0xE8, 
   0xFC, 0xF8, 0xFC, 0xFC, 0xF6, 0x00, 0x00, 0xE7, 0xEE, 0xEE, 0xFC, 0xFC, 0xED, 0xED, 0xBC, 0xDC, 
   0xFC, 0xEE, 0xF5, 0xFC, 0xE4, 0xD6, 0xE4, 0xE4, 0xE1, 0xF9, 0xE3, 0xFA, 0xBF, 0x00, 0xE1, 0xE5, 
   0xE5, 0xF5, 0xE1, 0xE5, 0xE5, 0xE5, 0xF5, 0xE1, 0xE5, 0xE5, 0xE5, 0xE5, 0xE5, 0xE5, 0xE5, 0xF5, 
   0xE5, 0xE5, 0xE5, 0xE5, 0xE5, 0xE5, 0xE5, 0xE5, 0xC5, 0xD9, 0xE9, 0xE5, 0xE5, 0xFF, 0xFF, 0xFF, 
   0x32, 0x08, 0x0E, 0x10, 0xC2, 0x32, 0x10, 0x14, 0x16, 0x36, 0x18, 0x0C, 0xC2, 0x32, 0x0A, 0x56, 
   0x0A, 0x1E, 0x0C, 0x30, 0x0C, 0x50, 0xC2, 0x32, 0x16, 0x08, 0x26, 0x1A, 0x0E, 0x1A, 0x14, 0x24, 
   0x12, 0x08, 0x08, 0x16, 0x24, 0x16, 0x14, 0xC2, 0x32, 0x08, 0x34, 0x1E, 0x0E, 0x1E, 0x0C, 0x14, 
   0x0A, 0x0E, 0x14, 0x56, 0x14, 0x24, 0x1C, 0x12, 0x38, 0x18, 0x14, 0xC2, 0x32, 0x1E, 0x38, 0x0C, 
   0x20, 0x0C, 0x10, 0x32, 0x12, 0x0E, 0x36, 0xA2, 0x0C, 0x28, 0x50, 0x40, 0xC2, 0x32, 0x46, 0x0C, 
   0x12, 0x4E, 0x22, 0x28, 0x38, 0x28, 0x28, 0x3C, 0x0E, 0x16, 0x0E, 0x0E, 0x38, 0x0A, 0x3A, 0x0A, 
   0xC2, 0x32, 0x36, 0x6A, 0x22, 0x2E, 0x2E, 0x2E, 0x1A, 0x6A, 0x10, 0x62, 0x1A, 0x1A, 0x22, 0x20, 
   0x18, 0x36, 0x3C, 0x22, 0xC2, 0x01, 0x01, 0x01, 0xF1, 0x01, 0x01, 0x01, 0xF1, 0x01, 0x01, 0x01, 
   0xF1, 0x01, 0x01, 0x01, 0xF1, 0x01, 0x01, 0x01, 0x00, 0xF1, 0x01, 0x01, 0xF1, 0x01, 0x01, 0xF1, 
   0x01, 0x01, 0x01, 0xF1, 0x01, 0x01, 0xF1, 0x01, 0x01, 0xF1, 0x01, 0x01, 0xF1, 0x01, 0x01, 0xF1, 
   0x01, 0x01, 0xF1, 0x01, 0xF1, 0x01, 0x01, 0xF1, 0x01, 0xF1, 0x01, 0x01, 0xF1, 0x01, 0x01, 0xF1, 
   0x01, 0xF1, 0x01, 0xF1, 0x01, 0xF1, 0x01, 0xF1, 0x01, 0xF1, 0x01, 0xF1, 0x01, 0xF1, 0x01, 0xF1, 
   0xF1, 0x01, 0xF1, 0x01, 0xF1, 0x01, 0xF1, 0xF1, 0x01, 0xF1, 0x01, 0xF1, 0xF1, 0x01, 0xF1, 0x01, 
   0xF1, 0xF1, 0x01, 0xF1, 0xF1, 0xF1, 0x01, 0xF1, 0xF1, 0xF1, 0x01, 0xF1, 0xF1, 0xF1, 0x01, 0xF1, 
   0xF1, 0xF1, 0xF1, 0x01, 0xF1, 0xF1, 0xF1, 0xF1, 0x01, 0xF1, 0xF1, 0xF1, 0xF1, 0xF1, 0xF1, 0x01, 
   0xF1, 0xF1, 0xF1, 0xF1, 0xF1, 0xF1, 0xF1, 0xF1, 0xF1, 0xF1, 0xF1, 0xF1, 0xF1, 0xFF, 0xFF, 0xFF, 
   0x00, 0x00, 0x01, 0x01, 0x00, 0x00, 0x01, 0x00, 0xFF, 0x00, 0x01, 0x01, 0x00, 0x00, 0x01, 0x00, 
   0xFF, 0x00, 0xFF, 0x00, 0xFF, 0x00, 0x00, 0x00, 0x00, 0x01, 0x00, 0xFF, 0x00, 0x00, 0x01, 0x00, 
   0xFF, 0x00, 0x01, 0x00, 0xFF, 0x00, 0x01, 0x00, 0x00, 0x01, 0x00, 0x00, 0x01, 0x00, 0x01, 0x00, 
   0xFF, 0x00, 0x01, 0x00, 0xFF, 0x00, 0x00, 0xFF, 0x00, 0x00, 0x01, 0x00, 0x00, 0x00, 0x00, 0xFF, 
   0x00, 0xFF, 0x00, 0x01, 0x00, 0xFF, 0x00, 0x00, 0xFF, 0x00, 0x01, 0x00, 0x00, 0x00, 0x00, 0xFF, 
   0x00, 0x00, 0xFE, 0x00, 0x01, 0x00, 0x01, 0x00, 0x01, 0x00, 0xFF, 0xFF, 0x00, 0x01, 0x00, 0x01, 
   0x00, 0x00, 0x00, 0x01, 0x00, 0x00, 0xFF, 0xFF, 0x00, 0x00, 0xFF, 0x00, 0xFE, 0xFE, 0x02, 0x00, 
   0x02, 0x00, 0xFF, 0x02, 0x00, 0x01, 0x01, 0x01, 0x01, 0x01, 0x11, 0x01, 0x01, 0x01, 0x01, 0x01, 
   0x01, 0x01, 0x11, 0x01, 0x01, 0x01, 0x01, 0x01, 0x11, 0x01, 0x01, 0x01, 0x01, 0x01, 0x11, 0x01, 
   0x01, 0x01, 0x11, 0x01, 0x01, 0x01, 0x11, 0x01, 0x01, 0x01, 0x11, 0x01, 0x01, 0x01, 0x11, 0x01, 
   0x01, 0x11, 0x01, 0x01, 0x11, 0x01, 0x01, 0x01, 0x11, 0x01, 0x01, 0x11, 0x01, 0x01, 0x11, 0x01, 
   0x01, 0x11, 0x01, 0x01, 0x11, 0x01, 0x01, 0x11, 0x01, 0x11, 0x01, 0x01, 0x11, 0x01, 0x11, 0x01, 
   0x01, 0x11, 0x01, 0x01, 0x11, 0x01, 0x11, 0x01, 0x11, 0x01, 0x11, 0x01, 0x11, 0x01, 0x11, 0x01, 
   0x11, 0x01, 0x11, 0x01, 0x11, 0x11, 0x01, 0x11, 0x01, 0x11, 0x01, 0x11, 0x11, 0x01, 0x11, 0x01, 
   0x11, 0x11, 0x01, 0x11, 0x01, 0x11, 0x11, 0x01, 0x11, 0x11, 0x11, 0x01, 0x11, 0x11, 0x11, 0x01, 
   0x11, 0x11, 0x11, 0x01, 0x11, 0x11, 0x11, 0x11, 0x01, 0x11, 0x11, 0x11, 0x11, 0x01, 0x11, 0x11, 
   0x30, 0x08, 0x1A, 0x04, 0xC4, 0x30, 0x0E, 0x0C, 0x16, 0x10, 0x3A, 0x1A, 0xC4, 0x30, 0x36, 0x0E, 
   0x32, 0x3C, 0x0E, 0x10, 0x3E, 0x12, 0xC4, 0x30, 0x16, 0x18, 0x86, 0x18, 0x12, 0x66, 0xC4, 0x30, 
   0x0E, 0x1E, 0x10, 0x40, 0x14, 0x0C, 0x2C, 0x20, 0x22, 0x0E, 0x24, 0x24, 0x12, 0x12, 0x0A, 0x66, 
   0xC4, 0x30, 0x18, 0x24, 0x1A, 0x66, 0x2A, 0x28, 0x32, 0x0A, 0x14, 0x12, 0x20, 0x1E, 0x14, 0x12, 
   0x42, 0x36, 0x16, 0x2A, 0xC4, 0x30, 0x28, 0x0E, 0x62, 0x24, 0x58, 0x38, 0x28, 0x28, 0x38, 0x0E, 
   0x1C, 0x0E, 0x44, 0x08, 0x24, 0x0A, 0xC4, 0x30, 0x54, 0x3E, 0x0A, 0x2A, 0x0E, 0x2E, 0x36, 0x3A, 
   0x18, 0x26, 0x30, 0x22, 0x22, 0x1A, 0x18, 0x0A, 0x30, 0x06, 0x22, 0x20, 0x14, 0x78, 0xC4, 0x00, 
   0x00, 0x00, 0xFF, 0x00, 0x00, 0xFF, 0xFF, 0x00, 0x01, 0x00, 0xFF, 0x00, 0x00, 0x00, 0xFF, 0x00, 
   0x00, 0xFF, 0x00, 0x00, 0x00, 0x00, 0x00, 0x00, 0xFF, 0x00, 0x01, 0x00, 0x00, 0x00, 0x00, 0xFF, 
   0x00, 0x01, 0x00, 0x00, 0x01, 0x00, 0x01, 0x00, 0xFF, 0x00, 0x00, 0x00, 0x00, 0x01, 0x00, 0x00, 
   0x00, 0x00, 0x00, 0xFF, 0x00, 0x01, 0x00, 0x00, 0xFF, 0x00, 0x01, 0x00, 0xFF, 0x00, 0x01, 0x00, 
   0x01, 0x00, 0xFF, 0x00, 0x00, 0x00, 0xFF, 0x00, 0xFE, 0x00, 0x01, 0x00, 0x01, 0x00, 0xFF, 0x00, 
   0x01, 0x00, 0x01, 0x00, 0xFF, 0x00, 0x00, 0x00, 0x01, 0x00, 0x01, 0x00, 0xFF, 0xFF, 0x00, 0x01, 
   0x00, 0xFF, 0x01, 0x00, 0xFE, 0xFE, 0xFF, 0x00, 0x01, 0x02, 0x00, 0x02, 0xFF, 0x00, 0x2C, 0xF7, 
   0x1F, 0x4C, 0xB4, 0x96, 0x2C, 0x80, 0x00, 0x4C, 0x97, 0x93, 0x2C, 0xF7, 0x1F, 0x4C, 0xE6, 0x94, 
   0xAC, 0xF8, 0x1F, 0x4C, 0x00, 0xD0, 0xFF, 0xFF, 0xFF, 0xFF, 0xFF, 0xFF, 0xF0, 0x9F, 0xF0, 0x9F, 
   0x56, 0x64, 0x5E, 0x56, 0x6A, 0x7E, 0x48, 0xDC, 0xCA, 0x44, 0xCE, 0xC8, 0x4A, 0xAE, 0x2A, 0x8C, 
   0x16, 0x0E, 0x09, 0x3A, 0x2E, 0x33, 0xFE, 0x0E, 0xFE, 0xFA, 0xF6, 0xF4, 0xF6, 0xFA, 0xFE, 0x0E, 
   0xFE, 0xFA, 0xF6, 0xF4, 0xF6, 0xFA, 0xFE, 0x0E, 0xFE, 0x1F, 0x4F, 0x9F, 0xDF, 0x2F, 0x6F, 0xDF, 
   0x5F, 0x8A, 0x30, 0x67, 0xB0, 0x23, 0x86, 0xF2, 0xA2, 0x05, 0xD0, 0x19, 0xB5, 0xA4, 0x95, 0xA5, 
   0xB5, 0xAB, 0x95, 0xAC, 0xB5, 0xB7, 0x95, 0xB8, 0xB5, 0xB1, 0x95, 0xB2, 0xB5, 0xBE, 0x95, 0xBF, 
   0xB5, 0xC4, 0x95, 0xC5, 0xCA, 0xE4, 0xF2, 0xD0, 0xE3, 0xA5, 0x81, 0x95, 0xAC, 0xA4, 0x83, 0xA5, 
   0xF8, 0x29, 0x01, 0x49, 0x01, 0xA4, 0x83, 0x19, 0x00, 0xB0, 0x95, 0xBF, 0xA9, 0xFF, 0x95, 0xC5, 
   0xA5, 0xF6, 0x95, 0xB8, 0xA5, 0x80, 0x95, 0xA5, 0xA5, 0x9E, 0xF0, 0x0F, 0xC9, 0x30, 0x90, 0x04, 
   0x49, 0xFF, 0x69, 0x29, 0x4A, 0xA8, 0xB9, 0xFE, 0xAF, 0xD0, 0x02, 0xA9, 0x3A, 0x28, 0x65, 0xEE, 
   0x49, 0xFF, 0xCA, 0x30, 0x04, 0x95, 0xB3, 0x10, 0x02, 0x85, 0x9F, 0xA2, 0x2E, 0xA5, 0x83, 0x29, 
   0xF8, 0xF0, 0x02, 0xA2, 0x1E, 0x2C, 0x84, 0x02, 0x10, 0xFB, 0x85, 0x02, 0xA9, 0x01, 0x85, 0x01, 
   0x85, 0x0A, 0x86, 0x08, 0xA9, 0xFF, 0x85, 0x0D, 0x85, 0x0E, 0x85, 0x0F, 0xA9, 0x03, 0x85, 0x04, 
   0x85, 0x05, 0x85, 0x25, 0x85, 0x26, 0xA2, 0xD0, 0x85, 0x10, 0x85, 0x11, 0x86, 0x20, 0xA2, 0xE0, 
   0x86, 0x21, 0xA2, 0x10, 0xA9, 0xB8, 0x85, 0xEE, 0x85, 0xF0, 0x85, 0xF2, 0x85, 0xF4, 0x85, 0xF6, 
   0x85, 0x2A, 0x86, 0x0D, 0xA2, 0x00, 0x86, 0x0E, 0x86, 0x0F, 0x85, 0xF8, 0xA0, 0x07, 0xA5, 0x9A, 
   0x29, 0x03, 0xAA, 0xA5, 0x83, 0x29, 0xF8, 0xD0, 0x04, 0x8A, 0x09, 0x04, 0xAA, 0x85, 0x02, 0xA5, 
   0x82, 0x29, 0x38, 0x4A, 0x4A, 0x4A, 0x69, 0x16, 0x85, 0x80, 0xA9, 0xB0, 0x85, 0x81, 0xBD, 0x29, 
   0xB0, 0x85, 0xFB, 0x85, 0x2B, 0xA2, 0x05, 0xCA, 0xD0, 0xFD, 0x38, 0x88, 0xB1, 0x80, 0x25, 0xFB, 
   0x85, 0x06, 0x85, 0x07, 0xB1, 0xF7, 0x85, 0x1B, 0xB1, 0xF5, 0x85, 0x1C, 0xB1, 0xF3, 0x85, 0x1B, 
   0xB3, 0xED, 0x9A, 0xB3, 0xF1, 0xB1, 0xEF, 0x86, 0x1C, 0x85, 0x1B, 0xBA, 0x86, 0x1C, 0x84, 0x1B, 
   0x98, 0xD0, 0xD8, 0x84, 0x1C, 0x84, 0x1B, 0x6C, 0xF9, 0x00, 0x85, 0x02, 0xA9, 0xDD, 0x8D, 0x96, 
   0x02, 0xA2, 0xFF, 0x9A, 0xA9, 0x20, 0x85, 0x0D, 0x85, 0x02, 0x0A, 0x85, 0x0D, 0x85, 0x02, 0x0A, 
   0x85, 0x0D, 0xA2, 0xFF, 0x86, 0x0E, 0x86, 0x0F, 0xE8, 0x85, 0x02, 0x86, 0x0D, 0x86, 0x0E, 0x86, 
   0x0F, 0xA5, 0x9E, 0xC9, 0x90, 0xF0, 0x27, 0xC9, 0x41, 0x90, 0x23, 0xC9, 0x50, 0x90, 0x58, 0xC9, 
   0x80, 0xD0, 0x19, 0xA6, 0xE3, 0xF0, 0x50, 0xA5, 0x38, 0x49, 0x80, 0x25, 0x3C, 0x25, 0x3D, 0x30, 
   0x08, 0xA9, 0x00, 0x85, 0xE2, 0x85, 0xE3, 0xF0, 0x3E, 0xC6, 0x9E, 0x18, 0xB0, 0x39, 0x85, 0x02, 
   0xA5, 0xDD, 0x30, 0x05, 0x20, 0x38, 0xB3, 0xF0, 0x2E, 0xC9, 0x87, 0xD0, 0x05, 0x20, 0xB5, 0xB2, 
   0xF0, 0x25, 0xC9, 0x84, 0xD0, 0x05, 0x20, 0x1D, 0xB3, 0xF0, 0x1C, 0xC9, 0x85, 0xD0, 0x05, 0x20, 
   0x26, 0xB3, 0xF0, 0x13, 0xC9, 0x86, 0xD0, 0x03, 0x20, 0x2F, 0xB3, 0xC9, 0x89, 0xF0, 0x20, 0xC9, 
   0x88, 0xF0, 0x2D, 0xC9, 0x8A, 0xF0, 0x48, 0xAD, 0x84, 0x02, 0xD0, 0xFB, 0x4C, 0x11, 0xB4, 0x64, 
   0x56, 0x7E, 0xDC, 0x48, 0x88, 0x76, 0xA8, 0x44, 0xC8, 0xAE, 0x8C, 0x2A, 0x5A, 0xB6, 0x6A, 0xA2, 
   0x0B, 0x20, 0x8F, 0xB3, 0xA2, 0x0C, 0x20, 0x8F, 0xB3, 0xA2, 0x14, 0x20, 0x8F, 0xB3, 0xF0, 0xD7, 
   0xA2, 0x07, 0x20, 0x8F, 0xB3, 0xA2, 0x08, 0xA0, 0x0E, 0x20, 0x75, 0xB2, 0xA2, 0x09, 0x20, 0x8F, 
   0xB3, 0xA2, 0x00, 0xA0, 0x01, 0x20, 0x75, 0xB2, 0xA2, 0x0A, 0x20, 0x8F, 0xB3, 0xF0, 0xB8, 0xA2, 
   0x00, 0xA0, 0x0A, 0x20, 0x75, 0xB2, 0xA2, 0x01, 0x20, 0x9B, 0xB3, 0xA2, 0x02, 0x20, 0x8F, 0xB3, 
   0xA2, 0x03, 0x20, 0x9B, 0xB3, 0xA2, 0x04, 0x20, 0x9B, 0xB3, 0xA2, 0x06, 0x20, 0x9B, 0xB3, 0xA2, 
   0x05, 0x20, 0x9B, 0xB3, 0xA0, 0x00, 0x84, 0x96, 0xEA, 0xA5, 0xB8, 0x85, 0x20, 0x29, 0x0F, 0xAA, 
   0xCA, 0x10, 0xFD, 0x85, 0x10, 0x84, 0x04, 0x84, 0x25, 0x84, 0x0A, 0xA5, 0xBF, 0x85, 0x06, 0x85, 
   0x02, 0x85, 0x2A, 0xA4, 0x83, 0xB9, 0xDF, 0xB1, 0x85, 0x08, 0xA9, 0xFF, 0x85, 0x81, 0xA0, 0x26, 
   0x84, 0x80, 0x4C, 0xE4, 0x9F, 0x85, 0x02, 0x88, 0xD0, 0xFB, 0xBD, 0xEA, 0xBD, 0x85, 0x81, 0xBD, 
   0xAB, 0xBB, 0x85, 0x80, 0xBD, 0x84, 0xBB, 0xAA, 0xA0, 0x0A, 0xA5, 0x80, 0x99, 0xEE, 0x00, 0xBD, 
   0x00, 0xBD, 0x99, 0xED, 0x00, 0xE8, 0x88, 0x88, 0x10, 0xF0, 0xA0, 0x0C, 0xA6, 0x81, 0xA9, 0xA9, 
   0x85, 0xF9, 0xA9, 0xB2, 0x85, 0xFA, 0x4C, 0xF3, 0xB0, 0xA9, 0x4A, 0x85, 0xF9, 0xA9, 0xB1, 0x85, 
   0xFA, 0xA2, 0xFD, 0x9A, 0x60, 0xA5, 0xE7, 0x05, 0xE8, 0xF0, 0x09, 0xA2, 0x28, 0x85, 0x02, 0xCA, 
   0xD0, 0xFB, 0xF0, 0x05, 0xA2, 0x13, 0x20, 0x8F, 0xB3, 0xA2, 0x14, 0x20, 0x8F, 0xB3, 0xA2, 0x15, 
   0x20, 0x8F, 0xB3, 0xA2, 0x0F, 0x20, 0x8F, 0xB3, 0x20, 0xDC, 0xB2, 0x60, 0xA2, 0x0A, 0xA9, 0x60, 
   0x95, 0xED, 0xA9, 0xB8, 0x95, 0xEE, 0xCA, 0xCA, 0x10, 0xF4, 0xA6, 0xE6, 0x8A, 0x29, 0x0F, 0xA8, 
   0xB9, 0xF2, 0xBA, 0x85, 0xF1, 0x8A, 0x4A, 0x4A, 0x4A, 0x4A, 0xA8, 0xB9, 0xF2, 0xBA, 0x85, 0xF3, 
   0xA0, 0x07, 0xA2, 0x01, 0xA9, 0x0F, 0x85, 0xF9, 0xA9, 0xB3, 0x85, 0xFA, 0x4C, 0xF3, 0xB0, 0xA9, 
   0x4A, 0x85, 0xF9, 0xA9, 0xB1, 0x85, 0xFA, 0xA2, 0xFB, 0x9A, 0x85, 0x02, 0x60, 0xA2, 0x1A, 0x20, 
   0x8F, 0xB3, 0xA2, 0x1B, 0xD0, 0x75, 0xA2, 0x16, 0x20, 0x8F, 0xB3, 0xA2, 0x17, 0xD0, 0x6C, 0xA2, 
   0x18, 0x20, 0x8F, 0xB3, 0xA2, 0x19, 0xD0, 0x63, 0xA5, 0xDC, 0xC9, 0x10, 0xB0, 0x0C, 0xA2, 0x0D, 
   0x20, 0x8F, 0xB3, 0xA2, 0x0E, 0x20, 0x9B, 0xB3, 0xF0, 0x07, 0xA2, 0x27, 0x85, 0x02, 0xCA, 0xD0, 
   0xFB, 0xA2, 0x0F, 0x85, 0x02, 0xCA, 0xD0, 0xFB, 0xA2, 0x0F, 0x20, 0x8F, 0xB3, 0xA5, 0xD9, 0x30, 
   0x0B, 0x90, 0x09, 0xA2, 0x10, 0x20, 0x9B, 0xB3, 0xA2, 0x11, 0xD0, 0x2F, 0x20, 0xDC, 0xB2, 0xA2, 
   0x11, 0xA5, 0xD9, 0x30, 0x02, 0xA2, 0x12, 0x20, 0x8F, 0xB3, 0xA2, 0x1C, 0xA5, 0xD9, 0x10, 0x0F, 
   0xA5, 0xDC, 0xC9, 0x10, 0xA5, 0x83, 0x29, 0x07, 0xB0, 0x02, 0x69, 0x06, 0x69, 0x1C, 0xAA, 0xBD, 
   0xAB, 0xBB, 0xA0, 0x0A, 0x99, 0xEE, 0x00, 0x88, 0x88, 0x10, 0xF9, 0xBC, 0xD1, 0xBB, 0xF0, 0x05, 
   0x85, 0x02, 0x88, 0xD0, 0xFB, 0xA5, 0x83, 0x29, 0xF8, 0xD0, 0x05, 0xBD, 0xCC, 0xB8, 0xD0, 0x03, 
   0xBD, 0xEA, 0xBD, 0x85, 0x06, 0x85, 0x07, 0xBC, 0x84, 0xBB, 0xB9, 0x00, 0xBD, 0x85, 0xED, 0xB9, 
   0x01, 0xBD, 0x85, 0xEF, 0xB9, 0x02, 0xBD, 0x85, 0xF1, 0xB9, 0x03, 0xBD, 0x85, 0xF3, 0xB9, 0x04, 
   0xBD, 0x85, 0xF5, 0xB9, 0x05, 0xBD, 0x85, 0xF7, 0xA0, 0x05, 0x8A, 0x49, 0x02, 0xD0, 0x02, 0xA0, 
   0x07, 0x88, 0x84, 0x80, 0xB1, 0xF5, 0xAA, 0x85, 0x02, 0xB1, 0xED, 0x85, 0x1B, 0xB1, 0xEF, 0x85, 
   0x1C, 0xB1, 0xF1, 0x85, 0x1B, 0xB1, 0xF3, 0x85, 0x81, 0xB1, 0xF7, 0xAC, 0x81, 0x00, 0x84, 0x1C, 
   0x86, 0x1B, 0x85, 0x1C, 0x85, 0x1B, 0xA4, 0x80, 0xD0, 0xD7, 0x84, 0x1B, 0x84, 0x1C, 0x84, 0x1B, 
   0x60, 0xA2, 0x02, 0xA5, 0x83, 0x29, 0x07, 0x85, 0x83, 0xA9, 0x1E, 0x85, 0x02, 0x86, 0x01, 0x84, 
   0x1B, 0x84, 0x1C, 0x8D, 0x96, 0x02, 0xA2, 0x01, 0xA5, 0xEA, 0x29, 0x08, 0xD0, 0x01, 0xCA, 0xA9, 
   0xFF, 0x24, 0x36, 0x10, 0x08, 0x24, 0xD9, 0x70, 0x52, 0x95, 0xCD, 0x95, 0xD1, 0xA2, 0x01, 0x24, 
   0xEA, 0x70, 0x01, 0xCA, 0x24, 0x35, 0x10, 0x04, 0x95, 0xCB, 0x95, 0xCF, 0xA4, 0x83, 0xB9, 0xB9, 
   0xB6, 0x38, 0xE5, 0x86, 0x85, 0x81, 0xB9, 0xC1, 0xB6, 0xE5, 0x87, 0xD0, 0x06, 0xA9, 0x31, 0xC5, 
   0x81, 0xB0, 0x0C, 0xA5, 0x33, 0x05, 0x37, 0x10, 0x06, 0xA5, 0x97, 0x29, 0x02, 0xF0, 0x1C, 0xA5, 
   0xA3, 0xD0, 0x04, 0xA5, 0x32, 0x30, 0x14, 0xA5, 0x97, 0x29, 0x04, 0xD0, 0x15, 0x24, 0xD9, 0x70, 
   0x11, 0x24, 0x31, 0x50, 0x0D, 0xA9, 0xFF, 0x95, 0xCB, 0x95, 0xCF, 0xA5, 0x9E, 0xD0, 0x03, 0x20, 
   0x65, 0xB6, 0xA9, 0x00, 0x85, 0x2C, 0xAD, 0x82, 0x02, 0x29, 0x40, 0x45, 0x84, 0x0A, 0x10, 0x07, 
   0xA5, 0x84, 0x49, 0xC0, 0x85, 0x84, 0x0A, 0x90, 0x03, 0x4C, 0x62, 0xB6, 0xA5, 0x82, 0x85, 0xF6, 
   0x10, 0x02, 0x09, 0x40, 0x69, 0x40, 0x85, 0x82, 0x29, 0x3F, 0xD0, 0x03, 0xA9, 0x3F, 0x2C, 0xA9, 
   0xFF, 0x18, 0x65, 0x82, 0x85, 0x82, 0x29, 0x01, 0xF0, 0x02, 0xA9, 0x20, 0x85, 0x80, 0xA9, 0xFF, 
   0x85, 0xEE, 0x85, 0xF0, 0xA5, 0x9E, 0xF0, 0x03, 0x4C, 0x62, 0xB6, 0xA5, 0xD9, 0x29, 0x07, 0x4A, 
   0xA8, 0x84, 0x81, 0xA5, 0xF6, 0x39, 0xD9, 0xB6, 0xD0, 0x11, 0xA5, 0x9C, 0xF0, 0x0D, 0x4A, 0x4A, 
   0x4A, 0x4A, 0xAA, 0xA5, 0x9C, 0x38, 0xFD, 0xC9, 0xB6, 0x85, 0x9C, 0xA5, 0xF6, 0x39, 0xDC, 0xB6, 
   0xD0, 0x11, 0xA5, 0x99, 0xF0, 0x0D, 0x4A, 0x4A, 0x4A, 0x4A, 0xAA, 0xA5, 0x99, 0x38, 0xFD, 0xC9, 
   0xB6, 0x85, 0x99, 0xA5, 0x82, 0x29, 0x07, 0xD0, 0x1A, 0xA5, 0xDC, 0x24, 0xDD, 0x30, 0x0A, 0x38, 
   0xF9, 0xDF, 0xB6, 0xB0, 0x0C, 0xC6, 0xDD, 0x90, 0x08, 0x18, 0x79, 0xDF, 0xB6, 0x90, 0x02, 0xE6, 
   0xDD, 0x85, 0xDC, 0xA5, 0x82, 0x29, 0x07, 0xD0, 0x17, 0xA5, 0x84, 0x4A, 0xA5, 0x99, 0xB0, 0x03, 
   0xE9, 0x02, 0x0C, 0x69, 0x02, 0x50, 0x07, 0x30, 0x03, 0xA9, 0x80, 0x2C, 0xA9, 0x7F, 0x85, 0x99, 
   0xAD, 0x80, 0x02, 0x49, 0xF0, 0x29, 0xF0, 0x05, 0xE1, 0x85, 0xE1, 0xA5, 0x84, 0x29, 0xE7, 0xA8, 
   0x45, 0x84, 0x84, 0x84, 0x4A, 0x4A, 0x4A, 0xA8, 0xAD, 0x80, 0x02, 0x29, 0x03, 0x0A, 0x0A, 0x0A, 
   0x05, 0x84, 0x85, 0x84, 0xA2, 0x7F, 0x29, 0x18, 0x59, 0xE2, 0xB6, 0xF0, 0x1D, 0xE8, 0x49, 0x18, 
   0xF0, 0x18, 0xA5, 0x82, 0x29, 0xC0, 0xF0, 0x0C, 0xA4, 0x81, 0xC0, 0x02, 0xF0, 0x22, 0xA5, 0x82, 
   0x29, 0x07, 0xD0, 0x1C, 0xA7, 0xE1, 0x29, 0x3F, 0x85, 0xE1, 0xA4, 0x9D, 0x8A, 0x30, 0x05, 0x88, 
   0x10, 0x02, 0xA0, 0x1F, 0x0A, 0x30, 0x07, 0xC8, 0xC0, 0x20, 0x90, 0x02, 0xA0, 0x00, 0x84, 0x9D, 
   0xA5, 0x82, 0x49, 0x80, 0x29, 0xC1, 0xD0, 0x77, 0xA5, 0x39, 0x30, 0x15, 0xA5, 0x97, 0x29, 0x04, 
   0xF0, 0x08, 0xA5, 0x3C, 0x25, 0x3D, 0x10, 0x09, 0x30, 0x65, 0xAD, 0x80, 0x02, 0x29, 0x10, 0xD0, 
   0x5E, 0xA5, 0xE7, 0x05, 0xE8, 0xF0, 0x58, 0x38, 0xA9, 0x02, 0x20, 0x75, 0xB6, 0xA5, 0x9D, 0x18, 
   0x65, 0x80, 0xA8, 0xB9, 0x26, 0xB7, 0xC9, 0x80, 0x24, 0xD9, 0x10, 0x01, 0x6A, 0x65, 0x99, 0x50, 
   0x07, 0x30, 0x03, 0xA9, 0x80, 0x2C, 0xA9, 0x7F, 0x85, 0x99, 0xB9, 0xE6, 0xB6, 0xC9, 0x80, 0x24, 
   0xD9, 0x10, 0x01, 0x6A, 0x65, 0x9C, 0x50, 0x07, 0x30, 0x03, 0xA9, 0x80, 0x2C, 0xA9, 0x7F, 0x85, 
   0x9C, 0xB9, 0x66, 0xB7, 0x38, 0xE5, 0xDB, 0xB0, 0x02, 0x69, 0xF0, 0x20, 0x85, 0xB6, 0xAA, 0x98, 
   0x5D, 0x86, 0xB7, 0x65, 0xDC, 0x85, 0xDC, 0x98, 0x65, 0xDD, 0x85, 0xDD, 0x20, 0x9B, 0xB6, 0xA5, 
   0xE1, 0x29, 0x20, 0xC9, 0x20, 0x45, 0xE1, 0x85, 0xE1, 0xA5, 0xE7, 0x05, 0xE8, 0xD0, 0x01, 0x18, 
   0xA5, 0x97, 0x29, 0xF9, 0xB0, 0x02, 0x09, 0x05, 0x49, 0x05, 0x85, 0x97, 0x90, 0x14, 0xA5, 0xF6, 
   0x29, 0x03, 0xF0, 0x0B, 0x4A, 0xB0, 0x0B, 0xA9, 0x01, 0x20, 0x75, 0xB6, 0x4C, 0x62, 0xB6, 0x20, 
   0x9B, 0xB6, 0x4C, 0xD8, 0xDF, 0xA9, 0x23, 0x85, 0x9E, 0xA9, 0x98, 0x85, 0x93, 0x85, 0x97, 0xA9, 
   0x13, 0xA6, 0xE3, 0xE4, 0xE2, 0xA2, 0x00, 0xB0, 0x01, 0xE8, 0xD5, 0xE2, 0x90, 0x06, 0x95, 0xE2, 
   0xA9, 0x00, 0x95, 0xE4, 0x60, 0xA0, 0x00, 0xC9, 0x78, 0x90, 0x03, 0xE9, 0x78, 0x88, 0xC9, 0x3C, 
   0x90, 0x04, 0x49, 0xFF, 0x69, 0x78, 0xAA, 0x4A, 0xC0, 0xFF, 0x60, 0xA9, 0x99, 0xAA, 0xF8, 0x18, 
   0x65, 0xE7, 0x85, 0xE7, 0x8A, 0x65, 0xE8, 0x85, 0xE8, 0xD8, 0xA5, 0x82, 0x49, 0x01, 0x29, 0x1E, 
   0xD0, 0x06, 0xA5, 0x9A, 0x29, 0xFC, 0x85, 0x9A, 0x60, 0x5F, 0x96, 0xDC, 0xEE, 0x45, 0x92, 0x8F, 
   0xFE, 0x00, 0x00, 0x00, 0x00, 0x01, 0x01, 0x01, 0x01, 0x01, 0x02, 0x03, 0x03, 0x04, 0x05, 0x06, 
   0x07, 0xF9, 0xFA, 0xFB, 0xFC, 0xFD, 0xFE, 0xFE, 0xFF, 0x3F, 0xFF, 0x07, 0xDF, 0xFF, 0x0F, 0x01, 
   0x00, 0x08, 0x08, 0x18, 0x00, 0x10, 0x00, 0x01, 0x02, 0x03, 0x04, 0x05, 0x05, 0x06, 0x06, 0x06, 
   0x05, 0x05, 0x04, 0x03, 0x02, 0x01, 0x00, 0xFE, 0xFD, 0xFC, 0xFB, 0xFA, 0xFA, 0xF9, 0xF9, 0xF9, 
   0xFA, 0xFA, 0xFB, 0xFC, 0xFD, 0xFE, 0x00, 0x01, 0x03, 0x04, 0x04, 0x05, 0x06, 0x06, 0x06, 0x06, 
   0x06, 0x05, 0x04, 0x04, 0x03, 0x01, 0x00, 0xFE, 0xFC, 0xFB, 0xFB, 0xFA, 0xF9, 0xF9, 0xF9, 0xF9, 
   0xF9, 0xFA, 0xFB, 0xFB, 0xFC, 0xFE, 0x0A, 0x0A, 0x09, 0x08, 0x07, 0x05, 0x03, 0x02, 0x00, 0xFD, 
   0xFC, 0xFA, 0xF8, 0xF7, 0xF6, 0xF5, 0xF5, 0xF5, 0xF6, 0xF7, 0xF8, 0xFA, 0xFC, 0xFD, 0x00, 0x02, 
   0x03, 0x05, 0x07, 0x08, 0x09, 0x0A, 0x0A, 0x0A, 0x09, 0x09, 0x07, 0x06, 0x04, 0x02, 0x00, 0xFD, 
   0xFB, 0xF9, 0xF8, 0xF6, 0xF6, 0xF5, 0xF5, 0xF5, 0xF6, 0xF6, 0xF8, 0xF9, 0xFB, 0xFD, 0x00, 0x02, 
   0x04, 0x06, 0x07, 0x09, 0x09, 0x0A, 0x00, 0x08, 0x0F, 0x17, 0x1E, 0x26, 0x2D, 0x35, 0x3C, 0x44, 
   0x4B, 0x53, 0x5A, 0x62, 0x69, 0x71, 0x78, 0x80, 0x87, 0x8F, 0x96, 0x9E, 0xA5, 0xAD, 0xB4, 0xBC, 
   0xC3, 0xCB, 0xD2, 0xDA, 0xE1, 0xE9, 0x00, 0x03, 0x05, 0x08, 0x0A, 0x0D, 0x0F, 0x12, 0x14, 0x17, 
   0x19, 0x1B, 0x1D, 0x1F, 0x21, 0x23, 0x25, 0x27, 0x28, 0x2A, 0x2B, 0x2D, 0x2E, 0x2F, 0x30, 0x30, 
   0x31, 0x31, 0x32, 0x32, 0x32, 0x00, 0x00, 0x00, 0x00, 0x00, 0x00, 0x00, 0x00, 0x00, 0x00, 0x00, 
   0x00, 0x00, 0x00, 0x00, 0x00, 0x00, 0x00, 0x00, 0x00, 0x00, 0x00, 0x00, 0x00, 0x00, 0x00, 0x00, 
   0x00, 0x00, 0x00, 0x00, 0x00, 0x00, 0x00, 0x00, 0x00, 0x00, 0x00, 0x00, 0x00, 0x00, 0x00, 0x00, 
   0x00, 0x00, 0x00, 0x00, 0x00, 0x00, 0x00, 0x00, 0x00, 0x00, 0x00, 0x00, 0x00, 0x00, 0x00, 0x00, 
   0x00, 0x00, 0x00, 0x00, 0x00, 0x00, 0x00, 0x00, 0x00, 0x00, 0x00, 0x00, 0x00, 0x00, 0x00, 0x00, 
   0x00, 0x00, 0x00, 0x00, 0x00, 0x00, 0x00, 0x00, 0x00, 0x00, 0x00, 0x00, 0x00, 0x00, 0x00, 0x00, 
   0x1E, 0x1E, 0x1E, 0xFE, 0xC6, 0xC6, 0xFE, 0xDE, 0xDE, 0xC6, 0xC6, 0xC6, 0xFE, 0xE0, 0xE0, 0xFE, 
   0x06, 0x06, 0x7E, 0x7E, 0x7E, 0x18, 0x18, 0x18, 0x78, 0xFE, 0x1E, 0x1E, 0x7E, 0x18, 0x18, 0x78, 
   0x0E, 0x0E, 0x0E, 0xFE, 0xCE, 0xCE, 0xC0, 0xFE, 0x0E, 0x0E, 0xFE, 0xC0, 0xC0, 0xF8, 0xFE, 0xCE, 
   0xCE, 0xFE, 0xC0, 0xC0, 0xF0, 0x70, 0x70, 0x70, 0x7E, 0x06, 0x06, 0xFE, 0xEE, 0xEE, 0xFE, 0x6C, 
   0x6C, 0x7C, 0xAA, 0xAA, 0x00, 0x00, 0xAA, 0xAA, 0x00, 0x00, 0xA8, 0xA8, 0x00, 0x00, 0xA8, 0xA8, 
   0x00, 0x00, 0xA0, 0xA0, 0x00, 0x00, 0xA0, 0xA0, 0x00, 0x00, 0x80, 0x80, 0x00, 0x00, 0x80, 0x80, 
   0x00, 0x00, 0x00, 0x00, 0x00, 0x00, 0x00, 0xE0, 0xE0, 0x40, 0x40, 0xC0, 0x00, 0x00, 0xF0, 0xC0, 
   0xF0, 0x10, 0x70, 0x00, 0x00, 0xF0, 0x30, 0x70, 0x20, 0x60, 0x00, 0x00, 0x30, 0x30, 0xF0, 0xB0, 
   0x80, 0x00, 0x00, 0xF0, 0x30, 0xF0, 0x80, 0xE0, 0x00, 0x00, 0xF0, 0xB0, 0xF0, 0x80, 0xC0, 0x00, 
   0x00, 0x3D, 0x25, 0x2D, 0x20, 0x38, 0x28, 0xEA, 0x2A, 0xAA, 0x6F, 0xA4, 0x28, 0x3C, 0x24, 0xBC, 
   0xA0, 0xB8, 0xA0, 0xBC, 0x1E, 0x12, 0x12, 0x12, 0x1E, 0xC7, 0xA4, 0xA7, 0x94, 0x97, 0xF7, 0x94, 
   0x94, 0x94, 0xF4, 0x90, 0x90, 0x90, 0x90, 0xBC, 0x7A, 0x4A, 0x4B, 0x4A, 0x7B, 0x04, 0x04, 0x87, 
   0x04, 0xC7, 0x3D, 0x25, 0x25, 0x25, 0xA5, 0xEF, 0x08, 0xC8, 0x08, 0xE8, 0x01, 0x56, 0x2E, 0x56, 
   0x56, 0x64, 0x64, 0x2E, 0x03, 0x2E, 0x2E, 0x2E, 0x2E, 0x56, 0x56, 0x64, 0x64, 0x64, 0x64, 0x56, 
   0x2E, 0x64, 0x2E, 0x2E, 0x2E, 0x2E, 0x88, 0x88, 0x2E, 0x2E, 0x2E, 0x2E, 0x2E, 0x2E, 0x2E, 0x2E, 
   0x2E, 0x2E, 0x2E, 0x00, 0x00, 0x00, 0x00, 0x00, 0x00, 0x00, 0x00, 0x00, 0x00, 0x00, 0x00, 0x00, 
   0x00, 0x00, 0x00, 0x00, 0x00, 0x43, 0x7A, 0x4A, 0x4A, 0x7A, 0xD2, 0x1E, 0x12, 0x0A, 0x06, 0xBB, 
   0xAA, 0xAB, 0xAA, 0xEB, 0xC8, 0x08, 0x88, 0x08, 0xDE, 0x39, 0x29, 0x25, 0x25, 0x3D, 0xEF, 0x01, 
   0xCF, 0x08, 0xEE, 0x22, 0x22, 0x23, 0x22, 0x7B, 0x5E, 0x92, 0xD2, 0x52, 0xDE, 0x77, 0x14, 0xF7, 
   0x94, 0x97, 0xB8, 0x28, 0x24, 0x24, 0xBC, 0x01, 0x01, 0x01, 0x01, 0x01, 0x17, 0x52, 0x52, 0x52, 
   0xF7, 0x7B, 0x08, 0x7B, 0x42, 0x73, 0xDD, 0x49, 0xC9, 0x09, 0x9D, 0xEB, 0x2A, 0x2A, 0x2A, 0xEE, 
   0x80, 0x80, 0x80, 0x80, 0x80, 0xBB, 0xAA, 0xAA, 0xAA, 0xEB, 0xC8, 0x48, 0x48, 0x48, 0xDE, 0x0F, 
   0x08, 0x08, 0x09, 0x0F, 0x7A, 0x4A, 0x4A, 0x4A, 0x7B, 0x28, 0xAF, 0xA9, 0xA9, 0xEF, 0x7B, 0x42, 
   0x43, 0x42, 0x43, 0xC8, 0x08, 0x88, 0x08, 0xDE, 0xF0, 0x80, 0xE0, 0x80, 0xF0, 0x21, 0x21, 0x39, 
   0x20, 0x3C, 0x2E, 0xE4, 0x24, 0xA4, 0x6E, 0xF7, 0x84, 0x87, 0x84, 0x87, 0xB8, 0x28, 0x24, 0x24, 
   0xBC, 0x0B, 0x0A, 0x0A, 0x0A, 0x0E, 0xBC, 0xA4, 0xA4, 0xA4, 0xBC, 0x1E, 0x12, 0x1E, 0x14, 0x1C, 
   0xF5, 0x95, 0x95, 0x95, 0xF7, 0xDE, 0x52, 0x52, 0x52, 0x52, 0xF0, 0x10, 0xF0, 0x80, 0xE0, 0xF7, 
   0x94, 0xF4, 0xA4, 0xE7, 0xAE, 0xAA, 0xAA, 0xAA, 0xBA, 0xF7, 0x90, 0x97, 0x94, 0x97, 0x87, 0x86, 
   0x87, 0x00, 0x03, 0xBD, 0x2D, 0xA5, 0xA5, 0xBD, 0xEF, 0x6B, 0x29, 0x29, 0xEF, 0x8D, 0x0D, 0xBD, 
   0xAD, 0xA1, 0xBD, 0x35, 0xBD, 0x95, 0x9D, 0x87, 0x81, 0x83, 0x01, 0x03, 0xBD, 0xB1, 0xBD, 0x05, 
   0x1D, 0xBD, 0xAD, 0xBD, 0x21, 0x31, 0x81, 0x81, 0x87, 0x05, 0x04, 0xBD, 0xAD, 0xA5, 0xA5, 0x3D, 
   0x8D, 0x8D, 0xBD, 0xAD, 0x21, 0xBD, 0xB5, 0xBD, 0x95, 0x1D, 0x87, 0x81, 0x87, 0x04, 0x07, 0x00, 
   0x3C, 0x3C, 0x3C, 0x3C, 0x3C, 0x3C, 0x3C, 0x3C, 0x00, 0xFF, 0xFF, 0xFF, 0x00, 0xEE, 0xEE, 0xEE, 
   0xFE, 0xFE, 0xEE, 0xC6, 0x82, 0xEE, 0xEE, 0xEE, 0xEE, 0xFE, 0xEE, 0xEE, 0xEE, 0x00, 0xFF, 0xFF, 
   0xFF, 0x00, 0xFE, 0xFE, 0xE0, 0xFC, 0xFC, 0xE0, 0xFE, 0xFE, 0xFE, 0xFE, 0xEE, 0xEE, 0xEE, 0xEE, 
   0xEE, 0xEE, 0x00, 0xFF, 0xFF, 0xFF, 0x00, 0x38, 0x38, 0x38, 0xFE, 0xFE, 0x38, 0x38, 0x38, 0x00, 
   0xFE, 0xFE, 0xFE, 0x00, 0xEE, 0xEE, 0xEE, 0xFC, 0xFC, 0xEE, 0xFE, 0xFE, 0x00, 0xFF, 0xFF, 0xFF, 
   0x00, 0xFE, 0xFE, 0x0E, 0xFE, 0xFE, 0xE0, 0xFE, 0xFE, 0x00, 0xFF, 0xFF, 0xFF, 0x00, 0xEE, 0xEE, 
   0xFE, 0xEE, 0xEE, 0xEE, 0xFE, 0xFE, 0xFB, 0xAA, 0xAB, 0x8A, 0x8B, 0xDE, 0x10, 0x90, 0x10, 0xD0, 
   0xF0, 0x80, 0x80, 0x80, 0x80, 0x73, 0x52, 0x4A, 0x4A, 0x7B, 0xD7, 0x55, 0x55, 0x55, 0xDD, 0x7A, 
   0x40, 0x72, 0x42, 0x7A, 0x00, 0x00, 0x00, 0x00, 0x00, 0x1E, 0x12, 0x12, 0x12, 0x1E, 0x80, 0x80, 
   0xE0, 0x80, 0xF0, 0x01, 0x01, 0x01, 0x01, 0x01, 0x87, 0x47, 0x42, 0x22, 0x26, 0x5E, 0x58, 0x1E, 
   0x02, 0x0E, 0x00, 0x00, 0x00, 0x00, 0x01, 0x89, 0x89, 0x8F, 0x89, 0xE9, 0x78, 0x40, 0x70, 0x40, 
   0x78, 0x3D, 0x21, 0x39, 0x21, 0x3D, 0x77, 0x55, 0x54, 0x54, 0xD7, 0x00, 0x00, 0x80, 0x80, 0x80, 
   0x3B, 0x0A, 0x7A, 0x4A, 0x4B, 0xDE, 0x52, 0x52, 0x52, 0xD2, 0x03, 0x02, 0x02, 0x02, 0x03, 0xD2, 
   0x12, 0x1E, 0x52, 0xD2, 0xF4, 0x87, 0xE4, 0x82, 0xF1, 0x91, 0x91, 0x91, 0x91, 0xBD, 0xEE, 0x0A, 
   0xC9, 0x09, 0xEF, 0x40, 0x00, 0x40, 0x40, 0x40, 0x12, 0x1E, 0x12, 0x0A, 0x06, 0x40, 0x40, 0x40, 
   0x40, 0xF0, 0x06, 0x12, 0x0C, 0x19, 0x20, 0x27, 0x2E, 0x35, 0x3B, 0x00, 0x00, 0x00, 0x00, 0x00, 
   0x00, 0x00, 0x00, 0x00, 0x00, 0x00, 0x00, 0xBD, 0xB1, 0xBD, 0x85, 0x9D, 0x00, 0xEF, 0x6B, 0x29, 
   0x29, 0xEF, 0x00, 0x18, 0x18, 0x78, 0x58, 0x40, 0x00, 0x0F, 0x10, 0x16, 0x14, 0x16, 0x10, 0x0F, 
   0x22, 0x22, 0x23, 0x22, 0x7A, 0x5E, 0x52, 0xD2, 0x52, 0x5E, 0x8A, 0xAB, 0xAA, 0xA9, 0xF8, 0x5E, 
   0xC2, 0x5E, 0x50, 0xDC, 0x0E, 0x0A, 0x02, 0x02, 0x07, 0x7A, 0x42, 0x72, 0x42, 0x7B, 0xE4, 0xA4, 
   0xA4, 0xA4, 0xAF, 0x7B, 0x40, 0x7B, 0x0A, 0x7B, 0xDE, 0x50, 0xD0, 0x12, 0x9E, 0x90, 0x90, 0xF0, 
   0x90, 0x90, 0x84, 0xF5, 0x97, 0x94, 0xF7, 0xBD, 0x20, 0xB9, 0xA1, 0xBD, 0xEF, 0x21, 0xEF, 0x08, 
   0xCE, 0x02, 0x02, 0x03, 0x02, 0x03, 0x1D, 0x09, 0x89, 0x09, 0xDD, 0x2F, 0x48, 0xEE, 0x28, 0xEF, 
   0x01, 0x01, 0x38, 0x01, 0x01, 0x27, 0x21, 0xCF, 0x29, 0x29, 0x43, 0x7A, 0x4B, 0x4A, 0x7B, 0xC0, 
   0x00, 0x8E, 0x00, 0xC0, 0x00, 0x06, 0x0C, 0x12, 0x18, 0x1E, 0x24, 0x2A, 0x30, 0x36, 0x3C, 0x42, 
   0x48, 0x4E, 0x54, 0x5A, 0x60, 0x66, 0x6C, 0x72, 0x78, 0x7E, 0x84, 0x8A, 0x90, 0x96, 0x9C, 0xA2, 
   0xA8, 0xAE, 0xB4, 0xBA, 0xC0, 0xC6, 0xCC, 0xD2, 0xD8, 0xDE, 0xE4, 0xBA, 0xBA, 0xBB, 0xBB, 0xBB, 
   0xBB, 0xBB, 0xBA, 0xBA, 0xBA, 0xBA, 0xBA, 0xBA, 0xB9, 0xB9, 0xB9, 0xB9, 0xB9, 0xB9, 0xB8, 0xB8, 
   0xBA, 0xBC, 0xBC, 0xBC, 0xBC, 0xBC, 0xBC, 0xB9, 0xB9, 0xB9, 0xB9, 0xB9, 0xB9, 0xB9, 0xB9, 0xB9, 
   0xB9, 0xB9, 0x01, 0x0A, 0x00, 0x00, 0x13, 0x01, 0x18, 0xFF, 0x03, 0x28, 0x30, 0x00, 0x18, 0x00, 
   0x01, 0x00, 0x00, 0x00, 0x20, 0x14, 0x14, 0x3D, 0x00, 0x3D, 0x00, 0x3D, 0x00, 0x10, 0x10, 0x10, 
   0x10, 0x10, 0x10, 0x10, 0x10, 0x10, 0x10, 0x10, 0x00, 0x00, 0x00, 0x00, 0x00, 0x00, 0x00, 0x00, 
   0x01, 0x01, 0x01, 0x01, 0x01, 0x2F, 0x48, 0xEE, 0x28, 0xEF, 0x63, 0x52, 0x53, 0x4A, 0x4B, 0xD2, 
   0x14, 0x9E, 0x12, 0xDE, 0xF7, 0x14, 0xF7, 0x84, 0xE7, 0x80, 0x00, 0x00, 0x00, 0x80, 0xE9, 0x2A, 
   0x6F, 0x09, 0xEF, 0x4B, 0x7A, 0x4A, 0x2A, 0x1A, 0x0E, 0x84, 0x84, 0x44, 0x4E, 0x43, 0x40, 0x47, 
   0x44, 0xF4, 0x80, 0x80, 0x80, 0x80, 0x80, 0x1D, 0x09, 0x09, 0x09, 0x1D, 0x76, 0x55, 0x55, 0x54, 
   0xD4, 0x3B, 0x10, 0x13, 0x92, 0xBB, 0xDD, 0x49, 0xC9, 0x09, 0x9D, 0xEF, 0x28, 0xE8, 0x48, 0xC8, 
   0x78, 0x40, 0x70, 0x40, 0x78, 0x7A, 0x43, 0x42, 0x41, 0x40, 0x57, 0xD5, 0x55, 0x55, 0xDD, 0x73, 
   0x50, 0x4B, 0x4A, 0x7B, 0xDE, 0x50, 0xD0, 0x12, 0x9E, 0x94, 0xF7, 0x94, 0x54, 0x37, 0x3C, 0xA0, 
   0xB8, 0xA0, 0xBC, 0x3A, 0x12, 0x12, 0x12, 0x3B, 0xEF, 0xA8, 0xA8, 0xA9, 0xAF, 0x4B, 0x52, 0x7B, 
   0x4A, 0x7B, 0xD2, 0x1E, 0x92, 0x0A, 0xC6, 0xF7, 0x14, 0xF7, 0x84, 0xE7, 0xB8, 0x28, 0x24, 0x24, 
   0xBC, 0x73, 0x51, 0x49, 0x49, 0x7B, 0xA1, 0x21, 0x39, 0x21, 0xBD, 0x0E, 0x04, 0xC4, 0x04, 0xEE, 
   0xF7, 0x84, 0x84, 0x94, 0xF4, 0xBC, 0xA0, 0xA0, 0xA0, 0xA1, 0x87, 0x81, 0x8F, 0x89, 0xE9, 0x00, 
   0x00, 0x00, 0x00, 0x00, 0x00, 0x00, 0x00, 0x00, 0x00, 0x00, 0x00, 0x00, 0x00, 0x00, 0x00, 0x00, 
   0x00, 0x00, 0x00, 0x00, 0x00, 0x00, 0x00, 0x00, 0x00, 0x00, 0x00, 0x00, 0x00, 0x00, 0x00, 0x00, 
   0x00, 0x00, 0x00, 0x00, 0x00, 0x00, 0x00, 0x00, 0x00, 0x00, 0x00, 0x00, 0x00, 0x00, 0x00, 0x00, 
   0x00, 0x00, 0x00, 0x00, 0x00, 0x00, 0x00, 0x00, 0x00, 0x00, 0x00, 0x00, 0x00, 0x00, 0x00, 0x00, 
   0x00, 0x00, 0x00, 0x00, 0x00, 0x00, 0x00, 0x00, 0x00, 0x00, 0x00, 0x00, 0x00, 0x00, 0x00, 0x00, 
   0x00, 0x15, 0x44, 0x2A, 0x51, 0x37, 0x84, 0x84, 0x84, 0x93, 0x98, 0x9D, 0x00, 0x19, 0x06, 0x0C, 
   0x12, 0x00, 0x00, 0x20, 0x25, 0x2A, 0x2F, 0x00, 0x34, 0x39, 0x3E, 0x43, 0x48, 0x4D, 0x52, 0x57, 
   0x5C, 0x61, 0x66, 0x6B, 0x00, 0x70, 0x75, 0x7A, 0x7F, 0x00, 0x66, 0x6B, 0x70, 0x75, 0x7A, 0x7F, 
   0x09, 0x5A, 0x4D, 0x33, 0x1E, 0x40, 0x84, 0x84, 0x89, 0x8E, 0x84, 0x84, 0xA2, 0xA7, 0xAC, 0xB1, 
   0xB6, 0xBB, 0x84, 0x84, 0xC0, 0xC5, 0x84, 0x84, 0xCA, 0xCF, 0xD4, 0xD9, 0xDE, 0xE3, 0x00, 0x05, 
   0x0A, 0x0F, 0x14, 0x00, 0x19, 0x1E, 0x23, 0x28, 0x2D, 0x32, 0x37, 0x3C, 0x41, 0x46, 0x4B, 0x50, 
   0x00, 0x00, 0x55, 0x5A, 0x00, 0x00, 0x5F, 0x64, 0x69, 0x6E, 0x73, 0x78, 0x00, 0x7D, 0x82, 0x87, 
   0x8C, 0x00, 0xAE, 0xB3, 0xB8, 0xBD, 0xC2, 0xC7, 0x91, 0x96, 0x9F, 0xA4, 0xA9, 0x9B, 0x84, 0x84, 
   0xE8, 0xED, 0x84, 0x84, 0x00, 0x05, 0x0A, 0x0F, 0x14, 0x19, 0x00, 0x1E, 0x23, 0x28, 0x2D, 0x32, 
   0x37, 0x3C, 0x41, 0x46, 0x4B, 0x50, 0x55, 0x5A, 0x5F, 0x64, 0x69, 0x6E, 0x73, 0x78, 0x7D, 0x82, 
   0x87, 0x8C, 0x91, 0x96, 0x9B, 0xA0, 0xA5, 0xAA, 0x91, 0x96, 0x9B, 0xA0, 0xA5, 0xAA, 0xAF, 0xB4, 
   0xB9, 0xBE, 0xC3, 0xC8, 0xAF, 0xB4, 0xB9, 0xBE, 0xCD, 0xC8, 0xAF, 0xB4, 0xB9, 0xBE, 0xD2, 0xC8, 
   0xAF, 0xB4, 0xB9, 0xD7, 0xDC, 0xC8, 0xAF, 0xB4, 0xB9, 0xD7, 0xE1, 0xC8, 0xAF, 0xB4, 0xB9, 0xE6, 
   0xEB, 0xC8, 0xAF, 0xB4, 0xB9, 0xE6, 0xF0, 0xC8, 0xAF, 0xB4, 0xB9, 0xE6, 0xF5, 0xC8, 0xAF, 0xB4, 
   0xB9, 0xFA, 0xDC, 0xC8, 0xAF, 0xB4, 0xB9, 0xFA, 0xE1, 0xC8, 0x01, 0xC8, 0x1E, 0xC8, 0xC8, 0x44, 
   0x44, 0x1E, 0x03, 0x1E, 0x1E, 0x1E, 0x1E, 0xC8, 0xC8, 0x44, 0x44, 0x44, 0x44, 0xC8, 0x1E, 0x44, 
   0x1E, 0x1E, 0x1E, 0x1E, 0x5A, 0x5A, 0x1E, 0x1E, 0x1E, 0x1E, 0x1E, 0x1E, 0x1E, 0x1E, 0x1E, 0x1E, 
   0x1E, 0x20, 0x20, 0x20, 0x20, 0x20, 0x20, 0x20, 0x20, 0x20, 0x20, 0x20, 0x20, 0x20, 0x20, 0x20, 
   0x20, 0x20, 0x20, 0x20, 0x20, 0x20, 0x20, 0x20, 0x20, 0x20, 0x20, 0x20, 0x20, 0x20, 0x20, 0x20, 
   0x20, 0x20, 0x20, 0x20, 0x20, 0x20, 0x20, 0x20, 0x20, 0x20, 0x20, 0x20, 0x20, 0x20, 0x20, 0x20, 
   0x20, 0x20, 0x20, 0x20, 0x20, 0x20, 0x20, 0x20, 0x20, 0x20, 0x20, 0x20, 0x20, 0x20, 0x20, 0x20, 
   0x20, 0x20, 0x20, 0x20, 0x20, 0x20, 0x20, 0x20, 0x20, 0x20, 0x20, 0x20, 0x20, 0x20, 0x20, 0x20, 
   0x20, 0x54, 0x48, 0x52, 0x55, 0x53, 0x54, 0x2B, 0x20, 0x76, 0x31, 0x2E, 0x32, 0x37, 0x20, 0x20, 
   0x43, 0x6F, 0x70, 0x79, 0x72, 0x69, 0x67, 0x68, 0x74, 0x20, 0x28, 0x43, 0x29, 0x20, 0x32, 0x30, 
   0x30, 0x30, 0x2F, 0x32, 0x30, 0x30, 0x34, 0x20, 0x54, 0x68, 0x6F, 0x6D, 0x61, 0x73, 0x20, 0x4A, 
   0x65, 0x6E, 0x74, 0x7A, 0x73, 0x63, 0x68, 0x20, 0x2D, 0x20, 0x6D, 0x61, 0x69, 0x6C, 0x74, 0x6F, 
   0x3A, 0x20, 0x74, 0x6A, 0x65, 0x6E, 0x74, 0x7A, 0x73, 0x63, 0x68, 0x40, 0x79, 0x61, 0x68, 0x6F, 
   0x6F, 0x2E, 0x64, 0x65, 0x20, 0x2D, 0x20, 0x4D, 0x75, 0x73, 0x69, 0x63, 0x20, 0x62, 0x79, 0x20, 
   0x50, 0x61, 0x75, 0x6C, 0x20, 0x53, 0x6C, 0x6F, 0x63, 0x75, 0x6D, 0x2F, 0x52, 0x6F, 0x62, 0x20, 
   0x48, 0x75, 0x62, 0x62, 0x61, 0x72, 0x64, 0x20, 0x20, 0x20, 0x20, 0x20, 0x20, 0x20, 0x20, 0x20, 
   0x20, 0x20, 0x20, 0x20, 0x20, 0x20, 0x20, 0x20, 0x20, 0x20, 0x20, 0x20, 0x20, 0x20, 0x20, 0x20, 
   0x20, 0x20, 0x20, 0x20, 0x20, 0x20, 0x20, 0x20, 0x20, 0x20, 0x20, 0x20, 0x20, 0x20, 0x20, 0x20, 
   0x20, 0x20, 0x20, 0x20, 0x20, 0x20, 0x20, 0x20, 0x20, 0x20, 0x20, 0x20, 0x20, 0x20, 0x20, 0x20, 
   0x20, 0x20, 0x20, 0x20, 0x20, 0x20, 0x20, 0x20, 0x20, 0x20, 0x20, 0x20, 0x20, 0x20, 0x20, 0x20, 
   0x20, 0x20, 0x20, 0x20, 0x20, 0x20, 0x20, 0xFF, 0xFF, 0xFF, 0xFF, 0xFF, 0xFF, 0xFF, 0xFF, 0xFF, 
   0xFF, 0xFF, 0xFF, 0xFF, 0xFF, 0xFF, 0xFF, 0xFF, 0xFF, 0xFF, 0xFF, 0xFF, 0xFF, 0xFF, 0xFF, 0xFF, 
   0xFF, 0xFF, 0xFF, 0xFF, 0xFF, 0xFF, 0xFF, 0xFF, 0xFF, 0xFF, 0xFF, 0xFF, 0xFF, 0xFF, 0xFF, 0xFF, 
   0xFF, 0xFF, 0xFF, 0xFF, 0xFF, 0xFF, 0xFF, 0xFF, 0xFF, 0xFF, 0xFF, 0xFF, 0xFF, 0xFF, 0xFF, 0xFF, 
   0xFF, 0xFF, 0xFF, 0xFF, 0xFF, 0xFF, 0xFF, 0xFF, 0xFF, 0xFF, 0xFF, 0xFF, 0xFF, 0xFF, 0xFF, 0xFF, 
   0xFF, 0xFF, 0xFF, 0xFF, 0xFF, 0xFF, 0xFF, 0xFF, 0xFF, 0xFF, 0xFF, 0xFF, 0xFF, 0xFF, 0xFF, 0xFF, 
   0xFF, 0xFF, 0xFF, 0xFF, 0xFF, 0xFF, 0xFF, 0xFF, 0xFF, 0xFF, 0xFF, 0xFF, 0xFF, 0xFF, 0xFF, 0xFF, 
   0xFF, 0xFF, 0xFF, 0xFF, 0xFF, 0xFF, 0xFF, 0xFF, 0xFF, 0xFF, 0xFF, 0xFF, 0xFF, 0xFF, 0xFF, 0xFF, 
   0xFF, 0xFF, 0xFF, 0xFF, 0xFF, 0xFF, 0xFF, 0xFF, 0xFF, 0xFF, 0xFF, 0xFF, 0xFF, 0xFF, 0xFF, 0xFF, 
   0xFF, 0xFF, 0xFF, 0xFF, 0xFF, 0xFF, 0xFF, 0xFF, 0xFF, 0xFF, 0xFF, 0xFF, 0xFF, 0xFF, 0xFF, 0xFF, 
   0xFF, 0xFF, 0xFF, 0xFF, 0xFF, 0xFF, 0xFF, 0xFF, 0xFF, 0xFF, 0xFF, 0xFF, 0xFF, 0xFF, 0xFF, 0xFF, 
   0xFF, 0xFF, 0xFF, 0xFF, 0xFF, 0xFF, 0xFF, 0xFF, 0x2C, 0xF8, 0x1F, 0x4C, 0x20, 0xD0, 0x2C, 0xF6, 
   0x1F, 0x4C, 0x31, 0xB0, 0x2C, 0xF6, 0x1F, 0x00, 0x00, 0x00, 0x2C, 0xF6, 0x1F, 0x4C, 0x11, 0xB4, 
   0x2C, 0xF8, 0x1F, 0x4C, 0x00, 0xD0, 0xFF, 0xFF, 0xFF, 0xFF, 0xFF, 0xFF, 0xF0, 0xBF, 0xF0, 0xBF, 
   0x78, 0xD8, 0xA2, 0x00, 0x9A, 0x48, 0x8A, 0x48, 0xCA, 0xD0, 0xFC, 0x20, 0x6F, 0xD3, 0x4C, 0x1A, 
   0xD0, 0xA5, 0xDD, 0xC9, 0x8A, 0xD0, 0xF4, 0x20, 0x7F, 0xD3, 0xA0, 0x00, 0x84, 0x00, 0x84, 0x91, 
   0x24, 0x84, 0x10, 0x03, 0x4C, 0xF1, 0xD1, 0xA5, 0x9E, 0xD0, 0x6D, 0xA5, 0x82, 0x29, 0x01, 0xD0, 
   0x6D, 0xA5, 0x9C, 0x29, 0xE0, 0x0A, 0x90, 0x02, 0x09, 0x1F, 0x2A, 0x2A, 0x2A, 0xA8, 0xA5, 0x9C, 
   0x0A, 0x0A, 0x0A, 0x18, 0x65, 0x9A, 0x85, 0x9A, 0x98, 0x69, 0xFF, 0x85, 0xEE, 0x38, 0x65, 0x9B, 
   0x85, 0x9B, 0xA5, 0x99, 0x29, 0xE0, 0x0A, 0x90, 0x02, 0x09, 0x1F, 0x2A, 0x2A, 0x2A, 0xA8, 0xA5, 
   0x99, 0x0A, 0x0A, 0x0A, 0x18, 0x65, 0x97, 0x85, 0x97, 0x98, 0x69, 0xFF, 0x85, 0xF0, 0x38, 0x65, 
   0x98, 0x85, 0x98, 0xC9, 0x89, 0x90, 0x04, 0x20, 0xF0, 0xD2, 0x18, 0xA5, 0xDA, 0x65, 0xDC, 0x85, 
   0xDA, 0xA5, 0xDD, 0x30, 0x0B, 0x65, 0xDB, 0xC9, 0xF0, 0x90, 0x0B, 0xE9, 0xF0, 0x4C, 0x96, 0xD0, 
   0x65, 0xDB, 0xB0, 0x02, 0x69, 0xF0, 0x85, 0xDB, 0xA5, 0x90, 0xF0, 0x02, 0xE6, 0x90, 0xA5, 0x82, 
   0x29, 0x01, 0xD0, 0x7F, 0xA9, 0xC0, 0xA6, 0x9B, 0xE0, 0x33, 0x90, 0x06, 0xE0, 0x74, 0x90, 0x06, 
   0xA9, 0x40, 0x05, 0x91, 0x85, 0x91, 0xA5, 0x91, 0x29, 0xC0, 0xA8, 0xF0, 0x32, 0xA6, 0x85, 0x0A, 
   0xB0, 0x12, 0xCA, 0x10, 0x02, 0xA2, 0x6B, 0xA9, 0xFC, 0xA8, 0x65, 0x9B, 0x85, 0x9B, 0xC9, 0x44, 
   0x90, 0x15, 0xB0, 0x19, 0xE8, 0xE0, 0x6C, 0x90, 0x03, 0xA2, 0x00, 0x18, 0xA9, 0x04, 0xA8, 0x65, 
   0x9B, 0x85, 0x9B, 0xC9, 0x65, 0x90, 0x06, 0xA5, 0x91, 0x29, 0x3F, 0x85, 0x91, 0x86, 0x85, 0x84, 
   0xF2, 0xA9, 0x10, 0xA4, 0x98, 0xC0, 0x3D, 0x90, 0x06, 0xC0, 0x85, 0x90, 0x06, 0xA9, 0x30, 0x05, 
   0x91, 0x85, 0x91, 0xA5, 0x91, 0x29, 0x30, 0xA8, 0xF0, 0x45, 0xC9, 0x30, 0xA5, 0x86, 0xB0, 0x19, 
   0xD0, 0x02, 0xC6, 0x87, 0xC6, 0x86, 0xA9, 0x04, 0xA8, 0x65, 0x98, 0x85, 0x98, 0xC9, 0x73, 0xB0, 
   0x28, 0x90, 0x2C, 0xA0, 0x00, 0x84, 0xF2, 0xF0, 0x26, 0xA4, 0x83, 0xD9, 0x8B, 0xD5, 0x90, 0x08, 
   0xA5, 0x87, 0xF9, 0x93, 0xD5, 0xA8, 0xB0, 0x11, 0xE6, 0x86, 0xD0, 0x02, 0xE6, 0x87, 0xA9, 0xFC, 
   0xA8, 0x65, 0x98, 0x85, 0x98, 0xC9, 0x4F, 0xB0, 0x06, 0xA5, 0x91, 0x29, 0xCF, 0x85, 0x91, 0x84, 
   0xF4, 0xA5, 0x82, 0x29, 0xC0, 0xF0, 0x03, 0x4C, 0xF1, 0xD1, 0xA5, 0x9E, 0xF0, 0x51, 0xC9, 0x40, 
   0xD0, 0x24, 0xA5, 0x91, 0x29, 0x0F, 0xD0, 0x11, 0x20, 0x66, 0xD3, 0xA9, 0x87, 0x20, 0xAB, 0xD3, 
   0xA5, 0xD9, 0x29, 0x01, 0x0A, 0x85, 0x83, 0x90, 0x78, 0xA5, 0xE7, 0x05, 0xE8, 0xF0, 0x3B, 0xA9, 
   0x00, 0x20, 0xAB, 0xD3, 0xB0, 0x6B, 0xC9, 0x90, 0xF0, 0x0A, 0xC9, 0x8F, 0xD0, 0x57, 0xA5, 0x91, 
   0x29, 0x0F, 0xD0, 0x18, 0xA5, 0xDD, 0xC9, 0x88, 0xB0, 0x03, 0x20, 0x6F, 0xD3, 0xA5, 0x38, 0x49, 
   0xFF, 0x25, 0x3C, 0x25, 0x3D, 0x30, 0x4A, 0x20, 0xD8, 0xD3, 0xD0, 0x45, 0x20, 0xAD, 0xD4, 0x4C, 
   0xF1, 0xD1, 0xC6, 0x91, 0xA5, 0xE7, 0x05, 0xE8, 0xD0, 0x02, 0x85, 0x91, 0xA5, 0x91, 0x29, 0x0F, 
   0xD0, 0x03, 0xA9, 0x30, 0x2C, 0xA9, 0x7B, 0x85, 0x9E, 0xA5, 0xE9, 0xC9, 0x10, 0xB0, 0x22, 0xA9, 
   0x30, 0x85, 0x9E, 0xA2, 0x00, 0x86, 0xE9, 0xA5, 0xD9, 0x29, 0x3F, 0x85, 0xD9, 0x86, 0xDC, 0x8A, 
   0x20, 0x2F, 0xD3, 0xD0, 0x0C, 0xC9, 0x29, 0xF0, 0xC9, 0xE6, 0x9E, 0xD0, 0x04, 0xA9, 0x97, 0x85, 
   0x93, 0xA5, 0xF9, 0xC9, 0x4A, 0xD0, 0x28, 0xA5, 0xE3, 0xF0, 0x24, 0xA5, 0x9E, 0xC9, 0x50, 0x90, 
   0x1E, 0xE6, 0xE2, 0x10, 0x04, 0x06, 0xE2, 0xE6, 0xE4, 0x2C, 0x85, 0xE4, 0xA4, 0xE4, 0xB9, 0xEA, 
   0xD6, 0x49, 0xFF, 0xD0, 0x0D, 0xC0, 0x73, 0x90, 0xF1, 0x85, 0xE3, 0x85, 0x19, 0x85, 0x1A, 0x4C, 
   0xD9, 0xD2, 0xC0, 0x20, 0x90, 0x2E, 0xC0, 0x82, 0xB0, 0x2A, 0xA5, 0xE2, 0x29, 0x03, 0xD0, 0x24, 
   0xA5, 0xE2, 0x4A, 0x4A, 0x29, 0x07, 0xAA, 0xA5, 0xE2, 0x4A, 0x4A, 0x4A, 0x4A, 0x4A, 0xA8, 0xB9, 
   0x4F, 0xD6, 0x3D, 0x47, 0xD6, 0xF0, 0x0B, 0x85, 0x18, 0xA9, 0x08, 0x85, 0x16, 0xA2, 0x01, 0x4C, 
   0xCF, 0xD2, 0xA4, 0xE4, 0xB9, 0xEA, 0xD6, 0xA2, 0x01, 0x86, 0xEE, 0xA8, 0x0A, 0x0A, 0x85, 0xF0, 
   0xA5, 0xE2, 0x29, 0x60, 0x0A, 0x0A, 0x2A, 0x2A, 0x65, 0xF0, 0xAA, 0x98, 0x30, 0x07, 0xBD, 0x81, 
   0xD7, 0xA0, 0x00, 0x10, 0x05, 0xBD, 0x29, 0xD8, 0xA0, 0x06, 0x84, 0xF2, 0xAA, 0x0A, 0x2A, 0x2A, 
   0x2A, 0xA8, 0x29, 0xF0, 0x6A, 0x69, 0xD1, 0x85, 0xF0, 0x98, 0x29, 0x07, 0x69, 0xD8, 0x85, 0xF1, 
   0xA5, 0xE2, 0x4A, 0x4A, 0x29, 0x07, 0xA8, 0xB1, 0xF0, 0x49, 0xFF, 0xF0, 0x30, 0x49, 0xFF, 0x85, 
   0xF0, 0x86, 0xF1, 0x4A, 0x4A, 0x4A, 0x4A, 0x4A, 0xAA, 0xA5, 0xF2, 0x18, 0x7D, 0x31, 0xD6, 0x85, 
   0xF2, 0xBD, 0x29, 0xD6, 0xA6, 0xEE, 0x95, 0x15, 0xA5, 0xF0, 0x95, 0x17, 0xB9, 0x47, 0xD6, 0xA4, 
   0xF1, 0x39, 0xB9, 0xDE, 0xF0, 0x02, 0xA9, 0x0F, 0x09, 0x0D, 0x38, 0xE5, 0xF2, 0xA6, 0xEE, 0x95, 
   0x19, 0xA4, 0xE4, 0xB9, 0x53, 0xD6, 0xCA, 0x10, 0x80, 0x4C, 0xEA, 0xFF, 0xA6, 0xE3, 0xE4, 0xE2, 
   0xA2, 0x00, 0xB0, 0x01, 0xE8, 0xD5, 0xE2, 0x90, 0x06, 0x95, 0xE2, 0xA9, 0x00, 0x95, 0xE4, 0x60, 
   0xA5, 0x9E, 0xD0, 0x7A, 0xA9, 0x2A, 0x85, 0x9E, 0xA9, 0x98, 0x85, 0x93, 0xA9, 0x33, 0x20, 0xDC, 
   0xD2, 0xA9, 0x34, 0x20, 0xDC, 0xD2, 0xA5, 0xE9, 0x85, 0xDC, 0xC9, 0x10, 0x24, 0xD9, 0x30, 0x07, 
   0xA9, 0x00, 0xAA, 0x90, 0x16, 0xB0, 0x1C, 0xA2, 0x01, 0xB0, 0x02, 0xA2, 0x03, 0xA9, 0x60, 0xA4, 
   0x83, 0xF8, 0x18, 0x69, 0x40, 0x90, 0x01, 0xE8, 0x88, 0x10, 0xF7, 0xA0, 0xFF, 0x84, 0xE9, 0xA0, 
   0x04, 0x84, 0x9A, 0xF8, 0x18, 0x65, 0xEB, 0x85, 0xEB, 0x8A, 0x65, 0xEC, 0xAA, 0x45, 0xEC, 0x29, 
   0xF0, 0xF0, 0x20, 0x90, 0x14, 0xE6, 0xEB, 0xA5, 0xEB, 0x29, 0x0F, 0xC9, 0x05, 0xF0, 0x04, 0xC9, 
   0x0A, 0xD0, 0x06, 0xC6, 0xEB, 0xA2, 0x90, 0xD0, 0x0A, 0xA5, 0x91, 0x29, 0x0F, 0xC9, 0x09, 0xB0, 
   0x02, 0xE6, 0x91, 0x86, 0xEC, 0xD8, 0xA5, 0x9A, 0x29, 0xFC, 0x09, 0x02, 0x85, 0x9A, 0x60, 0xA5, 
   0x82, 0x29, 0x03, 0xAA, 0xBD, 0x43, 0xD6, 0x85, 0xE4, 0xA9, 0xFF, 0x85, 0xE2, 0xD0, 0x06, 0xA9, 
   0x00, 0x85, 0xEB, 0x85, 0xEC, 0xAD, 0x82, 0x02, 0x29, 0x40, 0x85, 0x80, 0xAD, 0x80, 0x02, 0x0A, 
   0x0A, 0x0A, 0x29, 0x18, 0x05, 0x80, 0x85, 0x84, 0xA9, 0x98, 0x85, 0xA0, 0xA5, 0xD9, 0x29, 0x01, 
   0x0A, 0x85, 0x83, 0x20, 0x49, 0xD4, 0xA9, 0x8A, 0xA0, 0x90, 0x2C, 0xA0, 0x41, 0x84, 0x9E, 0x85, 
   0xDD, 0xC9, 0x8A, 0xF0, 0x18, 0x29, 0x0F, 0xD0, 0x0A, 0xA5, 0xDC, 0xC9, 0x10, 0xA5, 0xD9, 0x2A, 
   0x2A, 0x29, 0x03, 0xA8, 0xB9, 0x39, 0xD6, 0x85, 0xE4, 0xA9, 0xFF, 0x85, 0xE2, 0x85, 0xE3, 0xA9, 
   0x4A, 0x85, 0xF9, 0xA9, 0xB1, 0x85, 0xFA, 0x60, 0xA5, 0xD9, 0x29, 0x19, 0x85, 0xD9, 0x4A, 0x4A, 
   0x05, 0xD9, 0x85, 0xD9, 0x29, 0x07, 0x4A, 0xAA, 0xA0, 0x00, 0x84, 0xEB, 0x84, 0xEC, 0x84, 0xE7, 
   0x84, 0xE2, 0x84, 0xE3, 0x84, 0x19, 0x84, 0x1A, 0xC8, 0x84, 0xE6, 0xBD, 0x26, 0xD6, 0x85, 0xE8, 
   0xBD, 0x23, 0xD6, 0x85, 0x91, 0x10, 0x42, 0xF8, 0xA5, 0xE6, 0x18, 0x69, 0x01, 0x85, 0xE6, 0xD8, 
   0xA5, 0xD9, 0x29, 0x07, 0xAA, 0x29, 0x01, 0xA8, 0xA5, 0x83, 0x18, 0x69, 0x01, 0xD9, 0x12, 0xD6, 
   0x90, 0x1E, 0xA5, 0x84, 0x69, 0x00, 0xE0, 0x04, 0x90, 0x02, 0x29, 0xFD, 0x29, 0xDB, 0x85, 0x84, 
   0x29, 0x03, 0xD0, 0x09, 0xA5, 0xD9, 0x29, 0xF8, 0x1D, 0x1E, 0xD6, 0x85, 0xD9, 0x98, 0x0A, 0x38, 
   0x85, 0x83, 0xA5, 0x9A, 0x29, 0xFB, 0x85, 0x9A, 0x24, 0x18, 0xA9, 0x1E, 0x85, 0xE0, 0xA9, 0x10, 
   0x85, 0xE9, 0xA9, 0xFF, 0x85, 0xA1, 0x85, 0xA2, 0xA5, 0xD9, 0x29, 0x3F, 0x85, 0xD9, 0xA9, 0x02, 
   0x85, 0x87, 0x90, 0x63, 0xA5, 0x84, 0x29, 0x03, 0xD0, 0x36, 0xA5, 0xD9, 0x29, 0x20, 0xF0, 0x34, 
   0xA9, 0x00, 0x85, 0x91, 0xA5, 0xD9, 0x29, 0x19, 0x85, 0x80, 0x4A, 0x4A, 0x05, 0x80, 0x29, 0x07, 
   0xAA, 0xA5, 0xEB, 0x29, 0x0F, 0xC9, 0x05, 0x90, 0x02, 0xE9, 0x05, 0xDD, 0x14, 0xD6, 0x90, 0x07, 
   0xD0, 0x09, 0xA5, 0xEB, 0xDD, 0x19, 0xD6, 0xA9, 0x89, 0x90, 0x02, 0xA9, 0x88, 0x4C, 0xA8, 0xD3, 
   0x49, 0x03, 0xF0, 0x23, 0xA5, 0x84, 0x29, 0x03, 0x09, 0x84, 0x4C, 0xAB, 0xD3, 0xA5, 0x9A, 0x29, 
   0x04, 0xF0, 0x03, 0x4C, 0x07, 0xD4, 0xA5, 0x98, 0x4A, 0x4A, 0x65, 0x86, 0x90, 0x02, 0xE6, 0x87, 
   0x38, 0xE9, 0x1F, 0xB0, 0x02, 0xC6, 0x87, 0xA6, 0x83, 0xBC, 0x9B, 0xD5, 0xAA, 0xA5, 0x87, 0xC8, 
   0xD9, 0xED, 0xD5, 0x90, 0xFA, 0xD0, 0x06, 0x8A, 0xD9, 0xC8, 0xD5, 0x90, 0xF0, 0xA5, 0xD9, 0x10, 
   0x2B, 0xB9, 0xA3, 0xD5, 0xF0, 0x06, 0xC8, 0xB9, 0xA3, 0xD5, 0xD0, 0x20, 0xA5, 0xD9, 0x29, 0x3F, 
   0x85, 0xD9, 0xA6, 0x83, 0xBD, 0x7B, 0xD5, 0xAA, 0xE0, 0x08, 0xB0, 0x09, 0xA5, 0xA1, 0x1D, 0x83, 
   0xD5, 0x85, 0xA1, 0x90, 0x07, 0xA5, 0xA2, 0x1D, 0x7B, 0xD5, 0x85, 0xA2, 0xB9, 0xEC, 0xD5, 0x85, 
   0x87, 0xB9, 0xC7, 0xD5, 0x85, 0x86, 0xB9, 0xA2, 0xD5, 0x85, 0x85, 0xA9, 0x53, 0x85, 0x9B, 0xA9, 
   0x7C, 0x85, 0x98, 0xA5, 0x84, 0x4A, 0xA9, 0x00, 0xAA, 0xA0, 0x08, 0x90, 0x04, 0xA2, 0x10, 0xA0, 
   0x80, 0x86, 0x9D, 0x84, 0xDB, 0x85, 0x9A, 0x85, 0x97, 0x85, 0x9C, 0x85, 0x99, 0x85, 0xDA, 0x85, 
   0xDC, 0x85, 0xDD, 0x85, 0x09, 0x85, 0xE1, 0x85, 0xA3, 0xA9, 0xEA, 0x85, 0x9E, 0xA9, 0x98, 0x85, 
   0x93, 0xA5, 0x91, 0x29, 0x0F, 0xF0, 0x0A, 0xA9, 0x20, 0x20, 0xDC, 0xD2, 0xA9, 0x21, 0x20, 0xDC, 
   0xD2, 0xA5, 0x91, 0x29, 0x0F, 0x85, 0x91, 0xA9, 0xFF, 0xA2, 0x08, 0xCA, 0x95, 0xCB, 0xD0, 0xFB, 
   0xA9, 0xDE, 0x85, 0xF9, 0xA9, 0x9F, 0x85, 0xFA, 0x4C, 0x66, 0xD3, 0x03, 0x04, 0x0A, 0x09, 0x0D, 
   0x0C, 0x0F, 0x0F, 0x01, 0x02, 0x04, 0x08, 0x10, 0x20, 0x40, 0x80, 0x5F, 0x96, 0xDC, 0xEE, 0x45, 
   0x92, 0x8F, 0xFE, 0x00, 0x00, 0x00, 0x00, 0x01, 0x01, 0x01, 0x01, 0x00, 0x02, 0x04, 0x08, 0x0D, 
   0x12, 0x18, 0x1F, 0x49, 0x00, 0x45, 0x00, 0x3E, 0x30, 0x4F, 0x00, 0x49, 0x3E, 0x2C, 0x34, 0x00, 
   0x47, 0x3F, 0x47, 0x3C, 0x00, 0x46, 0x2C, 0x2F, 0x38, 0x26, 0x00, 0x23, 0x1C, 0x47, 0x33, 0x17, 
   0x3A, 0x00, 0x3A, 0x3C, 0x56, 0x19, 0x16, 0x00, 0x1C, 0x00, 0x57, 0x00, 0xA1, 0x56, 0x22, 0x00, 
   0xAE, 0x7F, 0x4D, 0x1F, 0x00, 0x03, 0x99, 0x5F, 0x41, 0x00, 0x3C, 0xDF, 0x9C, 0x71, 0x3A, 0x00, 
   0x57, 0xF7, 0xE7, 0xA5, 0x6F, 0x25, 0x00, 0xB1, 0x59, 0x0F, 0xA7, 0x1D, 0x00, 0x00, 0x00, 0x00, 
   0x00, 0x00, 0x00, 0x00, 0x00, 0x00, 0x00, 0x00, 0x00, 0x00, 0x01, 0x00, 0x00, 0x00, 0x00, 0x01, 
   0x00, 0x00, 0x00, 0x00, 0x00, 0x01, 0x00, 0x00, 0x00, 0x00, 0x00, 0x00, 0x01, 0x01, 0x01, 0x00, 
   0x00, 0x00, 0x06, 0x08, 0x03, 0x04, 0x01, 0x02, 0x04, 0x51, 0x90, 0x75, 0x50, 0x38, 0x02, 0x03, 
   0x22, 0x23, 0x00, 0x04, 0x03, 0x05, 0x10, 0x05, 0x20, 0x04, 0x06, 0x07, 0x08, 0x0F, 0x0C, 0x01, 
   0x03, 0x01, 0x02, 0x01, 0x03, 0x00, 0x01, 0x00, 0x00, 0x8E, 0x94, 0x8C, 0x91, 0x82, 0x82, 0x82, 
   0x85, 0x73, 0x89, 0x00, 0x1E, 0x3F, 0x5A, 0x80, 0x40, 0x20, 0x10, 0x08, 0x04, 0x02, 0x01, 0xA8, 
   0x88, 0x88, 0x88, 0x0D, 0x88, 0x01, 0x02, 0x03, 0x04, 0x05, 0x06, 0x07, 0x08, 0x09, 0x09, 0x0A, 
   0x0A, 0x0B, 0x0B, 0x0C, 0x0C, 0x0A, 0x0A, 0x0C, 0x0C, 0x8D, 0x8D, 0x8D, 0x8D, 0x8D, 0x8D, 0x8D, 
   0x8D, 0x12, 0x14, 0x16, 0x17, 0x18, 0x19, 0x16, 0x17, 0x18, 0x1B, 0x16, 0x17, 0x18, 0x19, 0x16, 
   0x17, 0x18, 0x1B, 0x16, 0x19, 0x1A, 0x17, 0x16, 0x19, 0x1A, 0x17, 0x19, 0x19, 0x17, 0x17, 0x18, 
   0x18, 0x1A, 0x1A, 0x16, 0x16, 0x17, 0x17, 0x18, 0x18, 0x1A, 0x1A, 0x12, 0x14, 0x16, 0x17, 0x18, 
   0x19, 0x16, 0x17, 0x18, 0x19, 0x16, 0x17, 0x18, 0x19, 0x16, 0x17, 0x18, 0x19, 0x16, 0x19, 0x1A, 
   0x17, 0x16, 0x19, 0x1A, 0x17, 0x19, 0x19, 0x17, 0x17, 0x18, 0x18, 0x1A, 0x1A, 0x16, 0x16, 0x17, 
   0x17, 0x18, 0x18, 0x1A, 0x1A, 0xFF, 0x26, 0x26, 0x23, 0x23, 0x26, 0x26, 0x23, 0x23, 0x26, 0x26, 
   0x23, 0x23, 0x26, 0x00, 0xFF, 0x21, 0x00, 0xFF, 0x1F, 0x20, 0x00, 0xFF, 0x28, 0x00, 0xFF, 0x27, 
   0xFF, 0x1E, 0x00, 0xFF, 0x25, 0x00, 0xFF, 0x24, 0x00, 0xFF, 0x0E, 0x89, 0x80, 0x81, 0x82, 0x83, 
   0x84, 0x85, 0x86, 0x87, 0x80, 0x81, 0x82, 0x83, 0x84, 0x85, 0x86, 0x87, 0x8A, 0x8A, 0x8B, 0x8C, 
   0x10, 0x10, 0x10, 0x10, 0x11, 0x11, 0x11, 0x11, 0x13, 0x15, 0x8F, 0x90, 0x8F, 0x91, 0x8F, 0x90, 
   0x8F, 0x91, 0x92, 0x94, 0x92, 0x93, 0x92, 0x94, 0x92, 0x93, 0x95, 0x96, 0x97, 0x98, 0x95, 0x99, 
   0x97, 0x98, 0x9A, 0x9B, 0x9C, 0x9C, 0x9D, 0x9E, 0x9F, 0x1C, 0x8E, 0x8E, 0x9C, 0x9C, 0x9D, 0x9E, 
   0x9F, 0x1D, 0x13, 0x15, 0x8F, 0x90, 0x8F, 0x91, 0x8F, 0x90, 0x8F, 0x91, 0x92, 0x94, 0x92, 0x93, 
   0x92, 0x94, 0x92, 0x93, 0x95, 0x96, 0x97, 0x98, 0x95, 0x99, 0x97, 0x98, 0x9A, 0x9B, 0x9C, 0x9C, 
   0x9D, 0x9E, 0x9F, 0x1C, 0x8E, 0x8E, 0x9C, 0x9C, 0x9D, 0x9E, 0x9F, 0x1D, 0xFF, 0x22, 0x00, 0x29, 
   0x9B, 0x22, 0x94, 0x29, 0x9B, 0x22, 0x94, 0x29, 0x9B, 0x22, 0x94, 0xFF, 0xA1, 0x00, 0xFF, 0xA7, 
   0xA0, 0x00, 0xFF, 0xA9, 0x00, 0xFF, 0xA8, 0xFF, 0xA6, 0x00, 0xFF, 0xA5, 0x00, 0xFF, 0xA3, 0xA4, 
   0xFF, 0x34, 0x34, 0x34, 0x34, 0xA7, 0xA8, 0xA8, 0xA8, 0xA8, 0xA8, 0xA8, 0xA8, 0xA2, 0xA3, 0xA3, 
   0xA3, 0xA3, 0xA3, 0xA3, 0xA3, 0x9D, 0x9E, 0x9E, 0x9E, 0x9E, 0x9E, 0x9E, 0x9E, 0x98, 0x99, 0x99, 
   0x99, 0x99, 0x99, 0x99, 0x99, 0xA9, 0xAA, 0xA9, 0xAB, 0xA4, 0xA5, 0xA4, 0xA6, 0x9F, 0xA0, 0x9F, 
   0xA1, 0x9A, 0x9B, 0x9A, 0x9C, 0x7D, 0x7D, 0x7E, 0x7E, 0x7F, 0x7F, 0x80, 0x80, 0x96, 0x97, 0x96, 
   0x97, 0x78, 0x79, 0x7A, 0x79, 0x7B, 0x79, 0x7C, 0x79, 0x68, 0x68, 0x69, 0x68, 0x6D, 0x6D, 0x6E, 
   0x6D, 0x6A, 0x6A, 0x6B, 0x6C, 0x6F, 0x72, 0x70, 0x71, 0x20, 0x21, 0x22, 0x21, 0x1C, 0x1D, 0x1E, 
   0x1F, 0x18, 0x19, 0x1A, 0x1B, 0xB0, 0xB1, 0x17, 0xB3, 0xAC, 0xAD, 0xAE, 0xAF, 0xB0, 0xB1, 0xB2, 
   0x16, 0x3D, 0x3E, 0x3F, 0x40, 0x3D, 0x3E, 0x3F, 0x40, 0x24, 0x25, 0x34, 0x34, 0x09, 0x0A, 0x09, 
   0x0B, 0x0C, 0x0D, 0x09, 0x34, 0x00, 0x01, 0x03, 0x02, 0x3C, 0x34, 0x3C, 0x34, 0xB5, 0xB4, 0xB5, 
   0xB4, 0x30, 0x31, 0x32, 0x33, 0x2B, 0x29, 0x2A, 0x34, 0x3B, 0x3A, 0x3B, 0x3A, 0xB9, 0xBA, 0xBB, 
   0x34, 0xB6, 0xB7, 0xB8, 0x34, 0xBC, 0x34, 0xBC, 0x34, 0x92, 0x92, 0x93, 0x93, 0x94, 0x94, 0x95, 
   0x95, 0x8E, 0x8E, 0x8F, 0x8F, 0x90, 0x90, 0x91, 0x91, 0x8A, 0x8A, 0x8B, 0x8B, 0x8C, 0x8C, 0x8D, 
   0x8D, 0x86, 0x86, 0x87, 0x87, 0x88, 0x88, 0x89, 0x89, 0x7D, 0x7D, 0x7E, 0x7E, 0x7F, 0x7F, 0x80, 
   0x80, 0x81, 0x82, 0x81, 0x83, 0x86, 0x85, 0x87, 0x84, 0x88, 0x85, 0x89, 0x84, 0x73, 0x74, 0x75, 
   0x76, 0x54, 0x54, 0x54, 0x54, 0x56, 0x57, 0x58, 0x59, 0x5A, 0x5B, 0x58, 0x5C, 0x5D, 0x5E, 0x5A, 
   0x59, 0x5F, 0x60, 0x61, 0x62, 0x63, 0x64, 0x61, 0x65, 0x66, 0x67, 0x63, 0x62, 0x41, 0x42, 0x43, 
   0x44, 0x41, 0x42, 0x45, 0x34, 0x46, 0x47, 0x48, 0x49, 0x4A, 0x4A, 0x4A, 0x34, 0x4B, 0x4C, 0x4D, 
   0x34, 0x4F, 0x4F, 0x4F, 0x4F, 0x4F, 0x4F, 0x4F, 0x50, 0x51, 0x51, 0x51, 0x51, 0x52, 0x52, 0x52, 
   0x52, 0x52, 0x52, 0x52, 0x50, 0x53, 0x53, 0x53, 0x53, 0x12, 0x13, 0x14, 0x15, 0x04, 0x05, 0x06, 
   0x07, 0x3B, 0x3B, 0x3B, 0x3B, 0x35, 0x36, 0x37, 0x38, 0x39, 0x34, 0x34, 0x34, 0x2C, 0x2D, 0x2E, 
   0x2F, 0x26, 0x27, 0x28, 0x34, 0x0E, 0x0F, 0x10, 0x11, 0x34, 0xB9, 0xBA, 0xBB, 0x34, 0xB6, 0xB7, 
   0xB8, 0x31, 0x31, 0x31, 0x31, 0x31, 0x31, 0x31, 0x31, 0x31, 0x31, 0x31, 0xFF, 0x2F, 0x2F, 0xFF, 
   0xFF, 0x31, 0x31, 0x31, 0xFF, 0xFF, 0xFF, 0xFF, 0xFF, 0x2E, 0x2E, 0x2E, 0xFF, 0xFF, 0xFF, 0xFF, 
   0xFF, 0xFF, 0xFF, 0xFF, 0xFF, 0xFF, 0xFF, 0x31, 0x31, 0x31, 0x31, 0x31, 0x31, 0x31, 0x31, 0x31, 
   0x31, 0x31, 0xFF, 0x2F, 0x2F, 0xFF, 0xFF, 0x2E, 0x2E, 0x2E, 0xFF, 0xFF, 0xFF, 0xFF, 0xFF, 0x31, 
   0x31, 0x31, 0xFF, 0xFF, 0xFF, 0xFF, 0xFF, 0xFF, 0xFF, 0xB1, 0xB1, 0xB1, 0xB1, 0xB1, 0xB1, 0xFF, 
   0xFF, 0xB1, 0xB1, 0xB1, 0xB1, 0xFF, 0xFF, 0xB1, 0xFF, 0xAE, 0xAE, 0xAE, 0xAE, 0xAE, 0xAE, 0xAF, 
   0xFF, 0xAF, 0xAF, 0xAF, 0xAF, 0xAF, 0xAF, 0xB1, 0xFF, 0xB1, 0xB1, 0xB1, 0xB1, 0xB1, 0xB1, 0xB2, 
   0xFF, 0xFF, 0xFF, 0xFF, 0xFF, 0xFF, 0xFF, 0xB1, 0xB1, 0xB1, 0xB1, 0xB1, 0xB1, 0xFF, 0xFF, 0xB1, 
   0xB1, 0xB1, 0xB1, 0xFF, 0xFF, 0xB1, 0xFF, 0xB1, 0xB1, 0xB1, 0xB1, 0xB1, 0xB1, 0xFF, 0xFF, 0xAE, 
   0xAE, 0xAE, 0xAE, 0xAE, 0xAE, 0xAE, 0xFF, 0xAF, 0xAF, 0xAF, 0xAF, 0xAF, 0xAF, 0xB1, 0xFF, 0xB1, 
   0xB1, 0xB1, 0xB1, 0xB1, 0xB1, 0xB2, 0xFF, 0xB1, 0xB1, 0xB1, 0xB1, 0xB1, 0xB1, 0xFF, 0xFF, 0xFF, 
   0xFF, 0x65, 0x65, 0x65, 0xFF, 0x67, 0x67, 0x67, 0xFF, 0x31, 0x31, 0x31, 0x31, 0x68, 0x31, 0x68, 
   0x31, 0x2E, 0x2E, 0x2E, 0x2E, 0x29, 0x29, 0x2E, 0x2E, 0x65, 0x65, 0x65, 0x66, 0x2E, 0x2E, 0x2E, 
   0x2E, 0x2E, 0x2E, 0x2E, 0x2E, 0x2E, 0x2E, 0x2E, 0x2E, 0x65, 0x65, 0x66, 0xFF, 0x2E, 0x2E, 0xFF, 
   0xFF, 0x33, 0x33, 0x33, 0x33, 0x33, 0x33, 0x33, 0x33, 0x65, 0x65, 0x65, 0x66, 0x33, 0x33, 0x33, 
   0x33, 0x33, 0x33, 0x33, 0x33, 0x33, 0x33, 0x33, 0x33, 0x65, 0x65, 0x66, 0x68, 0x33, 0x33, 0xFF, 
   0xFF, 0x37, 0x37, 0x37, 0x37, 0x29, 0x29, 0x24, 0x24, 0x65, 0x65, 0x65, 0x66, 0x3A, 0x3A, 0x37, 
   0x37, 0x37, 0x37, 0x37, 0x37, 0x37, 0x37, 0x37, 0x37, 0x65, 0x64, 0x66, 0xFF, 0x37, 0x37, 0xFF, 
   0xFF, 0x5D, 0x5D, 0x5D, 0x5D, 0x58, 0x58, 0x58, 0x58, 0x51, 0xFF, 0x58, 0x58, 0x58, 0xFF, 0xFF, 
   0xFF, 0xFF, 0xFF, 0xFF, 0xFF, 0xFF, 0xFF, 0x5D, 0x5D, 0x5D, 0x5D, 0x58, 0x58, 0x58, 0x58, 0x51, 
   0xFF, 0x58, 0x58, 0x58, 0xFF, 0xFF, 0xFF, 0xFF, 0xFF, 0xBA, 0xFF, 0xAF, 0xFF, 0xB3, 0xFF, 0xB1, 
   0xFF, 0xA9, 0xFF, 0xBD, 0xFF, 0xB7, 0xB7, 0xB7, 0xB7, 0xBD, 0xBD, 0xBD, 0xBD, 0xFF, 0xFF, 0xFF, 
   0xFF, 0xFF, 0xFF, 0xFF, 0xFF, 0xFF, 0xFF, 0xBD, 0xBD, 0xBD, 0xBD, 0xFF, 0xFF, 0xFF, 0xFF, 0xBA, 
   0xFF, 0xAF, 0xFF, 0xB3, 0xFF, 0xB1, 0xFF, 0xA9, 0xFF, 0xBD, 0xFF, 0xB7, 0xB7, 0xB7, 0xB7, 0xFF, 
   0xFF, 0xBA, 0xB1, 0xBA, 0xB1, 0xBA, 0xB1, 0xFF, 0xFF, 0xB1, 0xB1, 0xB1, 0xFF, 0xAB, 0xA4, 0xA2, 
   0xAE, 0xA9, 0xA9, 0xA9, 0xA9, 0xA9, 0xFF, 0xB3, 0xFF, 0xB7, 0xFF, 0xBD, 0xFF, 0xAE, 0xAE, 0xAE, 
   0xAE, 0xFF, 0xFF, 0xFF, 0xFF, 0xFF, 0xFF, 0xFF, 0xFF, 0xFF, 0xFF, 0xFF, 0xFF, 0xFF, 0xFF, 0xBA, 
   0xBA, 0xBA, 0xBA, 0xBA, 0xBA, 0xFF, 0xFF, 0xB1, 0xB1, 0xB1, 0xFF, 0xAB, 0xA4, 0xA2, 0xAE, 0xA9, 
   0xA9, 0xA9, 0xA9, 0xA9, 0xFF, 0xB3, 0xFF, 0xB7, 0xFF, 0xBD, 0xFF, 0xAE, 0xAE, 0xAE, 0xAE, 0xFF, 
   0xFF, 0x86, 0x68, 0x29, 0xFF, 0x24, 0xFF, 0x24, 0x24, 0x29, 0x29, 0x29, 0xFF, 0x2B, 0x24, 0x24, 
   0x24, 0x9E, 0x9E, 0xFF, 0xFF, 0x44, 0xFF, 0x44, 0xFF, 0x3F, 0x3E, 0x3D, 0x3C, 0x3B, 0x3A, 0x39, 
   0x38, 0x37, 0x36, 0x35, 0x34, 0x33, 0x32, 0x31, 0x30, 0x2F, 0x2E, 0x2D, 0x2C, 0x2B, 0x2A, 0x29, 
   0x28, 0x27, 0x26, 0x25, 0x24, 0x23, 0x22, 0x21, 0x20, 0xFF, 0xFF, 0xFF, 0xFF, 0x43, 0x43, 0x43, 
   0xFF, 0xB6, 0xB6, 0x44, 0x44, 0x44, 0x44, 0xFF, 0xFF, 0x45, 0x45, 0x45, 0x45, 0x45, 0x45, 0xFF, 
   0xFF, 0x19, 0xFF, 0x19, 0xFF, 0xB6, 0xFF, 0xFF, 0xFF, 0xB6, 0xB6, 0xB6, 0xB6, 0xFF, 0xFF, 0xFF, 
   0xFF, 0xFF, 0xFF, 0xFF, 0xFF, 0xB6, 0xB6, 0xB6, 0xFF, 0x44, 0x44, 0xCA, 0xCA, 0xCA, 0xCA, 0xFF, 
   0xFF, 0x44, 0x44, 0x44, 0x44, 0xFF, 0xFF, 0xFF, 0xFF, 0xCA, 0xCA, 0xCA, 0xCA, 0x45, 0x45, 0x45, 
   0x45, 0x43, 0x19, 0x43, 0x19, 0x43, 0x19, 0x43, 0x19, 0xFF, 0xFF, 0xFF, 0xFF, 0x42, 0x42, 0x42, 
   0xFF, 0x43, 0x43, 0x42, 0x42, 0x42, 0x42, 0xFF, 0xFF, 0xB6, 0xB6, 0xB6, 0xB6, 0xFF, 0xFF, 0xFF, 
   0xFF, 0xCA, 0xCA, 0xCA, 0xCA, 0x45, 0x45, 0x45, 0x45, 0x60, 0x42, 0xB6, 0x42, 0x60, 0x42, 0xB6, 
   0x42, 0x60, 0x43, 0x43, 0x43, 0x60, 0x43, 0x60, 0x43, 0x60, 0x19, 0xAC, 0x19, 0x60, 0x19, 0xAC, 
   0x19, 0x60, 0x42, 0x44, 0x42, 0x60, 0x42, 0x44, 0x42, 0x60, 0xCD, 0xB6, 0xCD, 0x60, 0xCD, 0xB6, 
   0xCD, 0x60, 0x45, 0x43, 0x45, 0x60, 0x45, 0x43, 0x45, 0x60, 0x42, 0x42, 0x42, 0x60, 0x42, 0x42, 
   0x42, 0x42, 0x42, 0x42, 0x42, 0x42, 0x42, 0x42, 0x42, 0x42, 0x42, 0x42, 0x42, 0xCA, 0xCA, 0xCA, 
   0xCA, 0xCA, 0xCA, 0xCA, 0xCA, 0xCA, 0xCA, 0xCA, 0xCA, 0xAC, 0xAC, 0xAC, 0xAC, 0xAC, 0xAC, 0xAC, 
   0xAC, 0x1E, 0x1E, 0x1E, 0x1E, 0x1E, 0x1E, 0x1E, 0x1E, 0x1E, 0x1E, 0x1E, 0x1E, 0xAC, 0xAC, 0xAC, 
   0xAC, 0x49, 0x49, 0x49, 0x49, 0x49, 0x49, 0x49, 0x49, 0x19, 0x19, 0x19, 0x19, 0x19, 0x19, 0x19, 
   0x19, 0x19, 0x19, 0x19, 0x19, 0x1E, 0x1E, 0x1E, 0x1E, 0x42, 0xAC, 0x42, 0xAC, 0x42, 0xAC, 0x42, 
   0xAC, 0x42, 0xAC, 0x42, 0xAC, 0xCA, 0xAC, 0xCA, 0xAC, 0xCA, 0xAC, 0xCA, 0xAC, 0xCA, 0xAC, 0xCA, 
   0xAC, 0xAC, 0xAC, 0xAC, 0xAC, 0xAC, 0xAC, 0xAC, 0xAC, 0x41, 0xAC, 0x41, 0xAC, 0x41, 0xAC, 0x41, 
   0xAC, 0x41, 0xFF, 0x41, 0xFF, 0xAC, 0xAC, 0xAC, 0xAC, 0x49, 0xFF, 0x49, 0xFF, 0x49, 0xFF, 0x49, 
   0xFF, 0x19, 0x42, 0x19, 0x42, 0x19, 0x42, 0x19, 0x42, 0x19, 0xFF, 0x19, 0xFF, 0x41, 0xFF, 0x41, 
   0xFF, 0x37, 0x37, 0xFF, 0xFF, 0x37, 0x37, 0xFF, 0xFF, 0x37, 0xFF, 0x37, 0xFF, 0x37, 0x37, 0xFF, 
   0xFF, 0x37, 0x37, 0xFF, 0xFF, 0x37, 0xFF, 0x37, 0xFF, 0x37, 0x37, 0x37, 0x37, 0x37, 0x37, 0xFF, 
   0xFF, 0x65, 0x65, 0x66, 0x66, 0x61, 0xFF, 0x61, 0xFF, 0x4B, 0x62, 0x62, 0xFF, 0x4B, 0x62, 0x62, 
   0xFF, 0x4B, 0x62, 0x4B, 0x62, 0x4B, 0x62, 0x62, 0xFF, 0x81, 0x62, 0x4B, 0x4B, 0xFF, 0xFF, 0x81, 
   0xFF, 0x83, 0x62, 0x4B, 0x62, 0x83, 0x62, 0xFF, 0xFF, 0x81, 0xFF, 0x82, 0xFF, 0x83, 0xFF, 0x84, 
   0xFF, 0x82, 0xFF, 0x82, 0xFF, 0xFF, 0xFF, 0x82, 0xFF, 0x41, 0x41, 0x41, 0xFF, 0x42, 0x70, 0x44, 
   0x70, 0x42, 0x70, 0xAC, 0x70, 0x1E, 0x70, 0x4E, 0x70, 0x57, 0x57, 0x70, 0xFF, 0x41, 0x41, 0x41, 
   0xFF, 0x42, 0xFF, 0x1E, 0xFF, 0xB6, 0xFF, 0xAC, 0xFF, 0x70, 0xFF, 0x70, 0xFF, 0x42, 0xFF, 0x44, 
   0xFF, 0x42, 0x42, 0x42, 0xFF, 0x60, 0xFF, 0x61, 0xFF, 0x65, 0x65, 0x66, 0x66, 0x60, 0xFF, 0x60, 
   0xFF, 0x60, 0xFF, 0x60, 0xFF, 0x42, 0x42, 0x42, 0xFF, 0x37, 0x37, 0x42, 0xFF, 0x37, 0x37, 0x61, 
   0xFF, 0x37, 0x37, 0x37, 0x37, 0x42, 0x42, 0x42, 0xFF, 0xE0, 0x01, 0xA0, 0x02, 0xA0, 0x03, 0x01, 
   0x00, 0xE0, 0x01, 0xA0, 0x02, 0xA0, 0xC0, 0x01, 0x02, 0x60, 0xC1, 0x80, 0xC2, 0x61, 0xC2, 0xC0, 
   0xC1, 0x60, 0xC1, 0x80, 0xC2, 0x61, 0xC2, 0xC0, 0xC1, 0x29, 0x29, 0x49, 0x29, 0x42, 0x29, 0x42, 
   0x29, 0x42, 0x29, 0xAC, 0x29, 0x1E, 0x29, 0x49, 0x29, 0x42, 0x29, 0x1E, 0x29, 0xB6, 0x29, 0xAC, 
   0x29, 0x42, 0x6C, 0x1E, 0x6D, 0xB6, 0x6E, 0xAC, 0x6F, 0x42, 0x68, 0xAC, 0x69, 0x1E, 0x6A, 0x51, 
   0x6B, 0x51, 0x60, 0x51, 0x61, 0x51, 0x62, 0x51, 0x63, 0x51, 0x64, 0x51, 0x65, 0x51, 0x66, 0x51, 
   0x67, 0x51, 0x68, 0x51, 0x69, 0x51, 0x6A, 0x51, 0x6B, 0x51, 0x6C, 0x51, 0x6D, 0x51, 0x6E, 0x51, 
   0x6F, 0x4E, 0x60, 0x4E, 0x61, 0x4E, 0x62, 0x4E, 0x63, 0x4E, 0x64, 0x4E, 0x65, 0x4E, 0x66, 0x4E, 
   0x67, 0x4E, 0x68, 0x4E, 0x69, 0x4E, 0x6A, 0x4E, 0x6B, 0x4E, 0x6C, 0x4E, 0x6D, 0x4E, 0x6E, 0x4E, 
   0x6F, 0x53, 0x60, 0x53, 0x61, 0x53, 0x62, 0x53, 0x63, 0x53, 0x64, 0x53, 0x65, 0x53, 0x66, 0x53, 
   0x67, 0x53, 0x68, 0x53, 0x69, 0x53, 0x6A, 0x53, 0x6B, 0x53, 0x6C, 0x53, 0x6D, 0x53, 0x6E, 0x53, 
   0x6F, 0x57, 0x61, 0x57, 0x62, 0x57, 0x63, 0x57, 0x64, 0x57, 0x65, 0x57, 0x66, 0x57, 0x67, 0x57, 
   0x68, 0x57, 0x69, 0x57, 0x6A, 0x57, 0x6B, 0x57, 0x6C, 0x57, 0x6D, 0x57, 0x6E, 0x57, 0x6F, 0x57, 
   0x70, 0x9E, 0x9E, 0x29, 0x31, 0x29, 0x31, 0x29, 0x31, 0x65, 0x65, 0x66, 0x66, 0x29, 0x31, 0x29, 
   0x31, 0x31, 0x31, 0x31, 0x31, 0x31, 0x31, 0x31, 0x31, 0x31, 0x31, 0x31, 0x31, 0x31, 0x31, 0x31, 
   0x31, 0x9E, 0x9E, 0x31, 0x31, 0x31, 0x31, 0x31, 0x31, 0x65, 0x65, 0x66, 0x66, 0x31, 0x31, 0x9E, 
   0x31, 0x65, 0x65, 0x66, 0x66, 0x31, 0x31, 0x31, 0x31, 0x2E, 0x2E, 0x2E, 0x2E, 0x2E, 0x2E, 0x2E, 
   0x2E, 0x2E, 0x2E, 0x2E, 0x2E, 0x2E, 0x2E, 0x2E, 0x2E, 0x9E, 0x9E, 0x2E, 0x2E, 0x2E, 0x2E, 0x2E, 
   0x2E, 0x65, 0x65, 0x66, 0x66, 0x2E, 0x2E, 0x9E, 0x2E, 0x65, 0x65, 0x66, 0x66, 0x2E, 0x2E, 0x2E, 
   0x2E, 0x33, 0x33, 0x33, 0x33, 0x33, 0x33, 0x33, 0x33, 0x33, 0x33, 0x33, 0x33, 0x33, 0x33, 0x33, 
   0x33, 0x9E, 0x9E, 0x33, 0x33, 0x33, 0x33, 0x33, 0x33, 0x65, 0x65, 0x66, 0x66, 0x33, 0x33, 0x9E, 
   0x33, 0x65, 0x65, 0x66, 0x66, 0x33, 0x33, 0x33, 0x33, 0x37, 0x37, 0x37, 0x37, 0x37, 0x37, 0x37, 
   0x37, 0x37, 0x37, 0x37, 0x37, 0x37, 0x37, 0x37, 0x37, 0x9E, 0x9E, 0x37, 0x37, 0x37, 0x37, 0x37, 
   0x37, 0x65, 0x65, 0x66, 0x66, 0x37, 0x37, 0x9E, 0x37, 0x65, 0x65, 0x66, 0x66, 0x37, 0x37, 0x37, 
   0x37, 0x3A, 0x3A, 0x3A, 0x3A, 0x3A, 0x3A, 0x3A, 0x3A, 0x65, 0x65, 0x65, 0x66, 0x3A, 0x3A, 0x3A, 
   0x3A, 0x3A, 0x3A, 0x3A, 0x3A, 0x3A, 0x3A, 0x3A, 0x3A, 0x65, 0x65, 0x65, 0x66, 0x3A, 0x3A, 0xFF, 
   0xFF, 0x31, 0x31, 0x31, 0x31, 0x31, 0x31, 0x31, 0x31, 0x65, 0x65, 0x65, 0x66, 0x31, 0x31, 0x31, 
   0x31, 0x31, 0x31, 0x31, 0x31, 0x31, 0x31, 0x31, 0x31, 0x64, 0x64, 0x64, 0x66, 0x31, 0x31, 0xFF, 
   0xFF, 0x86, 0x68, 0x29, 0xFF, 0x29, 0x29, 0x24, 0x24, 0x31, 0x31, 0x31, 0xFF, 0x28, 0xFF, 0x31, 
   0xFF, 0x32, 0x33, 0x34, 0x35, 0x34, 0x35, 0x36, 0x37, 0x36, 0x37, 0x38, 0x39, 0x38, 0x39, 0x3A, 
   0x3B, 0x3A, 0x3B, 0x3C, 0x3D, 0xFF, 0xFF, 0xFF, 0xFF, 0x90, 0xFF, 0x92, 0xFF, 0x94, 0xFF, 0x96, 
   0xFF, 0x98, 0xFF, 0x9A, 0xFF, 0x9C, 0xFF, 0x9E, 0xFF, 0x9F, 0xFF, 0x9F, 0xFF, 0x9F, 0xFF, 0x9F, 
   0xFF, 0x9E, 0x9E, 0xFF, 0xFF, 0x48, 0xFF, 0x41, 0xFF, 0xFF, 0xFF, 0xFF, 0xFF, 0xFF, 0xFF, 0xFF, 
   0xFF, 0xFF, 0xB1, 0xAE, 0xAF, 0xB1, 0xFF, 0xB1, 0xB1, 0xB1, 0xAE, 0xAF, 0xB1, 0x00, 0x00, 0x88, 
   0x00, 0xFB, 0x80, 0x00, 0x80, 0xFB, 0x80, 0x00, 0x80, 0xFA, 0x80, 0x00, 0x80, 0x51, 0xFF, 0x00, 
   0x00, 0x00, 0xA9, 0xBD, 0xFF, 0xBD, 0xAF, 0x00, 0x00, 0xFF, 0xFF, 0xFF, 0xFA, 0xFF, 0x00, 0x00, 
   0x00, 0x00, 0x00, 0xAA, 0xAA, 0xA0, 0x00, 0x00, 0x00, 0x00, 0x0C, 0xF0, 0xF0, 0xFC, 0xF0, 0x0C, 
   0xF0, 0x00, 0xEE, 0x00, 0x0C, 0xF0, 0xF0, 0xEE, 0x00, 0x00, 0x00, 0x00, 0x00, 0x00, 0x00, 0x00, 
   0x00, 0x00, 0xFF, 0xFF, 0xFF, 0x00, 0xFF, 0xFF, 0x00, 0x00, 0x00, 0xAA, 0x00, 0x0A, 0x00, 0xAA, 
   0x00, 0xCC, 0xAC, 0xCA, 0xF0, 0x80, 0x88, 0xA8, 0x08, 0x00, 0x00, 0x00, 0x00, 0x28, 0x80, 0x2F, 
   0x0F, 0x00, 0x80, 0x00, 0xCC, 0xF0, 0x7F, 0xFF, 0xFF, 0x00, 0xFF, 0xFF, 0xFF, 0xFF, 0xFF, 0xFF, 
   0xFF, 0xFF, 0xFF, 0xFF, 0xFF, 0xFF, 0xFF, 0xFF, 0xFF, 0xFF, 0xFF, 0xFF, 0xFF, 0xFF, 0xFF, 0xFF, 
   0x80, 0xFF, 0x00, 0xFF, 0x82, 0x80, 0xFF, 0x00, 0xFF, 0x82, 0x80, 0xFF, 0x00, 0xFF, 0x82, 0x80, 
   0xFF, 0x00, 0xFF, 0x82, 0x82, 0xFF, 0x80, 0x00, 0x80, 0xFF, 0x80, 0x00, 0x80, 0xAA, 0xAA, 0xFF, 
   0xFF, 0xFF, 0x98, 0x9F, 0xFF, 0xA0, 0xFF, 0xFF, 0xFF, 0xFF, 0xFF, 0xFF, 0xFF, 0xFF, 0xFF, 0xFF, 
   0xFF, 0xFF, 0xFF, 0xFF, 0xFF, 0xFF, 0xFF, 0xFF, 0xFF, 0xFF, 0xFF, 0xFF, 0xFF, 0xFF, 0xFF, 0xFF, 
   0xFF, 0xFF, 0xFF, 0xFF, 0xFF, 0xFF, 0xFF, 0xFF, 0xFF, 0xFF, 0xFF, 0xFF, 0xFF, 0xFF, 0xFF, 0xFF, 
   0xFF, 0xFF, 0xFF, 0xFF, 0xFF, 0xFF, 0xFF, 0xFF, 0xFF, 0xFF, 0xFF, 0xFF, 0xFF, 0xFF, 0xFF, 0xFF, 
   0xFF, 0xFF, 0xFF, 0xFF, 0xFF, 0xFF, 0xFF, 0xFF, 0xFF, 0xFF, 0xFF, 0xFF, 0xFF, 0xFF, 0xFF, 0xFF, 
   0xFF, 0xFF, 0xFF, 0xFF, 0xFF, 0xFF, 0xFF, 0xFF, 0xFF, 0xFF, 0xFF, 0xFF, 0xFF, 0xFF, 0xFF, 0xFF, 
   0xFF, 0xFF, 0xFF, 0xFF, 0xFF, 0xFF, 0xFF, 0xFF, 0x2C, 0x80, 0x00, 0x4C, 0x20, 0xD0, 0x2C, 0x80, 
   0x00, 0x4C, 0x0B, 0xD0, 0x2C, 0x80, 0x00, 0x4C, 0x11, 0xD0, 0x2C, 0xF9, 0x1F, 0x4C, 0x11, 0xB4, 
   0xAE, 0xF8, 0x1F, 0x4C, 0x00, 0xD0, 0xFF, 0xFF, 0xFF, 0xFF, 0xFF, 0xFF, 0xF0, 0xDF, 0xF0, 0xDF, 
   0x24, 0x84, 0x10, 0x03, 0x4C, 0xE4, 0xF0, 0xA2, 0x03, 0xB5, 0xCB, 0x30, 0x37, 0x18, 0x65, 0x80, 
   0xA8, 0xB9, 0x57, 0xFE, 0x75, 0xD3, 0xE0, 0x02, 0x90, 0x03, 0x65, 0xEE, 0x18, 0x65, 0xF2, 0xC9, 
   0xA0, 0xB0, 0x18, 0x95, 0xD3, 0xB9, 0x97, 0xFE, 0x75, 0xCF, 0xE0, 0x02, 0x90, 0x03, 0x65, 0xF0, 
   0x18, 0x65, 0xF4, 0xC9, 0xBA, 0x90, 0x0B, 0xC9, 0xFA, 0xB0, 0x07, 0x8A, 0x95, 0xD3, 0xA9, 0xFF, 
   0x95, 0xCB, 0x95, 0xCF, 0xCA, 0x10, 0xC2, 0xA5, 0x82, 0x29, 0xC0, 0xD0, 0x31, 0xA4, 0xA3, 0xF0, 
   0x2D, 0xE6, 0xA4, 0xA6, 0xA4, 0xE0, 0x2A, 0xB0, 0x0D, 0x98, 0xA4, 0x83, 0xD9, 0x88, 0xFA, 0xD0, 
   0x1D, 0xBD, 0x5E, 0xFA, 0xB0, 0x16, 0xA2, 0x00, 0xB9, 0xD2, 0xFB, 0x10, 0x03, 0xE9, 0x7F, 0xE8, 
   0xA8, 0xB9, 0x3D, 0xFC, 0x55, 0xA1, 0x95, 0xA1, 0xA9, 0x00, 0x85, 0xA3, 0x85, 0x09, 0xA5, 0xF6, 
   0x29, 0x3F, 0xD0, 0x60, 0xA5, 0xE9, 0x29, 0x0F, 0xF0, 0x5A, 0xC6, 0xE9, 0xA6, 0xE9, 0xE0, 0x10, 
   0xB0, 0x52, 0xA5, 0x9A, 0x29, 0xFC, 0x09, 0x01, 0x85, 0x9A, 0x8A, 0xD0, 0x42, 0xA9, 0x44, 0x85, 
   0x09, 0xA5, 0x9E, 0xD0, 0x03, 0x20, 0x97, 0xF7, 0xA9, 0x24, 0x85, 0xA4, 0xA9, 0x00, 0x85, 0xA1, 
   0x85, 0xA2, 0xA4, 0x83, 0xB9, 0x88, 0xFA, 0x85, 0xA3, 0x18, 0xF9, 0xB2, 0xFD, 0xA2, 0x00, 0xC9, 
   0x08, 0x90, 0x03, 0xE9, 0x08, 0xE8, 0xA8, 0xB9, 0x3E, 0xFC, 0x95, 0xA1, 0x20, 0xA1, 0xF7, 0xA5, 
   0xD9, 0x29, 0x3F, 0x85, 0xD9, 0xA9, 0x00, 0x85, 0xDC, 0xAA, 0x20, 0xB7, 0xF7, 0xD0, 0x05, 0xA9, 
   0x14, 0x20, 0xA3, 0xF7, 0xA5, 0x82, 0x29, 0x01, 0xD0, 0x06, 0xA5, 0x9E, 0xC9, 0x41, 0x90, 0x07, 
   0xA9, 0x00, 0x85, 0xEA, 0x20, 0x23, 0xF8, 0x24, 0xD9, 0x30, 0x03, 0x4C, 0xDC, 0xF1, 0xA5, 0xDB, 
   0x20, 0x8D, 0xF8, 0x98, 0x5D, 0xE0, 0xF8, 0x65, 0x9A, 0x98, 0x5D, 0xA3, 0xF8, 0x65, 0x9B, 0x85, 
   0xF4, 0x98, 0x49, 0xFF, 0xC9, 0xFF, 0xA8, 0x5D, 0xE0, 0xF8, 0x65, 0x9A, 0x98, 0x5D, 0xA3, 0xF8, 
   0x65, 0x9B, 0x85, 0xF6, 0xA5, 0xDB, 0x20, 0x86, 0xF8, 0x98, 0x5D, 0x5A, 0xF9, 0x65, 0x97, 0x98, 
   0x5D, 0x1D, 0xF9, 0x65, 0x98, 0x85, 0xF2, 0x29, 0x01, 0x49, 0x01, 0x85, 0xEA, 0x98, 0x49, 0xFF, 
   0xC9, 0xFF, 0xA8, 0x5D, 0x5A, 0xF9, 0x65, 0x97, 0x98, 0x5D, 0x1D, 0xF9, 0x65, 0x98, 0x38, 0xE9, 
   0x03, 0x85, 0xF8, 0xA5, 0x9E, 0xD0, 0x0F, 0xA5, 0xCD, 0x25, 0xCE, 0x25, 0xCB, 0x25, 0xCC, 0x30, 
   0x08, 0xA5, 0x82, 0x4A, 0xB0, 0x03, 0x4C, 0xEC, 0xF1, 0xA5, 0xD9, 0x09, 0x40, 0x85, 0xD9, 0xA9, 
   0xF0, 0x38, 0xE5, 0xDB, 0x69, 0x3B, 0xB0, 0x04, 0xC9, 0xF0, 0x90, 0x02, 0xE9, 0xF0, 0xC9, 0x78, 
   0x08, 0x90, 0x02, 0xE9, 0x78, 0x4A, 0xAA, 0xA5, 0xF2, 0x38, 0xE9, 0x03, 0xC5, 0xF8, 0xB0, 0x02, 
   0xA5, 0xF8, 0x4A, 0x38, 0xE9, 0x03, 0x85, 0xD7, 0x38, 0xFD, 0xD3, 0xF9, 0x69, 0x80, 0x85, 0xD8, 
   0xA0, 0xFF, 0x8A, 0xC8, 0xD9, 0x1F, 0xFA, 0xB0, 0xFA, 0xB9, 0x33, 0xFA, 0x05, 0xEA, 0x85, 0xEA, 
   0xA5, 0xF4, 0x28, 0x90, 0x03, 0xA5, 0xF6, 0x18, 0x79, 0x29, 0xFA, 0x85, 0xEE, 0x85, 0xF0, 0xBD, 
   0x97, 0xF9, 0x18, 0x7D, 0xD3, 0xF9, 0x18, 0xE5, 0xD7, 0x85, 0xDE, 0xA0, 0xFF, 0x8A, 0xC8, 0xD9, 
   0x0F, 0xFA, 0xB0, 0xFA, 0xB9, 0x17, 0xFA, 0x85, 0xDF, 0x4C, 0x29, 0xF2, 0xA5, 0x98, 0x85, 0xF2, 
   0x29, 0x01, 0x49, 0x01, 0x85, 0xEA, 0xA5, 0x9B, 0x85, 0xF4, 0xA5, 0x82, 0x29, 0x01, 0xAA, 0xA5, 
   0xD9, 0x29, 0xBF, 0x85, 0xD9, 0x86, 0x80, 0xB5, 0xCB, 0x10, 0x04, 0x8A, 0x49, 0x01, 0xAA, 0xB5, 
   0xD3, 0x85, 0xEE, 0xB5, 0xCF, 0x4A, 0x85, 0xD8, 0xA5, 0xEA, 0x1D, 0x65, 0xFA, 0x85, 0xEA, 0xA6, 
   0x80, 0xB5, 0xCD, 0x10, 0x04, 0x8A, 0x49, 0x01, 0xAA, 0xB5, 0xD5, 0x85, 0xF0, 0xB5, 0xD1, 0x4A, 
   0x85, 0xD7, 0xA5, 0xEA, 0x1D, 0x67, 0xFA, 0x85, 0xEA, 0xA5, 0x97, 0x29, 0x04, 0x05, 0x9E, 0xD0, 
   0x2E, 0x18, 0xA2, 0x01, 0xB5, 0xCB, 0x30, 0x19, 0xB5, 0xD3, 0x69, 0x03, 0xE5, 0xF4, 0x90, 0x11, 
   0xE9, 0x05, 0xB0, 0x0C, 0xB5, 0xCF, 0x69, 0x10, 0xE5, 0xF2, 0x90, 0x05, 0xE9, 0x09, 0x90, 0x06, 
   0x18, 0xCA, 0x10, 0xE0, 0x30, 0x09, 0xA9, 0xFF, 0x95, 0xCB, 0x95, 0xCF, 0x20, 0x97, 0xF7, 0xA5, 
   0x82, 0x29, 0xC0, 0xD0, 0x14, 0xA5, 0x84, 0x29, 0x02, 0xF0, 0x0E, 0xA5, 0x97, 0x29, 0x04, 0x05, 
   0x9E, 0xD0, 0x06, 0xA5, 0xEA, 0x09, 0x80, 0xD0, 0x04, 0xA5, 0xEA, 0x29, 0x7F, 0x85, 0xEA, 0x24, 
   0x84, 0x30, 0x7B, 0xA5, 0x97, 0x29, 0x04, 0x05, 0x9E, 0xD0, 0x3E, 0x18, 0xA5, 0xE1, 0x29, 0xF7, 
   0x24, 0x38, 0x30, 0x08, 0x24, 0x3D, 0x10, 0x04, 0x24, 0x3C, 0x30, 0x04, 0xC5, 0xE1, 0x09, 0x08, 
   0x85, 0xE1, 0x90, 0x25, 0xA2, 0x02, 0xCA, 0x30, 0x20, 0xB5, 0xCD, 0x10, 0xF9, 0xA4, 0x9D, 0x94, 
   0xCD, 0xB9, 0x45, 0xFA, 0x0A, 0x18, 0x65, 0xF2, 0x18, 0x69, 0xF9, 0x95, 0xD1, 0xB9, 0x3D, 0xFA, 
   0x65, 0xF4, 0x95, 0xD5, 0xA9, 0x09, 0x20, 0xA3, 0xF7, 0x24, 0xD9, 0x10, 0x31, 0xA5, 0x9E, 0xD0, 
   0x2D, 0xA2, 0x01, 0x18, 0xB5, 0xCD, 0x30, 0x18, 0xB5, 0xD5, 0x69, 0x03, 0xE5, 0xF6, 0x90, 0x10, 
   0xE9, 0x05, 0xB0, 0x0B, 0xB5, 0xD1, 0x38, 0xE5, 0xF8, 0xB0, 0x04, 0x69, 0x0A, 0xB0, 0x06, 0x18, 
   0xCA, 0x10, 0xE1, 0x30, 0x09, 0xA9, 0xFF, 0x95, 0xCD, 0x95, 0xD1, 0x20, 0x97, 0xF7, 0xA5, 0xF9, 
   0xC9, 0x4A, 0xF0, 0x3C, 0x24, 0x84, 0x10, 0x08, 0xA9, 0x00, 0x85, 0x19, 0x85, 0x1A, 0xF0, 0x30, 
   0xA2, 0x01, 0xB4, 0xE2, 0xF0, 0x27, 0xD6, 0xE4, 0x30, 0x03, 0xD0, 0x21, 0x88, 0xB9, 0xEE, 0xFD, 
   0x95, 0x17, 0x15, 0xE4, 0x30, 0x05, 0xA9, 0x00, 0xA8, 0xF0, 0x0E, 0xB9, 0xBA, 0xFD, 0x95, 0xE4, 
   0xB9, 0x22, 0xFE, 0x95, 0x15, 0x4A, 0x4A, 0x4A, 0x4A, 0x95, 0x19, 0x94, 0xE2, 0xCA, 0x10, 0xD2, 
   0xA9, 0x18, 0x24, 0xD9, 0x30, 0x02, 0xA9, 0x0D, 0x85, 0x8E, 0xA0, 0x00, 0x84, 0x96, 0x88, 0xA5, 
   0xE9, 0x29, 0x0F, 0x05, 0x9E, 0xD0, 0x1B, 0xA5, 0x82, 0x29, 0x01, 0xAA, 0xB5, 0xCB, 0x10, 0x12, 
   0x86, 0x8D, 0xA5, 0xD9, 0x29, 0x07, 0x4A, 0xAA, 0xA5, 0x82, 0x45, 0xE7, 0x45, 0x99, 0x3D, 0x7C, 
   0xFC, 0xA8, 0x84, 0x8A, 0xAD, 0x84, 0x02, 0x10, 0xFB, 0xA9, 0x82, 0x85, 0x02, 0x85, 0x00, 0x85, 
   0x01, 0xA9, 0x14, 0x8D, 0x97, 0x02, 0xAD, 0x82, 0x02, 0x29, 0xFC, 0x45, 0xE1, 0x29, 0xFC, 0x4D, 
   0x82, 0x02, 0xAA, 0xA5, 0xE1, 0x49, 0x03, 0x0D, 0x82, 0x02, 0x86, 0xE1, 0x4A, 0x90, 0x14, 0x4A, 
   0xB0, 0x14, 0xA5, 0xD9, 0x09, 0x06, 0x69, 0x01, 0xC9, 0x14, 0x90, 0x02, 0xA9, 0x00, 0x85, 0xD9, 
   0x4C, 0xE4, 0xDF, 0x4C, 0xDE, 0xDF, 0xA6, 0xF6, 0xBD, 0x32, 0xFF, 0x85, 0xF6, 0xA4, 0xEE, 0x85, 
   0x02, 0xB9, 0x3E, 0xFF, 0x85, 0x23, 0x29, 0x0F, 0xA8, 0x88, 0x10, 0xFD, 0xA4, 0xF0, 0x85, 0x13, 
   0x85, 0x02, 0xB9, 0x3E, 0xFF, 0x85, 0x24, 0x29, 0x0F, 0xA8, 0x88, 0x10, 0xFD, 0xC8, 0x8D, 0x14, 
   0x00, 0x85, 0x02, 0x84, 0x00, 0xA9, 0x2B, 0x8D, 0x96, 0x02, 0xA4, 0x83, 0xBE, 0xB2, 0xFD, 0xB9, 
   0xA2, 0xFD, 0x38, 0xE5, 0x86, 0x85, 0x81, 0xB9, 0xAA, 0xFD, 0xE5, 0x87, 0xA8, 0xA5, 0x83, 0x85, 
   0xFB, 0x2C, 0x82, 0x02, 0x30, 0x02, 0x09, 0x08, 0x85, 0x83, 0xA5, 0x81, 0xC0, 0x00, 0xD0, 0x07, 
   0xC9, 0x31, 0xB0, 0x03, 0xA2, 0x00, 0x38, 0xE8, 0xFD, 0x8F, 0xFA, 0xB0, 0xFA, 0x88, 0x10, 0xF6, 
   0xBC, 0x66, 0xFB, 0x69, 0x2D, 0x85, 0x8B, 0x90, 0x25, 0x86, 0x81, 0xBD, 0xD2, 0xFB, 0xF0, 0x29, 
   0xAA, 0x10, 0x1F, 0xA5, 0xA2, 0x3D, 0xBE, 0xFB, 0xD0, 0x1F, 0x4C, 0xF5, 0xF6, 0xE0, 0x08, 0xB0, 
   0xF9, 0xC9, 0x80, 0xB0, 0x03, 0xE9, 0x35, 0x2C, 0x69, 0x35, 0xB0, 0x37, 0x90, 0xEC, 0x38, 0x4C, 
   0x0D, 0xF7, 0xA5, 0xA1, 0x3D, 0x3D, 0xFC, 0xF0, 0xE1, 0xA6, 0x96, 0xA5, 0x8B, 0x38, 0x2A, 0x95, 
   0xAC, 0x38, 0x79, 0x46, 0xFC, 0x95, 0xA5, 0xA5, 0xA3, 0xC5, 0x81, 0xD0, 0x04, 0xA5, 0xA4, 0x4A, 
   0xA8, 0xB9, 0x58, 0xFC, 0x18, 0xF5, 0xAC, 0x95, 0xB2, 0xA6, 0x81, 0xBD, 0xFB, 0xFA, 0x18, 0x65, 
   0x85, 0xE9, 0x6B, 0xC9, 0x2A, 0xB0, 0xB6, 0x0A, 0x0A, 0x09, 0x03, 0xC9, 0xA7, 0xB0, 0xAB, 0x85, 
   0x80, 0xC0, 0x04, 0xB0, 0x3A, 0xA6, 0x96, 0xE4, 0x8A, 0xD0, 0x2C, 0xA5, 0x82, 0x49, 0x55, 0x29, 
   0x1F, 0xC9, 0x11, 0xB0, 0x22, 0x79, 0x70, 0xFC, 0x29, 0x1F, 0x38, 0xA6, 0x8D, 0x95, 0xCB, 0xB9, 
   0x74, 0xFC, 0x65, 0x80, 0x95, 0xD3, 0xB9, 0x78, 0xFC, 0xA6, 0x96, 0x75, 0xAC, 0x0A, 0xA6, 0x8D, 
   0x95, 0xCF, 0xA9, 0x0B, 0x20, 0xA3, 0xF7, 0xA6, 0x83, 0xBD, 0x8F, 0xFC, 0x4C, 0x25, 0xF6, 0xC0, 
   0x06, 0xB0, 0x62, 0x24, 0xD9, 0x30, 0x4B, 0x69, 0x02, 0xE5, 0xF4, 0x90, 0x45, 0xE9, 0x0A, 0xB0, 
   0x41, 0xA5, 0x97, 0x4A, 0x90, 0x3C, 0xA6, 0x96, 0xB5, 0xA5, 0x0A, 0xE5, 0xF2, 0x69, 0x30, 0x90, 
   0x31, 0x24, 0x84, 0x30, 0x2D, 0xC6, 0xE0, 0x10, 0x39, 0xA9, 0x1E, 0x85, 0xE0, 0xA9, 0x30, 0x20, 
   0xBC, 0xF7, 0xA9, 0x16, 0x20, 0xA3, 0xF7, 0xA4, 0x81, 0xBE, 0xD2, 0xFB, 0x10, 0x0A, 0xA5, 0xA2, 
   0x5D, 0xBE, 0xFB, 0x85, 0xA2, 0x4C, 0xF5, 0xF6, 0xA5, 0xA1, 0x5D, 0x3D, 0xFC, 0x85, 0xA1, 0x4C, 
   0xF5, 0xF6, 0xA5, 0x83, 0x29, 0xF8, 0xF0, 0x05, 0xA9, 0x1E, 0x4C, 0x25, 0xF6, 0xA9, 0x2E, 0x4C, 
   0x25, 0xF6, 0x4C, 0xF9, 0xF7, 0xC0, 0x08, 0xB0, 0x36, 0xA6, 0x96, 0xA5, 0xE9, 0xC9, 0x10, 0xB0, 
   0x0A, 0x38, 0xA5, 0x82, 0x29, 0x08, 0xD0, 0x17, 0x4C, 0xF5, 0xF6, 0x29, 0x0F, 0xD0, 0x10, 0xA5, 
   0x82, 0x29, 0x0C, 0xF0, 0x12, 0xC9, 0x04, 0xD0, 0x06, 0xB5, 0xB2, 0xE9, 0x0E, 0x95, 0xB2, 0xB5, 
   0xA5, 0xF0, 0x04, 0xE9, 0x02, 0x95, 0xA5, 0xA6, 0x83, 0xBD, 0x7F, 0xFC, 0x4C, 0x25, 0xF6, 0xC0, 
   0x0A, 0xD0, 0x7C, 0xE9, 0x12, 0xE5, 0xF4, 0xB0, 0x20, 0x69, 0x1B, 0x90, 0x1C, 0xA8, 0xA5, 0x97, 
   0x4A, 0x90, 0x14, 0xA5, 0xF2, 0x4A, 0xA6, 0x96, 0xF5, 0xA5, 0xD9, 0x0A, 0xFD, 0xF0, 0x12, 0xB0, 
   0x06, 0xA5, 0x97, 0x09, 0x02, 0x85, 0x97, 0xA0, 0x0A, 0xA6, 0x83, 0xBD, 0x9F, 0xFC, 0x4C, 0x25, 
   0xF6, 0xA9, 0x00, 0x85, 0xDC, 0x85, 0xDD, 0x85, 0xDA, 0xB9, 0x25, 0xFD, 0x85, 0xDB, 0xA5, 0x98, 
   0x38, 0xF9, 0x0A, 0xFD, 0x69, 0x00, 0x85, 0x98, 0x98, 0x38, 0xE9, 0x0C, 0xC9, 0x80, 0x6A, 0xA8, 
   0xA9, 0x00, 0x6A, 0x65, 0x9A, 0x85, 0x9A, 0x98, 0x65, 0x9B, 0x85, 0x9B, 0xA5, 0x9C, 0xC9, 0x80, 
   0x6A, 0x85, 0x9C, 0xA5, 0x99, 0xC9, 0x80, 0x6A, 0x85, 0x99, 0xA4, 0x80, 0xB9, 0x2E, 0xFF, 0x85, 
   0xF6, 0xB5, 0xA5, 0x0A, 0x85, 0xF8, 0xA5, 0xD9, 0x09, 0x80, 0x85, 0xD9, 0x4C, 0x02, 0xF5, 0xC0, 
   0x0B, 0x90, 0x24, 0xC0, 0x12, 0xB0, 0x20, 0xA5, 0x82, 0x4A, 0x79, 0xE8, 0xFC, 0x29, 0x1F, 0xAA, 
   0xA5, 0x83, 0x29, 0xF8, 0xC9, 0x01, 0xBD, 0xD3, 0xFC, 0xF0, 0x1A, 0x90, 0x05, 0x19, 0xB4, 0xFC, 
   0xD0, 0x13, 0x19, 0xA7, 0xFC, 0xD0, 0x0E, 0xA5, 0x83, 0x29, 0xF8, 0xD0, 0x05, 0xB9, 0xA7, 0xFC, 
   0xD0, 0x03, 0xB9, 0xB4, 0xFC, 0xA6, 0x96, 0x95, 0xBF, 0xC0, 0x0A, 0xB0, 0x68, 0xA2, 0x01, 0xB5, 
   0xCD, 0x30, 0x21, 0xB5, 0xD5, 0x69, 0x08, 0xE5, 0x80, 0x90, 0x19, 0xF9, 0xC9, 0xFC, 0xB0, 0x13, 
   0xB5, 0xD1, 0x86, 0x8C, 0x4A, 0xA6, 0x96, 0xD5, 0xA5, 0xB0, 0x06, 0xE9, 0x00, 0xD5, 0xAC, 0x10, 
   0x08, 0xA6, 0x8C, 0x18, 0xCA, 0x10, 0xD8, 0x30, 0x72, 0x20, 0xA1, 0xF7, 0xA6, 0x8C, 0xC0, 0x06, 
   0xB0, 0x36, 0xA9, 0xFF, 0x95, 0xCD, 0x95, 0xD1, 0xA6, 0xA3, 0xF0, 0x16, 0xBD, 0xD2, 0xFB, 0xAA, 
   0x10, 0x09, 0xA5, 0xA2, 0x5D, 0xBE, 0xFB, 0x85, 0xA2, 0x90, 0x07, 0xA5, 0xA1, 0x5D, 0x3D, 0xFC, 
   0x85, 0xA1, 0xA9, 0x23, 0x85, 0xA4, 0xA5, 0x81, 0x85, 0xA3, 0xA9, 0x75, 0xC0, 0x04, 0x90, 0x02, 
   0xA9, 0x15, 0x20, 0xBC, 0xF7, 0x4C, 0xCB, 0xF6, 0xC0, 0x08, 0xB0, 0x23, 0xA5, 0xE9, 0xC9, 0x10, 
   0x90, 0x23, 0x29, 0xF0, 0x85, 0xE9, 0x4A, 0x4A, 0x4A, 0x4A, 0x05, 0xE9, 0x69, 0x10, 0xC9, 0x10, 
   0xB0, 0x02, 0xA9, 0x0A, 0x85, 0xE9, 0xA4, 0x96, 0xA9, 0x0E, 0x99, 0xBF, 0x00, 0xD0, 0x06, 0xA5, 
   0x90, 0xD0, 0x02, 0xE6, 0x90, 0xA9, 0xFF, 0x95, 0xCD, 0x95, 0xD1, 0xA4, 0x80, 0xA9, 0xFF, 0xC0, 
   0x07, 0xB0, 0x03, 0xB9, 0xFB, 0xFC, 0xC0, 0xA0, 0x90, 0x03, 0xB9, 0x63, 0xFC, 0xA6, 0x96, 0x95, 
   0xC5, 0x98, 0x38, 0xE9, 0x03, 0x90, 0x04, 0xE9, 0xA0, 0xB0, 0x02, 0x69, 0xA0, 0xA8, 0xB9, 0x31, 
   0xFF, 0x95, 0xB8, 0xE6, 0x96, 0xAD, 0x84, 0x02, 0xC5, 0x8E, 0x90, 0x1C, 0xA6, 0x81, 0xE8, 0xBC, 
   0x66, 0xFB, 0xA5, 0x8B, 0xFD, 0x8F, 0xFA, 0x85, 0x8B, 0xC9, 0x5B, 0x90, 0x08, 0x2A, 0x90, 0x08, 
   0x79, 0x46, 0xFC, 0x90, 0x03, 0x4C, 0x29, 0xF4, 0xA5, 0xB2, 0x85, 0x9F, 0xA6, 0x96, 0xA9, 0x00, 
   0x95, 0xA5, 0x95, 0xB8, 0xA9, 0xFF, 0x95, 0xAC, 0xA5, 0xF2, 0x4A, 0xA4, 0x9D, 0x38, 0xF9, 0x40, 
   0xFD, 0x85, 0x94, 0x38, 0xE9, 0x07, 0x85, 0x95, 0xA5, 0x9E, 0xF0, 0x19, 0xC9, 0x30, 0x90, 0x0E, 
   0x49, 0xFF, 0x69, 0x29, 0xC9, 0x30, 0x90, 0x06, 0xA9, 0xFF, 0x85, 0x94, 0xD0, 0x2C, 0x4A, 0xAA, 
   0xBD, 0x58, 0xFC, 0xD0, 0x25, 0x98, 0xC9, 0x11, 0x90, 0x04, 0x49, 0xFF, 0x69, 0x20, 0xAA, 0xA5, 
   0x97, 0x4A, 0x90, 0x13, 0x29, 0x01, 0xF0, 0x0A, 0xA5, 0x95, 0xE9, 0x0E, 0x85, 0x95, 0xA9, 0xD7, 
   0xD0, 0x08, 0xBD, 0x91, 0xFD, 0xB0, 0x03, 0xBD, 0x80, 0xFD, 0x38, 0xE5, 0x95, 0x85, 0x92, 0xA5, 
   0xF4, 0x18, 0x79, 0x60, 0xFD, 0xA8, 0xBE, 0x31, 0xFF, 0xCA, 0x86, 0x96, 0xE6, 0x94, 0xA5, 0x95, 
   0x09, 0x80, 0x85, 0x95, 0x4C, 0xEA, 0x9F, 0xA9, 0x23, 0x85, 0x9E, 0xA9, 0x98, 0x85, 0x93, 0x85, 
   0x97, 0xA9, 0x13, 0xA6, 0xE3, 0xE4, 0xE2, 0xA2, 0x00, 0xB0, 0x01, 0xE8, 0xD5, 0xE2, 0x90, 0x06, 
   0x95, 0xE2, 0xA9, 0x00, 0x95, 0xE4, 0x60, 0xA0, 0x04, 0x84, 0x9A, 0x2C, 0xF8, 0x18, 0x65, 0xEB, 
   0x85, 0xEB, 0xA9, 0x00, 0x65, 0xEC, 0xAA, 0x45, 0xEC, 0x29, 0xF0, 0xF0, 0x20, 0x90, 0x14, 0xE6, 
   0xEB, 0xA5, 0xEB, 0x29, 0x0F, 0xC9, 0x05, 0xF0, 0x04, 0xC9, 0x0A, 0xD0, 0x06, 0xC6, 0xEB, 0xA2, 
   0x90, 0xD0, 0x0A, 0xA5, 0x91, 0x29, 0x0F, 0xC9, 0x09, 0xB0, 0x02, 0xE6, 0x91, 0x86, 0xEC, 0xD8, 
   0xA5, 0x9A, 0x29, 0xFC, 0x09, 0x02, 0x85, 0x9A, 0x60, 0xA9, 0x0A, 0xF8, 0x18, 0x65, 0xE7, 0x85, 
   0xE7, 0xA9, 0x00, 0x65, 0xE8, 0x90, 0x04, 0xA9, 0x99, 0x85, 0xE7, 0x85, 0xE8, 0xD8, 0xA5, 0x82, 
   0x29, 0x1E, 0xD0, 0x06, 0xA5, 0x9A, 0x29, 0xFC, 0x85, 0x9A, 0xA5, 0x97, 0x09, 0x02, 0x85, 0x97, 
   0x4C, 0x22, 0xF5, 0x18, 0xA5, 0x91, 0x29, 0x0F, 0xD0, 0x0E, 0xA5, 0xD9, 0x29, 0x19, 0x85, 0xED, 
   0x4A, 0x4A, 0x05, 0xED, 0x29, 0x07, 0x69, 0x0A, 0x69, 0x0A, 0xA2, 0x0A, 0x20, 0x6A, 0xF8, 0xA2, 
   0x08, 0xA9, 0x00, 0x85, 0xEE, 0xA5, 0x9A, 0x29, 0x03, 0x0A, 0xA8, 0xC0, 0x04, 0xA9, 0x0A, 0x90, 
   0x10, 0xB9, 0xE8, 0x00, 0x4A, 0x4A, 0x4A, 0x4A, 0x20, 0x6A, 0xF8, 0xB9, 0xE8, 0x00, 0x29, 0x0F, 
   0x88, 0x20, 0x6A, 0xF8, 0xF0, 0x03, 0x10, 0xE9, 0x60, 0x8A, 0x84, 0xF0, 0xA8, 0xC0, 0x0A, 0xB0, 
   0x0B, 0x65, 0xEE, 0x85, 0xEE, 0xD0, 0x05, 0x8A, 0xF0, 0x02, 0xA0, 0x0A, 0xB9, 0x69, 0xFA, 0x95, 
   0xED, 0xA4, 0xF0, 0xCA, 0xCA, 0x60, 0x38, 0xE9, 0xB4, 0xB0, 0x02, 0x69, 0xF0, 0xA0, 0x00, 0xC9, 
   0x78, 0x90, 0x03, 0xE9, 0x78, 0x88, 0xC9, 0x3C, 0x90, 0x04, 0x49, 0xFF, 0x69, 0x78, 0xAA, 0x4A, 
   0xC0, 0xFF, 0x60, 0x00, 0x00, 0x00, 0x00, 0x00, 0x01, 0x01, 0x01, 0x01, 0x02, 0x02, 0x02, 0x02, 
   0x03, 0x03, 0x03, 0x03, 0x04, 0x04, 0x04, 0x04, 0x04, 0x05, 0x05, 0x05, 0x05, 0x05, 0x06, 0x06, 
   0x06, 0x06, 0x06, 0x07, 0x07, 0x07, 0x07, 0x07, 0x07, 0x07, 0x08, 0x08, 0x08, 0x08, 0x08, 0x08, 
   0x08, 0x08, 0x08, 0x09, 0x09, 0x09, 0x09, 0x09, 0x09, 0x09, 0x09, 0x09, 0x09, 0x09, 0x09, 0x09, 
   0x00, 0x40, 0x7F, 0xBF, 0xFE, 0x3D, 0x7C, 0xBB, 0xFA, 0x38, 0x75, 0xB3, 0xF0, 0x2C, 0x68, 0xA3, 
   0xDD, 0x17, 0x50, 0x88, 0xC0, 0xF7, 0x2D, 0x61, 0x95, 0xC9, 0xFB, 0x2B, 0x5B, 0x8A, 0xB8, 0xE4, 
   0x0F, 0x39, 0x62, 0x89, 0xB0, 0xD4, 0xF8, 0x1A, 0x3A, 0x59, 0x77, 0x93, 0xAE, 0xC7, 0xDE, 0xF5, 
   0x09, 0x1C, 0x2D, 0x3D, 0x4B, 0x57, 0x62, 0x6B, 0x73, 0x79, 0x7D, 0x7F, 0x80, 0x00, 0x00, 0x01, 
   0x01, 0x02, 0x02, 0x03, 0x03, 0x04, 0x04, 0x05, 0x05, 0x06, 0x06, 0x06, 0x07, 0x07, 0x08, 0x08, 
   0x09, 0x09, 0x0A, 0x0A, 0x0B, 0x0B, 0x0B, 0x0C, 0x0C, 0x0D, 0x0D, 0x0D, 0x0E, 0x0E, 0x0E, 0x0F, 
   0x0F, 0x0F, 0x10, 0x10, 0x10, 0x10, 0x11, 0x11, 0x11, 0x11, 0x12, 0x12, 0x12, 0x12, 0x12, 0x12, 
   0x12, 0x13, 0x13, 0x13, 0x13, 0x13, 0x13, 0x13, 0x13, 0x13, 0x00, 0x83, 0x05, 0x88, 0x0A, 0x8C, 
   0x0D, 0x8E, 0x0E, 0x8D, 0x0C, 0x8A, 0x07, 0x82, 0xFD, 0x76, 0xEE, 0x65, 0xDA, 0x4E, 0xC0, 0x30, 
   0x9F, 0x0B, 0x76, 0xDF, 0x46, 0xAA, 0x0C, 0x6C, 0xCA, 0x25, 0x7E, 0xD4, 0x28, 0x78, 0xC7, 0x12, 
   0x5B, 0xA0, 0xE3, 0x23, 0x60, 0x9A, 0xD0, 0x04, 0x34, 0x62, 0x8C, 0xB2, 0xD6, 0xF6, 0x13, 0x2C, 
   0x43, 0x55, 0x65, 0x71, 0x79, 0x7E, 0x80, 0xFB, 0xFD, 0xFE, 0xFB, 0xB0, 0xAD, 0xA9, 0xA5, 0xA0, 
   0x9F, 0x9B, 0x93, 0x8A, 0x81, 0x76, 0x6F, 0x67, 0xF1, 0xE6, 0xD9, 0xCC, 0xC4, 0xC3, 0xB6, 0xA7, 
   0x9C, 0x8B, 0x7F, 0x75, 0xE8, 0xDE, 0xD4, 0xC6, 0xBC, 0x75, 0x86, 0x92, 0xA1, 0xAE, 0xAF, 0xB7, 
   0xC4, 0xD1, 0xDC, 0xE9, 0xF0, 0xF0, 0xE4, 0xDC, 0xD4, 0xDE, 0xE7, 0xF0, 0xF6, 0x54, 0x4F, 0x4B, 
   0x48, 0x46, 0x45, 0x01, 0x02, 0x03, 0x04, 0x05, 0x06, 0x07, 0x08, 0x09, 0x0A, 0x0A, 0x0B, 0x0C, 
   0x0D, 0x0E, 0x0E, 0x0F, 0x10, 0x10, 0x11, 0x11, 0x12, 0x12, 0x13, 0x13, 0x13, 0x14, 0x14, 0x14, 
   0x14, 0x14, 0x14, 0x14, 0x14, 0x14, 0x13, 0x13, 0x13, 0x12, 0x12, 0x11, 0x11, 0x10, 0x10, 0x0F, 
   0x0E, 0x0E, 0x0D, 0x0C, 0x0B, 0x0A, 0x0A, 0x09, 0x08, 0x07, 0x06, 0x05, 0x04, 0x03, 0x02, 0x04, 
   0x11, 0x1D, 0x22, 0x2E, 0x32, 0x36, 0xFF, 0x9A, 0x96, 0x9E, 0x9A, 0x9D, 0x99, 0x9C, 0x98, 0x01, 
   0x02, 0x03, 0x05, 0x09, 0x34, 0x38, 0x3A, 0x3B, 0x3C, 0xF3, 0xF7, 0xF9, 0xFD, 0xFF, 0x00, 0x00, 
   0x00, 0x00, 0x02, 0x34, 0x34, 0x34, 0x24, 0x14, 0x04, 0x14, 0x24, 0x34, 0x34, 0xFF, 0x00, 0x01, 
   0x02, 0x03, 0x03, 0x04, 0x04, 0x04, 0x04, 0x04, 0x03, 0x03, 0x02, 0x01, 0x00, 0xFF, 0xFE, 0xFD, 
   0xFC, 0xFB, 0xFB, 0xFA, 0xFA, 0xFA, 0xFA, 0xFA, 0xFB, 0xFB, 0xFC, 0xFD, 0xFE, 0xFF, 0x00, 0x01, 
   0x02, 0x03, 0x03, 0x04, 0x04, 0x00, 0x40, 0x00, 0x08, 0x06, 0x12, 0x0C, 0x19, 0x20, 0x27, 0x2E, 
   0x35, 0x3B, 0x00, 0x60, 0x60, 0x5E, 0x5A, 0x56, 0x52, 0x4E, 0x4A, 0x46, 0x42, 0x67, 0x6E, 0x75, 
   0x7C, 0x83, 0x8A, 0x1E, 0x0E, 0x1E, 0x2A, 0x44, 0x08, 0x0C, 0x12, 0x20, 0x2C, 0x47, 0x4E, 0x63, 
   0x09, 0x05, 0x07, 0x06, 0x07, 0x07, 0x05, 0x64, 0x05, 0x05, 0x06, 0x67, 0x2A, 0x05, 0x0F, 0x06, 
   0x62, 0x09, 0x22, 0x07, 0x05, 0x12, 0x0C, 0x0A, 0x0F, 0x05, 0x1C, 0x7C, 0x19, 0x0A, 0x06, 0x11, 
   0x00, 0x05, 0x05, 0x19, 0x04, 0x15, 0x11, 0x77, 0x1F, 0x04, 0x08, 0x09, 0x26, 0x05, 0x2F, 0x0C, 
   0x06, 0x0C, 0x05, 0x05, 0x16, 0x09, 0x0E, 0x8B, 0x36, 0x04, 0x0C, 0x28, 0x0D, 0x1B, 0x12, 0x09, 
   0x16, 0x14, 0x0A, 0x0A, 0x0A, 0x14, 0x0F, 0x62, 0x1B, 0x09, 0x1E, 0x05, 0x07, 0x04, 0x09, 0x21, 
   0x14, 0x16, 0x18, 0x30, 0x2F, 0x05, 0x06, 0x05, 0x15, 0x95, 0x32, 0x05, 0x1B, 0x0E, 0x28, 0x0B, 
   0x30, 0x08, 0x0D, 0x08, 0x07, 0x17, 0x0F, 0x27, 0x0A, 0x21, 0x1F, 0x32, 0x29, 0x4B, 0x3E, 0x59, 
   0x32, 0x53, 0x41, 0x52, 0x37, 0x40, 0x49, 0x36, 0x53, 0x3F, 0x50, 0x45, 0x49, 0x5F, 0x4D, 0x64, 
   0x5C, 0x39, 0x4B, 0x2B, 0x41, 0x3B, 0x33, 0x3C, 0x30, 0x30, 0x3F, 0x2F, 0x59, 0x3A, 0x4C, 0x59, 
   0x48, 0x54, 0x4A, 0x40, 0x53, 0x3C, 0x52, 0x4B, 0x47, 0x37, 0x32, 0x4A, 0x3A, 0x55, 0x40, 0x4A, 
   0x59, 0x4F, 0x54, 0x50, 0x50, 0x6A, 0x64, 0x5A, 0x5A, 0x51, 0x43, 0x52, 0x62, 0x54, 0x53, 0x50, 
   0x5B, 0x50, 0x58, 0x56, 0x65, 0x61, 0x6A, 0x54, 0x34, 0x6A, 0x2B, 0x42, 0x46, 0x58, 0x60, 0x46, 
   0x2D, 0x4B, 0x3A, 0x31, 0x2C, 0x3A, 0x44, 0x6B, 0x6B, 0x49, 0x3C, 0x31, 0x54, 0x3E, 0x5C, 0x6D, 
   0x58, 0x4D, 0x36, 0x42, 0x4D, 0x5D, 0x6B, 0x0B, 0x0C, 0x0D, 0x0E, 0x0F, 0x10, 0x11, 0x07, 0x04, 
   0x02, 0x0A, 0x07, 0x01, 0x00, 0x04, 0x0A, 0x05, 0x07, 0x00, 0x03, 0x04, 0x00, 0x04, 0x00, 0x04, 
   0x03, 0x0A, 0x00, 0x02, 0x00, 0x01, 0x07, 0x09, 0x02, 0x04, 0x09, 0x00, 0x03, 0x0A, 0x04, 0x01, 
   0x00, 0x04, 0x06, 0x03, 0x04, 0x00, 0x01, 0x04, 0x09, 0x02, 0x04, 0x01, 0x08, 0x0A, 0x01, 0x00, 
   0x01, 0x04, 0x01, 0x03, 0x04, 0x00, 0x01, 0x09, 0x00, 0x08, 0x00, 0x03, 0x0A, 0x07, 0x05, 0x01, 
   0x02, 0x01, 0x00, 0x00, 0x07, 0x04, 0x01, 0x02, 0x01, 0x02, 0x08, 0x00, 0x09, 0x04, 0x03, 0x0A, 
   0x03, 0x04, 0x01, 0x03, 0x04, 0x01, 0x00, 0x01, 0x04, 0x07, 0x09, 0x00, 0x04, 0x03, 0x09, 0x01, 
   0x02, 0x0A, 0x00, 0x00, 0x00, 0x00, 0x00, 0x00, 0x00, 0x00, 0x01, 0x02, 0x03, 0x04, 0x01, 0x02, 
   0x03, 0x04, 0x05, 0x01, 0x02, 0x03, 0x04, 0x05, 0x06, 0x07, 0x08, 0x80, 0x81, 0x82, 0x01, 0x02, 
   0x03, 0x04, 0x05, 0x00, 0x06, 0x07, 0x00, 0x08, 0x80, 0x81, 0x01, 0x02, 0x03, 0x04, 0x05, 0x06, 
   0x07, 0x08, 0x80, 0x81, 0x00, 0x82, 0x83, 0x84, 0x00, 0x85, 0x01, 0x02, 0x03, 0x04, 0x05, 0x06, 
   0x07, 0x08, 0x80, 0x00, 0x81, 0x00, 0x82, 0x83, 0x84, 0x85, 0x01, 0x02, 0x03, 0x04, 0x05, 0x06, 
   0x07, 0x08, 0x80, 0x81, 0x82, 0x83, 0x00, 0x84, 0x00, 0x85, 0x86, 0x87, 0x01, 0x02, 0x03, 0x04, 
   0x05, 0x06, 0x07, 0x08, 0x80, 0x81, 0x00, 0x82, 0x83, 0x84, 0x00, 0x85, 0x86, 0x87, 0x01, 0x02, 
   0x04, 0x08, 0x10, 0x20, 0x40, 0x80, 0x06, 0x06, 0x08, 0x08, 0x08, 0x0A, 0x10, 0x0E, 0x08, 0x08, 
   0x0A, 0x02, 0x02, 0x02, 0x02, 0x02, 0x02, 0x02, 0x62, 0x68, 0x75, 0x7C, 0xD9, 0xD7, 0xAA, 0xAC, 
   0x6E, 0x8D, 0x83, 0xF0, 0xF2, 0xF4, 0xF0, 0xF2, 0xF4, 0xF0, 0xE1, 0xE9, 0xF0, 0x5A, 0x94, 0xD1, 
   0x05, 0x0B, 0x1B, 0x15, 0xFF, 0xF8, 0xFF, 0xF8, 0xFF, 0xFF, 0x06, 0x06, 0x8F, 0x07, 0x3F, 0xDC, 
   0x7E, 0x6A, 0x48, 0x5E, 0x56, 0x88, 0x64, 0x8C, 0xAE, 0x4A, 0x2A, 0xCE, 0xC8, 0x5A, 0x44, 0x56, 
   0xDC, 0x48, 0x64, 0x7E, 0x6A, 0x6A, 0x48, 0xC8, 0x8C, 0x2A, 0x44, 0xAE, 0x4A, 0x4A, 0x38, 0x56, 
   0x64, 0x5E, 0x56, 0x6A, 0x7E, 0x48, 0xDC, 0xC8, 0x44, 0xCE, 0xC8, 0x4A, 0xAE, 0x2A, 0x8C, 0x2E, 
   0x2E, 0xC8, 0x20, 0x50, 0x60, 0x20, 0x50, 0x60, 0x20, 0x6A, 0x2E, 0x48, 0x1E, 0x1E, 0xC8, 0x10, 
   0xC0, 0x40, 0x10, 0xC0, 0x40, 0x10, 0x4A, 0x1E, 0x2A, 0x08, 0x08, 0x08, 0x08, 0x08, 0x08, 0x08, 
   0x08, 0x04, 0x04, 0x00, 0x00, 0x00, 0x00, 0x00, 0x00, 0x00, 0x00, 0x00, 0x00, 0x00, 0x00, 0x00, 
   0x00, 0x00, 0x00, 0x02, 0x04, 0x06, 0x08, 0x0A, 0x0C, 0x0E, 0x0E, 0x0E, 0x0E, 0x0C, 0x0A, 0x08, 
   0x06, 0x04, 0x02, 0x00, 0x13, 0x09, 0x11, 0x03, 0x19, 0x0C, 0x00, 0x01, 0x03, 0x07, 0x0F, 0x1F, 
   0x3F, 0x7F, 0xFF, 0xFE, 0xFC, 0xF8, 0xF0, 0xE0, 0xC0, 0x80, 0x0E, 0x0F, 0x0F, 0x10, 0x11, 0x11, 
   0x12, 0x12, 0x12, 0x13, 0x13, 0x13, 0x13, 0x13, 0x13, 0x13, 0x13, 0x13, 0x12, 0x12, 0x12, 0x11, 
   0x11, 0x10, 0x0F, 0x0F, 0x0E, 0x1C, 0x1A, 0x18, 0x16, 0x12, 0x10, 0x0E, 0x0C, 0x0A, 0x08, 0x06, 
   0x04, 0x02, 0x00, 0xEE, 0xEC, 0xEA, 0xE8, 0xE6, 0xE4, 0xE2, 0xE0, 0xDE, 0xDA, 0xD8, 0xD6, 0xD4, 
   0x00, 0x00, 0x00, 0x01, 0x01, 0x01, 0x01, 0x00, 0x00, 0x00, 0x00, 0x00, 0x00, 0x00, 0x01, 0x01, 
   0x01, 0x01, 0x01, 0x00, 0x00, 0x00, 0x00, 0x00, 0x00, 0x00, 0x01, 0x01, 0x01, 0x01, 0x00, 0x00, 
   0x00, 0x00, 0x00, 0x00, 0x00, 0x00, 0x01, 0x01, 0x01, 0x01, 0x01, 0x00, 0x00, 0x00, 0x00, 0x00, 
   0x01, 0x01, 0x01, 0x01, 0x01, 0x01, 0x00, 0x00, 0x00, 0x00, 0x00, 0x01, 0x01, 0x01, 0x01, 0x01, 
   0x59, 0x67, 0x76, 0x84, 0x93, 0xA2, 0xC7, 0xB1, 0xCF, 0xB9, 0xC0, 0xA9, 0x9A, 0x8B, 0x7D, 0x6E, 
   0x60, 0xE5, 0xE5, 0xED, 0xED, 0xED, 0xED, 0xED, 0xF4, 0xF4, 0xF4, 0xED, 0xED, 0xED, 0xED, 0xED, 
   0xE5, 0xE5, 0x5F, 0x96, 0xDC, 0xEE, 0x45, 0x92, 0x8F, 0xFE, 0x00, 0x00, 0x00, 0x00, 0x01, 0x01, 
   0x01, 0x01, 0x07, 0x0B, 0x10, 0x1B, 0x27, 0x37, 0x47, 0x59, 0x6B, 0x04, 0x06, 0x04, 0x02, 0x02, 
   0x01, 0x01, 0x01, 0x01, 0x01, 0x01, 0x0B, 0x0A, 0x09, 0x08, 0x07, 0x05, 0x03, 0x02, 0x04, 0x04, 
   0x04, 0x04, 0x04, 0x04, 0x04, 0x04, 0x0A, 0x0A, 0x08, 0x08, 0x07, 0x02, 0x05, 0x05, 0x05, 0x05, 
   0x02, 0x05, 0x04, 0x04, 0x02, 0x02, 0x02, 0x02, 0x02, 0x03, 0x03, 0x03, 0x01, 0x01, 0x02, 0x11, 
   0x0F, 0x86, 0x86, 0x85, 0x85, 0x84, 0x83, 0x02, 0x84, 0x04, 0x9F, 0x9E, 0x9D, 0x9C, 0x9B, 0x9A, 
   0x98, 0x16, 0x85, 0x80, 0x05, 0x80, 0x80, 0x84, 0x84, 0x88, 0x9A, 0x8C, 0x90, 0x84, 0x88, 0x00, 
   0x80, 0x80, 0x84, 0x84, 0x88, 0x81, 0x8C, 0x82, 0x80, 0x83, 0x84, 0x84, 0x88, 0x85, 0x8C, 0x86, 
   0x84, 0x88, 0x00, 0x81, 0x88, 0x71, 0x91, 0xB1, 0xD1, 0xF1, 0xC1, 0x91, 0xC7, 0x97, 0x38, 0x48, 
   0x58, 0x78, 0x98, 0xB8, 0xD8, 0xF8, 0xA4, 0x00, 0xA4, 0x28, 0x08, 0x58, 0x08, 0x88, 0x83, 0x83, 
   0x43, 0x23, 0x13, 0x00, 0x28, 0x08, 0x58, 0x08, 0x88, 0x84, 0x83, 0x44, 0x88, 0x84, 0x83, 0x84, 
   0x88, 0x84, 0x83, 0x84, 0x23, 0x13, 0x00, 0x00, 0x00, 0x01, 0x01, 0x01, 0x01, 0x02, 0x02, 0x02, 
   0x02, 0x02, 0x01, 0x01, 0x01, 0x01, 0x00, 0x00, 0x00, 0xFF, 0xFF, 0xFF, 0xFF, 0xFE, 0xFE, 0xFE, 
   0xFE, 0xFE, 0xFF, 0xFF, 0xFF, 0xFF, 0x00, 0x00, 0x01, 0x01, 0x01, 0x02, 0x02, 0x02, 0x02, 0x02, 
   0x02, 0x02, 0x02, 0x02, 0x01, 0x01, 0x01, 0x00, 0xFF, 0xFF, 0xFF, 0xFE, 0xFE, 0xFE, 0xFE, 0xFE, 
   0xFE, 0xFE, 0xFE, 0xFE, 0xFF, 0xFF, 0xFF, 0x03, 0x03, 0x03, 0x02, 0x02, 0x01, 0x01, 0x01, 0x00, 
   0xFF, 0xFF, 0xFF, 0xFE, 0xFE, 0xFD, 0xFD, 0xFD, 0xFD, 0xFD, 0xFE, 0xFE, 0xFF, 0xFF, 0xFF, 0x00, 
   0x01, 0x01, 0x01, 0x02, 0x02, 0x03, 0x03, 0x03, 0x03, 0x03, 0x03, 0x02, 0x02, 0x01, 0x00, 0x00, 
   0x00, 0xFF, 0xFE, 0xFE, 0xFD, 0xFD, 0xFD, 0xFD, 0xFD, 0xFD, 0xFD, 0xFE, 0xFE, 0xFF, 0x00, 0x00, 
   0x00, 0x01, 0x02, 0x02, 0x03, 0x03, 0x03, 0xFF, 0xFF, 0xFF, 0xFF, 0xFF, 0xFF, 0xFF, 0xFF, 0xFF, 
   0xFF, 0xFF, 0xFF, 0xFF, 0xFF, 0xFF, 0xFF, 0xFF, 0xFF, 0xFF, 0xFF, 0xFF, 0xFF, 0xFF, 0xFF, 0xFF, 
   0xFF, 0xFF, 0xFF, 0xFF, 0xFF, 0xFF, 0xFF, 0xFF, 0xFF, 0xFF, 0xFF, 0xFF, 0xFF, 0xFF, 0xFF, 0xFF, 
   0xFF, 0xFF, 0xFF, 0xFF, 0xFF, 0xFF, 0xFF, 0xFF, 0xFF, 0xFF, 0xFF, 0xFF, 0xFF, 0xFF, 0xFF, 0xFF, 
   0xFF, 0xFF, 0xFF, 0xFF, 0xFF, 0xFF, 0xFF, 0xFF, 0xFF, 0xFF, 0xFF, 0xFF, 0xFF, 0xFF, 0xFF, 0xFF, 
   0xFF, 0xFF, 0xFF, 0xFF, 0xFF, 0xFF, 0xFF, 0xFF, 0xFF, 0xFF, 0xFF, 0xFF, 0xFF, 0xFF, 0xFF, 0xFF, 
   0xFF, 0x70, 0x60, 0x50, 0x40, 0x30, 0x20, 0x10, 0x00, 0xF0, 0xE0, 0xD0, 0xC0, 0x71, 0x61, 0x51, 
   0x41, 0x31, 0x21, 0x11, 0x01, 0xF1, 0xE1, 0xD1, 0xC1, 0xB1, 0xA1, 0x91, 0x72, 0x62, 0x52, 0x42, 
   0x32, 0x22, 0x12, 0x02, 0xF2, 0xE2, 0xD2, 0xC2, 0xB2, 0xA2, 0x92, 0x73, 0x63, 0x53, 0x43, 0x33, 
   0x23, 0x13, 0x03, 0xF3, 0xE3, 0xD3, 0xC3, 0xB3, 0xA3, 0x93, 0x74, 0x64, 0x54, 0x44, 0x34, 0x24, 
   0x14, 0x04, 0xF4, 0xE4, 0xD4, 0xC4, 0xB4, 0xA4, 0x94, 0x75, 0x65, 0x55, 0x45, 0x35, 0x25, 0x15, 
   0x05, 0xF5, 0xE5, 0xD5, 0xC5, 0xB5, 0xA5, 0x95, 0x76, 0x66, 0x56, 0x46, 0x36, 0x26, 0x16, 0x06, 
   0xF6, 0xE6, 0xD6, 0xC6, 0xB6, 0xA6, 0x96, 0x77, 0x67, 0x57, 0x47, 0x37, 0x27, 0x17, 0x07, 0xF7, 
   0xE7, 0xD7, 0xC7, 0xB7, 0xA7, 0x97, 0x78, 0x68, 0x58, 0x48, 0x38, 0x28, 0x18, 0x08, 0xF8, 0xE8, 
   0xD8, 0xC8, 0xB8, 0xA8, 0x98, 0x79, 0x69, 0x59, 0x49, 0x39, 0x29, 0x19, 0x09, 0xF9, 0xE9, 0xD9, 
   0xC9, 0xB9, 0xA9, 0x99, 0x7A, 0x6A, 0x5A, 0x4A, 0x3A, 0x2A, 0x1A, 0x0A, 0xFA, 0xEA, 0xDA, 0xCA, 
   0xBA, 0x70, 0x60, 0x50, 0x40, 0x30, 0x20, 0x10, 0x00, 0xF0, 0xE0, 0xD0, 0xC0, 0x71, 0x2C, 0xF8, 
   0x1F, 0x4C, 0x0B, 0xD0, 0x2C, 0xF8, 0x1F, 0x4C, 0x11, 0xD0, 0x2C, 0xF6, 0x1F, 0x4C, 0x00, 0xF0, 
   0xAD, 0xF8, 0x1F, 0x4C, 0x00, 0xD0, 0xFF, 0xFF, 0xFF, 0xFF, 0xFF, 0xFF, 0xF0, 0xFF, 0xF0, 0xFF, 
};
static const uint32_t thrust_size = 16384;

#endif

