#ifndef ROM_A2600_doubledragon_H
#define ROM_A2600_doubledragon_H

#include <stdint.h>

static const uint8_t doubledragon[] = {
   0x58, 0x2C, 0xF9, 0xFF, 0x00, 0x00, 0x00, 0x00, 0x07, 0x0F, 0x4C, 0xAC, 0x4C, 0x0F, 0x07, 0x00, 
   0xC7, 0xEF, 0x6C, 0x0C, 0x6C, 0xEF, 0xC7, 0x00, 0xC7, 0xEF, 0x6C, 0x0F, 0x6C, 0xEF, 0xC7, 0x00, 
   0xC0, 0xE0, 0x04, 0xEA, 0x64, 0xE0, 0xC0, 0x00, 0x00, 0x00, 0x00, 0x00, 0x00, 0x00, 0x00, 0x00, 
   0xC4, 0xAA, 0xAA, 0xAA, 0xC4, 0x00, 0x00, 0x00, 0xEC, 0xAA, 0xAC, 0xAA, 0xAC, 0x00, 0x00, 0x00, 
   0xEE, 0x88, 0x8C, 0x88, 0x8E, 0x00, 0x00, 0x00, 0x65, 0x55, 0x56, 0x55, 0x67, 0x00, 0x00, 0x00, 
   0x57, 0x55, 0x75, 0x54, 0x77, 0x00, 0x00, 0x00, 0x25, 0x57, 0x57, 0x57, 0x25, 0x00, 0x00, 0x00, 
   0x00, 0x00, 0x00, 0x00, 0x00, 0x00, 0x00, 0x00, 0x7A, 0xFA, 0x8A, 0x9B, 0x82, 0xFB, 0x79, 0x85, 
   0x02, 0x85, 0x2A, 0x85, 0x13, 0xA0, 0xF3, 0x84, 0x25, 0x84, 0x26, 0xEA, 0x85, 0x06, 0x85, 0x07, 
   0x84, 0x04, 0x84, 0x05, 0xA9, 0x30, 0x85, 0x23, 0x8D, 0x0B, 0x00, 0x85, 0x10, 0x85, 0x11, 0xEA, 
   0x84, 0x20, 0x85, 0x0C, 0xEA, 0xEA, 0xA0, 0x06, 0x84, 0xFD, 0xEA, 0xD0, 0x02, 0x85, 0x2B, 0xA4, 
   0xFD, 0xB1, 0xD3, 0x85, 0x1B, 0x85, 0x2A, 0xB1, 0xDB, 0x85, 0xFC, 0xB1, 0xDD, 0xAA, 0xB1, 0xD5, 
   0x85, 0x1C, 0xB1, 0xD7, 0x85, 0x1B, 0xB1, 0xD9, 0xA4, 0xFC, 0x85, 0x1C, 0x84, 0x1B, 0x86, 0x1C, 
   0x85, 0x1B, 0xC6, 0xFD, 0x10, 0xD7, 0x85, 0x02, 0x85, 0x2A, 0xA9, 0x00, 0x85, 0x1B, 0x85, 0x1C, 
   0x85, 0x1B, 0x60, 0x00, 0x3F, 0x7F, 0xFF, 0xFF, 0x9F, 0xC7, 0xD1, 0xD4, 0xD5, 0xD5, 0x55, 0x75, 
   0x35, 0x1D, 0x0F, 0x06, 0x00, 0x00, 0x80, 0x80, 0xC0, 0xC0, 0xC0, 0xE0, 0xE0, 0x60, 0x70, 0x78, 
   0x3C, 0x3C, 0x1C, 0x0C, 0x00, 0xC0, 0xF0, 0xFC, 0xFF, 0xFF, 0x00, 0x00, 0x00, 0x00, 0x00, 0x03, 
   0x3C, 0x66, 0x66, 0x66, 0x66, 0x66, 0x3C, 0x00, 0x3C, 0x18, 0x18, 0x18, 0x18, 0x38, 0x18, 0x00, 
   0x7E, 0x60, 0x60, 0x3C, 0x06, 0x46, 0x3C, 0x00, 0x3C, 0x46, 0x06, 0x0C, 0x06, 0x46, 0x3C, 0x00, 
   0x0C, 0x0C, 0x7E, 0x4C, 0x2C, 0x1C, 0x0C, 0x00, 0x7C, 0x46, 0x06, 0x7C, 0x60, 0x60, 0x7E, 0x00, 
   0x3C, 0x66, 0x66, 0x7C, 0x60, 0x62, 0x3C, 0x00, 0x18, 0x18, 0x18, 0x0C, 0x06, 0x42, 0x7E, 0x00, 
   0x3C, 0x66, 0x66, 0x3C, 0x66, 0x66, 0x3C, 0x00, 0x3C, 0x46, 0x06, 0x3E, 0x66, 0x66, 0x3C, 0x00, 
   0x00, 0x00, 0x00, 0x00, 0x00, 0x00, 0x00, 0x00, 0x3C, 0x42, 0x5A, 0x52, 0x5A, 0x42, 0x3C, 0x00, 
   0x00, 0x08, 0x0C, 0x0A, 0x0A, 0x0C, 0x00, 0x00, 0x00, 0x4C, 0x42, 0x44, 0x48, 0xE6, 0x00, 0x00, 
   0x28, 0x28, 0x28, 0xEA, 0x2F, 0xED, 0xC8, 0x00, 0xBC, 0xBC, 0xA0, 0xB8, 0xA0, 0xBC, 0xBC, 0x00, 
   0x8A, 0x8A, 0x8A, 0x8A, 0xAA, 0xDA, 0x8A, 0xF7, 0x10, 0x10, 0xF7, 0x84, 0x84, 0xF7, 0xAF, 0xA8, 
   0xA8, 0xA8, 0x28, 0x28, 0xAF, 0xA2, 0xA2, 0xA6, 0xAA, 0xB2, 0xA2, 0xA2, 0x02, 0x02, 0x02, 0x02, 
   0x02, 0x0F, 0x0F, 0x28, 0x28, 0x28, 0x2A, 0x2F, 0xAD, 0xA8, 0x0C, 0x1E, 0x12, 0x12, 0x12, 0x1E, 
   0x0C, 0x23, 0x73, 0xDA, 0x8B, 0x8A, 0x8B, 0x8B, 0xD1, 0xD1, 0x12, 0x9E, 0x11, 0xDF, 0xDE, 0x30, 
   0x30, 0x30, 0x78, 0xCC, 0xCC, 0xCC, 0xFC, 0xCC, 0xCC, 0xCC, 0xCC, 0xCC, 0xFC, 0xFC, 0xCC, 0xCC, 
   0xCC, 0xCC, 0xCC, 0xCC, 0x0D, 0x1F, 0x3F, 0x37, 0x37, 0x37, 0x30, 0x86, 0xC6, 0xE6, 0x66, 0x66, 
   0x66, 0x66, 0x63, 0x67, 0x6F, 0x7F, 0x7B, 0x73, 0x63, 0x00, 0x08, 0x10, 0x18, 0x20, 0x28, 0x30, 
   0x38, 0x40, 0x48, 0x50, 0x58, 0x60, 0x68, 0x70, 0x78, 0x7A, 0xFA, 0x8A, 0x9B, 0x82, 0xFB, 0x79, 
   0xD4, 0x02, 0x04, 0x04, 0x06, 0x06, 0x08, 0x08, 0x06, 0x08, 0x08, 0x06, 0x08, 0x06, 0x04, 0x02, 
   0xB4, 0x04, 0x06, 0x06, 0x06, 0x08, 0x0A, 0x04, 0x08, 0x08, 0x08, 0x08, 0x08, 0x08, 0x08, 0x02, 
   0x54, 0x52, 0x24, 0x24, 0x24, 0x24, 0x24, 0x24, 0x24, 0x24, 0x24, 0x24, 0x24, 0x20, 0x22, 0x22, 
   0x22, 0x20, 0x26, 0x06, 0x06, 0x06, 0x06, 0x06, 0x06, 0x06, 0x06, 0x06, 0x06, 0x06, 0x06, 0x06, 
   0x06, 0x06, 0x06, 0x06, 0x24, 0x26, 0x26, 0x26, 0x28, 0x2A, 0x24, 0x28, 0x28, 0x28, 0x28, 0x28, 
   0x28, 0x28, 0x22, 0x54, 0x52, 0x54, 0x54, 0x54, 0x54, 0x54, 0x54, 0x54, 0x54, 0x54, 0x54, 0x54, 
   0x52, 0x52, 0x52, 0x52, 0x50, 0x50, 0x04, 0x04, 0x04, 0x04, 0x04, 0x04, 0x04, 0x04, 0x04, 0x04, 
   0x04, 0x06, 0x06, 0x06, 0x06, 0x02, 0x02, 0x08, 0x08, 0x08, 0x10, 0x10, 0x10, 0x18, 0x18, 0x18, 
   0x18, 0x18, 0x18, 0x18, 0x18, 0x18, 0x20, 0x20, 0x20, 0x00, 0x03, 0x0F, 0x3F, 0xFF, 0xFF, 0x00, 
   0x00, 0x00, 0x00, 0x00, 0xC0, 0x3C, 0x7E, 0x7E, 0xFF, 0xFB, 0xFE, 0x7E, 0x68, 0x68, 0x68, 0xC4, 
   0xC4, 0xC4, 0xC4, 0x68, 0x68, 0x68, 0x64, 0x64, 0x64, 0x64, 0xA0, 0x06, 0xD0, 0x02, 0x85, 0x2B, 
   0x85, 0x02, 0x85, 0x2A, 0xBE, 0x9C, 0x92, 0x86, 0x06, 0xB9, 0x95, 0x92, 0x85, 0x1B, 0xB1, 0xDB, 
   0x85, 0x1C, 0xB9, 0x95, 0x92, 0x85, 0x1B, 0xB1, 0xDD, 0x85, 0x1C, 0xB9, 0xA3, 0x92, 0x85, 0x06, 
   0x88, 0x10, 0xDB, 0x4C, 0xC6, 0x90, 0xA9, 0x92, 0x85, 0xF9, 0xA9, 0x10, 0x85, 0x1F, 0x85, 0x1E, 
   0x85, 0x0B, 0x85, 0x0C, 0x85, 0x10, 0x85, 0x11, 0x85, 0x21, 0x85, 0x04, 0x85, 0x05, 0xA0, 0x10, 
   0x85, 0x02, 0x85, 0x2A, 0xA9, 0x0F, 0x85, 0x06, 0x85, 0x07, 0xB1, 0xF8, 0x85, 0x09, 0xA5, 0x80, 
   0x29, 0x20, 0xD0, 0x0E, 0xE0, 0x90, 0x90, 0x0A, 0xB9, 0xD3, 0x90, 0x85, 0x1B, 0xB9, 0xE4, 0x90, 
   0x85, 0x1C, 0x85, 0x2B, 0x88, 0x10, 0xD9, 0xA9, 0x00, 0x85, 0x1B, 0x85, 0x1C, 0x85, 0x02, 0x85, 
   0x2A, 0xE0, 0x90, 0xB0, 0x18, 0xE0, 0x60, 0x90, 0x14, 0xA9, 0x68, 0x85, 0xDD, 0xA9, 0x60, 0x85, 
   0xDB, 0xA9, 0x00, 0x85, 0xD9, 0xA6, 0xAC, 0xBC, 0x1D, 0x9B, 0xAA, 0xF0, 0x34, 0xA5, 0xAB, 0x29, 
   0x0C, 0xF0, 0x35, 0xC9, 0x0C, 0xF0, 0x18, 0xC9, 0x04, 0xF0, 0x2D, 0xA9, 0xB8, 0x85, 0xDD, 0xA9, 
   0xB1, 0x85, 0xDB, 0xA9, 0xAA, 0x85, 0xD9, 0xA9, 0x78, 0xA2, 0x70, 0xA0, 0xF9, 0xD0, 0x12, 0xA9, 
   0xE2, 0x85, 0xDD, 0xA9, 0xDB, 0x85, 0xDB, 0xA9, 0xD4, 0x85, 0xD9, 0xA9, 0xCD, 0xA2, 0xC6, 0xA0, 
   0xBF, 0x85, 0x02, 0x85, 0x2A, 0x4C, 0x9B, 0x93, 0x85, 0x02, 0x85, 0x2A, 0xA4, 0xAA, 0xC0, 0x60, 
   0x90, 0x04, 0xA2, 0x3E, 0xD0, 0x2C, 0xA4, 0xAC, 0xB9, 0x77, 0x92, 0x85, 0xDD, 0xA9, 0x50, 0x85, 
   0xDB, 0xA9, 0x95, 0x85, 0xD9, 0xA9, 0x8E, 0xA2, 0x87, 0xA0, 0x80, 0x85, 0xD7, 0x86, 0xD5, 0x84, 
   0xD3, 0xA9, 0x91, 0x85, 0xD4, 0x85, 0xD6, 0x85, 0xD8, 0x85, 0xDA, 0xA9, 0x28, 0x20, 0x6F, 0x90, 
   0xA2, 0x35, 0x85, 0x02, 0x85, 0x2A, 0xCA, 0x10, 0xF9, 0x85, 0x02, 0x85, 0x2A, 0xA0, 0x00, 0x84, 
   0x09, 0x84, 0x1B, 0x84, 0x1C, 0x84, 0x1E, 0x84, 0x25, 0x84, 0x0B, 0x84, 0x0C, 0xA5, 0x93, 0x29, 
   0x0F, 0xA8, 0xB9, 0xE9, 0x91, 0x85, 0xDD, 0xA5, 0x93, 0x4A, 0x4A, 0x4A, 0x4A, 0xA8, 0xB9, 0xE9, 
   0x91, 0x85, 0xDB, 0xA2, 0xD0, 0xA9, 0x02, 0x85, 0x02, 0x85, 0x2A, 0x85, 0x09, 0x86, 0x25, 0x86, 
   0x26, 0xA0, 0xC4, 0xA9, 0xBC, 0x85, 0x06, 0x85, 0x07, 0x8C, 0x04, 0x00, 0x84, 0x05, 0x20, 0xD2, 
   0x90, 0x20, 0xD2, 0x90, 0x84, 0x10, 0x85, 0x11, 0xA0, 0x90, 0x84, 0x20, 0xA0, 0x80, 0x84, 0x21, 
   0x85, 0x02, 0x85, 0x2A, 0x20, 0xAA, 0x92, 0xA2, 0xD0, 0x85, 0x02, 0x85, 0x2A, 0x86, 0x25, 0x86, 
   0x26, 0xA0, 0xC3, 0xA9, 0x0C, 0x85, 0x06, 0x85, 0x07, 0x85, 0x10, 0x84, 0x04, 0x85, 0x12, 0x84, 
   0x05, 0x20, 0xD2, 0x90, 0x86, 0x22, 0x8C, 0x20, 0x00, 0xEA, 0xEA, 0x85, 0x11, 0x85, 0x13, 0x84, 
   0x23, 0x84, 0x21, 0x85, 0x02, 0x85, 0x2A, 0x20, 0xD2, 0x90, 0x20, 0xD2, 0x90, 0x85, 0x2B, 0xA9, 
   0x01, 0x85, 0x0A, 0xA9, 0x0C, 0x85, 0x08, 0xA9, 0xFF, 0xA0, 0x03, 0x85, 0x02, 0x85, 0x2A, 0x85, 
   0x0E, 0xA9, 0x80, 0x85, 0x1B, 0x85, 0x1C, 0x85, 0x1B, 0x84, 0x1D, 0x84, 0x1E, 0x84, 0x0F, 0xA5, 
   0x92, 0x29, 0x7F, 0x4A, 0x4A, 0x4A, 0x4A, 0xA2, 0x00, 0xA0, 0xC0, 0x84, 0x0D, 0x86, 0x0F, 0xA8, 
   0xA5, 0x92, 0x29, 0x0F, 0xAA, 0xA9, 0x04, 0x85, 0xFD, 0xA9, 0x00, 0x85, 0x02, 0x85, 0x2A, 0x85, 
   0x0D, 0xB9, 0xF4, 0x90, 0x85, 0x0E, 0xA9, 0xC4, 0x85, 0x08, 0xB9, 0xFA, 0x90, 0x85, 0x0F, 0x20, 
   0xD2, 0x90, 0xA9, 0x00, 0x8D, 0x0F, 0x00, 0xA9, 0x64, 0x85, 0x08, 0xBD, 0x89, 0x92, 0x85, 0x0E, 
   0xBD, 0x8F, 0x92, 0x85, 0x0D, 0xC6, 0xFD, 0xD0, 0xD0, 0x85, 0x02, 0x85, 0x2A, 0xA2, 0x00, 0x86, 
   0x0D, 0xA9, 0xFF, 0x85, 0x0E, 0xA9, 0x03, 0x85, 0x0F, 0xA9, 0x0C, 0x85, 0x08, 0xA9, 0xC3, 0x85, 
   0x05, 0x20, 0xD2, 0x90, 0xA9, 0x00, 0x85, 0x0F, 0xA9, 0xC0, 0x85, 0x0D, 0x20, 0xC6, 0x90, 0x85, 
   0x0D, 0x85, 0x0E, 0x85, 0x1D, 0x85, 0x0F, 0x85, 0x1E, 0xA9, 0x41, 0xA2, 0x82, 0x85, 0x02, 0x8D, 
   0x96, 0x02, 0x86, 0x01, 0x4C, 0xD0, 0x9F, 0xA5, 0xC1, 0xC9, 0x03, 0xD0, 0x03, 0x4C, 0x78, 0x95, 
   0xA2, 0x00, 0x86, 0x92, 0x86, 0x93, 0xA5, 0xC1, 0xF0, 0x0C, 0xC9, 0x01, 0xF0, 0x2D, 0xC9, 0x02, 
   0xF0, 0x24, 0xC9, 0x04, 0xF0, 0x10, 0xA5, 0xE7, 0xD0, 0x06, 0xA6, 0xE8, 0xA9, 0x01, 0xD0, 0x21, 
   0xA4, 0xE8, 0xA9, 0x02, 0xD0, 0x1B, 0xA5, 0xE7, 0xD0, 0x06, 0xA6, 0xEA, 0xA9, 0x01, 0xD0, 0x11, 
   0xA4, 0xEA, 0xA9, 0x02, 0xD0, 0x0B, 0xA4, 0xE9, 0x4C, 0x3D, 0x95, 0xA4, 0xEA, 0xA6, 0xE8, 0xA9, 
   0x03, 0x85, 0xE2, 0x29, 0x01, 0xF0, 0x0E, 0xB5, 0x9C, 0x29, 0xF0, 0x85, 0x93, 0xB5, 0x9C, 0x0A, 
   0x0A, 0x0A, 0x0A, 0x85, 0x92, 0xA5, 0xE2, 0x29, 0x02, 0xF0, 0x14, 0xB9, 0x9C, 0x00, 0x4A, 0x4A, 
   0x4A, 0x4A, 0x05, 0x93, 0x85, 0x93, 0xB9, 0x9C, 0x00, 0x29, 0x0F, 0x05, 0x92, 0x85, 0x92, 0xA5, 
   0xE7, 0x18, 0x6A, 0x6A, 0x05, 0x92, 0x85, 0x92, 0xA2, 0x00, 0xA5, 0xC1, 0xC9, 0x03, 0xF0, 0x0D, 
   0xA5, 0x8E, 0xC9, 0xAA, 0xD0, 0x09, 0x86, 0x19, 0x86, 0x1A, 0x4C, 0xDC, 0x96, 0x86, 0x82, 0xA5, 
   0x82, 0xD0, 0x0E, 0xA5, 0x85, 0xD0, 0x37, 0xA9, 0x00, 0x85, 0x19, 0x85, 0x82, 0x85, 0x83, 0xF0, 
   0x2D, 0xAA, 0x0A, 0xA8, 0xC6, 0x84, 0x10, 0x07, 0xBD, 0x9A, 0x9B, 0x85, 0x84, 0xE6, 0x83, 0xB9, 
   0xA5, 0x9B, 0x85, 0xFC, 0xB9, 0xA6, 0x9B, 0x85, 0xFD, 0xBD, 0x8E, 0x9B, 0x85, 0x15, 0xA4, 0x83, 
   0xB1, 0xFC, 0xF0, 0xD3, 0x85, 0x17, 0x4A, 0x4A, 0x4A, 0x4A, 0x29, 0x0E, 0x85, 0x19, 0xA6, 0xC1, 
   0xE0, 0x03, 0xD0, 0x04, 0xA9, 0x01, 0xD0, 0x1F, 0xA5, 0xE0, 0xD0, 0x1B, 0xE0, 0x02, 0xD0, 0x04, 
   0xA9, 0x02, 0xD0, 0x13, 0xA6, 0xAC, 0xA5, 0xF0, 0xC9, 0x02, 0xF0, 0x09, 0xC9, 0x03, 0xF0, 0x05, 
   0xBD, 0xBE, 0x9A, 0xD0, 0x02, 0xA9, 0x03, 0xC5, 0x85, 0xF0, 0x09, 0xA6, 0x85, 0xE0, 0x07, 0xF0, 
   0x03, 0x20, 0xBF, 0x9B, 0xA5, 0x80, 0x29, 0x0F, 0xAA, 0xBD, 0x11, 0x96, 0xD0, 0x13, 0x4C, 0xDC, 
   0x96, 0x00, 0xFF, 0xFF, 0xFF, 0x00, 0xFF, 0xFF, 0xFF, 0x00, 0xFF, 0xFF, 0xFF, 0x00, 0xFF, 0xFF, 
   0xFF, 0xA2, 0x01, 0xA5, 0x85, 0xD0, 0x0E, 0xA4, 0x82, 0xF0, 0x04, 0xE0, 0x01, 0xD0, 0x06, 0x4C, 
   0xD8, 0x96, 0x4C, 0xDA, 0x96, 0x0A, 0x0A, 0x85, 0xFC, 0x8A, 0x0A, 0x65, 0xFC, 0xA8, 0xB9, 0xE5, 
   0x9B, 0x85, 0xFC, 0xB9, 0xE6, 0x9B, 0x85, 0xFD, 0xB5, 0x86, 0x0A, 0xA8, 0xB1, 0xFC, 0x85, 0xE8, 
   0xC8, 0xB1, 0xFC, 0xC9, 0xFF, 0xF0, 0x08, 0xC9, 0xFE, 0xD0, 0x0B, 0xA9, 0x00, 0xF0, 0x02, 0xA5, 
   0x85, 0x20, 0xBF, 0x9B, 0xF0, 0xE2, 0x85, 0xE9, 0xB4, 0x88, 0xB5, 0x8A, 0x30, 0x13, 0xD6, 0x8A, 
   0x10, 0x0F, 0xC8, 0xB1, 0xE8, 0xC9, 0xFF, 0xD0, 0x08, 0xF6, 0x86, 0xA0, 0x00, 0x94, 0x88, 0xF0, 
   0xC7, 0x94, 0x88, 0xB5, 0x8A, 0x10, 0x0D, 0xB1, 0xE8, 0x4A, 0x4A, 0x4A, 0x4A, 0x4A, 0xA8, 0xB9, 
   0xB3, 0x9F, 0x95, 0x8A, 0x8A, 0xD0, 0x04, 0xA5, 0x82, 0xD0, 0x37, 0xB4, 0x88, 0xB1, 0xE8, 0x29, 
   0x1F, 0xF0, 0x2D, 0xA8, 0xB9, 0x9C, 0x9F, 0x95, 0x17, 0x4A, 0x4A, 0x4A, 0x4A, 0x29, 0x0E, 0x95, 
   0x15, 0xB4, 0x88, 0xB1, 0xE8, 0x29, 0xE0, 0xC9, 0x40, 0xF0, 0x07, 0xB0, 0x0B, 0xB5, 0x8A, 0x0A, 
   0x10, 0x02, 0xB5, 0x8A, 0xE0, 0x00, 0xF0, 0x08, 0xA9, 0x0A, 0xB4, 0x8A, 0xD0, 0x02, 0xA9, 0x05, 
   0x95, 0x19, 0xCA, 0x30, 0x07, 0x4C, 0x23, 0x96, 0x85, 0x19, 0x85, 0x1A, 0xE6, 0x80, 0xA2, 0x0A, 
   0xA9, 0x91, 0x95, 0xD4, 0xCA, 0xCA, 0x10, 0xFA, 0xA2, 0x02, 0x8A, 0x0A, 0x0A, 0xA8, 0xB5, 0x8C, 
   0x29, 0xF0, 0x4A, 0x99, 0xD3, 0x00, 0xB5, 0x8C, 0x29, 0x0F, 0x0A, 0x0A, 0x0A, 0x99, 0xD5, 0x00, 
   0xCA, 0x10, 0xE7, 0xE8, 0xA0, 0x50, 0xB5, 0xD3, 0xD0, 0x08, 0x94, 0xD3, 0xE8, 0xE8, 0xE0, 0x0A, 
   0x90, 0xF4, 0xA2, 0x00, 0xB5, 0x8F, 0x29, 0xF0, 0xD0, 0x15, 0xB5, 0x8F, 0x09, 0xA0, 0x95, 0x8F, 
   0xC9, 0xA0, 0xD0, 0x0B, 0xE0, 0x02, 0xF0, 0x07, 0xA9, 0xAA, 0x95, 0x8F, 0xE8, 0xD0, 0xE5, 0xA5, 
   0xC2, 0xC9, 0x10, 0xB0, 0x04, 0x09, 0xA0, 0x85, 0xC2, 0xA6, 0xAC, 0xBD, 0xAB, 0x9A, 0x85, 0xF8, 
   0xA9, 0xB1, 0x85, 0xF9, 0xBD, 0xF7, 0x9A, 0x85, 0xB9, 0xBD, 0x0A, 0x9B, 0x85, 0xBA, 0xBD, 0xD1, 
   0x9A, 0x85, 0xBB, 0xBD, 0xE4, 0x9A, 0x85, 0xBC, 0xBD, 0x8E, 0x99, 0x85, 0xF2, 0xBD, 0x26, 0x9A, 
   0x85, 0xF3, 0xBD, 0xB4, 0x99, 0x85, 0xF6, 0xBD, 0x4C, 0x9A, 0x85, 0xF7, 0xBD, 0xA1, 0x99, 0x85, 
   0xE8, 0xBD, 0x39, 0x9A, 0x85, 0xE9, 0xBD, 0xC7, 0x99, 0x85, 0xEA, 0xBD, 0x5F, 0x9A, 0x85, 0xEB, 
   0xBD, 0xDA, 0x99, 0x85, 0xEC, 0xBD, 0x72, 0x9A, 0x85, 0xED, 0xBD, 0xED, 0x99, 0x85, 0xEE, 0xBD, 
   0x85, 0x9A, 0x85, 0xEF, 0xBD, 0x00, 0x9A, 0x85, 0xF4, 0xBD, 0x98, 0x9A, 0x85, 0xF5, 0xBD, 0x7B, 
   0x99, 0x85, 0xF0, 0xBD, 0x13, 0x9A, 0x85, 0xF1, 0xE0, 0x12, 0xD0, 0x0C, 0xA5, 0xAB, 0x29, 0x0C, 
   0xC9, 0x0C, 0xF0, 0x0C, 0xC9, 0x04, 0xF0, 0x08, 0xBD, 0x1C, 0x99, 0xBC, 0x68, 0x99, 0xD0, 0x04, 
   0xA9, 0xA5, 0xA0, 0xB3, 0x85, 0xE4, 0x84, 0xE5, 0xBD, 0xE3, 0x98, 0x85, 0xE0, 0xBD, 0x2F, 0x99, 
   0x85, 0xE1, 0xBD, 0xF6, 0x98, 0x85, 0xE2, 0xAC, 0x84, 0x02, 0xC0, 0x04, 0xB0, 0xF9, 0xA0, 0x01, 
   0x85, 0x02, 0x85, 0x2A, 0x84, 0x01, 0xA9, 0x02, 0x85, 0x09, 0xA9, 0x00, 0x85, 0x0D, 0x85, 0x0B, 
   0x85, 0x0C, 0xBD, 0x42, 0x99, 0x85, 0xE3, 0xBD, 0x09, 0x99, 0x85, 0xE6, 0xBD, 0x55, 0x99, 0x85, 
   0xE7, 0xA9, 0xC6, 0x20, 0x6F, 0x90, 0xA2, 0x90, 0x24, 0xAB, 0x30, 0x06, 0xA5, 0xC1, 0xC9, 0x03, 
   0xF0, 0x0B, 0xA5, 0x8E, 0x29, 0x0F, 0xC9, 0x0A, 0xF0, 0x0B, 0x4C, 0x29, 0x98, 0x86, 0xDC, 0x86, 
   0xDE, 0x86, 0xD8, 0x86, 0xDA, 0x86, 0xD4, 0x86, 0xD6, 0xA5, 0x8F, 0x29, 0x0F, 0xA8, 0xB9, 0xE9, 
   0x91, 0x85, 0xD5, 0x85, 0x02, 0x85, 0x2A, 0xA5, 0x8F, 0x4A, 0x4A, 0x4A, 0x4A, 0xA8, 0xB9, 0xE9, 
   0x91, 0x85, 0xD3, 0xA5, 0x90, 0x29, 0x0F, 0xA8, 0xB9, 0xE9, 0x91, 0x85, 0xD9, 0xA5, 0x90, 0x4A, 
   0x4A, 0x4A, 0x4A, 0xA8, 0xB9, 0xE9, 0x91, 0x85, 0xD7, 0x85, 0x02, 0x85, 0x2A, 0xA5, 0x91, 0x29, 
   0x0F, 0xA8, 0xB9, 0xE9, 0x91, 0x85, 0xDD, 0xA5, 0x91, 0x4A, 0x4A, 0x4A, 0x4A, 0xA8, 0xB9, 0xE9, 
   0x91, 0x85, 0xDB, 0xA9, 0x66, 0x85, 0x06, 0x85, 0x07, 0xEA, 0xEA, 0x20, 0x96, 0x90, 0x85, 0x07, 
   0xA5, 0xC2, 0x29, 0x0F, 0xA8, 0xB9, 0xE9, 0x91, 0x85, 0xDD, 0xA5, 0xC2, 0x4A, 0x4A, 0x4A, 0x4A, 
   0xA8, 0xB9, 0xE9, 0x91, 0x85, 0xDB, 0xA9, 0x91, 0x85, 0xDC, 0x85, 0xDE, 0xA2, 0x30, 0x86, 0x05, 
   0xA5, 0xDF, 0x29, 0x0F, 0xEA, 0xA8, 0xA9, 0xFF, 0x85, 0x1E, 0xA9, 0xF3, 0x88, 0x10, 0xFD, 0x85, 
   0x14, 0x85, 0x02, 0x85, 0x2A, 0x86, 0x1E, 0x8D, 0x05, 0x00, 0xA5, 0x91, 0x29, 0x0F, 0xF0, 0x05, 
   0xA9, 0x02, 0x4C, 0xC8, 0x98, 0xA9, 0x28, 0xEA, 0x85, 0x06, 0x85, 0x07, 0xA9, 0x9C, 0x85, 0xD3, 
   0xA9, 0xA3, 0x85, 0xD5, 0xA9, 0x78, 0x85, 0xD7, 0xA9, 0x50, 0x8D, 0xD9, 0x00, 0x20, 0x96, 0x90, 
   0x4C, 0xDC, 0x9F, 0xA5, 0xA5, 0xA5, 0xA5, 0xA5, 0x26, 0xBE, 0xA5, 0xA5, 0xA5, 0x00, 0xA5, 0xA5, 
   0xA5, 0x00, 0xA5, 0xA5, 0xA5, 0xA5, 0xB9, 0xA5, 0x1E, 0x00, 0xA5, 0x4C, 0x14, 0x1E, 0xA5, 0x3E, 
   0x00, 0x3E, 0xA5, 0xA5, 0x20, 0xA5, 0xA5, 0xA5, 0xA5, 0x97, 0xA5, 0x00, 0xA5, 0xAD, 0xA5, 0xA5, 
   0xA5, 0xA5, 0x71, 0x71, 0x71, 0xA5, 0xA5, 0x3C, 0x4C, 0xA5, 0xA5, 0x3C, 0x4A, 0x25, 0x00, 0x15, 
   0x61, 0x70, 0x26, 0xA5, 0x25, 0x00, 0x64, 0x00, 0xBE, 0x64, 0xA3, 0x72, 0x92, 0x98, 0x46, 0xB3, 
   0xB3, 0xB3, 0xB3, 0xB3, 0xB6, 0xB7, 0xB3, 0xB3, 0xB3, 0xBC, 0xB3, 0xB3, 0xB3, 0xBA, 0xB3, 0xB3, 
   0xB3, 0xB3, 0xB3, 0xB3, 0xB4, 0xB8, 0xB3, 0xB6, 0xB8, 0xB4, 0xB3, 0xB8, 0xBC, 0xB8, 0xB3, 0xB3, 
   0xBA, 0xB3, 0xB3, 0xB3, 0xB3, 0xB3, 0xB3, 0xB4, 0xB3, 0xB5, 0xB3, 0xB3, 0xB3, 0xB3, 0xB8, 0xB8, 
   0xB8, 0xB3, 0xB3, 0xB4, 0xBB, 0xB3, 0xB3, 0xB4, 0xB2, 0xB2, 0xB2, 0xB5, 0xB5, 0xB2, 0xB7, 0xB3, 
   0xB2, 0xB7, 0xB8, 0xB7, 0xB6, 0xB8, 0xB9, 0xBB, 0xBA, 0xBB, 0xBC, 0xE9, 0xDE, 0xD3, 0xF4, 0xE9, 
   0xF4, 0xE9, 0xF4, 0xF4, 0xE4, 0xE4, 0xE4, 0xF4, 0xF4, 0xEF, 0xA6, 0xA6, 0xA6, 0x9B, 0x96, 0xA5, 
   0xA1, 0xA5, 0xE9, 0xA5, 0xEF, 0xA5, 0xA5, 0xA5, 0xA5, 0xA5, 0xA5, 0xA5, 0xA5, 0x26, 0xA5, 0xA5, 
   0xA5, 0xA9, 0xA5, 0xB4, 0xA5, 0xF4, 0xA5, 0xA5, 0xA5, 0xA5, 0xE4, 0xE4, 0xE4, 0xA5, 0xEF, 0xA5, 
   0x00, 0xA5, 0xA5, 0xA5, 0xA5, 0xA5, 0xA1, 0xA5, 0xE9, 0xA5, 0xE4, 0xA5, 0xA5, 0xA5, 0xA5, 0xA5, 
   0xA5, 0xA5, 0xA5, 0x26, 0xA5, 0xA5, 0xA5, 0xA5, 0xA5, 0xB4, 0xA5, 0xF4, 0xA5, 0xEF, 0xA5, 0xA5, 
   0xA5, 0xA5, 0xA5, 0xA5, 0xEF, 0xA5, 0x00, 0xA5, 0xA5, 0xA5, 0xA5, 0xBE, 0xA5, 0xA5, 0xDF, 0xA5, 
   0xC8, 0xE4, 0xE4, 0xA5, 0xA5, 0xA5, 0xE4, 0xE4, 0xA5, 0xA5, 0xA5, 0xA5, 0xA5, 0xC8, 0xBE, 0xA5, 
   0xA5, 0xD3, 0xA5, 0xA5, 0xE4, 0xE4, 0xEB, 0xEB, 0xEB, 0xE4, 0xE4, 0xA5, 0xA5, 0xA5, 0xA5, 0xA5, 
   0xC8, 0xBE, 0xA5, 0xA5, 0xDE, 0xA5, 0xA5, 0xE4, 0xE4, 0xDE, 0xDE, 0xDE, 0xE4, 0xE4, 0xA5, 0x90, 
   0xA5, 0xA5, 0xA5, 0xB2, 0xB2, 0xB2, 0xB2, 0xB5, 0xB5, 0xBA, 0xBA, 0xBA, 0xBB, 0xBB, 0xBB, 0xBA, 
   0xBA, 0xB9, 0xBC, 0xBC, 0xBC, 0xBC, 0xB2, 0xB3, 0xB2, 0xB3, 0xB3, 0xB3, 0xB6, 0xB3, 0xB3, 0xB3, 
   0xB3, 0xB3, 0xB3, 0xB3, 0xB3, 0xBE, 0xB3, 0xB3, 0xB3, 0xB2, 0xB3, 0xB2, 0xB3, 0xB3, 0xB3, 0xB3, 
   0xB3, 0xB3, 0xB7, 0xB7, 0xB7, 0xB3, 0xBB, 0xB3, 0xBB, 0xB3, 0xB3, 0xB3, 0xB3, 0xB3, 0xB2, 0xB3, 
   0xB3, 0xB3, 0xB6, 0xB3, 0xB3, 0xB3, 0xB3, 0xB3, 0xB3, 0xB3, 0xB3, 0xBE, 0xB3, 0xB3, 0xB3, 0xB3, 
   0xB3, 0xB2, 0xB3, 0xB3, 0xB3, 0xB7, 0xB3, 0xB3, 0xB3, 0xB3, 0xB3, 0xB3, 0xBB, 0xB3, 0xBB, 0xB3, 
   0xB3, 0xB3, 0xB3, 0xB2, 0xB3, 0xB3, 0xB3, 0xB3, 0xB7, 0xB8, 0xB8, 0xB3, 0xB3, 0xB3, 0xB8, 0xB8, 
   0xB3, 0xB3, 0xB3, 0xB3, 0xB3, 0xB2, 0xB2, 0xB3, 0xB3, 0xB5, 0xB3, 0xB3, 0xB8, 0xB8, 0xB8, 0xB8, 
   0xB8, 0xB8, 0xB8, 0xB3, 0xB3, 0xB3, 0xB3, 0xB3, 0xB2, 0xB2, 0xB3, 0xB3, 0xB5, 0xB3, 0xB3, 0xB8, 
   0xB8, 0xBA, 0xBA, 0xBA, 0xB8, 0xB8, 0xB3, 0xBC, 0xB3, 0xB3, 0xB3, 0xDD, 0xDB, 0xE0, 0xE5, 0xE8, 
   0xEB, 0xF1, 0xDB, 0xDB, 0xEE, 0xEE, 0xEE, 0xDB, 0xDB, 0xE2, 0xF4, 0xF4, 0xF4, 0xF4, 0x02, 0x02, 
   0x02, 0x02, 0x02, 0x02, 0x05, 0x05, 0x05, 0x05, 0x05, 0x05, 0x05, 0x05, 0x05, 0x05, 0x05, 0x05, 
   0x05, 0x34, 0xB0, 0x78, 0x81, 0x69, 0x68, 0x70, 0x78, 0xB0, 0x43, 0x60, 0x2F, 0x40, 0x5B, 0x51, 
   0x73, 0x58, 0x56, 0x45, 0x79, 0x94, 0xB2, 0x79, 0x71, 0x75, 0x70, 0xB2, 0x94, 0x79, 0xB9, 0x84, 
   0xA0, 0xC3, 0x30, 0x87, 0xA7, 0x72, 0xC1, 0x5D, 0xB0, 0x43, 0x55, 0x59, 0x59, 0x70, 0x43, 0xB0, 
   0x5D, 0x5D, 0x5D, 0xB0, 0x5B, 0x51, 0x77, 0x59, 0x59, 0x59, 0xC4, 0xB0, 0xA5, 0x60, 0x61, 0x61, 
   0x70, 0xA5, 0xB0, 0xC4, 0xC4, 0xC4, 0xB0, 0xC3, 0x30, 0x83, 0x61, 0x61, 0x61, 0x18, 0x18, 0x18, 
   0x18, 0x18, 0x28, 0x28, 0x28, 0x28, 0x28, 0x28, 0x28, 0x28, 0x28, 0x40, 0x40, 0xF8, 0xE0, 0xC0, 
   0xA1, 0x81, 0x61, 0x41, 0x00, 0x9C, 0xBA, 0xD8, 0xF6, 0xF4, 0xF4, 0xF5, 0xF6, 0xF7, 0xF8, 0xD9, 
   0xBA, 0x9C, 0x00, 0xDF, 0x9F, 0x00, 0xF1, 0x01, 0x00, 0xE2, 0x01, 0xE3, 0x01, 0xE4, 0x01, 0xE5, 
   0x01, 0xE6, 0x01, 0xE7, 0x01, 0xE8, 0x00, 0x2C, 0x4B, 0x6A, 0x89, 0xA8, 0xC7, 0xA8, 0x89, 0x6A, 
   0x4B, 0x00, 0x60, 0x81, 0x64, 0x46, 0x28, 0x00, 0xCC, 0xAD, 0x8E, 0x6F, 0x00, 0x30, 0x50, 0x70, 
   0x90, 0xB0, 0x90, 0x70, 0x50, 0x30, 0x00, 0xDF, 0x01, 0xDF, 0x01, 0xDF, 0x01, 0xDF, 0x01, 0xDF, 
   0x01, 0xDF, 0x01, 0xDF, 0x00, 0x3F, 0x00, 0x30, 0x50, 0x70, 0x90, 0x71, 0x52, 0x33, 0x00, 0x04, 
   0x0C, 0x09, 0x09, 0x0C, 0x08, 0x08, 0x08, 0x08, 0x08, 0x08, 0x0C, 0x1B, 0x00, 0x02, 0x00, 0x00, 
   0x03, 0x00, 0x00, 0x00, 0x03, 0x1F, 0x00, 0x46, 0x9B, 0x6D, 0x9B, 0x35, 0x9B, 0x68, 0x9B, 0x49, 
   0x9B, 0x43, 0x9B, 0x2D, 0x9B, 0x57, 0x9B, 0x62, 0x9B, 0x77, 0x9B, 0x85, 0x9B, 0x87, 0x9B, 0x85, 
   0x85, 0xA8, 0xB9, 0xDA, 0x9B, 0x85, 0x8A, 0xB9, 0xE1, 0x9B, 0x85, 0x8B, 0xA9, 0x00, 0x85, 0x88, 
   0x85, 0x89, 0x85, 0x86, 0x85, 0x87, 0x85, 0x19, 0x85, 0x1A, 0x60, 0x03, 0x03, 0x01, 0x03, 0x03, 
   0x03, 0x03, 0x07, 0x07, 0x03, 0x07, 0x17, 0x07, 0x0F, 0x5A, 0x9E, 0x6C, 0x9E, 0xB1, 0x9D, 0xBB, 
   0x9D, 0x3D, 0x9D, 0x5F, 0x9D, 0xDA, 0x9C, 0xE2, 0x9C, 0x09, 0x9C, 0x3B, 0x9C, 0x01, 0x9C, 0x05, 
   0x9C, 0xEA, 0x9C, 0xFE, 0xFE, 0xF9, 0x9C, 0xFE, 0xFE, 0xBA, 0x9C, 0xBA, 0x9C, 0xCA, 0x9C, 0xBA, 
   0x9C, 0xBA, 0x9C, 0xBA, 0x9C, 0xCA, 0x9C, 0xBA, 0x9C, 0xBA, 0x9C, 0xBA, 0x9C, 0x5F, 0x9C, 0x6E, 
   0x9C, 0x5F, 0x9C, 0x74, 0x9C, 0x5F, 0x9C, 0x6E, 0x9C, 0x79, 0x9C, 0x5F, 0x9C, 0x6E, 0x9C, 0x5F, 
   0x9C, 0x74, 0x9C, 0x5F, 0x9C, 0x6E, 0x9C, 0x79, 0x9C, 0xFF, 0xFF, 0x8A, 0x9C, 0xA7, 0x9C, 0xAE, 
   0x9C, 0x5F, 0x9C, 0x6C, 0x9C, 0x5F, 0x9C, 0x71, 0x9C, 0x5F, 0x9C, 0x6C, 0x9C, 0x79, 0x9C, 0x5F, 
   0x9C, 0x6C, 0x9C, 0x5F, 0x9C, 0x71, 0x9C, 0x5F, 0x9C, 0x6C, 0x9C, 0x79, 0x9C, 0xFF, 0xFF, 0x44, 
   0x44, 0x44, 0x44, 0x44, 0x44, 0x44, 0x44, 0x44, 0x44, 0x44, 0x44, 0xFF, 0x85, 0xFF, 0x45, 0x40, 
   0xFF, 0x87, 0x85, 0xFF, 0x47, 0x40, 0x45, 0x40, 0xFF, 0x44, 0x44, 0x44, 0x44, 0x49, 0x44, 0x44, 
   0x47, 0x44, 0x44, 0x45, 0x44, 0x44, 0x44, 0x43, 0x44, 0xFF, 0xE4, 0xE0, 0x83, 0xE1, 0x80, 0xE0, 
   0x85, 0x89, 0xE7, 0xE0, 0x85, 0xE4, 0xE0, 0xE0, 0xE4, 0xE0, 0x85, 0xE4, 0xE0, 0x80, 0x85, 0x86, 
   0xE7, 0xE0, 0x89, 0xE4, 0xE0, 0x80, 0xFF, 0x80, 0xC0, 0x8B, 0xC0, 0x80, 0x8D, 0xFF, 0x80, 0xC0, 
   0x8B, 0xC0, 0x80, 0x8D, 0xC0, 0xFF, 0x00, 0x00, 0x00, 0x00, 0x44, 0x40, 0x44, 0x40, 0x44, 0x40, 
   0x41, 0x40, 0x43, 0x40, 0x43, 0x40, 0x80, 0x43, 0x40, 0xFF, 0x47, 0x40, 0x47, 0x40, 0x47, 0x40, 
   0x43, 0x40, 0x45, 0x40, 0x45, 0x40, 0x80, 0x43, 0x40, 0xFF, 0xEA, 0x9C, 0x1E, 0x9D, 0x1E, 0x9D, 
   0xFE, 0xFE, 0xF9, 0x9C, 0x01, 0x9D, 0x01, 0x9D, 0xFE, 0xFE, 0x43, 0x40, 0x43, 0x40, 0x43, 0x40, 
   0x45, 0x40, 0x45, 0x40, 0x45, 0x40, 0x45, 0x40, 0xFF, 0x85, 0x85, 0x85, 0x89, 0x89, 0x89, 0x89, 
   0xFF, 0x41, 0x40, 0x41, 0x40, 0x41, 0x40, 0x41, 0x40, 0x41, 0x40, 0x41, 0x40, 0x41, 0xA3, 0x41, 
   0x40, 0x41, 0x40, 0x41, 0x40, 0x41, 0x40, 0x41, 0x40, 0x41, 0x40, 0x41, 0xA4, 0xFF, 0x56, 0x40, 
   0x56, 0x40, 0x55, 0x40, 0x56, 0x40, 0x56, 0x40, 0x55, 0x40, 0x56, 0x89, 0x55, 0x56, 0x40, 0x56, 
   0x40, 0x55, 0x40, 0x56, 0x40, 0x56, 0x40, 0x55, 0x40, 0x56, 0x8B, 0x55, 0xFF, 0x6D, 0x9D, 0x6D, 
   0x9D, 0x6D, 0x9D, 0x6D, 0x9D, 0x6D, 0x9D, 0x6D, 0x9D, 0x6D, 0x9D, 0x6D, 0x9D, 0xA0, 0x9D, 0xA0, 
   0x9D, 0xA0, 0x9D, 0xA0, 0x9D, 0xA0, 0x9D, 0xA0, 0x9D, 0xA0, 0x9D, 0xA0, 0x9D, 0xFF, 0xFF, 0x7E, 
   0x9D, 0x7E, 0x9D, 0x7E, 0x9D, 0x7E, 0x9D, 0x8F, 0x9D, 0x8F, 0x9D, 0xFF, 0xFF, 0x13, 0x10, 0x0D, 
   0x0B, 0x09, 0x05, 0x04, 0x03, 0x01, 0x03, 0x04, 0x05, 0x09, 0x0B, 0x0D, 0x10, 0xFF, 0x41, 0x41, 
   0x49, 0x41, 0x49, 0x41, 0x41, 0x49, 0x41, 0x49, 0x49, 0x41, 0x49, 0x41, 0x41, 0x49, 0xFF, 0xC4, 
   0xC5, 0xC4, 0xC7, 0xC4, 0xC5, 0xC4, 0xC7, 0xC4, 0xC5, 0xC4, 0xC7, 0xC9, 0xC8, 0xC7, 0xC5, 0xFF, 
   0x4B, 0x4D, 0x4F, 0x4B, 0x4F, 0x50, 0x4B, 0x4D, 0x4F, 0x4B, 0x4F, 0x50, 0x4B, 0x4D, 0x4F, 0x50, 
   0xFF, 0x18, 0x9E, 0x39, 0x9E, 0x18, 0x9E, 0xF7, 0x9D, 0xFF, 0xFF, 0xBF, 0x9D, 0xFF, 0xFF, 0x80, 
   0x8C, 0x8B, 0x80, 0x8C, 0x8B, 0x80, 0x8C, 0x80, 0x8B, 0x8C, 0xEF, 0xCD, 0x80, 0x8C, 0x8B, 0x80, 
   0x8C, 0x8B, 0x80, 0x8C, 0x80, 0x8B, 0x8C, 0xED, 0xCF, 0x80, 0x8C, 0x8B, 0x80, 0x8C, 0x8B, 0x80, 
   0x8C, 0x80, 0x8B, 0x8C, 0xEF, 0xCD, 0x80, 0x8C, 0x8B, 0x80, 0x8C, 0x8B, 0x80, 0x8F, 0x80, 0x90, 
   0x80, 0x8B, 0x8B, 0x8C, 0x8F, 0x90, 0xFF, 0x41, 0x40, 0x55, 0x40, 0x49, 0x40, 0x56, 0x40, 0x41, 
   0x40, 0x55, 0x40, 0x49, 0x40, 0x47, 0x40, 0x55, 0x40, 0x49, 0x40, 0x56, 0x40, 0x44, 0x40, 0x44, 
   0x40, 0x55, 0x40, 0x47, 0x40, 0x49, 0x40, 0xFF, 0x41, 0x40, 0x55, 0x40, 0x49, 0x40, 0x56, 0x40, 
   0x41, 0x40, 0x55, 0x40, 0x49, 0x40, 0x56, 0x40, 0x41, 0x40, 0x55, 0x40, 0x49, 0x40, 0x47, 0x40, 
   0x47, 0x40, 0x47, 0x40, 0x49, 0x40, 0x49, 0x40, 0xFF, 0x41, 0x40, 0x55, 0x40, 0x49, 0x40, 0x56, 
   0x40, 0x41, 0x40, 0x55, 0x40, 0x49, 0x40, 0x56, 0x40, 0x41, 0x40, 0x55, 0x40, 0x49, 0x40, 0x45, 
   0x40, 0x45, 0x40, 0x45, 0x40, 0x47, 0x40, 0x47, 0x40, 0xFF, 0x78, 0x9E, 0xE9, 0x9E, 0x78, 0x9E, 
   0xFA, 0x9E, 0x0E, 0x9F, 0x0E, 0x9F, 0x2F, 0x9F, 0xED, 0x9E, 0xFF, 0xFF, 0x40, 0x9F, 0x64, 0x9F, 
   0x40, 0x9F, 0x71, 0x9F, 0x65, 0x9F, 0xFF, 0xFF, 0x55, 0x55, 0x55, 0x55, 0x44, 0x40, 0x55, 0x40, 
   0x44, 0x40, 0x55, 0x40, 0x44, 0x40, 0x55, 0x40, 0x44, 0x40, 0x55, 0x40, 0x43, 0x40, 0x55, 0x40, 
   0x43, 0x40, 0x55, 0x40, 0x43, 0x40, 0x55, 0x40, 0x43, 0x40, 0x55, 0x40, 0x45, 0x40, 0x55, 0x40, 
   0x45, 0x40, 0x55, 0x40, 0x45, 0x40, 0x55, 0x40, 0x45, 0x40, 0x55, 0x40, 0x47, 0x40, 0x55, 0x40, 
   0x47, 0x40, 0x55, 0x40, 0x47, 0x40, 0x55, 0x40, 0x47, 0x40, 0x55, 0x40, 0x42, 0x40, 0x55, 0x40, 
   0x42, 0x40, 0x55, 0x40, 0x42, 0x40, 0x55, 0x40, 0x42, 0x40, 0x55, 0x40, 0x41, 0x40, 0x55, 0x40, 
   0x41, 0x40, 0x55, 0x40, 0x41, 0x40, 0x55, 0x40, 0x41, 0x40, 0x55, 0x40, 0x55, 0x56, 0x40, 0x55, 
   0x56, 0x40, 0x55, 0x56, 0x40, 0x55, 0x56, 0x40, 0xFF, 0x55, 0x55, 0x55, 0x55, 0x56, 0x40, 0x56, 
   0x40, 0x56, 0x40, 0x56, 0x40, 0x56, 0x40, 0x55, 0x55, 0xFF, 0x55, 0x55, 0x55, 0x55, 0x55, 0x40, 
   0x56, 0x40, 0x55, 0x40, 0x56, 0x40, 0x55, 0x40, 0x56, 0x40, 0x55, 0x55, 0x55, 0x55, 0x44, 0x40, 
   0x44, 0x40, 0x55, 0x40, 0x43, 0x40, 0x43, 0x40, 0x55, 0x40, 0x45, 0x40, 0x45, 0x40, 0x55, 0x40, 
   0x55, 0x40, 0x55, 0x40, 0x55, 0x40, 0x56, 0x56, 0x40, 0x56, 0x55, 0x55, 0x55, 0x55, 0xFF, 0x55, 
   0x40, 0x56, 0x40, 0x55, 0x40, 0x56, 0x40, 0x55, 0x40, 0x56, 0x40, 0x55, 0x55, 0x55, 0x55, 0xFF, 
   0x89, 0x89, 0xEB, 0xC0, 0x4D, 0xAC, 0x8B, 0xEC, 0xC0, 0x4F, 0xAD, 0x8C, 0xED, 0xC0, 0x50, 0xAF, 
   0x8D, 0xCF, 0x8B, 0xCF, 0x84, 0x87, 0x89, 0xEA, 0xC0, 0x8A, 0x89, 0x87, 0xE9, 0xC0, 0x89, 0x87, 
   0x85, 0xE7, 0xE0, 0xFF, 0xC0, 0x43, 0x40, 0x43, 0x40, 0x43, 0x40, 0x43, 0x40, 0x43, 0x40, 0x80, 
   0xFF, 0x8B, 0x8D, 0xCF, 0xCF, 0xCF, 0xCF, 0xEB, 0xEC, 0x8F, 0xED, 0xC0, 0x45, 0x45, 0x40, 0x45, 
   0x45, 0x40, 0x8C, 0xEB, 0xEC, 0x83, 0xED, 0xC0, 0x45, 0x45, 0x40, 0x45, 0x45, 0x40, 0x8C, 0xEB, 
   0xEC, 0x8F, 0xED, 0x80, 0xE0, 0x8B, 0x8D, 0xCF, 0xCF, 0xCF, 0xCF, 0xFF, 0x00, 0xDF, 0xDD, 0xDA, 
   0xD7, 0xD3, 0xD2, 0xD1, 0xD0, 0xCF, 0xCE, 0xCB, 0x5F, 0xC9, 0x5B, 0x5A, 0xC7, 0x54, 0x52, 0xC5, 
   0x56, 0x84, 0x82, 0x01, 0x02, 0x03, 0x05, 0x07, 0x0B, 0x0F, 0x17, 0x00, 0x00, 0x00, 0x00, 0x00, 
   0x00, 0x00, 0x00, 0x00, 0x00, 0x00, 0x00, 0x00, 0x00, 0x00, 0x00, 0x00, 0x00, 0x00, 0x00, 0x00, 
   0x2C, 0xF9, 0xFF, 0x4C, 0x4E, 0xF0, 0x2C, 0xF8, 0xFF, 0x4C, 0x04, 0xD0, 0x2C, 0xF7, 0xFF, 0x4C, 
   0x04, 0xB0, 0x2C, 0xF6, 0xFF, 0x4C, 0xF7, 0x94, 0x2C, 0xF6, 0xFF, 0x4C, 0xD6, 0x92, 0x2C, 0xF6, 
   0xFF, 0x4C, 0xB9, 0x93, 0xEA, 0xEA, 0x0A, 0x0A, 0x0A, 0x0A, 0xEA, 0xEA, 0x00, 0x90, 0x00, 0x90, 
   0x58, 0x2C, 0xF9, 0xFF, 0xA4, 0xB2, 0xB9, 0x29, 0xBD, 0x85, 0xD7, 0xA4, 0xBA, 0xB9, 0x29, 0xBD, 
   0x85, 0xD5, 0xA6, 0xBB, 0xBD, 0x29, 0xBD, 0x85, 0xD6, 0xA4, 0xB9, 0xB9, 0x29, 0xBD, 0x85, 0x02, 
   0x85, 0x2A, 0x85, 0xD4, 0x29, 0x0F, 0xA8, 0x88, 0x10, 0xFD, 0x85, 0x10, 0x85, 0x02, 0x85, 0x2A, 
   0xA5, 0xD5, 0x29, 0x0F, 0xA8, 0x88, 0x10, 0xFD, 0x85, 0x11, 0x85, 0x02, 0x85, 0x2A, 0xA6, 0xAC, 
   0xBD, 0x7C, 0xB1, 0x85, 0x04, 0xBD, 0x33, 0xBD, 0x85, 0x0A, 0xBD, 0x8F, 0xB1, 0x85, 0x05, 0xA4, 
   0xBC, 0xB9, 0x29, 0xBD, 0x85, 0xD3, 0xA0, 0x00, 0x84, 0x25, 0x84, 0x26, 0xA5, 0xD4, 0x85, 0x20, 
   0xA5, 0xD5, 0x85, 0x21, 0xA5, 0xDF, 0x85, 0x24, 0xBD, 0x46, 0xBD, 0x85, 0x0C, 0xBD, 0x69, 0xB1, 
   0xEA, 0x85, 0x2A, 0xA6, 0xB3, 0x85, 0x08, 0x84, 0x09, 0xBD, 0x29, 0xBD, 0x85, 0xD8, 0xA6, 0xB4, 
   0xBD, 0x29, 0xBD, 0x85, 0xD9, 0xA6, 0xB5, 0xBD, 0x29, 0xBD, 0x85, 0xDA, 0x85, 0x2B, 0xA0, 0x0A, 
   0xEA, 0xB1, 0xE8, 0x8D, 0x06, 0x00, 0xB1, 0xEE, 0xAA, 0xB1, 0xEA, 0x8D, 0x07, 0x00, 0xB1, 0xEC, 
   0x85, 0x2A, 0x85, 0x0D, 0xB1, 0xF0, 0x85, 0x09, 0xB1, 0xF2, 0x85, 0x1B, 0x86, 0x0E, 0xB1, 0xF4, 
   0x85, 0x0F, 0xB1, 0xF6, 0x85, 0x1C, 0x88, 0x10, 0xD8, 0xA6, 0xAC, 0xBD, 0xEA, 0xBC, 0x85, 0xF2, 
   0xBD, 0x13, 0xBE, 0x85, 0xEA, 0xA5, 0xD6, 0x29, 0x0F, 0xAA, 0xA0, 0x02, 0xB1, 0xF8, 0x85, 0x2A, 
   0x85, 0x09, 0xEA, 0xEA, 0xCA, 0x10, 0xFD, 0x85, 0x10, 0x85, 0x02, 0x85, 0x2A, 0xA5, 0xD3, 0x29, 
   0x0F, 0xAA, 0xCA, 0x10, 0xFD, 0x85, 0x11, 0x85, 0x02, 0x85, 0x2A, 0xA0, 0x01, 0xB1, 0xF8, 0x85, 
   0x09, 0xA6, 0xAC, 0xBD, 0xB5, 0xB1, 0x85, 0x04, 0xA5, 0xD6, 0x85, 0x20, 0xA5, 0xD3, 0x85, 0x21, 
   0xBD, 0x26, 0xBD, 0x85, 0x0A, 0xBD, 0xC8, 0xB1, 0x85, 0x05, 0xBD, 0xD7, 0xBC, 0x85, 0xF3, 0xBD, 
   0xB1, 0xBC, 0x85, 0xF6, 0xA0, 0x00, 0xB1, 0xF8, 0xBC, 0xA2, 0xB1, 0xEA, 0x85, 0x2A, 0x85, 0x09, 
   0x84, 0x08, 0xBD, 0x13, 0xBD, 0x85, 0xF7, 0xBD, 0xC4, 0xBC, 0x85, 0xE8, 0xBD, 0x00, 0xBD, 0x85, 
   0xE9, 0x85, 0x2B, 0xBD, 0x00, 0xBE, 0x85, 0xEB, 0xEA, 0xEA, 0xA0, 0x25, 0xB1, 0xE2, 0xAA, 0xB1, 
   0xE8, 0x8D, 0x06, 0x00, 0xB1, 0xEA, 0x8D, 0x07, 0x00, 0xB1, 0xE0, 0x85, 0x2A, 0x85, 0x0D, 0xB1, 
   0xF2, 0x85, 0x09, 0xB1, 0xE4, 0x85, 0x1B, 0x86, 0x0E, 0xB1, 0xE6, 0x85, 0x0F, 0xB1, 0xF6, 0x85, 
   0x1C, 0x88, 0x10, 0xD8, 0x84, 0x1E, 0x4C, 0xD6, 0xBF, 0x22, 0x02, 0x54, 0x20, 0x06, 0x52, 0x00, 
   0x02, 0x02, 0x02, 0x02, 0x02, 0x02, 0x02, 0x00, 0x00, 0x52, 0x52, 0x52, 0x04, 0x07, 0x06, 0x03, 
   0x06, 0x03, 0x05, 0x06, 0x07, 0x06, 0x06, 0x06, 0x07, 0x06, 0x00, 0x00, 0x03, 0x03, 0x03, 0x07, 
   0x07, 0x02, 0x01, 0x06, 0x03, 0x05, 0x02, 0x07, 0x06, 0x06, 0x06, 0x07, 0x07, 0x07, 0x00, 0x03, 
   0x03, 0x03, 0xB4, 0x04, 0x02, 0x40, 0x00, 0x04, 0x00, 0x02, 0x04, 0x02, 0x02, 0x02, 0x04, 0x00, 
   0xB4, 0x00, 0x04, 0x04, 0x00, 0x07, 0x07, 0x05, 0x01, 0x03, 0x00, 0x05, 0x05, 0x07, 0x06, 0x06, 
   0x06, 0x06, 0x06, 0x00, 0x00, 0x05, 0x05, 0x00, 0x06, 0x01, 0x04, 0x03, 0x03, 0x07, 0x05, 0x04, 
   0x01, 0x06, 0x06, 0x06, 0x06, 0x07, 0x07, 0x00, 0x05, 0x05, 0x05, 0x02, 0x02, 0x02, 0xB6, 0xB4, 
   0x04, 0x04, 0x04, 0x06, 0x06, 0x05, 0x06, 0x06, 0x28, 0x28, 0x06, 0x00, 0xD2, 0xD2, 0x52, 0x52, 
   0x52, 0x64, 0x64, 0x64, 0x24, 0x24, 0x24, 0x00, 0x00, 0x00, 0x00, 0x00, 0x00, 0x00, 0x00, 0x00, 
   0x00, 0xFF, 0xFF, 0xFF, 0xFF, 0xFF, 0xFF, 0xFF, 0xFF, 0xFF, 0xFF, 0xFF, 0xFF, 0xFF, 0xFF, 0xFF, 
   0xFF, 0xFF, 0xFF, 0xFF, 0xFF, 0xFF, 0xFF, 0xFF, 0xFF, 0xFF, 0xFF, 0x00, 0x00, 0x00, 0x00, 0x00, 
   0x00, 0x00, 0x00, 0x00, 0x00, 0x00, 0xFF, 0xFF, 0xFF, 0xFF, 0xFF, 0xFF, 0xFF, 0xFF, 0xFF, 0xFF, 
   0xFF, 0xFF, 0xFF, 0xFF, 0xFF, 0xFF, 0xFF, 0xFF, 0xFF, 0xFF, 0xFF, 0xFF, 0xFF, 0xFF, 0xFF, 0xFF, 
   0xFF, 0xFF, 0xFF, 0xFF, 0xFF, 0xFF, 0xFF, 0xFF, 0xFF, 0xFF, 0x00, 0xFF, 0xFF, 0xFF, 0xFF, 0xFF, 
   0xFF, 0xFF, 0xFF, 0xFF, 0xFF, 0xFF, 0xFF, 0xFF, 0xFF, 0xFF, 0xFF, 0xFF, 0xFF, 0xFF, 0xFF, 0xFF, 
   0xFF, 0xFF, 0xFF, 0xFF, 0xFF, 0xFF, 0xFF, 0xFF, 0xFF, 0xFF, 0xFF, 0xFF, 0xFF, 0xFF, 0xFF, 0xFF, 
   0x00, 0x84, 0x84, 0x84, 0x84, 0x84, 0xFC, 0x84, 0x84, 0x84, 0x84, 0xFC, 0x84, 0x84, 0x84, 0x84, 
   0xFC, 0x84, 0x84, 0x84, 0x84, 0xFC, 0x84, 0x84, 0x84, 0x84, 0xFC, 0x84, 0x84, 0x84, 0x84, 0xFC, 
   0x84, 0x84, 0x84, 0xA5, 0x42, 0x00, 0x00, 0x00, 0x00, 0xFF, 0xFF, 0xFF, 0xFF, 0xFF, 0xFF, 0xFF, 
   0xFF, 0x00, 0x40, 0x20, 0x10, 0x08, 0x04, 0x02, 0x01, 0x00, 0x00, 0x00, 0x00, 0x00, 0x00, 0x00, 
   0x00, 0x08, 0x06, 0x08, 0x02, 0x02, 0x02, 0x02, 0x02, 0x02, 0x02, 0x02, 0x02, 0x02, 0x00, 0x7B, 
   0x7B, 0x69, 0x69, 0x69, 0x60, 0x60, 0x00, 0x00, 0x00, 0x01, 0x03, 0x03, 0x03, 0x03, 0x03, 0x03, 
   0x03, 0x03, 0x03, 0x02, 0x06, 0x06, 0x06, 0x06, 0x06, 0x04, 0x02, 0x60, 0x62, 0x64, 0x02, 0x48, 
   0x68, 0x68, 0x68, 0x68, 0xA8, 0xC8, 0xC8, 0xC8, 0xB8, 0xB2, 0xB2, 0xB2, 0xB2, 0xB2, 0xB2, 0xB2, 
   0xB2, 0xB2, 0xB2, 0xB2, 0x05, 0x05, 0x06, 0x05, 0x06, 0x06, 0x06, 0x05, 0x06, 0x05, 0x05, 0x00, 
   0x00, 0xFE, 0xFE, 0xFE, 0xFE, 0xFE, 0xEE, 0xEE, 0xEE, 0xEE, 0xEE, 0xEE, 0xEE, 0xEE, 0xEE, 0xEE, 
   0xEE, 0xEE, 0xEE, 0xEE, 0xEE, 0xEE, 0xEE, 0xEE, 0xEE, 0xEE, 0xEE, 0xEE, 0xEE, 0xEE, 0xEE, 0xEE, 
   0xEE, 0xEE, 0xFE, 0xFE, 0xFE, 0xFE, 0x52, 0x52, 0x52, 0x52, 0x52, 0x52, 0x52, 0x52, 0x50, 0x00, 
   0x26, 0x26, 0x26, 0x26, 0x22, 0x22, 0x22, 0x20, 0x20, 0x20, 0x00, 0x02, 0x02, 0x02, 0x02, 0x02, 
   0x02, 0x02, 0x02, 0x02, 0x02, 0x02, 0x02, 0x02, 0x02, 0x02, 0x02, 0x02, 0x08, 0x06, 0x04, 0x04, 
   0x08, 0x06, 0x04, 0x04, 0x08, 0x06, 0x04, 0x04, 0x08, 0x06, 0x04, 0x04, 0x08, 0x06, 0x04, 0x04, 
   0x08, 0x06, 0x04, 0x04, 0x08, 0x06, 0x04, 0x04, 0x08, 0x06, 0x04, 0x04, 0x08, 0x02, 0xB6, 0xB6, 
   0xB6, 0x02, 0x08, 0x06, 0x06, 0x06, 0x08, 0x06, 0x06, 0x06, 0x06, 0x06, 0x06, 0x06, 0x06, 0x06, 
   0x06, 0x06, 0x06, 0x06, 0x06, 0x06, 0x06, 0x06, 0x06, 0x06, 0x06, 0x06, 0x06, 0x06, 0x06, 0x06, 
   0x06, 0x06, 0x06, 0x08, 0x06, 0x06, 0x06, 0x00, 0x00, 0x00, 0x00, 0x00, 0x00, 0x00, 0x04, 0x04, 
   0x04, 0x00, 0x08, 0x08, 0x08, 0x00, 0x00, 0x00, 0x00, 0x00, 0x00, 0x00, 0x00, 0x00, 0x00, 0x00, 
   0x00, 0x00, 0x00, 0x00, 0x00, 0x00, 0x00, 0x00, 0x00, 0x00, 0x00, 0x00, 0x00, 0x00, 0x00, 0x00, 
   0x00, 0x00, 0x00, 0x00, 0x00, 0x00, 0x00, 0x00, 0x00, 0x00, 0x00, 0x00, 0x00, 0x00, 0x14, 0x14, 
   0x14, 0x00, 0x08, 0x08, 0x08, 0x00, 0x00, 0x01, 0x01, 0x01, 0x00, 0x00, 0x00, 0x00, 0x00, 0x00, 
   0xFF, 0xFF, 0xFF, 0xFF, 0xFF, 0xFF, 0xFF, 0xFF, 0xFF, 0x00, 0xF0, 0xF0, 0xE1, 0xE1, 0xC3, 0xC3, 
   0x87, 0x87, 0x0F, 0x0F, 0x28, 0x28, 0x28, 0x28, 0x28, 0x28, 0x28, 0x28, 0x28, 0x28, 0x28, 0x00, 
   0x00, 0x20, 0x20, 0x20, 0x20, 0x20, 0x20, 0x20, 0x20, 0x20, 0x20, 0x20, 0x20, 0x20, 0x20, 0x20, 
   0x20, 0x20, 0x20, 0x20, 0x20, 0x20, 0x20, 0x20, 0x20, 0x20, 0x20, 0xE0, 0xE0, 0xC0, 0x00, 0x00, 
   0x00, 0x00, 0x00, 0x00, 0x00, 0x00, 0x00, 0x02, 0x02, 0x02, 0x00, 0x04, 0x04, 0x04, 0x00, 0x00, 
   0x00, 0x00, 0x00, 0x00, 0x00, 0x00, 0x00, 0x00, 0x00, 0x80, 0x80, 0x80, 0x00, 0x00, 0x00, 0x00, 
   0x00, 0x00, 0x00, 0x00, 0xE0, 0xE0, 0xE0, 0xE0, 0xE0, 0xE0, 0xE0, 0xE0, 0xE0, 0xE0, 0xE0, 0xE0, 
   0xE0, 0xE0, 0xE0, 0xE0, 0xE0, 0xE0, 0xE0, 0xE0, 0xE0, 0xE0, 0xE0, 0xE0, 0xC0, 0x80, 0x00, 0x00, 
   0x00, 0x00, 0x52, 0x02, 0x04, 0x04, 0x04, 0x04, 0x00, 0x64, 0x64, 0x64, 0x64, 0x64, 0x64, 0x64, 
   0x64, 0x64, 0x64, 0x64, 0x64, 0x64, 0x64, 0x64, 0x64, 0x64, 0x64, 0x64, 0x64, 0x64, 0x64, 0x64, 
   0x64, 0x64, 0x64, 0x64, 0x64, 0x62, 0x60, 0x02, 0x52, 0x02, 0x24, 0x24, 0x24, 0x24, 0x24, 0x24, 
   0x24, 0x24, 0x26, 0x24, 0x24, 0x24, 0x24, 0x24, 0x24, 0x24, 0x26, 0x24, 0x24, 0x24, 0x24, 0x24, 
   0x24, 0x24, 0x26, 0x24, 0x24, 0x24, 0x24, 0x24, 0x20, 0x26, 0x26, 0x00, 0x02, 0x02, 0x52, 0xB4, 
   0xB6, 0xB6, 0xB6, 0xB6, 0xB6, 0xB6, 0xB6, 0xB6, 0xB6, 0xB6, 0xB6, 0xB6, 0xB6, 0xB6, 0xB6, 0xB6, 
   0xB6, 0xB6, 0xB6, 0xB6, 0xB6, 0xB6, 0xB6, 0xB6, 0xB6, 0xB6, 0xB6, 0xB6, 0xB6, 0xB6, 0xB6, 0xB6, 
   0xB6, 0xB6, 0xB6, 0xB6, 0x63, 0x61, 0x63, 0x63, 0x63, 0x63, 0x63, 0x61, 0x63, 0x63, 0x63, 0x63, 
   0x63, 0x61, 0x63, 0x63, 0x63, 0x63, 0x63, 0x61, 0x63, 0x63, 0x63, 0x63, 0x63, 0x61, 0x63, 0x63, 
   0x63, 0x63, 0x63, 0x61, 0x63, 0x63, 0x63, 0x63, 0x61, 0x63, 0x00, 0x00, 0x00, 0x00, 0x00, 0x00, 
   0x00, 0xFF, 0xFF, 0xFF, 0xFF, 0xFF, 0xFF, 0xFF, 0xFF, 0xFF, 0xFF, 0xFF, 0xFF, 0xFF, 0xFF, 0xFF, 
   0xFF, 0xFF, 0xFF, 0xFF, 0x00, 0x00, 0x00, 0x00, 0x00, 0x00, 0x00, 0x00, 0x00, 0x00, 0x00, 0x00, 
   0x00, 0x00, 0x00, 0x00, 0x00, 0x00, 0x00, 0x00, 0xFF, 0xFF, 0xFF, 0xFF, 0xFF, 0xFF, 0xFF, 0xFF, 
   0xFF, 0xFF, 0xFF, 0xFF, 0xFF, 0xFF, 0xFF, 0xFF, 0xFF, 0xFF, 0xFF, 0x54, 0x54, 0x54, 0x56, 0x00, 
   0x06, 0x05, 0x06, 0x05, 0x05, 0x06, 0x05, 0x06, 0x06, 0x06, 0x05, 0x06, 0x05, 0x05, 0x06, 0x05, 
   0x06, 0x06, 0x06, 0x05, 0x06, 0x05, 0x05, 0x06, 0x05, 0x06, 0x06, 0x06, 0x05, 0x06, 0x05, 0x05, 
   0x06, 0x00, 0xFF, 0x42, 0x24, 0x18, 0x24, 0x42, 0x81, 0x42, 0x24, 0x18, 0x24, 0x42, 0x81, 0x42, 
   0x24, 0x18, 0x24, 0x42, 0x81, 0x42, 0x24, 0x18, 0x24, 0x42, 0x81, 0x42, 0x24, 0x18, 0x24, 0x42, 
   0x81, 0x42, 0x24, 0x18, 0x24, 0x42, 0xFF, 0xC6, 0xC6, 0xC6, 0xCC, 0xC6, 0xC6, 0xCC, 0xCC, 0xC6, 
   0xC6, 0xC6, 0xC6, 0xC6, 0xCC, 0xCC, 0xCC, 0xC6, 0xCC, 0xC6, 0xC6, 0xC6, 0xC6, 0xC6, 0xCC, 0xCD, 
   0xCD, 0xCC, 0xCD, 0xCD, 0xC6, 0xC6, 0xC6, 0xCD, 0xCD, 0xCD, 0xCC, 0xCC, 0xC6, 0x00, 0xFC, 0xFC, 
   0xFC, 0xFC, 0xFC, 0xFC, 0xFC, 0xFC, 0xFC, 0xFC, 0xFC, 0xFC, 0xFC, 0xFC, 0xFC, 0xFC, 0xFC, 0xFC, 
   0xFC, 0xFC, 0xFC, 0xFC, 0xFC, 0xFC, 0xFC, 0xFC, 0xFC, 0xFC, 0xFC, 0xFC, 0xFC, 0xFC, 0xFC, 0xFC, 
   0xFC, 0xFC, 0xFC, 0x00, 0xFC, 0xFC, 0xFC, 0xFC, 0xFC, 0xFC, 0xFC, 0xFC, 0xFC, 0x00, 0x00, 0x3C, 
   0x3C, 0x3C, 0x3C, 0x3C, 0x3C, 0x3C, 0x3C, 0x3C, 0x00, 0x28, 0x00, 0x00, 0x00, 0x00, 0x00, 0x00, 
   0x00, 0x00, 0x00, 0x28, 0x02, 0xB2, 0xB4, 0xB6, 0x02, 0xD2, 0xD2, 0xD2, 0xD2, 0xD2, 0xD2, 0x00, 
   0x28, 0x58, 0x04, 0x04, 0x58, 0x04, 0x04, 0x58, 0x04, 0x04, 0x58, 0x04, 0x04, 0x58, 0x04, 0x04, 
   0x58, 0x04, 0x04, 0x58, 0x04, 0x04, 0x58, 0x04, 0x04, 0x58, 0x04, 0x04, 0x58, 0x04, 0x04, 0x58, 
   0x04, 0x04, 0x58, 0x04, 0x04, 0x58, 0x00, 0x70, 0x70, 0x70, 0x70, 0x70, 0x70, 0x70, 0x70, 0x70, 
   0x70, 0x70, 0x70, 0x70, 0x70, 0x70, 0xC0, 0xC0, 0xC0, 0xC0, 0xC0, 0xC0, 0xC0, 0xC0, 0xC0, 0xC0, 
   0xC0, 0xC0, 0xC0, 0xC0, 0xC0, 0x00, 0x00, 0x00, 0x00, 0x00, 0x00, 0x00, 0x00, 0xEE, 0xEE, 0xEE, 
   0xEE, 0xEE, 0xEE, 0xEE, 0xEE, 0xEE, 0xEE, 0xEE, 0xEE, 0xEE, 0xEE, 0xEE, 0xB8, 0xB8, 0xB8, 0xB8, 
   0xB8, 0xB8, 0xB8, 0xB8, 0xB8, 0xB8, 0xB8, 0xB8, 0xB8, 0xB8, 0xB8, 0x00, 0x00, 0x00, 0x00, 0x00, 
   0x00, 0x00, 0xB6, 0xC4, 0xC4, 0xC4, 0xC4, 0xC4, 0xC4, 0xC4, 0xC4, 0xC4, 0xC4, 0xC4, 0xC4, 0xC4, 
   0xC4, 0xC4, 0xC4, 0xC4, 0xC4, 0xC4, 0xC4, 0xC4, 0xC4, 0xC4, 0xC4, 0xC4, 0xC4, 0xC4, 0xC4, 0xC4, 
   0xC4, 0xC4, 0xC4, 0xC4, 0xC4, 0xC4, 0xC2, 0xC2, 0x00, 0x00, 0xFF, 0xFF, 0xFF, 0xFF, 0xFF, 0x00, 
   0x00, 0xFF, 0xFF, 0xFF, 0xFF, 0xFF, 0x00, 0x00, 0xFF, 0xFF, 0xFF, 0xFF, 0xFF, 0xFF, 0x00, 0x00, 
   0xFF, 0xFF, 0xFF, 0xFF, 0xFF, 0x00, 0x00, 0xFF, 0xFF, 0xFF, 0xFF, 0xFF, 0x00, 0x00, 0x00, 0x00, 
   0x3C, 0x3C, 0x3C, 0x3C, 0x3C, 0x3C, 0x3C, 0x3C, 0x3C, 0x3C, 0x3C, 0x3C, 0x3C, 0x3C, 0x3C, 0x3C, 
   0x3C, 0x3C, 0x3C, 0x3C, 0x3C, 0x3C, 0x3C, 0x3C, 0x18, 0x00, 0x00, 0x00, 0x00, 0x00, 0x00, 0x00, 
   0x00, 0x00, 0x00, 0x00, 0xFF, 0x00, 0x00, 0xFF, 0xFF, 0xFF, 0xFF, 0xFF, 0x00, 0x00, 0xFF, 0x24, 
   0x24, 0x24, 0x24, 0x24, 0x24, 0x24, 0x24, 0x24, 0x24, 0x24, 0x00, 0x00, 0x00, 0x00, 0x00, 0x00, 
   0x00, 0xC3, 0x76, 0x7C, 0x7C, 0xDE, 0xFC, 0x7C, 0x7C, 0x7C, 0x6E, 0x7E, 0x7C, 0x7C, 0x7C, 0x7C, 
   0x3C, 0x3C, 0x7E, 0x7C, 0x7C, 0x7C, 0x74, 0x7C, 0xFC, 0xFC, 0xDC, 0x5C, 0x7C, 0x7C, 0x7C, 0x7C, 
   0x7C, 0x3C, 0x3C, 0x78, 0x7C, 0x66, 0x00, 0x24, 0x24, 0x24, 0x24, 0x24, 0x24, 0x24, 0x24, 0x24, 
   0x24, 0x24, 0x24, 0x24, 0x24, 0x24, 0x24, 0x24, 0x24, 0x24, 0x24, 0x24, 0x24, 0x24, 0x24, 0x24, 
   0x24, 0x24, 0x24, 0x24, 0x24, 0x24, 0x24, 0x24, 0x24, 0x24, 0x24, 0x24, 0x06, 0x02, 0x02, 0x02, 
   0x02, 0x02, 0x02, 0x02, 0x02, 0x02, 0x02, 0x02, 0x02, 0x02, 0x02, 0x02, 0x02, 0x02, 0x02, 0x02, 
   0x02, 0x02, 0x02, 0x02, 0x02, 0x02, 0x02, 0x02, 0x02, 0x02, 0x02, 0x02, 0x02, 0x02, 0x02, 0x02, 
   0x02, 0x02, 0x40, 0x40, 0x40, 0x40, 0x40, 0x40, 0x40, 0x40, 0x40, 0x40, 0x40, 0x40, 0x40, 0x40, 
   0x40, 0x40, 0x40, 0x40, 0x40, 0x40, 0x40, 0x40, 0x40, 0x40, 0x40, 0x40, 0x40, 0x02, 0x02, 0x02, 
   0x02, 0x02, 0x02, 0x02, 0x02, 0x02, 0x02, 0x02, 0x22, 0x22, 0x22, 0x22, 0x22, 0x22, 0x22, 0x22, 
   0x22, 0x22, 0x22, 0x22, 0x22, 0x22, 0x22, 0x22, 0x22, 0x22, 0x22, 0x22, 0x22, 0x22, 0x22, 0x22, 
   0x22, 0x22, 0x22, 0x22, 0x22, 0x22, 0x22, 0x22, 0x22, 0x22, 0x22, 0x22, 0x22, 0x22, 0x00, 0x30, 
   0x30, 0x30, 0x30, 0x30, 0x30, 0x30, 0x30, 0x30, 0x30, 0x30, 0x30, 0x30, 0x30, 0x30, 0x30, 0x30, 
   0x30, 0x30, 0x30, 0x30, 0x30, 0x30, 0x30, 0x30, 0x30, 0x30, 0x30, 0x30, 0x30, 0x30, 0x30, 0x30, 
   0x30, 0x30, 0x30, 0x30, 0x00, 0x00, 0x00, 0x00, 0x00, 0x00, 0x00, 0x00, 0x08, 0x06, 0x08, 0x02, 
   0x02, 0x02, 0x02, 0x02, 0x02, 0x02, 0x02, 0x02, 0x02, 0x02, 0x00, 0x00, 0x00, 0x00, 0x00, 0x00, 
   0x00, 0x00, 0x36, 0x36, 0x36, 0x36, 0x36, 0x36, 0x36, 0x36, 0x36, 0x36, 0x36, 0x36, 0x36, 0x36, 
   0x36, 0x36, 0x36, 0x36, 0x00, 0x00, 0x00, 0x00, 0x00, 0x00, 0x00, 0x00, 0x00, 0x00, 0x00, 0x00, 
   0x00, 0x00, 0x00, 0x00, 0x00, 0x00, 0x00, 0x00, 0x00, 0x00, 0x00, 0x00, 0x00, 0x00, 0x00, 0x00, 
   0x00, 0x80, 0xF8, 0x00, 0xF8, 0x81, 0x0F, 0x00, 0x0F, 0x01, 0x06, 0x04, 0x02, 0x00, 0x00, 0x00, 
   0x00, 0x00, 0x00, 0x00, 0x00, 0x00, 0x00, 0x00, 0x00, 0x00, 0x00, 0x00, 0x00, 0x00, 0x00, 0x00, 
   0x00, 0x00, 0x00, 0x00, 0x00, 0x00, 0x00, 0x00, 0x00, 0x00, 0x00, 0x00, 0x00, 0x00, 0x00, 0x00, 
   0x0E, 0x04, 0x00, 0x00, 0x00, 0x7E, 0x7E, 0x7E, 0x7E, 0x7E, 0x7E, 0x7E, 0x7E, 0x7E, 0x7E, 0x7E, 
   0x3C, 0x00, 0x00, 0x00, 0x00, 0x00, 0x00, 0x00, 0x00, 0x00, 0x00, 0x00, 0x00, 0x00, 0x00, 0x00, 
   0x00, 0x00, 0x00, 0x00, 0x00, 0x00, 0x00, 0x00, 0x00, 0x00, 0x00, 0x00, 0x00, 0x00, 0x00, 0x00, 
   0x00, 0x00, 0x00, 0x80, 0xC0, 0x00, 0x00, 0x00, 0x04, 0x04, 0x04, 0x04, 0x02, 0x64, 0x64, 0x64, 
   0x64, 0x64, 0x64, 0x64, 0x64, 0x64, 0x64, 0x64, 0x64, 0x64, 0x64, 0x64, 0x64, 0x64, 0x64, 0x64, 
   0x64, 0x64, 0x64, 0x64, 0x64, 0x64, 0x64, 0x64, 0x64, 0x64, 0x64, 0x64, 0x64, 0x04, 0x06, 0x06, 
   0x06, 0x06, 0x06, 0x06, 0x04, 0x06, 0x06, 0x06, 0x06, 0x06, 0x04, 0x06, 0x06, 0x06, 0x06, 0x06, 
   0x04, 0x06, 0x06, 0x06, 0x06, 0x06, 0x04, 0x06, 0x06, 0x06, 0x06, 0x04, 0x04, 0x04, 0x04, 0x04, 
   0x04, 0x04, 0x04, 0x04, 0x00, 0xFF, 0xFF, 0xFE, 0x7C, 0x38, 0x10, 0x00, 0x00, 0x00, 0x00, 0x00, 
   0x00, 0x00, 0x00, 0x04, 0x0E, 0x1F, 0x00, 0x00, 0x00, 0x00, 0x00, 0x00, 0x00, 0x00, 0x00, 0x00, 
   0x52, 0x40, 0x44, 0x44, 0x44, 0x44, 0x44, 0x42, 0x40, 0x44, 0x44, 0x44, 0x44, 0x44, 0x44, 0x44, 
   0x42, 0x40, 0x44, 0x44, 0x44, 0x44, 0x44, 0x42, 0x40, 0x02, 0x02, 0x02, 0x02, 0x02, 0x02, 0x02, 
   0x02, 0x02, 0x02, 0x02, 0x02, 0x02, 0x52, 0x02, 0x02, 0x02, 0x02, 0x02, 0x02, 0x06, 0x02, 0x02, 
   0x06, 0x02, 0x02, 0x02, 0x02, 0x02, 0x02, 0x02, 0x02, 0x02, 0x02, 0x02, 0x02, 0x02, 0x02, 0x02, 
   0x02, 0x02, 0x02, 0x02, 0x02, 0x02, 0x02, 0x02, 0x02, 0x02, 0x02, 0x02, 0x02, 0x02, 0x02, 0x02, 
   0x02, 0x02, 0x02, 0x02, 0x02, 0x02, 0x02, 0x24, 0x24, 0x24, 0x24, 0x22, 0x22, 0x20, 0x02, 0x02, 
   0x02, 0x02, 0x02, 0x02, 0x02, 0x02, 0x02, 0x02, 0x02, 0x02, 0x02, 0x02, 0x02, 0x02, 0x02, 0x02, 
   0x02, 0x02, 0x02, 0x02, 0x02, 0x02, 0x02, 0x02, 0x02, 0x54, 0x54, 0x52, 0x52, 0x00, 0xFC, 0xFC, 
   0xFC, 0xFC, 0xFC, 0xFC, 0xFC, 0xFC, 0xFF, 0xFF, 0xFF, 0xFF, 0xFF, 0xFF, 0xFF, 0xFF, 0xFF, 0xFF, 
   0xFF, 0xFF, 0xFF, 0xFF, 0xFF, 0xFF, 0xFF, 0xFF, 0xFF, 0xFF, 0xFF, 0xFF, 0xFF, 0xFF, 0xFF, 0xFF, 
   0xFF, 0xFF, 0xFF, 0x00, 0x80, 0xC0, 0xE0, 0xF0, 0xF8, 0xFC, 0xFE, 0xFF, 0xFF, 0xFF, 0xFF, 0xFF, 
   0xFF, 0xFF, 0xFF, 0xFF, 0xFF, 0xFF, 0xFF, 0xFF, 0xFF, 0xFF, 0xFF, 0xFF, 0xFF, 0xFF, 0xFF, 0xFF, 
   0xFF, 0x7F, 0x3F, 0x1F, 0x0F, 0x07, 0x03, 0x01, 0x00, 0x04, 0x04, 0x04, 0x04, 0x04, 0x04, 0x04, 
   0x04, 0x04, 0x06, 0x06, 0x06, 0x06, 0x06, 0x04, 0x06, 0x06, 0x06, 0x06, 0x06, 0x04, 0x06, 0x06, 
   0x06, 0x06, 0x06, 0x04, 0x06, 0x06, 0x06, 0x06, 0x06, 0x04, 0x06, 0x06, 0x06, 0x06, 0x06, 0x06, 
   0x06, 0x04, 0x06, 0x06, 0x06, 0x06, 0x06, 0x04, 0x06, 0x06, 0x00, 0x00, 0x00, 0x00, 0x00, 0x00, 
   0x00, 0x00, 0x00, 0x00, 0x00, 0x00, 0x00, 0x00, 0x80, 0x80, 0x80, 0x80, 0x80, 0x80, 0x80, 0x80, 
   0x80, 0x80, 0x80, 0x80, 0x80, 0x80, 0x80, 0x80, 0x80, 0x80, 0x80, 0x80, 0x80, 0x80, 0x80, 0x80, 
   0x00, 0x00, 0x00, 0x00, 0x00, 0x00, 0x00, 0x00, 0xF8, 0xF8, 0xF8, 0xF8, 0xF8, 0xF8, 0xF8, 0xF8, 
   0xF8, 0xF8, 0xF8, 0xF8, 0xF8, 0xF8, 0xF8, 0xF8, 0xF8, 0xF8, 0xF8, 0xF8, 0xF8, 0xF8, 0xF8, 0xF8, 
   0xF0, 0x60, 0x00, 0x00, 0x00, 0x00, 0x5C, 0x5C, 0x5C, 0x56, 0x56, 0x56, 0x56, 0x56, 0x56, 0x56, 
   0x56, 0x56, 0x56, 0x56, 0x56, 0x56, 0x56, 0x56, 0x56, 0x56, 0x56, 0x56, 0x56, 0x56, 0x56, 0x56, 
   0x56, 0x56, 0x56, 0x56, 0x56, 0x56, 0x56, 0x56, 0x56, 0x5C, 0x5C, 0x5C, 0x06, 0x06, 0x06, 0x06, 
   0x06, 0x06, 0x04, 0x02, 0x20, 0x22, 0x22, 0x22, 0x20, 0x24, 0x24, 0x24, 0x24, 0x24, 0x24, 0x24, 
   0x22, 0x26, 0x24, 0x24, 0x24, 0x24, 0x24, 0x24, 0x22, 0x26, 0x24, 0x24, 0x24, 0x24, 0x24, 0x22, 
   0x26, 0x24, 0x00, 0x7E, 0x3C, 0x3C, 0x3C, 0x34, 0x34, 0x34, 0x34, 0x34, 0x34, 0x34, 0x34, 0x34, 
   0x34, 0x34, 0x34, 0x34, 0x34, 0x34, 0x3C, 0x7E, 0xFF, 0x7E, 0x7C, 0x78, 0xFC, 0xFC, 0xF2, 0xE7, 
   0xFF, 0xFE, 0xCC, 0xCC, 0x78, 0x78, 0xFC, 0xB4, 0x00, 0x00, 0x02, 0x06, 0x06, 0x06, 0x06, 0x06, 
   0x06, 0x06, 0x06, 0x06, 0x06, 0x06, 0x06, 0x06, 0x06, 0x06, 0x06, 0x06, 0x06, 0x06, 0x02, 0x00, 
   0x60, 0x62, 0x62, 0x62, 0x62, 0x62, 0x62, 0x62, 0x62, 0x62, 0x62, 0x62, 0x60, 0x40, 0x00, 0x00, 
   0x00, 0x00, 0x00, 0x00, 0x00, 0x00, 0x00, 0x80, 0xC0, 0x64, 0x64, 0x64, 0x64, 0x64, 0x64, 0x64, 
   0x64, 0x64, 0x64, 0x64, 0x02, 0x48, 0x68, 0x68, 0x68, 0x68, 0xA8, 0xC8, 0xC8, 0xC8, 0xB8, 0x00, 
   0x42, 0x42, 0x42, 0x42, 0x42, 0x42, 0x42, 0x42, 0x42, 0x42, 0x42, 0x42, 0x42, 0x42, 0x42, 0x42, 
   0x42, 0x42, 0x42, 0x42, 0x42, 0x42, 0x42, 0x42, 0x42, 0x42, 0x42, 0x42, 0x42, 0x42, 0x42, 0x42, 
   0x42, 0x42, 0x42, 0x42, 0x42, 0x42, 0x26, 0x22, 0x22, 0x22, 0x22, 0x22, 0x26, 0x24, 0x24, 0x24, 
   0x24, 0x22, 0x26, 0x24, 0x24, 0x24, 0x24, 0x24, 0x24, 0x22, 0x26, 0x24, 0x24, 0x24, 0x24, 0x24, 
   0x24, 0x22, 0x26, 0x24, 0x24, 0x24, 0x24, 0x24, 0x24, 0x22, 0x26, 0x24, 0x00, 0x00, 0x00, 0x00, 
   0xE0, 0xE0, 0xE0, 0xE0, 0xE0, 0xE0, 0xE0, 0xE0, 0xE0, 0xE0, 0xE0, 0xE0, 0xE0, 0xE0, 0xE0, 0xE0, 
   0xE0, 0xE0, 0xE0, 0xE0, 0xE0, 0xE0, 0xE0, 0xE0, 0xE0, 0xE0, 0xE0, 0xE0, 0xE0, 0xE0, 0xE0, 0xE0, 
   0xE0, 0xE0, 0x00, 0x00, 0x00, 0x00, 0x3F, 0x3E, 0x3C, 0x3C, 0x3E, 0x3F, 0x7B, 0x79, 0x70, 0x70, 
   0x70, 0x70, 0x70, 0x60, 0x60, 0x60, 0x60, 0xE0, 0xE0, 0xE0, 0xC0, 0xC0, 0xC0, 0xC0, 0xC0, 0xC0, 
   0xC0, 0xC4, 0xCC, 0xD9, 0xFB, 0x7E, 0x3E, 0x3F, 0x00, 0xFF, 0xFF, 0xFF, 0xFF, 0xFF, 0xFF, 0xFF, 
   0xFF, 0xFF, 0xFF, 0xFF, 0xFF, 0xFF, 0xFF, 0xFF, 0xFF, 0xFF, 0xFF, 0xFF, 0xFF, 0xFF, 0xFF, 0xFF, 
   0xFF, 0xFF, 0xFF, 0xFF, 0x7E, 0x3C, 0x00, 0x00, 0x00, 0x00, 0x00, 0x00, 0x00, 0x00, 0x52, 0xBC, 
   0xBC, 0x02, 0x02, 0x02, 0x02, 0xB4, 0xB8, 0xB8, 0xB8, 0xB4, 0x02, 0x02, 0x02, 0x02, 0x02, 0x02, 
   0x02, 0x02, 0x02, 0x02, 0x02, 0x02, 0x02, 0x02, 0x02, 0x02, 0x02, 0x02, 0x02, 0x02, 0x02, 0x02, 
   0x54, 0x54, 0x52, 0x52, 0x52, 0x54, 0x54, 0x54, 0x54, 0x54, 0x56, 0x56, 0x58, 0x58, 0x54, 0x56, 
   0x56, 0x56, 0x56, 0x56, 0x56, 0x56, 0x56, 0x56, 0x56, 0x56, 0x00, 0x00, 0x00, 0x00, 0x00, 0x00, 
   0x00, 0xFF, 0xFF, 0xFF, 0xFF, 0xFF, 0xFF, 0xFF, 0xFF, 0xFF, 0xFF, 0xFF, 0x00, 0x00, 0x00, 0x00, 
   0x00, 0x00, 0x00, 0x00, 0x00, 0x00, 0x00, 0x00, 0x00, 0x00, 0x00, 0x00, 0x00, 0x00, 0x00, 0x00, 
   0x00, 0x00, 0x00, 0x00, 0x00, 0x00, 0xFF, 0xFF, 0xFF, 0xFF, 0xFF, 0xFF, 0xFF, 0xAA, 0xAA, 0xAA, 
   0xFF, 0x7F, 0x55, 0x55, 0x7F, 0x3F, 0x22, 0x24, 0x00, 0x02, 0x02, 0x00, 0x22, 0x00, 0x00, 0x00, 
   0x22, 0x24, 0x00, 0x00, 0x22, 0x24, 0x00, 0x00, 0x00, 0x00, 0x00, 0x00, 0x00, 0x00, 0x00, 0x00, 
   0x00, 0x00, 0x00, 0x00, 0x50, 0x50, 0xF0, 0x50, 0x50, 0x50, 0x50, 0x70, 0x70, 0xE8, 0xB8, 0xB0, 
   0xF8, 0x78, 0x60, 0x20, 0x14, 0x3C, 0x3E, 0x3C, 0x1E, 0x1C, 0x08, 0x00, 0x00, 0x00, 0x00, 0x00, 
   0x00, 0x00, 0x00, 0x00, 0x00, 0x00, 0x00, 0x00, 0x00, 0x6C, 0x6C, 0x6C, 0x64, 0x64, 0x64, 0x64, 
   0x60, 0x60, 0x60, 0x60, 0x60, 0x60, 0x60, 0x60, 0x6C, 0x6C, 0x6C, 0x6C, 0x6C, 0x6C, 0x6C, 0x6C, 
   0x00, 0x00, 0x80, 0x80, 0x80, 0x80, 0x40, 0x40, 0x40, 0x00, 0x00, 0x20, 0x22, 0x24, 0x26, 0x20, 
   0x22, 0x22, 0x22, 0x22, 0x22, 0x22, 0x24, 0x22, 0x26, 0x24, 0x24, 0x24, 0x24, 0x24, 0x24, 0x22, 
   0x26, 0x00, 0xA5, 0x70, 0x00, 0x61, 0x25, 0x98, 0xA5, 0xA5, 0x00, 0x00, 0x00, 0xBE, 0x4A, 0x7D, 
   0x72, 0x92, 0x98, 0x10, 0x4B, 0x26, 0x3A, 0xD4, 0x87, 0xA5, 0xA5, 0x3A, 0x26, 0x98, 0x46, 0x98, 
   0x72, 0x46, 0x31, 0x00, 0xB8, 0xA5, 0x6B, 0xB4, 0xB4, 0xB4, 0xB5, 0xB6, 0xB6, 0xB8, 0xB4, 0xB4, 
   0xB9, 0xBB, 0xB9, 0xB9, 0xB9, 0xB9, 0xBB, 0xBB, 0xBB, 0xBA, 0xAE, 0x88, 0x62, 0x3B, 0x00, 0x72, 
   0x97, 0x62, 0x88, 0x57, 0xBE, 0x57, 0x00, 0x26, 0xC9, 0x26, 0x26, 0x26, 0x6C, 0x00, 0x00, 0x00, 
   0xB3, 0xB3, 0xB8, 0xB4, 0xB5, 0xB3, 0xB3, 0xB8, 0xB3, 0xB7, 0xBA, 0xB7, 0xB7, 0xBA, 0xB9, 0xBB, 
   0xBA, 0xB3, 0xBC, 0xB3, 0xB3, 0xB2, 0xB5, 0xB5, 0xB2, 0xB6, 0xB3, 0xB3, 0xB7, 0xB7, 0xB7, 0xB6, 
   0xB2, 0xB9, 0xBB, 0xBA, 0xBB, 0xBC, 0x31, 0x35, 0x31, 0x30, 0x31, 0x31, 0x31, 0x30, 0x35, 0x31, 
   0x31, 0x31, 0x31, 0x31, 0x31, 0x31, 0x30, 0x31, 0x31, 0x31, 0x31, 0x31, 0x31, 0x31, 0x31, 0x31, 
   0x31, 0x31, 0x31, 0x31, 0x31, 0x32, 0x00, 0x00, 0x00, 0x00, 0x00, 0x00, 0x00, 0x00, 0x00, 0x00, 
   0x00, 0x00, 0x00, 0x00, 0x00, 0x08, 0x08, 0x00, 0x00, 0x41, 0x31, 0x21, 0x11, 0x01, 0xF1, 0xE1, 
   0xD1, 0xC1, 0xB1, 0xA1, 0x91, 0x72, 0x62, 0x52, 0x42, 0x32, 0x22, 0x12, 0x02, 0xF2, 0xE2, 0xD2, 
   0xC2, 0xB2, 0xA2, 0x92, 0x73, 0x63, 0x53, 0x43, 0x33, 0x23, 0x13, 0x03, 0xF3, 0xE3, 0xD3, 0xC3, 
   0xB3, 0xA3, 0x93, 0x74, 0x64, 0x54, 0x44, 0x34, 0x24, 0x14, 0x04, 0xF4, 0xE4, 0xD4, 0xC4, 0xB4, 
   0xA4, 0x94, 0x75, 0x65, 0x55, 0x45, 0x35, 0x25, 0x15, 0x05, 0xF5, 0xE5, 0xD5, 0xC5, 0xB5, 0xA5, 
   0x95, 0x76, 0x66, 0x56, 0x46, 0x36, 0x26, 0x16, 0x06, 0xF6, 0xE6, 0xD6, 0xC6, 0xB6, 0xA6, 0x96, 
   0x77, 0x67, 0x57, 0x47, 0x37, 0x27, 0x17, 0x07, 0xF7, 0xE7, 0xD7, 0xC7, 0xB7, 0xA7, 0x97, 0x78, 
   0x68, 0x58, 0x48, 0x38, 0x28, 0x18, 0x08, 0xF8, 0xE8, 0xD8, 0xC8, 0xB8, 0xA8, 0x98, 0x79, 0x69, 
   0x59, 0x49, 0x39, 0x29, 0x19, 0x09, 0xF9, 0xE9, 0xD9, 0xC9, 0xB9, 0xA9, 0x99, 0x7A, 0x6A, 0x5A, 
   0x4A, 0x3A, 0x2A, 0x1A, 0x0A, 0xFA, 0xEA, 0xDA, 0xCA, 0xBA, 0xAA, 0x9A, 0x7B, 0x6B, 0x5B, 0x4B, 
   0x3B, 0x2B, 0x1B, 0x0B, 0xFB, 0xEB, 0xDB, 0xCB, 0xBB, 0xAB, 0x9B, 0x7C, 0x00, 0x00, 0x00, 0x00, 
   0xB3, 0xB3, 0xB3, 0xB4, 0xB5, 0xB3, 0xB7, 0xB3, 0xB3, 0xB7, 0xB7, 0xB7, 0xB7, 0xBA, 0xB8, 0xBB, 
   0xBA, 0xB3, 0xBC, 0x71, 0xA5, 0x71, 0xD4, 0x87, 0xA5, 0x4C, 0x71, 0xA5, 0x98, 0x98, 0x98, 0x72, 
   0x46, 0xBD, 0x00, 0xB8, 0xA5, 0x21, 0x00, 0x01, 0x02, 0x02, 0x06, 0x04, 0x38, 0x7C, 0xAA, 0x72, 
   0x3C, 0xAA, 0x0A, 0x85, 0xF4, 0xA5, 0xC1, 0xC9, 0x02, 0xF0, 0x79, 0xB4, 0x94, 0xB9, 0xEC, 0xBE, 
   0xA8, 0xA5, 0xAB, 0x29, 0x04, 0xC9, 0x04, 0xD0, 0x0A, 0x24, 0xAB, 0x10, 0x06, 0xB5, 0xA0, 0x29, 
   0x02, 0xF0, 0x16, 0xA6, 0xF1, 0xBD, 0xE3, 0xBE, 0x85, 0xE4, 0xA9, 0xBE, 0x85, 0xE5, 0x6C, 0xE4, 
   0x00, 0xBE, 0x03, 0xBF, 0xB9, 0x0F, 0xBF, 0xD0, 0x3E, 0xBE, 0x2B, 0xBF, 0xB9, 0x2F, 0xBF, 0xD0, 
   0x36, 0xBE, 0x33, 0xBF, 0xB9, 0x37, 0xBF, 0xD0, 0x2E, 0xBE, 0x4B, 0xBF, 0xB9, 0x4F, 0xBF, 0xD0, 
   0x26, 0xBE, 0x13, 0xBF, 0xB9, 0x17, 0xBF, 0xD0, 0x1E, 0xBE, 0x1B, 0xBF, 0xB9, 0x1F, 0xBF, 0xD0, 
   0x16, 0xBE, 0x23, 0xBF, 0xB9, 0x27, 0xBF, 0xD0, 0x0E, 0xBE, 0x3B, 0xBF, 0xB9, 0x3F, 0xBF, 0xD0, 
   0x06, 0xBE, 0x43, 0xBF, 0xB9, 0x47, 0xBF, 0xA4, 0xF4, 0x96, 0xCB, 0x99, 0xCC, 0x00, 0x60, 0xAA, 
   0x0A, 0x85, 0xF4, 0x98, 0x85, 0xF6, 0xB4, 0x94, 0xB9, 0xEC, 0xBE, 0xA8, 0xA5, 0xAB, 0x29, 0x04, 
   0xC9, 0x04, 0xD0, 0x0A, 0x24, 0xAB, 0x10, 0x06, 0xB5, 0xA0, 0x29, 0x02, 0xF0, 0x9B, 0xA5, 0xF6, 
   0xD0, 0x08, 0xBE, 0xFB, 0xBE, 0xB9, 0x07, 0xBF, 0xD0, 0x06, 0xBE, 0xFF, 0xBE, 0xB9, 0x0B, 0xBF, 
   0x4C, 0xA7, 0xBE, 0x61, 0x69, 0x71, 0x79, 0x81, 0x89, 0x91, 0x99, 0xA1, 0x00, 0x00, 0x01, 0x00, 
   0x01, 0x03, 0x02, 0x00, 0x00, 0x00, 0x00, 0x00, 0x00, 0x00, 0x00, 0x1E, 0x1D, 0x4E, 0x1F, 0x36, 
   0x35, 0x66, 0x37, 0x96, 0x95, 0x7E, 0x97, 0xD9, 0xD9, 0xD9, 0xD9, 0xD9, 0xD9, 0xD9, 0xD9, 0xD9, 
   0xD9, 0xD9, 0xD9, 0x30, 0x2F, 0x77, 0x31, 0xD5, 0xD5, 0xD3, 0xD5, 0xBF, 0xBE, 0xD7, 0xC0, 0xD3, 
   0xD3, 0xD3, 0xD3, 0x8F, 0x8E, 0xA7, 0x90, 0xD3, 0xD3, 0xD3, 0xD3, 0xAE, 0xAD, 0xC5, 0xAE, 0xD9, 
   0xD9, 0xD9, 0xD9, 0x8C, 0x8B, 0xAB, 0x8B, 0xD8, 0xD8, 0xD8, 0xD8, 0xC2, 0xC1, 0xB1, 0xC1, 0xD0, 
   0xD0, 0xD0, 0xD0, 0x11, 0x10, 0x00, 0x10, 0xD5, 0xD5, 0xD5, 0xD5, 0xBE, 0xBD, 0x7B, 0xBE, 0xD8, 
   0xD8, 0xD8, 0xD8, 0xA4, 0xAA, 0xF0, 0x1E, 0xC0, 0x90, 0xB0, 0x0A, 0xA5, 0xE0, 0xD0, 0x16, 0xA9, 
   0x04, 0x85, 0xE0, 0xD0, 0x10, 0xA5, 0x80, 0x29, 0x3F, 0xD0, 0x0A, 0xA9, 0x01, 0x85, 0x82, 0xA9, 
   0xFF, 0x85, 0x84, 0x85, 0x83, 0xA4, 0xB8, 0xB9, 0x29, 0xBD, 0x85, 0xDF, 0xA5, 0xE8, 0xA4, 0xE7, 
   0x20, 0xAF, 0xBE, 0xA5, 0xE9, 0x20, 0x31, 0xBE, 0xA5, 0xEA, 0xA6, 0xC1, 0xE0, 0x04, 0xF0, 0x04, 
   0xA0, 0x01, 0xD0, 0x02, 0xA4, 0xE7, 0x20, 0xAF, 0xBE, 0xA5, 0xEB, 0x20, 0x31, 0xBE, 0x4C, 0xE2, 
   0xBF, 0x00, 0x00, 0x00, 0x00, 0x00, 0x00, 0x00, 0x00, 0x00, 0x00, 0x00, 0x00, 0x00, 0x00, 0x00, 
   0x00, 0x00, 0x00, 0x00, 0x00, 0x00, 0x00, 0x00, 0x00, 0x00, 0x00, 0x00, 0x00, 0x00, 0x00, 0x00, 
   0x00, 0x00, 0x00, 0x00, 0x2C, 0xF7, 0xFF, 0x4C, 0x53, 0xBF, 0x2C, 0xF8, 0xFF, 0x4C, 0xC4, 0xDA, 
   0x2C, 0xF9, 0xFF, 0x4C, 0x4E, 0xF0, 0x2C, 0xF8, 0xFF, 0x4C, 0x04, 0xD0, 0x2C, 0xF7, 0xFF, 0x4C, 
   0x04, 0xB0, 0x2C, 0xF6, 0xFF, 0x4C, 0xF7, 0x94, 0x2C, 0xF6, 0xFF, 0x4C, 0xD6, 0x92, 0x2C, 0xF6, 
   0xFF, 0x4C, 0xB9, 0x93, 0xEA, 0xEA, 0xEA, 0x0A, 0x1D, 0x1D, 0xEA, 0xEA, 0x00, 0x90, 0x00, 0x90, 
   0x58, 0x2C, 0xF9, 0xFF, 0xA4, 0xAC, 0xB9, 0xE1, 0xD0, 0x85, 0xF8, 0xA2, 0xD3, 0xA0, 0x00, 0x85, 
   0x02, 0x85, 0x2A, 0x86, 0xF9, 0xA9, 0x30, 0x85, 0x04, 0x85, 0x05, 0x84, 0x07, 0xA6, 0xAA, 0xE0, 
   0x20, 0x90, 0x03, 0x4C, 0xE8, 0xDF, 0xA4, 0xA8, 0xB9, 0xFB, 0xD8, 0x85, 0x08, 0xA5, 0xA0, 0x85, 
   0x0B, 0xA5, 0xA1, 0x85, 0x0C, 0xA4, 0xC1, 0xB9, 0xF4, 0xD0, 0x85, 0xDB, 0xA0, 0x0F, 0xB1, 0xF8, 
   0xAA, 0xC8, 0xB1, 0xF8, 0x85, 0x02, 0x85, 0x09, 0xA5, 0xD7, 0x29, 0x0F, 0xA8, 0x88, 0x10, 0xFD, 
   0x85, 0x10, 0x85, 0x02, 0x86, 0x09, 0xA5, 0xD8, 0x29, 0x0F, 0xA8, 0x88, 0x10, 0xFD, 0x85, 0x11, 
   0x85, 0x02, 0x85, 0x2A, 0xA0, 0x0E, 0xB1, 0xF8, 0x85, 0x09, 0xA4, 0xBD, 0x84, 0xFC, 0xA4, 0xBE, 
   0x84, 0xFD, 0xA5, 0xD7, 0x85, 0x20, 0xA5, 0xD8, 0x85, 0x21, 0xA5, 0xFA, 0x85, 0x0A, 0xA9, 0x01, 
   0x85, 0x25, 0x85, 0x27, 0xA9, 0x30, 0x85, 0x04, 0x85, 0x05, 0xA0, 0x0D, 0xB1, 0xF8, 0x85, 0x2C, 
   0xA2, 0x0C, 0x85, 0x02, 0x85, 0x2A, 0x85, 0x09, 0xA9, 0x10, 0x24, 0x81, 0xD0, 0x06, 0xA0, 0x00, 
   0xEA, 0xEA, 0xF0, 0x06, 0xA4, 0xB6, 0xA9, 0x00, 0x85, 0xB6, 0x84, 0xDD, 0x85, 0x2B, 0x4C, 0x19, 
   0xD1, 0x44, 0x44, 0x42, 0x42, 0x42, 0x42, 0x44, 0x44, 0x44, 0x04, 0x04, 0x04, 0x42, 0x42, 0x42, 
   0x42, 0x42, 0x44, 0x44, 0x42, 0x42, 0x42, 0x42, 0x44, 0x04, 0x04, 0x04, 0x04, 0x04, 0x04, 0x42, 
   0x42, 0x42, 0x42, 0x44, 0x42, 0x42, 0x44, 0x42, 0x42, 0x42, 0x42, 0x42, 0x44, 0x42, 0x42, 0x44, 
   0x44, 0x11, 0x11, 0x11, 0x11, 0x11, 0x00, 0x44, 0x44, 0x44, 0x55, 0x55, 0x55, 0x55, 0x55, 0x66, 
   0x22, 0x22, 0x22, 0x33, 0x17, 0x17, 0x40, 0x40, 0x17, 0x40, 0x00, 0x01, 0x02, 0x02, 0x01, 0x02, 
   0xFD, 0xFD, 0x03, 0xFB, 0xAD, 0xFD, 0x00, 0xEA, 0xEA, 0xEA, 0xEA, 0x4C, 0x29, 0xD1, 0xA9, 0x00, 
   0x8D, 0x1C, 0x00, 0xEA, 0xEA, 0xEA, 0x4C, 0x3F, 0xD1, 0xA4, 0xFC, 0xC6, 0xFC, 0xC0, 0x20, 0xB0, 
   0xE3, 0xB1, 0xC3, 0x85, 0x1B, 0xB1, 0xCB, 0x85, 0x06, 0x8A, 0xA8, 0xB1, 0xF8, 0xA4, 0xFD, 0xC0, 
   0x20, 0x85, 0x09, 0x85, 0x2A, 0xB0, 0xD7, 0xB1, 0xC5, 0x85, 0x1C, 0xB1, 0xCD, 0x85, 0x07, 0xC6, 
   0xFD, 0xCA, 0x10, 0xD5, 0xEA, 0xEA, 0xEA, 0xA6, 0xDB, 0x8A, 0xA8, 0xB1, 0xB6, 0x85, 0x1F, 0xA4, 
   0xFC, 0xC0, 0x20, 0xB0, 0x21, 0xB1, 0xC3, 0x85, 0x1B, 0xB1, 0xCB, 0xA4, 0xFD, 0xC0, 0x20, 0x85, 
   0x2A, 0x85, 0x06, 0xB0, 0x1A, 0xB1, 0xC5, 0x85, 0x1C, 0xB1, 0xCD, 0x85, 0x07, 0xC6, 0xFC, 0xC6, 
   0xFD, 0xCA, 0x10, 0xD5, 0x30, 0x13, 0xA5, 0xFC, 0xA9, 0x00, 0x8D, 0x1B, 0x00, 0xF0, 0xDC, 0xEA, 
   0xEA, 0xEA, 0xA9, 0x00, 0x8D, 0x1C, 0x00, 0xF0, 0xE4, 0xA6, 0xC1, 0xBC, 0xFA, 0xD0, 0xD0, 0x03, 
   0x4C, 0x51, 0xD2, 0xC0, 0x01, 0xF0, 0x03, 0x4C, 0xEE, 0xDF, 0xA2, 0x00, 0xA5, 0xD9, 0x29, 0x0F, 
   0xA8, 0x85, 0x02, 0x86, 0x1B, 0x86, 0x1C, 0x8E, 0x07, 0x00, 0x88, 0x10, 0xFD, 0x85, 0x10, 0x85, 
   0x02, 0xA5, 0xDA, 0xA5, 0xDA, 0x29, 0x0F, 0xA8, 0x88, 0x10, 0xFD, 0x85, 0x11, 0x85, 0x02, 0x85, 
   0x2A, 0xA5, 0xA2, 0x85, 0x0B, 0xA5, 0xA3, 0x85, 0x0C, 0xA5, 0xD9, 0x85, 0x20, 0xA5, 0xDA, 0x85, 
   0x21, 0xA5, 0xFA, 0x85, 0x0A, 0xA9, 0x01, 0x85, 0x25, 0xA9, 0x30, 0x85, 0x04, 0x85, 0x05, 0xA4, 
   0xB6, 0xA5, 0xDD, 0x85, 0xB6, 0x84, 0xDD, 0x85, 0x02, 0x85, 0x2A, 0x20, 0xFC, 0xD2, 0xA4, 0xBF, 
   0x84, 0xFC, 0xA4, 0xC0, 0x84, 0xFD, 0xA2, 0x24, 0x85, 0x2B, 0xEA, 0xEA, 0x4C, 0x13, 0xD2, 0x00, 
   0xA5, 0xFC, 0xA9, 0x00, 0x8D, 0x1B, 0x00, 0xF0, 0x1C, 0xEA, 0xEA, 0xEA, 0xA9, 0x00, 0x8D, 0x1C, 
   0x00, 0xF0, 0x24, 0x8A, 0xA8, 0xB1, 0xB6, 0x85, 0x1F, 0xA4, 0xFC, 0xC0, 0x20, 0xB0, 0xE1, 0xB1, 
   0xC7, 0x85, 0x1B, 0xB1, 0xCF, 0xA4, 0xFD, 0xC0, 0x20, 0x85, 0x2A, 0x85, 0x06, 0xB0, 0xDA, 0xB1, 
   0xC9, 0x85, 0x1C, 0xB1, 0xD1, 0x85, 0x07, 0xC6, 0xFC, 0xC6, 0xFD, 0xCA, 0x10, 0xD5, 0xA4, 0xB6, 
   0xD0, 0x04, 0xA5, 0xDD, 0x85, 0xB6, 0xA0, 0x02, 0x4C, 0xEE, 0xDF, 0xA2, 0x00, 0x86, 0x1B, 0xF0, 
   0x0C, 0xA4, 0xFC, 0xC0, 0x20, 0xB0, 0xF4, 0xB1, 0xC3, 0x85, 0x1B, 0xB1, 0xCB, 0x85, 0x02, 0x85, 
   0x2A, 0x85, 0x06, 0xA2, 0x00, 0x86, 0x1C, 0x86, 0x25, 0x86, 0x07, 0xA9, 0x35, 0x85, 0x0A, 0xA5, 
   0xDA, 0x29, 0x0F, 0xAA, 0xA5, 0xA3, 0x85, 0x0C, 0xEA, 0xEA, 0xEA, 0xA5, 0xC0, 0x85, 0xFD, 0x88, 
   0xC0, 0x20, 0xB0, 0x09, 0xB1, 0xC3, 0x85, 0xFC, 0xB1, 0xCB, 0x4C, 0x91, 0xD2, 0xA9, 0x00, 0x85, 
   0xFC, 0x88, 0x85, 0x02, 0x85, 0x06, 0xA5, 0xFC, 0x8D, 0x1B, 0x00, 0xCA, 0x10, 0xFD, 0x85, 0x11, 
   0x85, 0x02, 0x85, 0x2A, 0xC0, 0x20, 0xB0, 0x0B, 0xB1, 0xC3, 0x85, 0x1B, 0xB1, 0xCB, 0x85, 0x06, 
   0x4C, 0xB7, 0xD2, 0xA2, 0x00, 0x86, 0x1B, 0xA5, 0xC3, 0x85, 0xC7, 0xA5, 0xC4, 0x8D, 0xC8, 0x00, 
   0xEA, 0xEA, 0x88, 0xA5, 0xCB, 0x85, 0xCF, 0xA5, 0xCC, 0x85, 0xD0, 0xA5, 0xDA, 0x85, 0x21, 0xB1, 
   0xC7, 0xA2, 0x00, 0xC0, 0x20, 0x85, 0x02, 0x85, 0x2A, 0xB0, 0x17, 0x85, 0x1B, 0xA9, 0x35, 0x85, 
   0x25, 0xB1, 0xCF, 0x85, 0x06, 0x86, 0x1C, 0xEA, 0x88, 0x84, 0xFC, 0xA2, 0x24, 0x85, 0x2B, 0x4C, 
   0x13, 0xD2, 0x86, 0x1B, 0x86, 0x1C, 0x20, 0xFC, 0xD2, 0x4C, 0xE8, 0xD2, 0x60, 0x00, 0x00, 0x00, 
   0xD4, 0x02, 0x04, 0x04, 0x06, 0x06, 0x08, 0x08, 0x06, 0x08, 0x08, 0x06, 0x08, 0x06, 0x04, 0x02, 
   0xB4, 0x04, 0x06, 0x06, 0x06, 0x08, 0x0A, 0x04, 0x08, 0x08, 0x08, 0x08, 0x08, 0x08, 0x08, 0x02, 
   0x54, 0x52, 0x24, 0x24, 0x24, 0x24, 0x24, 0x24, 0x24, 0x24, 0x24, 0x24, 0x24, 0x20, 0x22, 0x22, 
   0x22, 0x20, 0x26, 0x06, 0x06, 0x06, 0x06, 0x06, 0x06, 0x06, 0x06, 0x06, 0x06, 0x06, 0x06, 0x06, 
   0x06, 0x06, 0x06, 0x06, 0x24, 0x26, 0x26, 0x26, 0x28, 0x2A, 0x24, 0x28, 0x28, 0x28, 0x28, 0x28, 
   0x28, 0x28, 0x22, 0x54, 0x52, 0x54, 0x54, 0x54, 0x54, 0x54, 0x54, 0x54, 0x54, 0x54, 0x54, 0x54, 
   0x52, 0x52, 0x52, 0x52, 0x50, 0x50, 0x04, 0x04, 0x04, 0x04, 0x04, 0x04, 0x04, 0x04, 0x04, 0x04, 
   0x04, 0x06, 0x06, 0x06, 0x06, 0x02, 0x02, 0x42, 0x42, 0x42, 0x44, 0x44, 0x42, 0x42, 0x42, 0x42, 
   0x40, 0x40, 0x40, 0x40, 0x40, 0x40, 0x40, 0x42, 0x40, 0x40, 0x40, 0x40, 0x42, 0x42, 0x40, 0x28, 
   0x28, 0x28, 0x28, 0x2E, 0x2E, 0x2E, 0x2E, 0x2E, 0x2E, 0x28, 0x28, 0x28, 0x28, 0x28, 0x28, 0x28, 
   0x2E, 0x2E, 0x2E, 0x2E, 0x28, 0x28, 0x2E, 0x28, 0x28, 0x28, 0x2E, 0x2E, 0x28, 0x28, 0x28, 0x28, 
   0x2E, 0x2E, 0x2E, 0x2E, 0x2E, 0x2E, 0x2E, 0x2E, 0x28, 0x28, 0x28, 0x28, 0x2E, 0x2E, 0x28, 0x52, 
   0x52, 0x52, 0x52, 0x5A, 0x5A, 0x5A, 0x5A, 0x5A, 0x5A, 0x52, 0x52, 0x52, 0x52, 0x52, 0x52, 0x52, 
   0x5A, 0x5A, 0x5A, 0x5A, 0x52, 0x52, 0x5A, 0x52, 0x52, 0x52, 0x5A, 0x5A, 0x52, 0x52, 0x52, 0x52, 
   0x5A, 0x5A, 0x5A, 0x5A, 0x52, 0x52, 0x52, 0x52, 0x5A, 0x5A, 0x5A, 0x5A, 0x52, 0x52, 0x5A, 0x30, 
   0x00, 0x30, 0x30, 0x20, 0x00, 0xFF, 0x20, 0x30, 0x30, 0x30, 0x30, 0x10, 0x10, 0x10, 0x10, 0x00, 
   0x00, 0x20, 0x30, 0x60, 0x60, 0x60, 0x20, 0x20, 0x60, 0x60, 0x70, 0xB8, 0xB8, 0xF0, 0xF0, 0xF0, 
   0x60, 0x30, 0x70, 0x70, 0x70, 0x70, 0x70, 0x20, 0x00, 0x00, 0x00, 0x00, 0x00, 0x00, 0x00, 0x00, 
   0x20, 0x40, 0x40, 0x50, 0x58, 0x48, 0x78, 0x78, 0x70, 0x70, 0xB8, 0xB8, 0xF0, 0xF0, 0xF0, 0xF0, 
   0x60, 0x30, 0x70, 0x70, 0x70, 0x70, 0x70, 0x20, 0x00, 0x00, 0x00, 0x00, 0x00, 0x00, 0x00, 0x08, 
   0x4C, 0x88, 0x88, 0xD8, 0xD0, 0x70, 0x70, 0x78, 0xB8, 0xB8, 0xF0, 0xF0, 0xF0, 0xF0, 0x60, 0x30, 
   0x70, 0x70, 0x70, 0x70, 0x70, 0x20, 0x00, 0x00, 0x00, 0x00, 0x00, 0x00, 0x00, 0x00, 0x18, 0x10, 
   0x10, 0x50, 0x70, 0x70, 0x70, 0x30, 0x70, 0x70, 0x70, 0xB8, 0xB8, 0xF0, 0xF0, 0xF0, 0x60, 0x30, 
   0x70, 0x70, 0x70, 0x70, 0x70, 0x20, 0x00, 0x00, 0x00, 0x00, 0x00, 0x00, 0x00, 0x00, 0x20, 0x20, 
   0x20, 0x20, 0x60, 0x40, 0x40, 0x60, 0x20, 0xF0, 0xB8, 0xEC, 0xF6, 0xD3, 0x50, 0xD0, 0xE0, 0xE0, 
   0xE0, 0xE0, 0xE0, 0x40, 0x00, 0x00, 0x00, 0x00, 0x00, 0x00, 0x00, 0x00, 0x90, 0x98, 0x90, 0x90, 
   0xD0, 0x50, 0x70, 0x70, 0x20, 0x20, 0x70, 0xF0, 0xB0, 0xF8, 0x7E, 0x26, 0x19, 0x39, 0x38, 0x38, 
   0x38, 0x38, 0x10, 0x00, 0x00, 0x00, 0x00, 0x00, 0x00, 0x00, 0x00, 0x04, 0x44, 0x76, 0x7B, 0x0B, 
   0x1E, 0x1C, 0x18, 0x18, 0x38, 0xB8, 0xF0, 0xF0, 0x78, 0x6C, 0x34, 0x70, 0x70, 0x70, 0x70, 0x70, 
   0x20, 0x00, 0x00, 0x00, 0x00, 0x00, 0x00, 0x00, 0x00, 0x00, 0x20, 0x30, 0x60, 0x60, 0x60, 0x20, 
   0x20, 0x60, 0x60, 0x70, 0x30, 0x70, 0x70, 0x78, 0x7C, 0x24, 0x32, 0x72, 0x70, 0x70, 0x70, 0x70, 
   0x20, 0x00, 0x00, 0x00, 0x00, 0x00, 0x00, 0x00, 0x00, 0x08, 0x09, 0x0B, 0x0A, 0x00, 0x00, 0x00, 
   0x56, 0x56, 0x54, 0x54, 0x54, 0x54, 0x56, 0x56, 0x56, 0x02, 0x02, 0x02, 0x54, 0x54, 0x54, 0x54, 
   0x54, 0x56, 0x56, 0x54, 0x54, 0x54, 0x54, 0x56, 0x02, 0x02, 0x02, 0x02, 0x02, 0x02, 0x54, 0x54, 
   0x54, 0x54, 0x56, 0x54, 0x54, 0x56, 0x54, 0x54, 0x54, 0x54, 0x54, 0x56, 0x54, 0x54, 0x56, 0x56, 
   0x42, 0x42, 0x42, 0x42, 0x40, 0x40, 0x40, 0x40, 0x40, 0x40, 0x42, 0x42, 0x42, 0x42, 0x42, 0x42, 
   0x42, 0x44, 0x44, 0x44, 0x44, 0x42, 0x42, 0x44, 0x44, 0x00, 0x08, 0x4C, 0x88, 0x88, 0xD8, 0xD0, 
   0x70, 0x70, 0x04, 0x6C, 0x5C, 0x34, 0x7C, 0x78, 0x78, 0x20, 0x30, 0x70, 0x70, 0x70, 0x70, 0x70, 
   0x20, 0x00, 0x00, 0x00, 0x00, 0x00, 0x00, 0x00, 0x00, 0x40, 0x40, 0x20, 0x60, 0xC0, 0xF1, 0x7F, 
   0x7F, 0xB0, 0xEC, 0xEC, 0x78, 0x30, 0x30, 0x70, 0x70, 0x70, 0x70, 0x70, 0x20, 0x00, 0x00, 0x00, 
   0x00, 0x00, 0x00, 0x00, 0x00, 0xE0, 0xA6, 0xEE, 0xE8, 0x48, 0xF8, 0xFC, 0xBC, 0x98, 0x8C, 0x1C, 
   0x1E, 0x12, 0x1A, 0x18, 0x08, 0x00, 0x00, 0x00, 0x00, 0x00, 0x00, 0x00, 0x00, 0x00, 0x00, 0x00, 
   0x00, 0x00, 0x00, 0x00, 0x20, 0x30, 0x60, 0x60, 0x60, 0x20, 0x20, 0x70, 0x70, 0x60, 0xB8, 0xB8, 
   0xF0, 0xF0, 0xC0, 0xA0, 0xD0, 0x70, 0xF8, 0xF0, 0xE8, 0x78, 0x30, 0x00, 0x00, 0x00, 0x00, 0x00, 
   0x00, 0x00, 0x00, 0x40, 0x50, 0xF0, 0x50, 0x50, 0x48, 0x50, 0x70, 0x70, 0xE8, 0xB8, 0xB0, 0xF0, 
   0x70, 0x40, 0x40, 0xD0, 0x70, 0xF8, 0xF0, 0xE8, 0x78, 0x70, 0x20, 0x00, 0x00, 0x00, 0x00, 0x00, 
   0x00, 0x00, 0x74, 0x78, 0xBC, 0x78, 0x14, 0xFF, 0xBD, 0x99, 0x95, 0x12, 0x11, 0x09, 0x08, 0x00, 
   0x00, 0x00, 0x00, 0x00, 0x00, 0x00, 0x00, 0x00, 0x00, 0x00, 0x00, 0x00, 0x00, 0x00, 0x00, 0x00, 
   0x00, 0x88, 0x88, 0xD8, 0x48, 0x48, 0x28, 0x28, 0x70, 0x70, 0x60, 0xB8, 0xB8, 0xF0, 0xF0, 0xC0, 
   0xA0, 0xD0, 0x70, 0xF8, 0xF0, 0xE8, 0x78, 0x30, 0x00, 0x00, 0x00, 0x00, 0x00, 0x00, 0x00, 0x00, 
   0x10, 0x50, 0x70, 0x50, 0x50, 0x30, 0x30, 0x70, 0x70, 0xE8, 0xB8, 0xB0, 0xF0, 0x70, 0x40, 0x40, 
   0xD0, 0x70, 0xF8, 0xF0, 0xE8, 0x78, 0x70, 0x20, 0x00, 0x00, 0x00, 0x00, 0x00, 0x00, 0x00, 0x48, 
   0x48, 0xD8, 0x48, 0x48, 0x48, 0x50, 0x70, 0x70, 0xE0, 0xB0, 0xB0, 0xF0, 0x7E, 0x81, 0xD0, 0x70, 
   0xF8, 0xF0, 0xE8, 0x78, 0x70, 0x20, 0x00, 0x00, 0x00, 0x00, 0x00, 0x00, 0x00, 0x00, 0x09, 0x09, 
   0x1B, 0x09, 0x0A, 0x0A, 0x1C, 0x1C, 0x9C, 0xB0, 0xB0, 0xF0, 0x7C, 0x82, 0xD0, 0xF8, 0xF0, 0x78, 
   0x70, 0x20, 0x00, 0x00, 0x00, 0x00, 0x00, 0x00, 0x00, 0x00, 0x00, 0x00, 0x00, 0x0C, 0x1C, 0x18, 
   0x38, 0x38, 0x18, 0x1C, 0x3C, 0x34, 0x7C, 0x7C, 0x7C, 0x68, 0x6A, 0x5E, 0x5C, 0x5E, 0x6E, 0x6E, 
   0x7E, 0x74, 0x58, 0x28, 0x34, 0x7C, 0x68, 0x74, 0x68, 0x7C, 0x38, 0x00, 0x60, 0x46, 0x6C, 0x6C, 
   0x34, 0x36, 0x36, 0x36, 0x36, 0x7E, 0x7C, 0x7C, 0xCA, 0xDA, 0xBC, 0xBC, 0xBE, 0xDE, 0xDE, 0x74, 
   0x58, 0x28, 0x34, 0x7C, 0x68, 0x74, 0x68, 0x7C, 0x38, 0x00, 0x00, 0x87, 0x86, 0xC4, 0xC4, 0x66, 
   0x66, 0x66, 0x76, 0x3E, 0x3E, 0x7E, 0x7C, 0x68, 0x6A, 0x5E, 0x5C, 0x5E, 0x6E, 0x6E, 0x7E, 0x74, 
   0x58, 0x28, 0x34, 0x7C, 0x68, 0x74, 0x68, 0x7C, 0x38, 0x00, 0x1C, 0x18, 0x50, 0x50, 0x58, 0x68, 
   0x68, 0x78, 0x38, 0x78, 0x7C, 0x7C, 0xCA, 0xDA, 0xBC, 0xBC, 0xBE, 0xDE, 0xDE, 0x74, 0x58, 0x28, 
   0x34, 0x7C, 0x68, 0x74, 0x68, 0x7C, 0x38, 0x00, 0x00, 0x00, 0x07, 0x06, 0x06, 0x04, 0x00, 0x00, 
   0x00, 0x8E, 0x8C, 0xC8, 0xC8, 0x6C, 0x6C, 0x6C, 0x6C, 0x7C, 0xFC, 0xF8, 0xF0, 0x70, 0xB0, 0xD8, 
   0xE8, 0xA8, 0xD8, 0xF8, 0x7C, 0x4E, 0x37, 0x53, 0x69, 0xF8, 0xD0, 0xE8, 0xD0, 0xF8, 0x70, 0x00, 
   0x70, 0x40, 0x60, 0x60, 0x30, 0x30, 0x30, 0x30, 0x50, 0xE0, 0xF0, 0xF8, 0x5C, 0xAE, 0xD7, 0xE3, 
   0xA9, 0xDD, 0xFD, 0x49, 0x30, 0x50, 0x68, 0xF8, 0xD0, 0xE8, 0xD0, 0xF8, 0x70, 0x00, 0x00, 0x8E, 
   0x8C, 0xC8, 0xC8, 0x6C, 0x6C, 0x6C, 0x6C, 0x7C, 0xFC, 0xF8, 0xF0, 0x70, 0x70, 0xFA, 0xFA, 0xD8, 
   0xE8, 0xF0, 0x78, 0x4C, 0x3E, 0x57, 0x6B, 0xF9, 0xD0, 0xE8, 0xD0, 0xF8, 0x70, 0x00, 0x04, 0x14, 
   0x16, 0x1A, 0x1C, 0x0E, 0x06, 0x06, 0x06, 0x3E, 0x3E, 0x7E, 0x7C, 0x38, 0x3C, 0x3C, 0x5C, 0x6C, 
   0x1C, 0x78, 0x4C, 0x34, 0x76, 0x7A, 0xEA, 0xF0, 0xF8, 0xD0, 0xE8, 0x50, 0x00, 0x74, 0xFA, 0xFA, 
   0xFB, 0xFB, 0x77, 0xAE, 0xD9, 0xB3, 0x7E, 0x7E, 0x36, 0x36, 0x33, 0x33, 0x1A, 0x1A, 0x08, 0x00, 
   0x00, 0x00, 0x00, 0x00, 0x00, 0x00, 0x00, 0x00, 0x00, 0x00, 0x00, 0x00, 0x18, 0x38, 0x30, 0x70, 
   0x70, 0x30, 0x38, 0x38, 0x68, 0x78, 0x78, 0x88, 0xEF, 0xFA, 0x32, 0x32, 0x6A, 0xDA, 0xBC, 0xFC, 
   0xFE, 0xC6, 0x18, 0x28, 0x74, 0x7C, 0x28, 0x7C, 0x7C, 0x38, 0x00, 0x60, 0x48, 0x50, 0x50, 0x58, 
   0x68, 0x6C, 0x7C, 0x7C, 0x78, 0x78, 0x00, 0x88, 0xEF, 0x32, 0x32, 0xDA, 0xBC, 0xFC, 0xFC, 0xE6, 
   0x58, 0x28, 0x74, 0x7C, 0x28, 0x7C, 0x7C, 0x38, 0x00, 0x00, 0xC6, 0x84, 0x84, 0xCC, 0xCC, 0x6C, 
   0x6C, 0x3C, 0x78, 0x78, 0x78, 0x88, 0xEF, 0xFA, 0x32, 0x32, 0x6A, 0xDA, 0xBC, 0xFC, 0xFE, 0xC6, 
   0x18, 0x28, 0x74, 0x7C, 0x28, 0x7C, 0x7C, 0x38, 0x00, 0x80, 0x00, 0x80, 0x00, 0x00, 0x00, 0x00, 
   0x00, 0x18, 0x50, 0x50, 0x70, 0x70, 0x70, 0x70, 0x30, 0x78, 0x78, 0x78, 0x00, 0x88, 0xEF, 0x32, 
   0x32, 0xDA, 0xBC, 0xFC, 0xFC, 0xE6, 0x58, 0x28, 0x74, 0x7C, 0x28, 0x7C, 0x7C, 0x38, 0x00, 0x00, 
   0xC6, 0x84, 0x84, 0xCC, 0xCC, 0x6C, 0x6C, 0x3C, 0x78, 0x78, 0x78, 0x78, 0x38, 0x40, 0x32, 0x32, 
   0xE8, 0xFF, 0xBC, 0xFC, 0xFE, 0xC6, 0x18, 0x28, 0x74, 0x7C, 0x28, 0x7C, 0x7C, 0x38, 0x00, 0x02, 
   0x0F, 0x0A, 0x0A, 0x1A, 0x1E, 0x36, 0x6C, 0x7C, 0x78, 0x88, 0xEF, 0xFA, 0x60, 0x70, 0xB0, 0xB0, 
   0xBC, 0xFC, 0xFA, 0x4A, 0x32, 0x52, 0xE8, 0xF8, 0x50, 0xF8, 0xF8, 0x70, 0x00, 0x00, 0x88, 0xEF, 
   0xFA, 0x70, 0xF8, 0xF8, 0xF8, 0x78, 0x30, 0x7E, 0xBA, 0x84, 0x38, 0x68, 0x2C, 0x04, 0x00, 0x00, 
   0x00, 0x00, 0x00, 0x00, 0x00, 0x00, 0x00, 0x00, 0x00, 0x00, 0x00, 0x00, 0x00, 0x00, 0x34, 0x34, 
   0x34, 0x34, 0x18, 0x18, 0x18, 0x04, 0x04, 0x04, 0x04, 0x04, 0x04, 0x04, 0x46, 0x46, 0x44, 0x44, 
   0x44, 0x44, 0x46, 0xB0, 0xB0, 0xB0, 0xB0, 0xB0, 0xB0, 0x44, 0x44, 0x44, 0x44, 0x46, 0x44, 0x44, 
   0x46, 0x44, 0x44, 0x44, 0x44, 0x44, 0x46, 0x44, 0x44, 0x46, 0x46, 0x46, 0x46, 0x44, 0x44, 0x44, 
   0x44, 0x46, 0x46, 0x46, 0xB0, 0xB0, 0xB0, 0x44, 0x44, 0x44, 0x44, 0x44, 0x46, 0x46, 0x08, 0x08, 
   0x08, 0x04, 0x04, 0x04, 0x04, 0x04, 0x04, 0x04, 0x04, 0x00, 0x00, 0x00, 0x64, 0x64, 0x28, 0x28, 
   0x28, 0x28, 0x28, 0x28, 0x28, 0x64, 0x64, 0x64, 0x64, 0x64, 0x64, 0x64, 0x64, 0x64, 0xF9, 0xF9, 
   0xF9, 0x43, 0x21, 0x21, 0x21, 0x6C, 0x05, 0x03, 0x07, 0x0A, 0xA4, 0x82, 0xF0, 0x04, 0xC5, 0x82, 
   0xB0, 0x08, 0x85, 0x82, 0xA9, 0xFF, 0x85, 0x84, 0x85, 0x83, 0x60, 0x20, 0x0A, 0x22, 0x00, 0x00, 
   0x08, 0x08, 0x08, 0xB0, 0xB0, 0xB0, 0xB0, 0xB0, 0xB0, 0xB0, 0xB0, 0xB0, 0xB0, 0xB0, 0x64, 0x64, 
   0x08, 0x08, 0xB0, 0xB0, 0xB0, 0xB0, 0xB0, 0x64, 0x64, 0x64, 0x64, 0x64, 0x08, 0x08, 0x62, 0x62, 
   0x62, 0x62, 0xB2, 0xB2, 0xB2, 0xB2, 0xB2, 0xB2, 0xB0, 0xB0, 0xB0, 0xB0, 0xB0, 0xB0, 0xB0, 0x64, 
   0x64, 0x64, 0x64, 0xB0, 0xB0, 0xB4, 0x62, 0x62, 0x62, 0x62, 0x64, 0x64, 0x64, 0x64, 0x64, 0x64, 
   0x60, 0x60, 0x60, 0x60, 0x60, 0x60, 0x60, 0x64, 0x64, 0x64, 0x64, 0x60, 0x60, 0x64, 0xB0, 0xB0, 
   0xB0, 0x64, 0x64, 0xB0, 0xB0, 0xB0, 0xB0, 0x64, 0xB2, 0xB2, 0xB2, 0xB2, 0xB2, 0x64, 0xB0, 0x64, 
   0x64, 0x64, 0x64, 0xB0, 0xB0, 0xB4, 0x60, 0x60, 0x60, 0x64, 0x64, 0x60, 0x60, 0x60, 0x60, 0x64, 
   0x64, 0x64, 0x64, 0x64, 0x64, 0x64, 0x60, 0x64, 0x64, 0x64, 0x64, 0x60, 0x60, 0xB4, 0x42, 0x42, 
   0x42, 0x64, 0x64, 0x42, 0x42, 0x42, 0x42, 0x64, 0x02, 0x02, 0x02, 0x02, 0x02, 0x64, 0x42, 0x64, 
   0x64, 0x64, 0x64, 0x42, 0x42, 0x42, 0x62, 0x62, 0x62, 0x62, 0x02, 0x02, 0x02, 0x02, 0x02, 0x02, 
   0x42, 0x42, 0x42, 0x42, 0x42, 0x42, 0x42, 0x64, 0x64, 0x64, 0x64, 0x42, 0x42, 0x42, 0x6C, 0x6C, 
   0x6C, 0x6C, 0x64, 0x64, 0x64, 0x60, 0x60, 0x60, 0x60, 0x60, 0x60, 0x60, 0x60, 0x2C, 0x2C, 0x2C, 
   0x2C, 0x2C, 0x2C, 0x2C, 0x2C, 0x2C, 0x2C, 0x2C, 0x2C, 0x2C, 0x2C, 0x60, 0x60, 0x60, 0x64, 0x64, 
   0x64, 0x6C, 0x6C, 0x6C, 0x6C, 0x6C, 0x6C, 0x6C, 0x6C, 0x6C, 0x6C, 0x6C, 0x00, 0x24, 0x46, 0x44, 
   0x44, 0x24, 0x2C, 0x38, 0x38, 0x30, 0x30, 0x38, 0x38, 0x58, 0x58, 0xB0, 0xF0, 0x0C, 0x1C, 0x1C, 
   0x1C, 0x1C, 0x1C, 0x08, 0x00, 0x00, 0x00, 0x00, 0x00, 0x00, 0x00, 0x00, 0x0C, 0x0C, 0xFF, 0xFF, 
   0x00, 0x00, 0x00, 0x00, 0x00, 0x00, 0x00, 0x00, 0x00, 0x00, 0x00, 0x00, 0x00, 0x00, 0x00, 0x00, 
   0x00, 0x00, 0x00, 0x00, 0x00, 0x00, 0x00, 0x00, 0x00, 0x00, 0x00, 0x00, 0x00, 0x00, 0x00, 0x00, 
   0x00, 0x00, 0x00, 0x00, 0x00, 0x00, 0x00, 0x00, 0x00, 0x00, 0x00, 0x00, 0x00, 0x00, 0x00, 0x00, 
   0x00, 0x00, 0x00, 0x00, 0x00, 0x00, 0x00, 0x00, 0x00, 0x00, 0xFF, 0xFF, 0xFF, 0xFF, 0xFF, 0xFF, 
   0xFF, 0x00, 0x00, 0x00, 0x00, 0x00, 0x00, 0x00, 0x00, 0x00, 0x00, 0x00, 0x00, 0x00, 0x00, 0x00, 
   0x00, 0x00, 0x00, 0x00, 0x00, 0x00, 0x00, 0x00, 0x00, 0x00, 0x00, 0x00, 0x00, 0x00, 0x00, 0x00, 
   0x00, 0x00, 0x00, 0x00, 0x00, 0x00, 0x00, 0x00, 0x00, 0x00, 0x00, 0x00, 0x00, 0x00, 0x00, 0x00, 
   0x00, 0x00, 0x00, 0x00, 0x00, 0x00, 0x00, 0x00, 0x00, 0x00, 0x00, 0x00, 0x00, 0x00, 0x00, 0x00, 
   0x00, 0x00, 0x00, 0x00, 0x00, 0xFF, 0xFF, 0x00, 0x00, 0x00, 0x00, 0x00, 0x00, 0x00, 0x00, 0x00, 
   0x00, 0x00, 0x00, 0x00, 0x00, 0x00, 0x00, 0x00, 0x00, 0x00, 0x00, 0x00, 0x00, 0x00, 0x00, 0x00, 
   0x00, 0x00, 0x00, 0x00, 0x00, 0x00, 0x00, 0x00, 0x00, 0x00, 0x00, 0x00, 0x00, 0x00, 0x00, 0x00, 
   0x00, 0x00, 0x00, 0x00, 0x00, 0x00, 0x00, 0x00, 0x00, 0x00, 0x00, 0x00, 0x00, 0x00, 0x00, 0x00, 
   0x00, 0x00, 0x00, 0x00, 0xA2, 0x03, 0xB4, 0x94, 0xB5, 0x98, 0xD0, 0x03, 0x4C, 0x9B, 0xDB, 0xC9, 
   0x2E, 0xB0, 0x04, 0xC0, 0x05, 0xD0, 0x38, 0xB5, 0xB2, 0xC9, 0x3F, 0x90, 0x2E, 0xC9, 0xC8, 0xB0, 
   0x2A, 0xA5, 0x80, 0x29, 0x03, 0xD0, 0x24, 0xB5, 0x98, 0xC9, 0x2E, 0x90, 0x12, 0xD6, 0x94, 0x30, 
   0x02, 0xD0, 0x04, 0xA9, 0x04, 0x95, 0x94, 0xB5, 0xA0, 0x4A, 0x49, 0x04, 0x4C, 0x01, 0xDB, 0xB5, 
   0xA0, 0x29, 0x04, 0xF0, 0x04, 0xD6, 0xB2, 0xD6, 0xB2, 0xF6, 0xB2, 0xB5, 0x98, 0xC9, 0x17, 0xD0, 
   0x6B, 0xB5, 0xA0, 0x29, 0xE0, 0xF0, 0x2C, 0xA5, 0xF0, 0xC9, 0x03, 0xD0, 0x26, 0xB5, 0xE8, 0x29, 
   0x01, 0xF0, 0x20, 0xA5, 0x81, 0xE0, 0x02, 0xB0, 0x06, 0x29, 0x10, 0xD0, 0x16, 0xF0, 0x04, 0x29, 
   0x10, 0xF0, 0x10, 0xA9, 0x04, 0x85, 0xA8, 0xA9, 0x32, 0x85, 0xB8, 0xA9, 0x00, 0x85, 0xB6, 0x85, 
   0xA9, 0xF0, 0x21, 0xB5, 0xA4, 0xF0, 0x06, 0xA9, 0x01, 0x95, 0x98, 0xD0, 0x2F, 0xA5, 0xC1, 0xC9, 
   0x02, 0xF0, 0x0D, 0xB5, 0xE8, 0x29, 0x01, 0xF0, 0x07, 0xA4, 0xF0, 0xB9, 0xE6, 0xD8, 0xD0, 0x02, 
   0xA9, 0x03, 0x95, 0xA4, 0xB5, 0xA0, 0x29, 0xF7, 0x95, 0xA0, 0xB5, 0xA0, 0x4A, 0x29, 0x08, 0x15, 
   0xA0, 0x95, 0xA0, 0xA9, 0x06, 0x95, 0x94, 0xA9, 0x06, 0x20, 0xEA, 0xD8, 0xB5, 0x98, 0xC9, 0x0F, 
   0xD0, 0x15, 0xB4, 0x94, 0xC0, 0x0A, 0x90, 0x0F, 0xB9, 0xF2, 0xD9, 0xC9, 0xFF, 0xD0, 0x05, 0xA4, 
   0xA8, 0xB9, 0xF9, 0xD4, 0x20, 0xEA, 0xD8, 0xD6, 0x98, 0xD0, 0x1E, 0xB5, 0xA0, 0x29, 0xE0, 0xD0, 
   0x18, 0xB4, 0x94, 0xC0, 0x05, 0x30, 0x12, 0xA9, 0x0F, 0xC0, 0x05, 0x90, 0x06, 0xC0, 0x08, 0xB0, 
   0x02, 0xA9, 0x04, 0x95, 0x98, 0xA9, 0x00, 0x95, 0x94, 0xCA, 0x30, 0x03, 0x4C, 0xC6, 0xDA, 0xA5, 
   0xA9, 0xD0, 0x09, 0xA5, 0xB8, 0xC9, 0x32, 0xD0, 0x0A, 0x4C, 0x7C, 0xDC, 0xC9, 0x02, 0xF0, 0x03, 
   0x4C, 0x7C, 0xDC, 0xA0, 0x01, 0x84, 0xC5, 0xA9, 0x10, 0x25, 0x81, 0xF0, 0x02, 0xA0, 0x03, 0xB6, 
   0xE8, 0xA5, 0xA9, 0xD0, 0x22, 0xA5, 0xC1, 0xC9, 0x02, 0xF0, 0x0A, 0xB5, 0x94, 0xC0, 0x01, 0xF0, 
   0x0C, 0xC0, 0x03, 0xF0, 0x08, 0xB5, 0x94, 0xC9, 0x08, 0xD0, 0x79, 0xF0, 0x0A, 0xC9, 0x04, 0xB0, 
   0x73, 0xB5, 0xA0, 0x29, 0x02, 0xD0, 0x6D, 0x86, 0xD2, 0x8A, 0x29, 0x01, 0xAA, 0xB5, 0x02, 0xA6, 
   0xD2, 0x29, 0x40, 0xF0, 0x5F, 0xA5, 0xA9, 0xF0, 0x4A, 0x98, 0x29, 0x01, 0x4A, 0x24, 0xAE, 0x10, 
   0x03, 0xB0, 0x51, 0x2C, 0x90, 0x4E, 0xB5, 0x94, 0xC9, 0x05, 0x90, 0x04, 0xC9, 0x08, 0x90, 0x1A, 
   0xC9, 0x0A, 0xD0, 0x06, 0xA5, 0xA8, 0x29, 0x01, 0xD0, 0x42, 0xA5, 0x81, 0x29, 0xFC, 0x85, 0x81, 
   0x98, 0x29, 0x01, 0x18, 0x69, 0x01, 0x05, 0x81, 0x85, 0x81, 0xA6, 0xA8, 0xF0, 0x2E, 0xE0, 0x02, 
   0xF0, 0x2A, 0xA2, 0x01, 0xB0, 0x09, 0xCA, 0xA9, 0x32, 0x85, 0xB8, 0xA9, 0x04, 0x85, 0xA8, 0x86, 
   0xA9, 0xD0, 0x19, 0xA9, 0x20, 0xD5, 0xBD, 0x90, 0x02, 0x95, 0xBD, 0xB9, 0xF8, 0xD7, 0x85, 0xAE, 
   0xE6, 0xA9, 0xD0, 0x08, 0x88, 0xC6, 0xC5, 0x30, 0x03, 0x4C, 0xDF, 0xDB, 0x20, 0xAB, 0xDE, 0xB5, 
   0xA0, 0x29, 0x08, 0x85, 0xF7, 0xA4, 0xA8, 0xA5, 0xA9, 0xC9, 0x02, 0x90, 0x25, 0xF0, 0x03, 0x4C, 
   0x27, 0xDD, 0x98, 0xD0, 0x2C, 0xB5, 0x94, 0xC9, 0x0D, 0xD0, 0x1A, 0xB5, 0x98, 0xC9, 0x0E, 0x90, 
   0x11, 0xA5, 0xB6, 0x69, 0x4B, 0x85, 0xB6, 0xA5, 0xF7, 0xF0, 0x07, 0xA5, 0xB8, 0x38, 0xE9, 0x08, 
   0x85, 0xB8, 0x4C, 0x35, 0xDD, 0xA5, 0xB6, 0xE9, 0x4A, 0x85, 0xB6, 0xA9, 0x01, 0x85, 0xA9, 0xD0, 
   0x74, 0x46, 0xF7, 0x46, 0xF7, 0x46, 0xF7, 0xA5, 0xAD, 0xD0, 0x10, 0xB5, 0xA0, 0x29, 0xFE, 0x05, 
   0xF7, 0x95, 0xA0, 0xA5, 0xB6, 0x85, 0xFB, 0xA9, 0x09, 0x85, 0xAD, 0xB5, 0xA0, 0x4A, 0x90, 0x03, 
   0xC6, 0xB8, 0x2C, 0xE6, 0xB8, 0x20, 0x97, 0xDE, 0xB0, 0x12, 0xA0, 0x01, 0xA5, 0xA8, 0xC9, 0x03, 
   0xF0, 0x05, 0x88, 0xA9, 0x04, 0x85, 0xA8, 0x84, 0xA9, 0x4C, 0x35, 0xDD, 0xA5, 0x80, 0xC0, 0x02, 
   0xF0, 0x25, 0x29, 0x07, 0xD0, 0xAC, 0xB0, 0x2D, 0xA6, 0xB8, 0xA0, 0x00, 0xA5, 0xFB, 0xC5, 0xB6, 
   0xD0, 0x0C, 0xE0, 0x35, 0x90, 0x02, 0xCA, 0xCA, 0xA0, 0x20, 0xA5, 0xB6, 0x69, 0x48, 0x85, 0xB6, 
   0x84, 0xFA, 0x86, 0xB8, 0x4C, 0x35, 0xDD, 0xA5, 0x80, 0x29, 0x03, 0xD0, 0x08, 0xE6, 0xB6, 0xC6, 
   0xAD, 0xD0, 0x02, 0x85, 0xA9, 0xA4, 0xA8, 0xA5, 0xA9, 0xC9, 0x01, 0xD0, 0x37, 0x20, 0xAB, 0xDE, 
   0xA4, 0xA8, 0xB5, 0xA0, 0x29, 0x08, 0xF0, 0x09, 0xB5, 0xB2, 0x38, 0xF9, 0x00, 0xD1, 0x4C, 0x57, 
   0xDD, 0xB5, 0xB2, 0x18, 0x79, 0xFA, 0xD6, 0x85, 0xB8, 0x20, 0x97, 0xDE, 0xB5, 0xBD, 0x38, 0xE9, 
   0x18, 0xA6, 0xC1, 0xE0, 0x01, 0xD0, 0x07, 0x18, 0x79, 0xE2, 0xD8, 0x4C, 0x72, 0xDD, 0x18, 0x79, 
   0xDE, 0xD8, 0x85, 0xB6, 0x20, 0x97, 0xDE, 0xA5, 0xA8, 0x0A, 0x0A, 0x65, 0xA9, 0xAA, 0xBD, 0xEF, 
   0xD3, 0x30, 0x02, 0x85, 0xFA, 0xA5, 0xA9, 0x0A, 0x0A, 0x05, 0xFA, 0x85, 0xFA, 0xA2, 0x01, 0x20, 
   0xBD, 0xDE, 0xD0, 0x4A, 0xA6, 0xBD, 0xE4, 0xBE, 0xB0, 0x44, 0xA4, 0xBE, 0x86, 0xBE, 0x84, 0xBD, 
   0xA6, 0x98, 0xA4, 0x99, 0x86, 0x99, 0x84, 0x98, 0xA6, 0xB2, 0xA4, 0xB3, 0x86, 0xB3, 0x84, 0xB2, 
   0xA6, 0x94, 0xA4, 0x95, 0x86, 0x95, 0x84, 0x94, 0xA6, 0xA0, 0xA4, 0xA1, 0x86, 0xA1, 0x84, 0xA0, 
   0xA6, 0x9C, 0xA4, 0x9D, 0x86, 0x9D, 0x84, 0x9C, 0xA6, 0xA4, 0xA4, 0xA5, 0x86, 0xA5, 0x84, 0xA4, 
   0xA5, 0xAB, 0x49, 0x01, 0x85, 0xAB, 0xA6, 0xE8, 0xA4, 0xE9, 0x86, 0xE9, 0x84, 0xE8, 0xA2, 0x03, 
   0x20, 0xBD, 0xDE, 0xF0, 0x04, 0xA5, 0xC1, 0xD0, 0x4A, 0xA6, 0xBF, 0xE4, 0xC0, 0xB0, 0x44, 0xA4, 
   0xC0, 0x86, 0xC0, 0x84, 0xBF, 0xA6, 0x9A, 0xA4, 0x9B, 0x86, 0x9B, 0x84, 0x9A, 0xA6, 0xB4, 0xA4, 
   0xB5, 0x86, 0xB5, 0x84, 0xB4, 0xA6, 0x96, 0xA4, 0x97, 0x86, 0x97, 0x84, 0x96, 0xA6, 0xA2, 0xA4, 
   0xA3, 0x86, 0xA3, 0x84, 0xA2, 0xA6, 0x9E, 0xA4, 0x9F, 0x86, 0x9F, 0x84, 0x9E, 0xA6, 0xA6, 0xA4, 
   0xA7, 0x86, 0xA7, 0x84, 0xA6, 0xA5, 0xAB, 0x49, 0x02, 0x85, 0xAB, 0xA6, 0xEA, 0xA4, 0xEB, 0x86, 
   0xEB, 0x84, 0xEA, 0xA2, 0x03, 0x86, 0xFC, 0xA6, 0xFC, 0xB5, 0xE8, 0xAA, 0x0A, 0x85, 0xF4, 0xB4, 
   0x94, 0xA5, 0xAB, 0x29, 0x0C, 0xC9, 0x04, 0xD0, 0x0A, 0x24, 0xAB, 0x10, 0x06, 0xB5, 0xA0, 0x29, 
   0x02, 0xF0, 0x1C, 0xA5, 0xFC, 0x29, 0x01, 0xF0, 0x0A, 0xA5, 0xC1, 0xC9, 0x02, 0xF0, 0x04, 0xA5, 
   0xF0, 0xD0, 0x08, 0xBE, 0xFA, 0xDE, 0xB9, 0x08, 0xDF, 0xD0, 0x1E, 0xC9, 0x01, 0xD0, 0x08, 0xBE, 
   0x16, 0xDF, 0xB9, 0x20, 0xDF, 0xD0, 0x12, 0xC9, 0x02, 0xD0, 0x08, 0xBE, 0x2A, 0xDF, 0xB9, 0x37, 
   0xDF, 0xD0, 0x06, 0xBE, 0x44, 0xDF, 0xB9, 0x52, 0xDF, 0xA4, 0xF4, 0x96, 0xC3, 0x99, 0xC4, 0x00, 
   0xC6, 0xFC, 0x10, 0xA3, 0x4C, 0xC4, 0xDF, 0xA5, 0xB8, 0xC9, 0xD2, 0xB0, 0x04, 0xC9, 0x33, 0xB0, 
   0x09, 0xA9, 0x32, 0x85, 0xB8, 0xA9, 0x00, 0x85, 0xAD, 0x18, 0x60, 0xA0, 0x00, 0x24, 0xAE, 0x10, 
   0x01, 0xC8, 0xA9, 0x10, 0x24, 0x81, 0xF0, 0x02, 0xC8, 0xC8, 0xB6, 0xE8, 0x60, 0xA9, 0x00, 0x85, 
   0xEC, 0xB5, 0x94, 0xC9, 0x0A, 0xD0, 0x2A, 0xB5, 0x98, 0x29, 0x01, 0xF0, 0x0E, 0xB5, 0x98, 0xC9, 
   0x0B, 0x90, 0x04, 0xD6, 0xBD, 0xD6, 0xBD, 0xF6, 0xBD, 0xE6, 0xEC, 0xB4, 0xB2, 0xB5, 0xA0, 0x29, 
   0x08, 0xD0, 0x08, 0xC0, 0xC4, 0xB0, 0x0A, 0xF6, 0xB2, 0xD0, 0x06, 0xC0, 0x40, 0x90, 0x02, 0xD6, 
   0xB2, 0xCA, 0x8A, 0x29, 0x01, 0xF0, 0xCA, 0xA5, 0xEC, 0x60, 0x00, 0x00, 0x1F, 0x3E, 0x5D, 0xBA, 
   0x84, 0x04, 0x9B, 0x7C, 0x65, 0xDC, 0xD9, 0x49, 0xD4, 0xD4, 0xD4, 0xD4, 0xD4, 0xD4, 0xD5, 0xDA, 
   0xD4, 0xD4, 0xD5, 0xD9, 0xD4, 0xD5, 0xA3, 0xA3, 0xC2, 0x00, 0x1F, 0x5D, 0xE0, 0x04, 0x3E, 0x3E, 
   0xD5, 0xD5, 0xD5, 0xD6, 0xD6, 0xD6, 0xD5, 0xDA, 0xD6, 0xD6, 0x7C, 0x7C, 0x9B, 0xBA, 0xD9, 0x5D, 
   0x7C, 0x04, 0x00, 0x1F, 0x3E, 0x3E, 0x3E, 0xD6, 0xD6, 0xD6, 0xD6, 0xD6, 0xD7, 0xD7, 0xDA, 0xD7, 
   0xD7, 0xD7, 0xD7, 0xD7, 0x9B, 0x9B, 0xBA, 0xD9, 0x00, 0x3E, 0x5D, 0x04, 0x1F, 0x1F, 0x1F, 0x1F, 
   0x1F, 0x1F, 0xD7, 0xD7, 0xD7, 0xD7, 0xD8, 0xD8, 0xD8, 0xDA, 0xD8, 0xD8, 0xD8, 0xD8, 0xD8, 0xD8, 
   0xA6, 0xC1, 0xE0, 0x02, 0xF0, 0x0E, 0xA5, 0x91, 0x29, 0x0F, 0xD0, 0x08, 0x24, 0x0C, 0x10, 0x04, 
   0x24, 0x0D, 0x30, 0x00, 0x06, 0x92, 0x46, 0x92, 0x84, 0xA9, 0x84, 0xAC, 0x84, 0xAA, 0xE8, 0x8A, 
   0xC9, 0x03, 0x90, 0x01, 0x98, 0x85, 0xC1, 0x0A, 0x0A, 0x85, 0x81, 0xA5, 0xC1, 0x69, 0xA1, 0x85, 
   0x91, 0xA9, 0xEF, 0x85, 0x90, 0xA9, 0xCD, 0x85, 0x8F, 0xA5, 0xAB, 0x29, 0x03, 0x85, 0xAB, 0xA9, 
   0xC0, 0x85, 0xB0, 0xD0, 0x19, 0x00, 0x00, 0x00, 0x00, 0x00, 0x00, 0x00, 0x00, 0x00, 0x00, 0x00, 
   0x00, 0x00, 0x00, 0x00, 0x00, 0x00, 0x00, 0x00, 0x2C, 0xF8, 0xFF, 0x4C, 0x60, 0xDF, 0x2C, 0xF9, 
   0xFF, 0x4C, 0x6B, 0xF0, 0x2C, 0xF7, 0xFF, 0x4C, 0x53, 0xBF, 0x2C, 0xF8, 0xFF, 0x4C, 0xC4, 0xDA, 
   0x2C, 0xF9, 0xFF, 0x4C, 0x4E, 0xF0, 0x2C, 0xF8, 0xFF, 0x4C, 0x04, 0xD0, 0x2C, 0xF7, 0xFF, 0x4C, 
   0x04, 0xB0, 0x2C, 0xF6, 0xFF, 0x4C, 0xF7, 0x94, 0x2C, 0xF6, 0xFF, 0x4C, 0xD6, 0x92, 0x2C, 0xF6, 
   0xFF, 0x4C, 0xB9, 0x93, 0xEA, 0xEA, 0xEA, 0xEA, 0x4D, 0x4D, 0xEA, 0xEA, 0x00, 0xB0, 0x00, 0xB0, 
   0x2C, 0xF9, 0xFF, 0x58, 0xD8, 0xA2, 0xFF, 0x9A, 0xE8, 0x86, 0xAF, 0xA9, 0x80, 0x85, 0xB0, 0xA9, 
   0x03, 0x85, 0xC1, 0xA9, 0x00, 0x95, 0x00, 0xE8, 0xE0, 0xAF, 0x90, 0xF9, 0xA2, 0x02, 0xBD, 0xEA, 
   0xFE, 0x95, 0xB6, 0xCA, 0x10, 0xF8, 0x20, 0xD1, 0xFC, 0x20, 0x13, 0xFA, 0x20, 0x06, 0xFD, 0xA2, 
   0x5F, 0xA5, 0xC1, 0xC9, 0x03, 0xF0, 0x08, 0xC9, 0x02, 0xD0, 0x02, 0xA2, 0x00, 0x86, 0xAA, 0xA5, 
   0xAB, 0x29, 0x83, 0x85, 0xAB, 0xA9, 0x0C, 0x25, 0x81, 0x85, 0x81, 0x4C, 0xAA, 0xF0, 0x20, 0x13, 
   0xFA, 0xA0, 0x00, 0x84, 0xE0, 0xAD, 0x82, 0x02, 0x4A, 0x90, 0x2C, 0x4A, 0x90, 0x02, 0xB0, 0x3E, 
   0xA5, 0xB1, 0xF0, 0x04, 0xC6, 0xB1, 0x10, 0x42, 0x4C, 0xB8, 0xFF, 0xB0, 0x0E, 0xA9, 0xAA, 0x85, 
   0x8C, 0x85, 0x8D, 0x85, 0x8E, 0x20, 0x06, 0xFD, 0x20, 0xE2, 0xFC, 0xA9, 0x40, 0x24, 0xAF, 0x70, 
   0x02, 0x85, 0xAF, 0xA0, 0x25, 0xD0, 0x17, 0x24, 0xAF, 0x30, 0x1F, 0xA2, 0x82, 0x86, 0xB0, 0xA9, 
   0xC0, 0x85, 0xAF, 0xA5, 0x81, 0x4A, 0x4A, 0x29, 0x03, 0x85, 0xC1, 0x4C, 0x13, 0xF0, 0x84, 0xB1, 
   0x24, 0xAF, 0x10, 0x06, 0x84, 0xB0, 0xA9, 0x40, 0x85, 0xAF, 0xA9, 0x00, 0x85, 0xC7, 0xA2, 0x1E, 
   0x86, 0xF5, 0xA5, 0x80, 0x29, 0x01, 0x85, 0xC3, 0xA6, 0xE8, 0xA4, 0xEA, 0xB5, 0xA0, 0x39, 0xA0, 
   0x00, 0x49, 0x02, 0x29, 0x02, 0x85, 0xCB, 0xA6, 0xE9, 0xA4, 0xEB, 0xB5, 0xA0, 0x39, 0xA0, 0x00, 
   0x49, 0x02, 0x29, 0x02, 0x85, 0xC9, 0xA6, 0xAC, 0x86, 0xEF, 0xE0, 0x12, 0xD0, 0x11, 0xA4, 0xC1, 
   0xC0, 0x02, 0xF0, 0x0B, 0xA5, 0xAB, 0x0A, 0x10, 0x06, 0xA9, 0x03, 0x85, 0xF0, 0xD0, 0x08, 0xBD, 
   0x74, 0xFF, 0x85, 0xF0, 0xBD, 0x97, 0xFF, 0x85, 0xF1, 0xA9, 0x00, 0xA4, 0xC1, 0xBE, 0x04, 0xFF, 
   0xD0, 0x06, 0xA5, 0x92, 0x2A, 0x2A, 0x29, 0x01, 0x85, 0xE7, 0xA5, 0x80, 0x29, 0x03, 0xD0, 0x21, 
   0xA5, 0xAB, 0x29, 0x30, 0xF0, 0x1B, 0x38, 0xE9, 0x10, 0x85, 0xFC, 0xA5, 0xAB, 0x29, 0xCF, 0x05, 
   0xFC, 0x85, 0xAB, 0xA5, 0xFC, 0xD0, 0x0A, 0xA9, 0x03, 0x85, 0xC1, 0xA9, 0x80, 0x05, 0xAB, 0x85, 
   0xAB, 0xA5, 0xC1, 0xC9, 0x03, 0xD0, 0x28, 0x24, 0xAB, 0x30, 0x2D, 0xA9, 0x67, 0xA2, 0x89, 0xA0, 
   0xAB, 0x24, 0x80, 0x30, 0x06, 0xA9, 0xC1, 0xA2, 0x23, 0xA0, 0x45, 0x85, 0x8F, 0x86, 0x90, 0x84, 
   0x91, 0xA9, 0xAB, 0x85, 0x8C, 0xA9, 0x19, 0x85, 0x8D, 0xA9, 0x89, 0x85, 0x8E, 0xD0, 0x09, 0xA5, 
   0x91, 0x29, 0x0F, 0xF0, 0x03, 0x4C, 0x17, 0xF2, 0xA5, 0xAB, 0x29, 0x0C, 0xF0, 0x0B, 0xC9, 0x04, 
   0xF0, 0x27, 0xA9, 0x37, 0x85, 0xAA, 0x4C, 0x23, 0xF2, 0xA5, 0xAC, 0xC9, 0x12, 0xD0, 0x0C, 0xA4, 
   0xC1, 0xC0, 0x02, 0xF0, 0x0E, 0xC0, 0x05, 0xD0, 0x69, 0xA5, 0xC9, 0xD0, 0x65, 0xA5, 0xCB, 0xF0, 
   0x61, 0xD0, 0x06, 0xA5, 0xCB, 0x25, 0xC9, 0xD0, 0x59, 0xA9, 0x01, 0x85, 0xE0, 0xA5, 0xAB, 0x09, 
   0x04, 0x85, 0xAB, 0xA5, 0x80, 0x29, 0x03, 0xD0, 0x74, 0x20, 0xE2, 0xFC, 0xA2, 0x01, 0xA5, 0xA0, 
   0x29, 0x02, 0xD0, 0x01, 0xCA, 0x24, 0xAB, 0x30, 0x20, 0xA9, 0x80, 0xD5, 0xB2, 0xD0, 0x20, 0xA9, 
   0x0A, 0x95, 0xA0, 0xB4, 0xBD, 0x8A, 0x49, 0x01, 0xAA, 0x94, 0xBD, 0xA9, 0x31, 0x95, 0xB2, 0xA9, 
   0x80, 0x05, 0xAB, 0x85, 0xAB, 0xA9, 0x00, 0x95, 0xA0, 0xA9, 0x7E, 0xD5, 0xB2, 0xF0, 0x03, 0x4C, 
   0xEB, 0xFC, 0xA5, 0x80, 0xD0, 0x37, 0xA9, 0x03, 0x85, 0xC1, 0xA9, 0x3C, 0x05, 0xAB, 0x85, 0xAB, 
   0xD0, 0x2B, 0xA6, 0xC1, 0xE0, 0x03, 0xF0, 0x16, 0xA5, 0xCB, 0xF0, 0x08, 0xE0, 0x02, 0xD0, 0x23, 
   0xA5, 0xC9, 0xD0, 0x1F, 0xA5, 0xAB, 0x09, 0x38, 0x85, 0xAB, 0xA9, 0x37, 0x85, 0xAA, 0xA2, 0x03, 
   0xA9, 0x02, 0x95, 0xA0, 0xCA, 0x10, 0xFB, 0x20, 0x5D, 0xFD, 0x20, 0x69, 0xFD, 0x20, 0xC5, 0xFD, 
   0x4C, 0x61, 0xF9, 0xA2, 0x00, 0xB5, 0x8F, 0x29, 0xF0, 0xC9, 0xA0, 0xD0, 0x15, 0xB5, 0x8F, 0x29, 
   0x0F, 0x95, 0x8F, 0xC9, 0x0A, 0xD0, 0x0B, 0xE0, 0x02, 0xF0, 0x07, 0xA9, 0x00, 0x95, 0x8F, 0xE8, 
   0xD0, 0xE3, 0xA5, 0xC2, 0x29, 0xF0, 0xC9, 0xA0, 0xD0, 0x06, 0xA5, 0xC2, 0x29, 0x0F, 0x85, 0xC2, 
   0xA4, 0xAA, 0xF0, 0x35, 0xC0, 0x60, 0xF0, 0x10, 0xC0, 0xBE, 0xD0, 0x0F, 0xA5, 0x80, 0x29, 0xC0, 
   0x85, 0x80, 0x29, 0x01, 0x85, 0xC3, 0xF0, 0x03, 0x20, 0x2B, 0xFA, 0xA5, 0xAA, 0xC9, 0x19, 0x90, 
   0x03, 0x4C, 0xD9, 0xF4, 0xA2, 0xFF, 0x86, 0xF7, 0xA5, 0x80, 0x29, 0x02, 0xD0, 0x1E, 0xA4, 0xE8, 
   0xB9, 0xB2, 0x00, 0xC9, 0x60, 0x90, 0x13, 0xB0, 0x13, 0xA5, 0xCB, 0xF0, 0x14, 0xA5, 0xC1, 0xC9, 
   0x02, 0xF0, 0x0E, 0xA5, 0xC9, 0xD0, 0x0A, 0x20, 0x69, 0xFD, 0xA2, 0x77, 0x86, 0xF6, 0x4C, 0x76, 
   0xF3, 0xA5, 0x80, 0xD0, 0x4D, 0xA5, 0xC2, 0xF0, 0x49, 0xF8, 0x38, 0xE9, 0x01, 0x85, 0xC2, 0xD8, 
   0xD0, 0x40, 0xA2, 0x03, 0x15, 0xA0, 0xCA, 0x10, 0xFB, 0x29, 0xE0, 0xF0, 0x04, 0xE6, 0xC2, 0xD0, 
   0x31, 0xA6, 0xC1, 0xA4, 0xE8, 0xB9, 0xA0, 0x00, 0x09, 0xE0, 0x99, 0xA0, 0x00, 0xB9, 0x9C, 0x00, 
   0x29, 0xF0, 0x99, 0x9C, 0x00, 0xA4, 0xEA, 0xE0, 0x02, 0xD0, 0x02, 0xA4, 0xE9, 0xB9, 0xA0, 0x00, 
   0x09, 0xE0, 0x99, 0xA0, 0x00, 0xB9, 0x9C, 0x00, 0x29, 0xF0, 0x99, 0x9C, 0x00, 0xA9, 0x02, 0x20, 
   0xE0, 0xFE, 0x24, 0x0C, 0x10, 0x04, 0x06, 0x81, 0x46, 0x81, 0x24, 0x0D, 0x10, 0x06, 0xA9, 0xBF, 
   0x25, 0x81, 0x85, 0x81, 0xA5, 0x0D, 0x85, 0xF7, 0xA5, 0x0C, 0x0A, 0x66, 0xF7, 0xA6, 0xC3, 0xA5, 
   0xE7, 0xF0, 0x05, 0xCA, 0xF0, 0x02, 0xE8, 0xE8, 0xA5, 0xF7, 0x1D, 0x61, 0xFF, 0x85, 0xE5, 0xA5, 
   0x81, 0x1D, 0x61, 0xFF, 0x05, 0xF7, 0x85, 0xF7, 0xA5, 0xE5, 0x49, 0xC0, 0x29, 0xC0, 0x05, 0x81, 
   0x85, 0x81, 0xAD, 0x80, 0x02, 0x85, 0xF6, 0xA4, 0xC1, 0xB9, 0xCB, 0xFC, 0x85, 0xEE, 0xA5, 0xC3, 
   0xD0, 0x0D, 0xBE, 0x07, 0xFF, 0xB5, 0xE8, 0x85, 0xCD, 0xA5, 0xE7, 0xD0, 0x1C, 0xF0, 0x38, 0xBE, 
   0x4B, 0xFF, 0xE0, 0x70, 0xF0, 0x10, 0xB5, 0xE8, 0x85, 0xCD, 0xC0, 0x01, 0xF0, 0x0B, 0xC0, 0x02, 
   0xD0, 0x25, 0xE6, 0xC7, 0xD0, 0x03, 0x4C, 0xCC, 0xF4, 0x06, 0xF7, 0x06, 0xF6, 0x06, 0xF6, 0x06, 
   0xF6, 0x06, 0xF6, 0x4C, 0x87, 0xF3, 0xA5, 0xC3, 0xD0, 0x07, 0xA4, 0xC7, 0xB6, 0xE8, 0x4C, 0x85, 
   0xF3, 0xA4, 0xC7, 0xB6, 0xEA, 0x86, 0xCD, 0xA6, 0xCD, 0xB5, 0xA0, 0x29, 0xE2, 0xF0, 0x03, 0x4C, 
   0xCC, 0xF4, 0xB5, 0x94, 0xC9, 0x05, 0xB0, 0xF7, 0x24, 0xF7, 0x30, 0x59, 0xB5, 0x98, 0xC9, 0x06, 
   0xB0, 0xED, 0xA5, 0xF6, 0x4A, 0x4A, 0x4A, 0x4A, 0x29, 0x03, 0x85, 0xE1, 0xA4, 0xC1, 0xC0, 0x02, 
   0xF0, 0x04, 0xA4, 0xC7, 0xD0, 0x04, 0xC9, 0x01, 0xF0, 0x2C, 0x20, 0xA6, 0xF9, 0xB0, 0x27, 0xA5, 
   0xF0, 0xC9, 0x03, 0xF0, 0x21, 0xA5, 0xC1, 0xC9, 0x02, 0xF0, 0x0C, 0xA5, 0x81, 0x29, 0x10, 0x05, 
   0xC3, 0xF0, 0x04, 0xC9, 0x11, 0xD0, 0x0F, 0xA0, 0x01, 0xC4, 0xA9, 0xD0, 0x09, 0xE6, 0xA9, 0xA4, 
   0xA8, 0xB9, 0xF8, 0xFE, 0x85, 0xE1, 0xA9, 0x0F, 0x95, 0x98, 0xA5, 0xF6, 0xC9, 0xF0, 0x90, 0x05, 
   0x06, 0xF6, 0x4C, 0x03, 0xF4, 0x06, 0xF6, 0xB0, 0x46, 0xA9, 0xF7, 0x35, 0xA0, 0x95, 0xA0, 0x24, 
   0xF7, 0x30, 0x09, 0xA4, 0xE1, 0xB9, 0xF2, 0xFE, 0x95, 0x94, 0xD0, 0x33, 0xF6, 0xB2, 0xB5, 0xB2, 
   0xC9, 0xC5, 0x90, 0x28, 0xD6, 0xB2, 0xA5, 0xC9, 0xD0, 0x25, 0xA5, 0xC1, 0xC9, 0x02, 0xF0, 0x1F, 
   0xA4, 0xAC, 0xC0, 0x12, 0xF0, 0x19, 0xE6, 0xAC, 0xB9, 0x86, 0xFF, 0x85, 0xAA, 0xA9, 0x40, 0xA6, 
   0xEA, 0x95, 0xB2, 0xA6, 0xE8, 0x95, 0xB2, 0x20, 0x69, 0xFD, 0xA6, 0xCD, 0x20, 0x00, 0xFA, 0x06, 
   0xF6, 0xB0, 0x22, 0xA9, 0x08, 0x15, 0xA0, 0x95, 0xA0, 0x24, 0xF7, 0x30, 0x09, 0xA4, 0xE1, 0xB9, 
   0xF2, 0xFE, 0x95, 0x94, 0xD0, 0x0F, 0xD6, 0xB2, 0xB5, 0xB2, 0xC9, 0x3F, 0xB0, 0x04, 0xF6, 0xB2, 
   0xD0, 0x03, 0x20, 0x00, 0xFA, 0x06, 0xF6, 0xB0, 0x15, 0x24, 0xF7, 0x30, 0x06, 0xA9, 0x09, 0x95, 
   0x94, 0xD0, 0x0B, 0xB5, 0xBD, 0xC5, 0xEE, 0xB0, 0x05, 0xF6, 0xBD, 0x20, 0x00, 0xFA, 0x06, 0xF6, 
   0xB0, 0x4A, 0x24, 0xF7, 0x30, 0x30, 0xB5, 0x94, 0xC9, 0x0B, 0xF0, 0x40, 0xA5, 0xC1, 0xC9, 0x02, 
   0xF0, 0x0C, 0xA5, 0x81, 0x29, 0x10, 0x05, 0xC3, 0xF0, 0x04, 0xC9, 0x11, 0xD0, 0x0E, 0x20, 0xA6, 
   0xF9, 0xB0, 0x09, 0xA4, 0xE1, 0xB9, 0xF2, 0xFE, 0x95, 0x94, 0xD0, 0x20, 0xA9, 0x0A, 0x95, 0x94, 
   0xA9, 0x15, 0x95, 0x98, 0xD0, 0x16, 0x20, 0xA6, 0xF9, 0xB5, 0xBD, 0xB0, 0x06, 0xC9, 0x21, 0x90, 
   0x0B, 0xB0, 0x04, 0xC5, 0xF5, 0x90, 0x05, 0xD6, 0xBD, 0x20, 0x00, 0xFA, 0xA5, 0xC7, 0xD0, 0x09, 
   0xA4, 0xC1, 0xC0, 0x02, 0xF0, 0x03, 0x4C, 0x86, 0xFA, 0xA6, 0xAA, 0xF0, 0x2B, 0xE0, 0x60, 0xD0, 
   0x04, 0xE6, 0xAC, 0xD0, 0x0E, 0xE0, 0xBF, 0xF0, 0x08, 0xA5, 0x80, 0x29, 0x03, 0xD0, 0x19, 0xF0, 
   0x02, 0xC6, 0xAC, 0xC6, 0xAA, 0xA5, 0xAC, 0xC9, 0x0A, 0xD0, 0x0D, 0xE0, 0x91, 0xD0, 0x09, 0xA2, 
   0x19, 0x86, 0xAA, 0xE6, 0xAC, 0x20, 0x2B, 0xFA, 0xA4, 0xC1, 0xD0, 0x15, 0xA6, 0xE8, 0xB5, 0xBD, 
   0xC9, 0x45, 0xD0, 0x48, 0xA4, 0xEA, 0xA9, 0x1D, 0x20, 0xDA, 0xF9, 0xA0, 0x04, 0x84, 0xC1, 0xD0, 
   0x3B, 0xC0, 0x04, 0xD0, 0x37, 0xA6, 0xEA, 0xB5, 0x94, 0xC9, 0x0A, 0xD0, 0x08, 0xB5, 0x98, 0xC9, 
   0x0B, 0x90, 0x29, 0xB0, 0x10, 0xAD, 0x80, 0x02, 0xA6, 0xE7, 0xD0, 0x06, 0x29, 0x10, 0xD0, 0x1C, 
   0xF0, 0x03, 0x4A, 0xB0, 0x17, 0xA6, 0xEA, 0xB5, 0xBD, 0xC9, 0x1D, 0xD0, 0x0F, 0xA4, 0xE8, 0xA9, 
   0x44, 0x20, 0xDA, 0xF9, 0xA9, 0x99, 0x95, 0xBD, 0xA0, 0x00, 0x84, 0xC1, 0xA6, 0xAC, 0xE4, 0xEF, 
   0xF0, 0x59, 0xC0, 0x05, 0xD0, 0x22, 0xA6, 0xE8, 0xA4, 0xEA, 0xB5, 0xBD, 0xC9, 0x44, 0x90, 0x0F, 
   0xE9, 0x2C, 0xC9, 0x1D, 0xB0, 0x02, 0xA9, 0x1D, 0x20, 0xDA, 0xF9, 0xA9, 0x04, 0xD0, 0x07, 0xA9, 
   0x45, 0x99, 0xBD, 0x00, 0xA9, 0x00, 0x85, 0xC1, 0xA6, 0xAC, 0xBD, 0x38, 0xFF, 0xA6, 0xE9, 0xA4, 
   0xEB, 0x95, 0x9C, 0x99, 0x9C, 0x00, 0xA6, 0xF0, 0xBD, 0x6A, 0xFF, 0xA6, 0xE9, 0x95, 0xA4, 0x99, 
   0xA4, 0x00, 0xA9, 0x08, 0x95, 0xA0, 0x99, 0xA0, 0x00, 0xE6, 0xC9, 0xA5, 0x81, 0x29, 0xEF, 0x85, 
   0x81, 0xA9, 0x04, 0x85, 0xA8, 0x20, 0xE2, 0xFC, 0x20, 0xD1, 0xFC, 0xA4, 0xC3, 0xBE, 0x05, 0xFF, 
   0xB5, 0xA0, 0x29, 0xE0, 0xF0, 0x04, 0xB5, 0x98, 0xF0, 0x03, 0x4C, 0x1D, 0xF7, 0xA5, 0x80, 0x29, 
   0x10, 0xF0, 0x06, 0xA9, 0x07, 0x95, 0x94, 0xD0, 0xF1, 0xA9, 0x06, 0x95, 0x94, 0xA5, 0x80, 0x29, 
   0x0E, 0xD0, 0xE7, 0xB5, 0xA0, 0x29, 0xE0, 0x38, 0xE9, 0x20, 0x85, 0xE4, 0xB5, 0xA0, 0x29, 0x1F, 
   0x05, 0xE4, 0x95, 0xA0, 0xA5, 0xE4, 0xD0, 0xD2, 0xB5, 0xE8, 0x29, 0x01, 0x85, 0xC7, 0xA5, 0xA8, 
   0xC9, 0x04, 0x90, 0x05, 0x20, 0xD1, 0xFC, 0xB0, 0x58, 0xA5, 0xC7, 0xF0, 0x54, 0xA5, 0xB8, 0xC9, 
   0x32, 0xD0, 0x4E, 0xA5, 0xC1, 0xF0, 0x25, 0xC9, 0x04, 0xF0, 0x21, 0xC9, 0x05, 0xF0, 0x12, 0xC9, 
   0x01, 0xD0, 0x3E, 0xA5, 0x81, 0xE0, 0x02, 0x90, 0x04, 0x09, 0x10, 0xD0, 0x02, 0x29, 0xEF, 0x85, 
   0x81, 0xB5, 0x9C, 0x29, 0xF0, 0xF0, 0x2A, 0x20, 0xCD, 0xF9, 0xD0, 0x25, 0xA4, 0xE9, 0xE0, 0x02, 
   0xB0, 0x02, 0xA4, 0xEB, 0xB5, 0x9C, 0x29, 0xF0, 0x85, 0xE4, 0xB9, 0x9C, 0x00, 0x29, 0xF0, 0x18, 
   0x65, 0xE4, 0x85, 0xE4, 0xB9, 0x9C, 0x00, 0x29, 0x0F, 0x05, 0xE4, 0x99, 0x9C, 0x00, 0x4C, 0xBD, 
   0xF6, 0xB5, 0x9C, 0x29, 0xF0, 0xD0, 0x5E, 0xA5, 0xAC, 0xC9, 0x12, 0xD0, 0x50, 0xA5, 0xAB, 0x0A, 
   0x30, 0x4B, 0xA5, 0xC7, 0xF0, 0x47, 0xA5, 0xC1, 0xC9, 0x05, 0xF0, 0x2D, 0xC9, 0x01, 0xD0, 0x3D, 
   0xA5, 0x81, 0xA4, 0xEB, 0xE0, 0x02, 0x90, 0x06, 0xA4, 0xE9, 0x09, 0x10, 0xD0, 0x02, 0x29, 0xEF, 
   0x85, 0x81, 0xB9, 0xA0, 0x00, 0x29, 0x02, 0xF0, 0x24, 0xB9, 0xA0, 0x00, 0x29, 0x0D, 0x99, 0xA0, 
   0x00, 0xA9, 0x0F, 0x99, 0x9C, 0x00, 0x99, 0xA4, 0x00, 0xA5, 0xAB, 0x09, 0x40, 0x85, 0xAB, 0xA9, 
   0x03, 0x20, 0xDA, 0xFC, 0x20, 0xCD, 0xF9, 0xA9, 0x10, 0x95, 0x9C, 0xD0, 0x08, 0xA9, 0x02, 0x15, 
   0xA0, 0x95, 0xA0, 0xD0, 0x54, 0x38, 0xE9, 0x10, 0x95, 0x9C, 0xA5, 0xC1, 0xC9, 0x02, 0xF0, 0x0B, 
   0xA5, 0xC7, 0xF0, 0x07, 0xA4, 0xF0, 0xB9, 0x6A, 0xFF, 0xD0, 0x02, 0xA9, 0x03, 0x95, 0xA4, 0xA4, 
   0xAC, 0xA5, 0xC7, 0xF0, 0x07, 0xB9, 0x38, 0xFF, 0x29, 0x0F, 0xD0, 0x0B, 0xA5, 0xC2, 0xD0, 0x05, 
   0xB9, 0x4E, 0xFF, 0x85, 0xC2, 0xA9, 0x05, 0x85, 0xF6, 0xB5, 0x9C, 0x29, 0xF0, 0x05, 0xF6, 0x95, 
   0x9C, 0xA5, 0xC1, 0xC9, 0x02, 0xF0, 0x04, 0xA5, 0xC7, 0xD0, 0x04, 0xA9, 0x81, 0xD0, 0x0C, 0xA9, 
   0x24, 0x95, 0xBD, 0xA9, 0xD1, 0x24, 0x80, 0x10, 0x02, 0xA9, 0x31, 0x95, 0xB2, 0xBD, 0x75, 0xFF, 
   0xF0, 0x04, 0xCA, 0x4C, 0xC0, 0xF5, 0xA5, 0xC1, 0xC9, 0x01, 0xD0, 0x3B, 0xA6, 0xE8, 0xB5, 0xA0, 
   0x29, 0x02, 0xD0, 0x0C, 0xA6, 0xEA, 0xB5, 0xA0, 0x29, 0x02, 0xF0, 0x65, 0xA0, 0x00, 0xF0, 0x06, 
   0xA9, 0x01, 0x85, 0xE7, 0xA0, 0x04, 0xA5, 0xF0, 0xC9, 0x03, 0xF0, 0x06, 0xA5, 0xB8, 0xC9, 0x32, 
   0xF0, 0x61, 0xBD, 0x1A, 0xFF, 0xAA, 0xB5, 0xB2, 0xC9, 0xD1, 0xF0, 0x0D, 0xB5, 0xA0, 0x29, 0xF7, 
   0x95, 0xA0, 0x20, 0x00, 0xFA, 0xF6, 0xB2, 0xD0, 0x57, 0xA5, 0xA9, 0xC9, 0x02, 0xB0, 0x51, 0x84, 
   0xC1, 0xA9, 0x02, 0x95, 0xA0, 0xB5, 0x9C, 0x29, 0xF0, 0x85, 0xF6, 0xC0, 0x04, 0xD0, 0x04, 0xA4, 
   0xEB, 0xD0, 0x02, 0xA4, 0xE9, 0xB9, 0x9C, 0x00, 0x18, 0x65, 0xF6, 0x99, 0x9C, 0x00, 0xBD, 0x1A, 
   0xFF, 0xAA, 0xA5, 0x81, 0x29, 0x10, 0xD0, 0x20, 0xA5, 0xB6, 0xE9, 0x28, 0x85, 0xB6, 0x4C, 0xB8, 
   0xF7, 0xA5, 0xC9, 0xD0, 0x0B, 0xA6, 0xAC, 0xE0, 0x12, 0xD0, 0x05, 0xE6, 0xC1, 0x20, 0x80, 0xFD, 
   0x4C, 0xFE, 0xF7, 0x84, 0xC1, 0x20, 0xD1, 0xFC, 0xA9, 0x99, 0x95, 0xBD, 0xA9, 0x02, 0x95, 0xA0, 
   0xA4, 0xC1, 0xD0, 0x17, 0xA4, 0xE9, 0xB9, 0xA0, 0x00, 0x29, 0x02, 0xD0, 0x09, 0xA4, 0xEB, 0xB9, 
   0xA0, 0x00, 0x29, 0x02, 0xF0, 0x05, 0xA6, 0xEB, 0x20, 0xB4, 0xF9, 0xA4, 0xC1, 0xC0, 0x04, 0xD0, 
   0x1D, 0xA6, 0xEB, 0xB5, 0xA0, 0x29, 0x02, 0xD0, 0x0E, 0xA4, 0xE9, 0xB9, 0xA0, 0x00, 0x29, 0x02, 
   0xF0, 0x0C, 0xA6, 0xEB, 0x20, 0xD5, 0xF9, 0xA4, 0xE8, 0xA6, 0xEA, 0x20, 0xB4, 0xF9, 0xA5, 0x81, 
   0x29, 0x03, 0xF0, 0x66, 0xAA, 0xA9, 0x10, 0x24, 0x81, 0xF0, 0x02, 0xE8, 0xE8, 0xCA, 0xB5, 0xE8, 
   0xAA, 0x86, 0xC5, 0xA4, 0xA8, 0xB9, 0xED, 0xFE, 0x85, 0xCD, 0xB5, 0xE8, 0x29, 0x01, 0xF0, 0x2A, 
   0xA5, 0xC1, 0xC9, 0x02, 0xF0, 0x24, 0xA4, 0xA8, 0xF0, 0x20, 0xA9, 0x01, 0x95, 0xA4, 0xC0, 0x04, 
   0xD0, 0x06, 0xA9, 0x00, 0x85, 0xE4, 0xF0, 0x0A, 0xB5, 0x9C, 0x29, 0x0F, 0x85, 0xE4, 0xF0, 0x0A, 
   0xC6, 0xE4, 0xB5, 0x9C, 0x29, 0xF0, 0x05, 0xE4, 0x95, 0x9C, 0xBC, 0x1A, 0xFF, 0x20, 0xE4, 0xFD, 
   0xA5, 0x81, 0xA6, 0xC1, 0xE0, 0x01, 0xD0, 0x0E, 0xA6, 0xA8, 0xE0, 0x03, 0xD0, 0x08, 0xA6, 0xA9, 
   0xE0, 0x01, 0xD0, 0x02, 0x49, 0x10, 0x29, 0xFC, 0x85, 0x81, 0xA5, 0xC1, 0xF0, 0x03, 0x4C, 0xC0, 
   0xF8, 0xA5, 0xC3, 0xD0, 0x0A, 0x85, 0xC5, 0xA6, 0xE8, 0xD0, 0xF3, 0xA4, 0xEB, 0xD0, 0x0A, 0xA9, 
   0x03, 0x85, 0xC5, 0xA6, 0xEB, 0xA4, 0xE8, 0xD0, 0xE5, 0xB9, 0x94, 0x00, 0x85, 0xCD, 0xC9, 0x08, 
   0x90, 0x2E, 0xB5, 0x94, 0xC9, 0x05, 0x90, 0x04, 0xC9, 0x08, 0x90, 0x24, 0x18, 0xA5, 0xC5, 0xF0, 
   0x0C, 0xB5, 0xBD, 0x69, 0x2D, 0xF9, 0xBD, 0x00, 0xC9, 0x0F, 0x4C, 0xB6, 0xF8, 0xB9, 0xBD, 0x00, 
   0x69, 0x2D, 0xF5, 0xBD, 0xC9, 0x16, 0xB0, 0x08, 0x20, 0x64, 0xF9, 0xB0, 0x03, 0x4C, 0x1D, 0xF2, 
   0x20, 0xC5, 0xFD, 0xA5, 0xC3, 0xD0, 0x04, 0xA9, 0x01, 0xD0, 0x02, 0xA9, 0x03, 0x85, 0xC5, 0xA9, 
   0x01, 0x85, 0xD2, 0xA5, 0xC5, 0xAA, 0x49, 0x01, 0xA8, 0xB9, 0x94, 0x00, 0x85, 0xCD, 0xC9, 0x08, 
   0x90, 0x0A, 0xB5, 0x94, 0xC9, 0x05, 0x90, 0x07, 0xC9, 0x08, 0xB0, 0x03, 0x4C, 0x58, 0xF9, 0xB5, 
   0xBD, 0xD9, 0xBD, 0x00, 0x90, 0x06, 0xF9, 0xBD, 0x00, 0x4C, 0x02, 0xF9, 0xB9, 0xBD, 0x00, 0x38, 
   0xF5, 0xBD, 0xC9, 0x12, 0xB0, 0xE6, 0x20, 0x64, 0xF9, 0xB0, 0x4D, 0xA5, 0x81, 0x29, 0x10, 0x05, 
   0xC5, 0x29, 0x12, 0xF0, 0x04, 0xC9, 0x12, 0xD0, 0x48, 0x20, 0xA6, 0xF9, 0xB0, 0x43, 0xA0, 0x03, 
   0xC4, 0xA8, 0xF0, 0x3D, 0xC4, 0xA9, 0xF0, 0x39, 0xA9, 0x0B, 0x85, 0xAD, 0xA5, 0xA8, 0xC9, 0x02, 
   0xB0, 0x21, 0xA2, 0x00, 0x24, 0xAE, 0x10, 0x01, 0xE8, 0xA9, 0x10, 0x24, 0x81, 0xF0, 0x02, 0xE8, 
   0xE8, 0xB5, 0xE8, 0xAA, 0xB5, 0xBD, 0xE9, 0x17, 0x18, 0x69, 0xF5, 0x18, 0xA6, 0xC1, 0x7D, 0x6E, 
   0xFF, 0x85, 0xB6, 0x84, 0xA9, 0x4C, 0x61, 0xF9, 0xC6, 0xC5, 0xC6, 0xD2, 0x30, 0x03, 0x4C, 0xD3, 
   0xF8, 0x4C, 0xCA, 0xFF, 0xB9, 0xB2, 0x00, 0xD5, 0xB2, 0xB0, 0x1E, 0x69, 0x08, 0xD5, 0xB2, 0x90, 
   0x2F, 0xA5, 0xCD, 0xC9, 0x0B, 0xD0, 0x08, 0xB9, 0xA0, 0x00, 0x49, 0x08, 0x4C, 0x82, 0xF9, 0xB9, 
   0xA0, 0x00, 0x29, 0x08, 0xD0, 0x1A, 0x4C, 0xE4, 0xFD, 0xE9, 0x08, 0xD5, 0xB2, 0xB0, 0x11, 0xA5, 
   0xCD, 0xC9, 0x0B, 0xF0, 0xEA, 0xD0, 0xE0, 0xA5, 0xC7, 0x4A, 0x24, 0xAE, 0x10, 0x04, 0xB0, 0x04, 
   0x38, 0x60, 0xB0, 0xFC, 0x18, 0x60, 0xA4, 0xA9, 0xF0, 0xF6, 0xC0, 0x02, 0x90, 0xE9, 0xA4, 0xA8, 
   0xD0, 0xEE, 0xF0, 0xE3, 0xA9, 0x05, 0x85, 0xC1, 0x20, 0xD5, 0xF9, 0x85, 0xA2, 0x85, 0xA3, 0xA5, 
   0x81, 0x29, 0xEF, 0x85, 0x81, 0xA9, 0x03, 0xC5, 0xF0, 0xD0, 0x09, 0x85, 0xA8, 0x38, 0x66, 0xAE, 
   0xA9, 0x01, 0x85, 0xA9, 0x60, 0xB5, 0xBD, 0x18, 0x69, 0x29, 0x99, 0xBD, 0x00, 0xB5, 0xB2, 0x99, 
   0xB2, 0x00, 0xB5, 0x94, 0x99, 0x94, 0x00, 0xB5, 0x98, 0x99, 0x98, 0x00, 0xB5, 0xA0, 0x99, 0xA0, 
   0x00, 0xB5, 0x9C, 0x99, 0x9C, 0x00, 0xB5, 0xA4, 0x99, 0xA4, 0x00, 0xA9, 0x02, 0x95, 0xA0, 0x60, 
   0xB5, 0x98, 0xD0, 0x0E, 0xA9, 0x06, 0x95, 0x98, 0xD6, 0x94, 0x30, 0x02, 0xD0, 0x04, 0xA9, 0x04, 
   0x95, 0x94, 0x60, 0xA5, 0xAB, 0x29, 0x01, 0x85, 0xE8, 0x49, 0x01, 0x85, 0xE9, 0xA5, 0xAB, 0x4A, 
   0x29, 0x01, 0x09, 0x02, 0x85, 0xEA, 0x49, 0x01, 0x85, 0xEB, 0x60, 0x20, 0x5D, 0xFD, 0x20, 0x69, 
   0xFD, 0xA9, 0x08, 0x95, 0xA0, 0x99, 0xA0, 0x00, 0xA6, 0xAC, 0xBD, 0x4E, 0xFF, 0x85, 0xC2, 0xF8, 
   0xA0, 0x02, 0xB6, 0xE8, 0xB5, 0xA0, 0x29, 0x02, 0xD0, 0x36, 0xB5, 0x9C, 0x29, 0xF0, 0x09, 0x05, 
   0x95, 0x9C, 0xA6, 0xAC, 0xBD, 0xA8, 0xFF, 0xA6, 0xE7, 0xD0, 0x16, 0xB6, 0xE8, 0xC0, 0x00, 0xD0, 
   0x10, 0x18, 0x65, 0x8D, 0x85, 0x8D, 0x90, 0x18, 0xA5, 0x8C, 0x69, 0x00, 0x85, 0x8C, 0x4C, 0x80, 
   0xFA, 0xB6, 0xE8, 0x18, 0x65, 0x90, 0x85, 0x90, 0x90, 0x06, 0xA5, 0x8F, 0x69, 0x00, 0x85, 0x8F, 
   0x88, 0x88, 0xF0, 0xBE, 0xD8, 0x60, 0xA9, 0xFF, 0x85, 0xF6, 0x85, 0xF7, 0xE6, 0xC7, 0xA9, 0x01, 
   0xC5, 0xA9, 0xD0, 0x24, 0xA4, 0xA8, 0xF0, 0x5A, 0xB9, 0x66, 0xFF, 0x85, 0xE4, 0x0A, 0x85, 0xE5, 
   0xA6, 0xE9, 0xA4, 0xE8, 0xA9, 0x10, 0x25, 0x81, 0x05, 0xC3, 0xF0, 0x08, 0xC9, 0x11, 0xD0, 0x08, 
   0xA6, 0xEB, 0xA4, 0xEA, 0xB5, 0xA0, 0x29, 0xE2, 0xD0, 0x5F, 0xB5, 0x98, 0xC9, 0x06, 0xB0, 0x59, 
   0xB5, 0xB2, 0x18, 0x65, 0xE4, 0x38, 0xF9, 0xB2, 0x00, 0xC5, 0xE5, 0xB0, 0x4C, 0xB5, 0xB2, 0x69, 
   0x11, 0xF9, 0xB2, 0x00, 0xC9, 0x21, 0x90, 0x41, 0xB5, 0xBD, 0x69, 0x08, 0xF9, 0xBD, 0x00, 0xC9, 
   0x10, 0xB0, 0x36, 0xB5, 0xB2, 0xC9, 0xC5, 0xB0, 0x30, 0xD9, 0xB2, 0x00, 0xB5, 0xA0, 0x29, 0x08, 
   0x90, 0x03, 0xF0, 0x25, 0x2C, 0xD0, 0x22, 0x24, 0xAE, 0x10, 0x1E, 0xB5, 0x94, 0xC9, 0x05, 0xB0, 
   0x18, 0xB9, 0x94, 0x00, 0xC9, 0x05, 0x90, 0x04, 0xC9, 0x08, 0x90, 0x0D, 0xA5, 0x80, 0xC9, 0xD0, 
   0xB0, 0x07, 0xA0, 0x00, 0x84, 0xAD, 0x4C, 0xD7, 0xF3, 0xA6, 0xC1, 0xBD, 0xC8, 0xFC, 0x85, 0xEE, 
   0xA5, 0xC3, 0xF0, 0x08, 0xA6, 0xEB, 0xA4, 0xEA, 0xA9, 0x00, 0xF0, 0x06, 0xA6, 0xE9, 0xA4, 0xE8, 
   0xA9, 0x01, 0x85, 0xC5, 0x84, 0xD2, 0x86, 0xD1, 0xB5, 0x98, 0xC9, 0x2F, 0x90, 0x0D, 0xF0, 0x07, 
   0xC9, 0x2E, 0xF0, 0x03, 0x4C, 0x76, 0xF3, 0xA9, 0x06, 0x95, 0x98, 0x20, 0xA6, 0xF9, 0xA4, 0xD2, 
   0xA9, 0x1F, 0xB0, 0x02, 0xA9, 0x21, 0x85, 0xF5, 0xA9, 0x00, 0x85, 0xE4, 0xB5, 0x94, 0xC9, 0x05, 
   0x90, 0x03, 0x4C, 0x9F, 0xFC, 0xA5, 0xC5, 0xF0, 0x18, 0xA5, 0xC1, 0xD0, 0x2F, 0xB9, 0xBD, 0x00, 
   0x38, 0xF5, 0xBD, 0x90, 0x27, 0xF0, 0x25, 0xC9, 0x12, 0x90, 0x21, 0xE6, 0xE4, 0xE6, 0xE4, 0xD0, 
   0x34, 0xA5, 0xC1, 0xD0, 0x27, 0xA4, 0xE8, 0x84, 0xD2, 0xB5, 0xBD, 0x18, 0x69, 0x2D, 0xF9, 0xBD, 
   0x00, 0xC9, 0x15, 0x90, 0x04, 0xE6, 0xE4, 0xE6, 0xE4, 0x4C, 0xBF, 0xFB, 0xA5, 0xC1, 0xC9, 0x04, 
   0xD0, 0x0A, 0xA4, 0xEA, 0x84, 0xD2, 0xE6, 0xE4, 0xE6, 0xE4, 0xD0, 0x09, 0xB5, 0xBD, 0xD9, 0xBD, 
   0x00, 0xF0, 0x18, 0xB0, 0x0A, 0xB5, 0xBD, 0xC5, 0xEE, 0xB0, 0x10, 0xA9, 0xDF, 0xD0, 0x08, 0xB5, 
   0xBD, 0xC5, 0xF5, 0x90, 0x06, 0xA9, 0xEF, 0x85, 0xF6, 0xE6, 0xE4, 0xA6, 0xD1, 0xA4, 0xD2, 0xB9, 
   0xB2, 0x00, 0x38, 0xE9, 0x08, 0xD5, 0xB2, 0xB0, 0x19, 0xB9, 0xB2, 0x00, 0x69, 0x07, 0xD5, 0xB2, 
   0xB0, 0x03, 0x4C, 0x6F, 0xFC, 0xB5, 0x98, 0xC9, 0x06, 0xB0, 0x04, 0xA5, 0xE4, 0xF0, 0x31, 0x4C, 
   0x9F, 0xFC, 0xE9, 0x04, 0xD5, 0xB2, 0xB0, 0x19, 0xB9, 0x94, 0x00, 0xC9, 0x0B, 0xD0, 0x08, 0xB9, 
   0xA0, 0x00, 0x49, 0x08, 0x4C, 0x0A, 0xFC, 0xB9, 0xA0, 0x00, 0x29, 0x08, 0xF0, 0x03, 0x20, 0xB0, 
   0xFC, 0xE6, 0xE4, 0xB5, 0xB2, 0xC9, 0xB8, 0x90, 0x03, 0x20, 0xBD, 0xFC, 0xA9, 0x7F, 0xD0, 0x7B, 
   0xB9, 0x94, 0x00, 0xC9, 0x05, 0x90, 0x04, 0xC9, 0x08, 0x90, 0xC4, 0xA9, 0x7F, 0x85, 0xF7, 0xA6, 
   0xD1, 0xB5, 0xB2, 0xD9, 0xB2, 0x00, 0x90, 0x04, 0xA9, 0xBF, 0xD0, 0x02, 0xA9, 0x7F, 0x85, 0xE2, 
   0xA0, 0x00, 0xA5, 0x80, 0x29, 0x04, 0xD0, 0x01, 0xC8, 0xA5, 0xF0, 0xC9, 0x02, 0xF0, 0x19, 0x4A, 
   0xA9, 0xFF, 0xB0, 0x17, 0xA5, 0x80, 0x29, 0x20, 0xD0, 0x0E, 0xA5, 0xE2, 0x49, 0xC0, 0x85, 0xE2, 
   0xA9, 0xEF, 0xC0, 0x00, 0xF0, 0x05, 0xD0, 0x35, 0xB9, 0x02, 0xFF, 0x25, 0xE2, 0xD0, 0x2C, 0x69, 
   0x04, 0xD5, 0xB2, 0x90, 0x19, 0xB9, 0x94, 0x00, 0xC9, 0x0B, 0xD0, 0x08, 0xB9, 0xA0, 0x00, 0x49, 
   0x08, 0x4C, 0x87, 0xFC, 0xB9, 0xA0, 0x00, 0x29, 0x08, 0xD0, 0x03, 0x20, 0xB0, 0xFC, 0xE6, 0xE4, 
   0xB5, 0xB2, 0xC9, 0x4F, 0xB0, 0x03, 0x20, 0xBD, 0xFC, 0xA9, 0xBF, 0x25, 0xF6, 0x85, 0xF6, 0xA5, 
   0xE4, 0xF0, 0x0A, 0xA5, 0x80, 0x29, 0x0A, 0xD0, 0x04, 0xA9, 0xFF, 0x85, 0xF6, 0x4C, 0x76, 0xF3, 
   0xA5, 0x80, 0x29, 0x30, 0xF0, 0x11, 0xB9, 0x94, 0x00, 0xC9, 0x08, 0x90, 0x0A, 0xA5, 0xE4, 0xC9, 
   0x02, 0xB0, 0x04, 0xA9, 0x4B, 0x95, 0x98, 0x60, 0x24, 0x24, 0x4D, 0x4D, 0x24, 0x4D, 0x4D, 0x24, 
   0x4D, 0xA4, 0xAC, 0xB9, 0x22, 0xFF, 0xC9, 0x04, 0xB0, 0x10, 0x85, 0xA8, 0xA8, 0xB9, 0x63, 0xFF, 
   0x85, 0xB6, 0xA9, 0x32, 0x85, 0xB8, 0xA9, 0x00, 0x85, 0xA9, 0x60, 0xD5, 0xB2, 0xB0, 0x04, 0xA0, 
   0xBF, 0xD0, 0x02, 0xA0, 0x7F, 0x84, 0xF6, 0xA0, 0xFF, 0x84, 0xF7, 0xE6, 0xC7, 0xA5, 0x80, 0x29, 
   0x0F, 0x85, 0x80, 0x4C, 0x7E, 0xF3, 0xA9, 0x32, 0x85, 0xB8, 0xA9, 0x00, 0x85, 0xAC, 0xA2, 0x03, 
   0x95, 0xA0, 0xCA, 0x10, 0xFB, 0x20, 0x69, 0xFD, 0xA9, 0x70, 0x85, 0xC2, 0xA9, 0x04, 0x85, 0xA8, 
   0x95, 0xA4, 0x99, 0xA4, 0x00, 0x95, 0x9C, 0x99, 0x9C, 0x00, 0xA5, 0xC1, 0xC9, 0x03, 0xF0, 0x0D, 
   0xC9, 0x02, 0xF0, 0x4C, 0xC9, 0x01, 0xD0, 0x0A, 0xA9, 0x25, 0xA8, 0xD0, 0x0F, 0xA9, 0x00, 0xA8, 
   0xF0, 0x0A, 0xA9, 0x02, 0xA6, 0xEA, 0x95, 0xA0, 0xA9, 0x25, 0xA0, 0x00, 0xA6, 0xEA, 0x94, 0x9C, 
   0xA6, 0xE8, 0x95, 0x9C, 0xA4, 0xEA, 0xA9, 0x07, 0x95, 0xA4, 0x99, 0xA4, 0x00, 0xA9, 0x24, 0x85, 
   0xE5, 0xA9, 0x31, 0xA6, 0xE8, 0xA4, 0xEA, 0xD0, 0x0A, 0xA9, 0x23, 0x85, 0xE5, 0xA9, 0xD1, 0xA6, 
   0xE9, 0xA4, 0xEB, 0x95, 0xB2, 0x99, 0xB2, 0x00, 0xA5, 0xE5, 0x95, 0xBD, 0x99, 0xBD, 0x00, 0x60, 
   0xA5, 0x81, 0x29, 0xEF, 0x85, 0x81, 0xA9, 0x00, 0x20, 0xDA, 0xFC, 0xA6, 0xE8, 0xA4, 0xE9, 0x95, 
   0xA0, 0xA9, 0x08, 0x99, 0xA0, 0x00, 0xA9, 0x26, 0x95, 0xBD, 0xA9, 0x25, 0x99, 0xBD, 0x00, 0xA9, 
   0x50, 0x95, 0xB2, 0xA9, 0xB0, 0x99, 0xB2, 0x00, 0xA9, 0x80, 0x85, 0xB8, 0xA9, 0x5B, 0x85, 0xB6, 
   0xA9, 0x30, 0x85, 0xC2, 0xA9, 0x02, 0x85, 0xA2, 0x85, 0xA3, 0xA9, 0x05, 0x85, 0x9C, 0x85, 0x9D, 
   0x85, 0xA4, 0x85, 0xA5, 0x60, 0xAC, 0x84, 0x02, 0xC0, 0x04, 0xB0, 0xF9, 0xA9, 0x82, 0x85, 0x02, 
   0x85, 0x00, 0x85, 0x02, 0x85, 0x02, 0x85, 0x02, 0xA9, 0x00, 0x85, 0x00, 0xA9, 0x52, 0x85, 0x02, 
   0x8D, 0x96, 0x02, 0x60, 0x84, 0xD0, 0xB5, 0xE8, 0x29, 0x01, 0x85, 0xC7, 0xA5, 0xE7, 0xD0, 0x3A, 
   0xA5, 0xC1, 0xC9, 0x01, 0xF0, 0x0A, 0xC9, 0x02, 0xD0, 0x0A, 0xA5, 0xC7, 0xF0, 0x30, 0xD0, 0x04, 
   0xE0, 0x02, 0xB0, 0x26, 0xA5, 0xC7, 0xF0, 0x1D, 0xA2, 0x00, 0xF8, 0x18, 0xB5, 0x8E, 0xA4, 0xCD, 
   0x79, 0x05, 0xFF, 0x95, 0x8E, 0xB9, 0x0B, 0xFF, 0x75, 0x8D, 0x95, 0x8D, 0x90, 0x06, 0xA9, 0x00, 
   0x75, 0x8C, 0x95, 0x8C, 0xD8, 0xA6, 0xC5, 0x4C, 0x32, 0xFE, 0xA5, 0xC7, 0xF0, 0xF7, 0xA2, 0x03, 
   0xD0, 0xD8, 0xB5, 0xA4, 0xF0, 0x60, 0xA6, 0xCD, 0x38, 0xFD, 0xF4, 0xFE, 0xB0, 0x02, 0xA9, 0x00, 
   0xA6, 0xC5, 0x95, 0xA4, 0xC9, 0x00, 0xD0, 0x4E, 0xB5, 0x9C, 0x29, 0x0F, 0x85, 0xF6, 0xF0, 0x22, 
   0xC6, 0xF6, 0xA5, 0xC1, 0xC9, 0x02, 0xF0, 0x36, 0xA5, 0xC7, 0xF0, 0x32, 0xA5, 0xF6, 0xF0, 0x12, 
   0xA5, 0xCD, 0xC9, 0x09, 0xF0, 0x08, 0xC9, 0x08, 0xD0, 0x24, 0xC6, 0xF6, 0xF0, 0x04, 0xC6, 0xF6, 
   0xD0, 0x1C, 0xA9, 0xE0, 0x15, 0xA0, 0x95, 0xA0, 0xA5, 0xC1, 0xC9, 0x02, 0xF0, 0x04, 0xA5, 0xC7, 
   0xD0, 0x04, 0xA9, 0x02, 0xD0, 0x05, 0xA4, 0xF0, 0xB9, 0x34, 0xFF, 0x20, 0xD8, 0xFE, 0xB5, 0x9C, 
   0x29, 0xF0, 0x05, 0xF6, 0x95, 0x9C, 0xA9, 0x1D, 0xD5, 0xBD, 0x90, 0x02, 0x95, 0xBD, 0xA4, 0xD0, 
   0xB5, 0xA0, 0x29, 0xEB, 0x95, 0xA0, 0xB9, 0xA0, 0x00, 0x4A, 0x29, 0x04, 0x15, 0xA0, 0x95, 0xA0, 
   0x0A, 0x29, 0x10, 0x15, 0xA0, 0x95, 0xA0, 0xA5, 0xCD, 0xC9, 0x0B, 0xD0, 0x06, 0xB5, 0xA0, 0x49, 
   0x04, 0x95, 0xA0, 0xA9, 0x05, 0x95, 0x94, 0xA9, 0x2D, 0xA4, 0xC1, 0xC0, 0x02, 0xF0, 0x05, 0xA4, 
   0xF0, 0xB9, 0x1E, 0xFF, 0x95, 0x98, 0xA9, 0x07, 0xA4, 0x82, 0xF0, 0x04, 0xC5, 0x82, 0xB0, 0x08, 
   0x85, 0x82, 0xA9, 0xFF, 0x85, 0x84, 0x85, 0x83, 0x18, 0x60, 0x00, 0xDA, 0x32, 0x0D, 0x0E, 0x0C, 
   0x0C, 0x0E, 0x08, 0x09, 0x0B, 0x08, 0x0C, 0x0D, 0x05, 0x04, 0x04, 0x04, 0x01, 0x02, 0x03, 0xFF, 
   0xFF, 0xFF, 0xFF, 0xDF, 0x00, 0x01, 0x03, 0x00, 0x00, 0x00, 0x00, 0x02, 0x00, 0x50, 0x00, 0x00, 
   0x80, 0x00, 0x00, 0x00, 0x01, 0x01, 0x01, 0x02, 0x02, 0x05, 0x01, 0x00, 0x03, 0x02, 0x2A, 0x2D, 
   0x25, 0x23, 0x04, 0x00, 0x04, 0x01, 0x02, 0x01, 0x04, 0x00, 0x02, 0x04, 0x02, 0x00, 0x04, 0x01, 
   0x04, 0x04, 0x00, 0x04, 0x04, 0x05, 0x03, 0x03, 0x05, 0x16, 0x23, 0x15, 0x19, 0x27, 0x13, 0x25, 
   0x19, 0x13, 0x19, 0x26, 0x13, 0x27, 0x2B, 0x15, 0x19, 0x2B, 0x2F, 0x70, 0x02, 0x01, 0x70, 0x70, 
   0x70, 0x70, 0x70, 0x90, 0x90, 0x90, 0x90, 0x90, 0x90, 0x90, 0x90, 0x90, 0x90, 0x90, 0x90, 0x90, 
   0x90, 0x7F, 0xBF, 0x0C, 0x56, 0x0C, 0x56, 0x25, 0x20, 0x45, 0x05, 0x03, 0x07, 0x0A, 0x74, 0x74, 
   0x49, 0x49, 0x74, 0x49, 0x00, 0x00, 0x01, 0x00, 0x02, 0x00, 0x01, 0x00, 0x02, 0x01, 0x02, 0x00, 
   0x01, 0x00, 0x02, 0x00, 0x00, 0x02, 0x00, 0x00, 0xBF, 0x00, 0x00, 0xBF, 0x00, 0x00, 0x00, 0x00, 
   0xBF, 0x00, 0x00, 0x00, 0xBF, 0x00, 0x00, 0x00, 0x04, 0x01, 0x00, 0x02, 0x05, 0x01, 0x00, 0x07, 
   0x01, 0x02, 0x04, 0x01, 0x05, 0x08, 0x00, 0x04, 0x07, 0x06, 0x30, 0x30, 0x30, 0x50, 0x50, 0x50, 
   0x50, 0x50, 0x50, 0x00, 0x50, 0x50, 0x80, 0x80, 0x2C, 0xF8, 0xFF, 0x4C, 0x60, 0xDF, 0x2C, 0xF9, 
   0xFF, 0x4C, 0x6B, 0xF0, 0x2C, 0xF8, 0xFF, 0x4C, 0xC4, 0xDA, 0x2C, 0xF8, 0xFF, 0x4C, 0xC4, 0xDA, 
   0x2C, 0xF9, 0xFF, 0x4C, 0x4E, 0xF0, 0x2C, 0xF8, 0xFF, 0x4C, 0x04, 0xD0, 0x2C, 0xF7, 0xFF, 0x4C, 
   0x04, 0xB0, 0x2C, 0xF6, 0xFF, 0x4C, 0xF7, 0x94, 0x2C, 0xF6, 0xFF, 0x4C, 0xD6, 0x92, 0x2C, 0xF6, 
   0xFF, 0x4C, 0xB9, 0x93, 0xEA, 0xEA, 0xEA, 0xEA, 0xEA, 0x4D, 0xEA, 0xEA, 0x00, 0xD0, 0x00, 0xD0, 
};
static const uint32_t doubledragon_size = 16384;

#endif

