#ifndef ROM_BALLOON_H
#define ROM_BALLOON_H

#include <stdint.h>

static const uint8_t rom_balloon[] = {
    0x4E,0x45,0x53,0x1A,0x01,0x01,0x00,0x00,0x00,0x00,0x00,0x00,0x00,0x00,0x00,0x00,
    0xA9,0x00,0x8D,0x00,0x20,0x8D,0x01,0x20,0xAD,0x02,0x20,0x10,0xFB,0xAD,0x02,0x20,
    0x30,0xFB,0xAD,0x02,0x20,0x10,0xFB,0x78,0xD8,0xA2,0xFF,0x9A,0xA2,0x12,0xA9,0x00,
    0x95,0x00,0xE8,0xD0,0xFB,0xA2,0x02,0xBD,0xFA,0x07,0xDD,0x82,0xC0,0xD0,0x05,0xCA,
    0x10,0xF5,0x30,0x43,0xA2,0x00,0x8A,0x95,0x00,0x9D,0x00,0x07,0xE8,0xD0,0xF8,0xA9,
    0x32,0x85,0x15,0xA9,0x32,0x20,0xDE,0xD6,0xA9,0x00,0x85,0x46,0x20,0x79,0xC5,0xC6,
    0x15,0xD0,0xF0,0xA2,0x0E,0xBD,0x85,0xC0,0x9D,0x29,0x06,0xCA,0x10,0xF7,0xA2,0x04,
    0xA9,0x00,0x95,0x03,0xCA,0x10,0xF9,0xA9,0x00,0x20,0xDE,0xD6,0xA2,0x02,0xBD,0x82,
    0xC0,0x9D,0xFA,0x07,0xCA,0x10,0xF7,0xA9,0x1E,0x85,0x01,0xA9,0x90,0x85,0x00,0x4C,
    0xD4,0xF1,0x48,0x41,0x4C,0x00,0x00,0x00,0x01,0x00,0x00,0x00,0x00,0x01,0x00,0x00,
    0x00,0x05,0x02,0x00,0x48,0x8A,0x48,0x98,0x48,0xA9,0x00,0x8D,0x03,0x20,0xA9,0x02,
    0x8D,0x14,0x40,0xA5,0x52,0xC5,0x53,0xF0,0x03,0x20,0x7C,0xC1,0x20,0x0D,0xD6,0x20,
    0x98,0xD7,0xE6,0x19,0xA9,0x20,0x8D,0x06,0x20,0xA9,0x00,0x8D,0x06,0x20,0xA9,0x00,
    0x8D,0x05,0x20,0x8D,0x05,0x20,0x20,0xF7,0xFF,0xA9,0x01,0x85,0x02,0xA5,0x16,0xF0,
    0x20,0xAD,0x02,0x20,0x30,0xFB,0xA2,0x08,0xA0,0x10,0x88,0xD0,0xFD,0xCA,0xD0,0xFA,
    0xA5,0x18,0x05,0x00,0x8D,0x00,0x20,0xA5,0x17,0x8D,0x05,0x20,0xA9,0x00,0x8D,0x05,
    0x20,0x68,0xA8,0x68,0xAA,0x68,0x40,0x4C,0xF7,0xC0,0xA5,0x00,0x29,0x7F,0x8D,0x00,
    0x20,0x85,0x00,0x60,0xA5,0x00,0x09,0x80,0xD0,0xF4,0xA9,0x00,0x48,0x20,0x65,0xF4,
    0x68,0x8D,0x01,0x20,0x60,0xA5,0x01,0xD0,0xF3,0x20,0x54,0xC1,0xA0,0x00,0xB9,0x57,
    0x00,0x9D,0x00,0x03,0xE8,0xC8,0xC4,0x56,0xD0,0xF4,0x86,0x53,0x60,0xA9,0x57,0xA0,
    0x00,0x85,0x21,0x84,0x22,0x8A,0x48,0xA0,0x02,0xB1,0x21,0x18,0x69,0x03,0x85,0x12,
    0xA6,0x53,0xA0,0x00,0xB1,0x21,0x9D,0x00,0x03,0xE8,0xC8,0xC4,0x12,0xD0,0xF5,0x86,
    0x53,0x68,0xAA,0x60,0xA6,0x53,0xA9,0x00,0x85,0x12,0xA5,0x55,0x0A,0x0A,0x0A,0x0A,
    0x26,0x12,0x0A,0x26,0x12,0x05,0x54,0x48,0xA5,0x12,0x09,0x20,0x9D,0x00,0x03,0xE8,
    0x68,0x9D,0x00,0x03,0xE8,0xA5,0x56,0x9D,0x00,0x03,0xE8,0x60,0x98,0x48,0x8A,0x48,
    0x20,0x88,0xC1,0x68,0xAA,0x68,0xA8,0x60,0xA6,0x52,0xBD,0x00,0x03,0xE8,0x85,0x50,
    0x8D,0x06,0x20,0xBD,0x00,0x03,0xE8,0x8D,0x06,0x20,0xBC,0x00,0x03,0xE8,0xBD,0x00,
    0x03,0xE8,0x8D,0x07,0x20,0x88,0xD0,0xF6,0xA5,0x50,0xC9,0x3F,0xD0,0x10,0xA9,0x3F,
    0x8D,0x06,0x20,0xA9,0x00,0x8D,0x06,0x20,0x8D,0x06,0x20,0x8D,0x06,0x20,0x86,0x52,
    0xE4,0x53,0xD0,0xC4,0x60,0xA9,0x20,0x85,0xF2,0x20,0x27,0xC5,0x20,0x39,0xC5,0xA9,
    0xFF,0x85,0xCD,0xA9,0xAD,0x85,0x23,0xA9,0xC4,0x85,0x24,0xA9,0x80,0x85,0x91,0x8D,
    0x88,0x04,0xA9,0x70,0x85,0x9A,0x20,0x4A,0xCD,0xA9,0x00,0x85,0x41,0x85,0xC9,0x85,
    0xCA,0x85,0xBA,0x85,0xC5,0x85,0xC8,0x20,0xA5,0xF4,0xA2,0x13,0xA9,0xFF,0x9D,0x30,
    0x05,0xA9,0xF0,0x9D,0xA4,0x04,0xCA,0x10,0xF3,0x20,0x70,0xF4,0x20,0x91,0xE6,0xA5,
    0xC5,0xD0,0x03,0x20,0xF9,0xC6,0xA5,0x19,0x4A,0xB0,0x03,0x4C,0xD0,0xC2,0xA5,0xC5,
    0xF0,0x05,0xC6,0xC5,0x4C,0xD0,0xC2,0xA5,0x17,0xD0,0x06,0xA5,0x18,0x49,0x01,0x85,
    0x18,0xC6,0x17,0xAD,0x88,0x04,0xF0,0x15,0xEE,0x88,0x04,0xAD,0x88,0x04,0xC9,0xF0,
    0x90,0x05,0xA9,0x00,0x8D,0x88,0x04,0xA5,0xBD,0xF0,0x02,0xE6,0x91,0xA2,0x07,0xBD,
    0x5D,0x05,0x30,0x19,0xFE,0x67,0x05,0xBD,0x67,0x05,0xC9,0xF8,0xD0,0x0F,0xA9,0xFF,
    0x9D,0x5D,0x05,0xA9,0xF0,0x9D,0x7B,0x05,0xA9,0x00,0x8D,0xCE,0x05,0xCA,0x10,0xDF,
    0xA2,0x13,0xBD,0x30,0x05,0x30,0x12,0xFE,0x90,0x04,0xBD,0x90,0x04,0xC9,0xF8,0x90,
    0x08,0xA9,0xF0,0x9D,0xA4,0x04,0x9D,0x30,0x05,0xCA,0x10,0xE6,0xA5,0x17,0x29,0x07,
    0xD0,0x3E,0xA6,0x88,0xCA,0x30,0x39,0xA9,0x00,0x85,0x3E,0xA9,0x01,0x20,0xDE,0xD6,
    0xE6,0xC9,0xA5,0xC9,0x29,0x1F,0xD0,0x14,0xE6,0xCA,0xA5,0xCA,0xC9,0x0A,0xD0,0x0C,
    0xA9,0x02,0x85,0xCA,0xA4,0xBA,0xC8,0x98,0x29,0x03,0x85,0xBA,0xA6,0xCA,0xBD,0xBF,
    0xC3,0x0A,0xA8,0xB9,0xB5,0xC3,0x85,0x25,0xB9,0xB6,0xC3,0x85,0x26,0x20,0xB2,0xC3,
    0xA2,0x07,0xBD,0x5D,0x05,0x30,0x18,0x20,0xCE,0xCE,0xAD,0xCD,0x05,0xF0,0x10,0xCE,
    0xCD,0x05,0xEE,0xCE,0x05,0x8A,0x48,0xAD,0x59,0x05,0x20,0xDE,0xD6,0x68,0xAA,0x20,
    0x2F,0xCE,0xCA,0x10,0xDD,0xA2,0x13,0xBD,0x30,0x05,0x30,0x1B,0xA5,0xC5,0xD0,0x14,
    0x20,0xB6,0xC9,0xBD,0xA4,0x04,0xC9,0x02,0xB0,0x03,0x20,0x4F,0xCA,0xC9,0xD8,0x90,
    0x03,0x20,0x4F,0xCA,0x20,0x1C,0xCB,0xA5,0x19,0x29,0x07,0x4A,0xA8,0xB9,0xDD,0xC9,
    0x48,0xA5,0x19,0x4A,0x8A,0x90,0x06,0x85,0x12,0xA9,0x13,0xE5,0x12,0x0A,0x0A,0xA8,
    0x68,0x99,0xB1,0x02,0xBD,0xA4,0x04,0x99,0xB0,0x02,0xBD,0x90,0x04,0x99,0xB3,0x02,
    0xA9,0x00,0x99,0xB2,0x02,0xCA,0x10,0xAF,0xAD,0xCE,0x05,0xC9,0x14,0x90,0x20,0xE6,
    0x47,0xA9,0x00,0x20,0xDE,0xD6,0xC6,0x47,0xA9,0x10,0x85,0xF2,0xE6,0xC8,0x20,0xED,
    0xD3,0x20,0x27,0xC5,0xC6,0xC8,0xA2,0x64,0x20,0x5E,0xF4,0xA9,0x20,0x85,0xF2,0xA2,
    0xF0,0xAD,0x88,0x04,0xF0,0x02,0xA2,0x88,0x8E,0x00,0x02,0x8E,0x04,0x02,0x8D,0x03,
    0x02,0x18,0x69,0x08,0x8D,0x07,0x02,0xA5,0x19,0x29,0x03,0x8D,0x02,0x02,0x8D,0x06,
    0x02,0xA2,0xE3,0x8E,0x01,0x02,0xE8,0x8E,0x05,0x02,0xA5,0x88,0x30,0x03,0x4C,0x09,
    0xC2,0x20,0x79,0xC5,0xA9,0x01,0x85,0xF0,0x20,0x65,0xF4,0xA9,0x02,0x85,0xF2,0x4C,
    0x6A,0xF3,0x6C,0x25,0x00,0xC9,0xC3,0xF7,0xC3,0x3E,0xC4,0x5F,0xC4,0x5E,0xC4,0x00,
    0x00,0x02,0x02,0x02,0x02,0x02,0x04,0x03,0x01,0xA0,0x00,0xB1,0x23,0xE6,0x23,0xD0,
    0x02,0xE6,0x24,0xAA,0xF0,0x20,0x0A,0x0A,0x0A,0x85,0x15,0xA9,0x00,0x85,0x14,0x8A,
    0x29,0xC0,0xC9,0x80,0xD0,0x06,0x20,0x6B,0xC4,0x4C,0xC9,0xC3,0xC9,0x00,0xD0,0x06,
    0x20,0x86,0xC4,0x4C,0xC9,0xC3,0x60,0x20,0xB3,0xF1,0x29,0x7F,0xC9,0x04,0x90,0x0C,
    0xC9,0x18,0xB0,0x08,0x0A,0x0A,0x0A,0x85,0x15,0x20,0x6B,0xC4,0x20,0xB3,0xF1,0x29,
    0x3F,0xC9,0x02,0x90,0x24,0xC9,0x18,0xB0,0x20,0x0A,0x0A,0x0A,0x85,0x15,0x20,0xB3,
    0xF1,0x29,0x3F,0xA6,0xBA,0x7D,0x3A,0xC4,0x85,0x14,0x20,0x86,0xC4,0x20,0xB3,0xF1,
    0x4A,0x90,0xD9,0x20,0x4F,0xCA,0x4C,0x0C,0xC4,0x60,0x20,0x30,0x40,0x60,0x20,0xB3,
    0xF1,0x29,0xCF,0xD0,0xB2,0xA4,0x89,0xC8,0xD0,0xAD,0xA9,0xE6,0x85,0x9B,0xA5,0x1B,
    0x29,0x7F,0x69,0x40,0x85,0x92,0xA9,0x80,0x85,0x89,0xA9,0x00,0x85,0x80,0x60,0x20,
    0x0C,0xC4,0x20,0xB3,0xF1,0x29,0x7F,0x9D,0x08,0x05,0x60,0xA2,0x07,0xBD,0x5D,0x05,
    0x30,0x04,0xCA,0x10,0xF8,0x60,0xA9,0x01,0x9D,0x5D,0x05,0xA9,0x00,0x9D,0x67,0x05,
    0xA5,0x15,0x9D,0x7B,0x05,0x60,0xA2,0x13,0xBD,0x30,0x05,0x30,0x04,0xCA,0x10,0xF8,
    0x60,0xA9,0x00,0x9D,0x30,0x05,0x9D,0x90,0x04,0x9D,0xF4,0x04,0x9D,0x08,0x05,0x9D,
    0xE0,0x04,0xA5,0x14,0x9D,0x1C,0x05,0xA5,0x15,0x9D,0xA4,0x04,0x60,0x00,0x00,0x09,
    0x00,0x08,0x8C,0x00,0x07,0x18,0x00,0x18,0x00,0x19,0x00,0x1A,0x00,0x84,0x94,0x1A,
    0x00,0x1A,0x00,0x1A,0x00,0x0B,0x12,0x00,0x0C,0x13,0x00,0x0D,0x14,0x00,0x14,0x00,
    0x00,0x90,0x00,0x07,0x00,0x07,0x8C,0x96,0x00,0x08,0x00,0x09,0x00,0x00,0x18,0x00,
    0x17,0x00,0x16,0x00,0x00,0x00,0x00,0x00,0x00,0x8A,0x90,0x00,0x00,0x00,0x08,0x00,
    0x09,0x98,0x00,0x0A,0x00,0x00,0x00,0x86,0x8A,0x15,0x00,0x14,0x00,0x8E,0x13,0x00,
    0x00,0x03,0x0D,0x00,0x0D,0x0E,0x00,0x0C,0x0D,0x00,0x0D,0x19,0x00,0x86,0x92,0x00,
    0x00,0x98,0x00,0x00,0x0A,0x12,0x00,0x09,0x13,0x00,0x08,0x14,0x00,0x07,0x15,0x00,
    0x07,0x16,0x00,0x07,0x00,0x00,0x00,0x20,0xE2,0xD0,0x0E,0x59,0x05,0xAD,0x59,0x05,
    0x0A,0x0A,0x6D,0x59,0x05,0x8D,0x59,0x05,0x60,0xA9,0x00,0x85,0x12,0xA5,0x12,0x0A,
    0x0A,0x65,0x12,0x85,0x1D,0xA9,0x07,0x85,0x1E,0xA0,0x04,0xB1,0x1D,0xD9,0x03,0x00,
    0x90,0x11,0xD0,0x05,0x88,0x10,0xF4,0x30,0x0A,0xE6,0x12,0xA5,0x12,0xC9,0x32,0xD0,
    0xDC,0xC6,0x12,0xE6,0x12,0xA5,0x12,0x48,0x85,0x43,0xA0,0x0A,0x20,0x7C,0xD7,0x85,
    0x4A,0xA5,0x43,0x85,0x49,0x68,0x85,0x12,0x60,0x20,0x39,0xC5,0xC6,0x12,0xA9,0x31,
    0x38,0xE5,0x12,0x85,0x13,0x0A,0x0A,0x65,0x13,0xA8,0xA5,0x12,0x0A,0x0A,0x65,0x12,
    0x85,0x1D,0x18,0x69,0x05,0x85,0x1F,0xA9,0x07,0x85,0x1E,0x85,0x20,0x98,0xF0,0x0C,
    0x88,0xB1,0x1D,0x91,0x1F,0x88,0xD0,0xF9,0xB1,0x1D,0x91,0x1F,0xA0,0x04,0xB9,0x03,
    0x00,0x91,0x1D,0x88,0x10,0xF8,0x60,0x01,0x02,0x03,0x03,0x02,0x01,0xFF,0x03,0x04,
    0x05,0x06,0xFF,0xAD,0x8D,0x04,0x4A,0x4A,0x4A,0xAA,0xAD,0x8A,0x04,0xD0,0x06,0xBD,
    0xB7,0xC5,0x4C,0xD8,0xC5,0xBD,0xBB,0xC5,0x85,0x87,0xA2,0x08,0x20,0xA4,0xE3,0xAD,
    0x8C,0x04,0xF0,0x2F,0xAE,0x8B,0x04,0xAD,0x8D,0x04,0xC9,0x20,0xD0,0x06,0xA9,0xFF,
    0x95,0x88,0x30,0x1C,0xB0,0x1D,0xAD,0x50,0x04,0xD0,0x07,0xA5,0x99,0x18,0x69,0x04,
    0xD0,0x05,0xA5,0x99,0x38,0xE9,0x04,0x95,0x91,0xA5,0xA2,0x38,0xE9,0x0A,0x95,0x9A,
    0x20,0xA4,0xE3,0x60,0xA9,0xFF,0x8D,0x8B,0x04,0xA2,0x07,0xB5,0x88,0x30,0x0C,0xB5,
    0x9A,0xC9,0xB4,0x90,0x06,0xB5,0x91,0xC5,0x99,0xF0,0x04,0xCA,0x10,0xED,0x60,0x8E,
    0x8B,0x04,0xBD,0x48,0x04,0x8D,0x50,0x04,0xA9,0x00,0x8D,0x8A,0x04,0x8D,0x8D,0x04,
    0x8D,0x8C,0x04,0x8D,0x89,0x04,0xA9,0xDC,0x85,0xA2,0x60,0xE6,0x99,0xA5,0x99,0xC9,
    0xB1,0x90,0x04,0xA9,0x40,0x85,0x99,0x60,0xAD,0x89,0x04,0xD0,0x12,0xC6,0xA2,0xA5,
    0xA2,0xC9,0xC4,0xB0,0x0C,0xE6,0xA2,0xEE,0x8A,0x04,0xEE,0x89,0x04,0xD0,0x02,0xE6,
    0xA2,0xEE,0x8D,0x04,0xAD,0x8D,0x04,0xC9,0x18,0xD0,0x28,0xAE,0x8B,0x04,0xB5,0x88,
    0x30,0x21,0xB5,0x9A,0x18,0x69,0x10,0xC5,0xA2,0x90,0x18,0xBC,0x51,0x04,0xB9,0xB8,
    0xC6,0x9D,0x51,0x04,0xA9,0x00,0x95,0x7F,0x95,0x88,0xA5,0xF2,0x09,0x40,0x85,0xF2,
    0xEE,0x8C,0x04,0xAD,0x8A,0x04,0xF0,0x0F,0xAD,0x8D,0x04,0xC9,0x28,0xF0,0x04,0xC9,
    0x30,0xD0,0x04,0xA9,0xCC,0x85,0xA2,0x60,0x08,0x09,0x0A,0x0B,0x08,0x09,0x0A,0x0B,
    0x08,0x09,0x0A,0x0B,0xAD,0x89,0x04,0xD0,0x2F,0xAE,0x8B,0x04,0xB5,0x88,0x30,0x10,
    0xB5,0x9A,0xC9,0xB4,0x90,0x0A,0xB5,0x91,0xC9,0x40,0x90,0x04,0xC9,0xB1,0x90,0x0E,
    0xA9,0x30,0x38,0xED,0x8D,0x04,0x8D,0x8D,0x04,0xEE,0x89,0x04,0xD0,0x0A,0xB5,0x91,
    0x85,0x99,0xBD,0x48,0x04,0x8D,0x50,0x04,0x60,0xA5,0x87,0x10,0x10,0x20,0x4B,0xC6,
    0x20,0x14,0xC6,0xAD,0x8B,0x04,0x10,0x01,0x60,0xA9,0x40,0x85,0xF3,0x20,0xC4,0xC6,
    0x20,0x58,0xC6,0x4C,0xC3,0xC5,0xA2,0x01,0xA9,0xFF,0x9D,0x30,0x05,0x9D,0x44,0x05,
    0xCA,0x10,0xF5,0x20,0x7A,0xC7,0xA6,0x3C,0xE0,0x18,0x90,0x02,0xA2,0x18,0xBD,0x48,
    0xC7,0x85,0xBA,0xBD,0x61,0xC7,0x85,0xB8,0xA9,0xF0,0x8D,0xE0,0x02,0x8D,0xE4,0x02,
    0x8D,0xE8,0x02,0xA9,0x03,0x4C,0x56,0xC8,0x00,0x00,0x00,0x00,0x00,0x00,0x00,0x00,
    0x00,0x00,0x01,0x01,0x01,0x01,0x01,0x01,0x02,0x01,0x01,0x01,0x01,0x01,0x01,0x01,
    0x01,0x0F,0x0F,0x0C,0x0C,0x0C,0x0C,0x0A,0x0A,0x0A,0x0A,0x0C,0x0C,0x0A,0x0A,0x0A,
    0x08,0x0A,0x0A,0x08,0x08,0x08,0x08,0x08,0x08,0x05,0xA5,0xA3,0x10,0x03,0x85,0xA4,
    0x60,0x20,0xB3,0xF1,0xC5,0xA3,0x90,0xF6,0xF0,0xF4,0x18,0xE5,0xA3,0x4C,0x84,0xC7,
    0xA5,0x19,0x29,0x7F,0xF0,0x01,0x60,0xC6,0xB8,0xD0,0xFB,0xA2,0x00,0xBD,0x30,0x05,
    0x30,0x0B,0xE8,0xBD,0x30,0x05,0x30,0x05,0xA9,0x01,0x85,0xB8,0x60,0xA4,0xA4,0x84,
    0xA5,0x10,0x01,0x60,0xA9,0x80,0x9D,0xB8,0x04,0x9D,0xCC,0x04,0xA9,0x00,0x9D,0x30,
    0x05,0xB9,0xB2,0x00,0x9D,0x90,0x04,0xB9,0xB5,0x00,0x9D,0xA4,0x04,0xA4,0xBA,0x20,
    0xB3,0xF1,0x29,0x1F,0x79,0x9F,0xC8,0x9D,0x08,0x05,0xB9,0xAB,0xC8,0x9D,0x1C,0x05,
    0xB9,0xA5,0xC8,0x9D,0xE0,0x04,0xB9,0xB1,0xC8,0x9D,0xF4,0x04,0x20,0xB3,0xF1,0x29,
    0x03,0x9D,0x44,0x05,0xA8,0xB9,0x97,0xC8,0x18,0x7D,0x90,0x04,0x9D,0x90,0x04,0xB9,
    0x9B,0xC8,0x18,0x7D,0xA4,0x04,0x9D,0xA4,0x04,0xB9,0x8F,0xC8,0xF0,0x03,0x20,0x3D,
    0xCA,0xB9,0x93,0xC8,0xF0,0x03,0x20,0x55,0xCA,0xA5,0xBA,0xC9,0x05,0xB0,0x02,0xE6,
    0xBA,0xA9,0x06,0x38,0xE5,0xBA,0x85,0xB8,0xA5,0xF0,0x09,0x04,0x85,0xF0,0x4C,0x7A,
    0xC7,0xA5,0xB8,0xC9,0x01,0xD0,0x53,0xAD,0x30,0x05,0x30,0x0A,0xAD,0x31,0x05,0x30,
    0x05,0xA9,0x02,0x85,0xB8,0x60,0xA5,0x19,0x29,0x7F,0xC9,0x40,0x90,0x3C,0xD0,0x06,
    0xA5,0xF1,0x09,0x08,0x85,0xF1,0x29,0x03,0xAA,0xBD,0x8B,0xC8,0x85,0x5A,0xA6,0xA4,
    0x30,0x28,0xA9,0x23,0x85,0x57,0xB5,0xA6,0x85,0x58,0xA9,0x01,0x85,0x59,0x20,0x83,
    0xC8,0xB5,0xA9,0x85,0x58,0x20,0x83,0xC8,0xB5,0xAC,0x85,0x58,0x20,0x83,0xC8,0xB5,
    0xAF,0x85,0x58,0xA9,0x57,0xA0,0x00,0x4C,0x31,0xC1,0x60,0x55,0xFF,0x00,0xFF,0x00,
    0x00,0xFF,0xFF,0xFF,0x00,0x00,0xFF,0x10,0x10,0xF0,0xF0,0xDE,0x22,0x22,0xDE,0x60,
    0x70,0x80,0x90,0xA0,0xB0,0x00,0x00,0x00,0x00,0x00,0x00,0xC0,0xF0,0x20,0x50,0x80,
    0xB0,0x00,0x00,0x01,0x01,0x01,0x01,0xA2,0x01,0xBD,0x30,0x05,0x10,0x03,0x4C,0xAF,
    0xC9,0xBD,0x44,0x05,0x30,0x7B,0xA8,0x8A,0x48,0xA6,0xA5,0xB5,0xB2,0x79,0xE5,0xC9,
    0x8D,0xE3,0x02,0x8D,0xE7,0x02,0x8D,0xEB,0x02,0xB5,0xB5,0x79,0xF5,0xC9,0x8D,0xE0,
    0x02,0x79,0x05,0xCA,0x8D,0xE4,0x02,0x79,0x05,0xCA,0x8D,0xE8,0x02,0x98,0x29,0x03,
    0xAA,0x98,0x4A,0x4A,0xA8,0xA5,0x19,0x4A,0x4A,0xB0,0x04,0x98,0x69,0x05,0xA8,0xB9,
    0x15,0xCA,0x8D,0xE1,0x02,0xB9,0x1F,0xCA,0x8D,0xE5,0x02,0xB9,0x29,0xCA,0x8D,0xE9,
    0x02,0xBD,0x33,0xCA,0x8D,0xE2,0x02,0x8D,0xE6,0x02,0x8D,0xEA,0x02,0x68,0xAA,0xA5,
    0x19,0x29,0x07,0xD0,0x12,0xBD,0x44,0x05,0x18,0x69,0x04,0x9D,0x44,0x05,0xC9,0x14,
    0x90,0x05,0xA9,0xFF,0x9D,0x44,0x05,0xBD,0x44,0x05,0xC9,0x10,0xB0,0x03,0x4C,0xAF,
    0xC9,0x20,0xB6,0xC9,0xBD,0x90,0x04,0xC9,0x02,0xB0,0x03,0x20,0x37,0xCA,0xBD,0x90,
    0x04,0xC9,0xF7,0x90,0x03,0x20,0x37,0xCA,0xBD,0xA4,0x04,0xC9,0x02,0xB0,0x03,0x20,
    0x4F,0xCA,0xBD,0xA4,0x04,0xC9,0xE0,0x90,0x0D,0xA9,0xFF,0x9D,0x30,0x05,0xA9,0xF0,
    0x9D,0xA4,0x04,0x4C,0xAF,0xC9,0x20,0x67,0xCA,0x20,0x1C,0xCB,0xBC,0x30,0x05,0xC8,
    0x98,0x29,0x07,0x9D,0x30,0x05,0xBC,0x30,0x05,0xB9,0xDD,0xC9,0x85,0x12,0x8A,0x0A,
    0x0A,0x18,0xA8,0xBD,0xA4,0x04,0xC9,0xD0,0x99,0x00,0x02,0xBD,0x90,0x04,0x99,0x03,
    0x02,0xA5,0x12,0x99,0x01,0x02,0xA9,0x00,0x90,0x02,0xA9,0x20,0x99,0x02,0x02,0xCA,
    0x30,0x03,0x4C,0xB9,0xC8,0x60,0xBD,0x08,0x05,0x18,0x7D,0xB8,0x04,0x9D,0xB8,0x04,
    0xBD,0xE0,0x04,0x7D,0x90,0x04,0x9D,0x90,0x04,0xBD,0x1C,0x05,0x18,0x7D,0xCC,0x04,
    0x9D,0xCC,0x04,0xBD,0xF4,0x04,0x7D,0xA4,0x04,0x9D,0xA4,0x04,0x60,0x9D,0x9E,0x9F,
    0x9E,0x9D,0xA0,0xA1,0xA0,0x08,0x08,0xF0,0xF0,0x08,0x08,0xF0,0xF0,0x08,0x08,0xF0,
    0xF0,0x08,0x08,0xF0,0xF0,0xEE,0x0A,0x0A,0xEE,0xEE,0x0A,0x0A,0xEE,0xEE,0x0A,0x0A,
    0xEE,0xEE,0x0A,0x0A,0xEE,0xF8,0x08,0x08,0xF8,0xF8,0x08,0x08,0xF8,0xF8,0x08,0x08,
    0xF8,0xF8,0x08,0x08,0xF8,0x91,0x93,0x97,0x97,0xFC,0x92,0x95,0x9A,0x9A,0xFC,0xFC,
    0x94,0x98,0x98,0xFC,0xFC,0x96,0x9B,0x9B,0xFC,0xFC,0xFC,0x99,0x99,0xFC,0xFC,0xFC,
    0x9C,0x9C,0xFC,0xC0,0x40,0x00,0x80,0xA5,0xF3,0x09,0x80,0x85,0xF3,0xA9,0x00,0x38,
    0xFD,0x08,0x05,0x9D,0x08,0x05,0xA9,0x00,0xFD,0xE0,0x04,0x9D,0xE0,0x04,0x60,0xA5,
    0xF3,0x09,0x80,0x85,0xF3,0xA9,0x00,0x38,0xFD,0x1C,0x05,0x9D,0x1C,0x05,0xA9,0x00,
    0xFD,0xF4,0x04,0x9D,0xF4,0x04,0x60,0xA4,0xCD,0xA9,0x00,0x85,0xCC,0xB1,0x27,0x38,
    0xE9,0x08,0xDD,0xA4,0x04,0xB0,0x66,0x69,0x03,0xDD,0xA4,0x04,0x90,0x04,0xA9,0x01,
    0xD0,0x10,0xB1,0x29,0xDD,0xA4,0x04,0x90,0x54,0xE9,0x03,0xDD,0xA4,0x04,0xB0,0x1D,
    0xA9,0x02,0x85,0xCC,0xB1,0x23,0xC9,0x10,0xF0,0x08,0x38,0xE9,0x04,0xDD,0x90,0x04,
    0xB0,0x07,0xB1,0x25,0xDD,0x90,0x04,0xB0,0x04,0xA9,0x00,0x85,0xCC,0xB1,0x23,0xC9,
    0x10,0xF0,0x15,0x38,0xE9,0x08,0xDD,0x90,0x04,0xB0,0x22,0x69,0x03,0xDD,0x90,0x04,
    0x90,0x06,0xA5,0xCC,0x09,0x04,0xD0,0x13,0xB1,0x25,0xC9,0xFF,0xF0,0x0F,0xDD,0x90,
    0x04,0x90,0x0A,0xE9,0x03,0xB0,0x06,0xA5,0xCC,0x09,0x08,0x85,0xCC,0xA5,0xCC,0xD0,
    0x07,0x88,0x30,0x03,0x4C,0x69,0xCA,0x60,0x46,0xCC,0x90,0x08,0xBD,0xF4,0x04,0x30,
    0x03,0x20,0x4F,0xCA,0x46,0xCC,0x90,0x08,0xBD,0xF4,0x04,0x10,0x03,0x20,0x4F,0xCA,
    0x46,0xCC,0x90,0x08,0xBD,0xE0,0x04,0x30,0x03,0x20,0x37,0xCA,0x46,0xCC,0x90,0x08,
    0xBD,0xE0,0x04,0x10,0x03,0x20,0x37,0xCA,0x4C,0xE1,0xCA,0x60,0xA0,0x01,0xB9,0x88,
    0x00,0x30,0x4D,0xF0,0x4B,0xB9,0xBD,0x00,0xD0,0x46,0xBD,0x90,0x04,0x38,0xF9,0x91,
    0x00,0x20,0x8E,0xF0,0xC9,0x08,0xB0,0x38,0xBD,0xA4,0x04,0x38,0xF9,0x9A,0x00,0x38,
    0xE9,0x08,0x20,0x8E,0xF0,0xC9,0x0C,0xB0,0x27,0xA9,0x00,0x99,0x88,0x00,0xA9,0x01,
    0x99,0x7F,0x00,0x99,0xC1,0x00,0xA9,0x0B,0x99,0x51,0x04,0xA9,0x20,0x99,0x5A,0x04,
    0xA5,0xF0,0x09,0x80,0x85,0xF0,0xA9,0xF0,0x9D,0xA4,0x04,0xA9,0xFF,0x9D,0x30,0x05,
    0x88,0x10,0xAB,0x60,0xAE,0xD1,0x05,0x30,0x2E,0x20,0xA8,0xCB,0xBD,0x04,0x06,0xF0,
    0x23,0x8A,0x45,0x19,0x29,0x01,0xD0,0x1C,0xBC,0xFA,0x05,0xC8,0x98,0x29,0x03,0x9D,
    0xFA,0x05,0x20,0xCB,0xCC,0xBD,0xFA,0x05,0xC9,0x01,0xD0,0x08,0xDE,0x0E,0x06,0xD0,
    0x03,0xDE,0x04,0x06,0xCA,0x10,0xD2,0x60,0xA0,0x07,0xBD,0x04,0x06,0xD0,0x03,0x4C,
    0x3A,0xCC,0xB9,0x88,0x00,0x30,0x78,0xF0,0x76,0xC0,0x02,0x90,0x04,0xC9,0x01,0xF0,
    0x6E,0xB9,0x91,0x00,0x18,0x69,0x08,0x38,0xFD,0xD2,0x05,0x85,0x12,0x20,0x8E,0xF0,
    0xC9,0x12,0xB0,0x5B,0xB9,0x9A,0x00,0x18,0x69,0x0C,0x38,0xFD,0xDC,0x05,0x85,0x13,
    0x20,0x8E,0xF0,0xC9,0x12,0xB0,0x48,0xA5,0x12,0x30,0x11,0xC9,0x03,0x90,0x1C,0xA9,
    0x02,0x99,0x1B,0x04,0x20,0x33,0xCC,0x20,0xBB,0xEB,0xD0,0x0F,0xC9,0xFD,0xB0,0x0B,
    0xA9,0xFE,0x99,0x1B,0x04,0x20,0xBB,0xEB,0x20,0x33,0xCC,0xA5,0x13,0x30,0x11,0xC9,
    0x03,0x90,0x1C,0xA9,0x02,0x99,0x2D,0x04,0x20,0xB2,0xEB,0x20,0x33,0xCC,0xD0,0x0F,
    0xC9,0xFD,0xB0,0x0B,0xA9,0xFE,0x99,0x2D,0x04,0x20,0xB2,0xEB,0x20,0x33,0xCC,0x88,
    0x10,0x80,0x60,0xA5,0xF1,0x09,0x02,0x85,0xF1,0x60,0xB9,0x88,0x00,0x30,0x79,0xF0,
    0x77,0xC0,0x02,0x90,0x2E,0xBD,0xFA,0x05,0xC9,0x03,0xD0,0x27,0xBD,0xD2,0x05,0x38,
    0xE9,0x0A,0xD9,0x91,0x00,0xB0,0x1C,0x69,0x04,0xD9,0x91,0x00,0x90,0x15,0xBD,0xDC,
    0x05,0x38,0xE9,0x1C,0xD9,0x9A,0x00,0xB0,0x0A,0x69,0x04,0xD9,0x9A,0x00,0x90,0x03,
    0x20,0xBF,0xCC,0xB9,0x91,0x00,0x18,0x69,0x08,0x38,0xFD,0xD2,0x05,0x20,0x8E,0xF0,
    0x85,0x12,0xB9,0x9A,0x00,0x18,0x69,0x0C,0x38,0xFD,0xDC,0x05,0x20,0x8E,0xF0,0x85,
    0x13,0xBD,0xFA,0x05,0xC9,0x03,0xF0,0x0A,0xA5,0x12,0x48,0xA5,0x13,0x85,0x12,0x68,
    0x85,0x13,0xA5,0x12,0xC9,0x14,0xB0,0x10,0xA5,0x13,0xC9,0x0B,0xB0,0x0A,0xA9,0x01,
    0x9D,0x04,0x06,0xA9,0x32,0x9D,0x0E,0x06,0x88,0x30,0x03,0x4C,0x3A,0xCC,0x60,0x8A,
    0x48,0x98,0xAA,0xE6,0xCB,0x20,0x83,0xE9,0x68,0xAA,0x60,0xBD,0xF0,0x05,0x85,0x57,
    0xBD,0xE6,0x05,0x85,0x58,0xA9,0x03,0x85,0x59,0xBC,0xFA,0x05,0xB9,0x26,0xCD,0x85,
    0x5A,0xB9,0x2A,0xCD,0x85,0x5B,0xB9,0x2E,0xCD,0x85,0x5C,0x20,0x0F,0xCD,0xB9,0x32,
    0xCD,0x85,0x5A,0xB9,0x36,0xCD,0x85,0x5B,0xB9,0x3A,0xCD,0x85,0x5C,0x20,0x0F,0xCD,
    0xB9,0x3E,0xCD,0x85,0x5A,0xB9,0x42,0xCD,0x85,0x5B,0xB9,0x46,0xCD,0x85,0x5C,0x98,
    0x48,0xA9,0x57,0xA0,0x00,0x20,0x31,0xC1,0x68,0xA8,0xA5,0x58,0x18,0x69,0x20,0x85,
    0x58,0x90,0x02,0xE6,0x57,0x60,0xA1,0x24,0x24,0x24,0xA2,0x9E,0xAB,0x24,0x24,0x24,
    0xAC,0x24,0xA3,0x24,0xAD,0xA8,0xA4,0x9F,0xAE,0xA9,0xA5,0x24,0xAF,0xAA,0x24,0x24,
    0xB0,0x24,0xA6,0xA0,0xB1,0x24,0xA7,0x24,0x24,0x24,0xA2,0x09,0xA9,0xFF,0x9D,0x5D,
    0x05,0xA9,0xF0,0x9D,0x7B,0x05,0xCA,0x10,0xF3,0x60,0xCE,0xCC,0x05,0xF0,0x01,0x60,
    0xA5,0x1B,0x29,0x3F,0x69,0x28,0x8D,0xCC,0x05,0xA2,0x09,0xBD,0x5D,0x05,0x30,0x04,
    0xCA,0x10,0xF8,0x60,0xA9,0x00,0x9D,0x5D,0x05,0x9D,0x99,0x05,0x9D,0x8F,0x05,0xA9,
    0x80,0x9D,0x71,0x05,0x9D,0x85,0x05,0xA9,0xD0,0x9D,0x7B,0x05,0x20,0xB3,0xF1,0x29,
    0x03,0xA8,0xB9,0xAE,0xCE,0x9D,0x67,0x05,0xA0,0x00,0xA5,0x1B,0x9D,0xB7,0x05,0x10,
    0x01,0x88,0x98,0x9D,0xC1,0x05,0xCE,0xCB,0x05,0x60,0xA2,0x09,0xBD,0x5D,0x05,0x30,
    0x71,0xF0,0x49,0xBD,0x99,0x05,0x85,0x12,0xBD,0x8F,0x05,0x85,0x13,0x20,0xA6,0xF1,
    0xBD,0xB7,0x05,0x18,0x65,0x12,0x9D,0xB7,0x05,0x85,0x12,0xBD,0xC1,0x05,0x65,0x13,
    0x9D,0xC1,0x05,0x85,0x13,0x20,0xA6,0xF1,0xBD,0x99,0x05,0x38,0xE5,0x12,0x9D,0x99,
    0x05,0xBD,0x8F,0x05,0xE5,0x13,0x9D,0x8F,0x05,0xBD,0x71,0x05,0x18,0x7D,0x99,0x05,
    0x9D,0x71,0x05,0xBD,0x67,0x05,0x7D,0x8F,0x05,0x9D,0x67,0x05,0xBD,0x85,0x05,0x38,
    0xED,0x5A,0x05,0x9D,0x85,0x05,0xB0,0x03,0xDE,0x7B,0x05,0xBD,0x7B,0x05,0xC9,0xF0,
    0xF0,0x0B,0xC9,0xA8,0xB0,0x0C,0xA9,0x01,0x9D,0x5D,0x05,0xD0,0x05,0xA9,0xFF,0x9D,
    0x5D,0x05,0x20,0x2F,0xCE,0x20,0xCE,0xCE,0xCA,0x30,0x03,0x4C,0xAC,0xCD,0x60,0xBC,
    0x5D,0x05,0xC8,0xB9,0xB2,0xCE,0x85,0x13,0x8A,0x85,0x12,0x0A,0x65,0x12,0x0A,0x0A,
    0xA8,0xBD,0x7B,0x05,0x99,0x50,0x02,0x99,0x54,0x02,0x18,0x69,0x08,0x99,0x58,0x02,
    0xBD,0x67,0x05,0x99,0x53,0x02,0x18,0x69,0x04,0x99,0x5B,0x02,0x18,0x69,0x04,0x99,
    0x57,0x02,0xA5,0x13,0x99,0x52,0x02,0x99,0x56,0x02,0x99,0x5A,0x02,0xBD,0x5D,0x05,
    0x30,0x27,0xA9,0xA8,0x99,0x51,0x02,0xA9,0xA9,0x99,0x55,0x02,0xA5,0x19,0x4A,0x4A,
    0x4A,0x4A,0x29,0x07,0x86,0x13,0xAA,0xBD,0xB5,0xCE,0x99,0x59,0x02,0xB9,0x5A,0x02,
    0x5D,0xBD,0xCE,0x99,0x5A,0x02,0xA6,0x13,0x60,0xA9,0xF0,0x9D,0x7B,0x05,0xA9,0xAC,
    0x99,0x51,0x02,0xA9,0xAD,0x99,0x55,0x02,0xA9,0xFC,0x99,0x59,0x02,0x60,0x20,0x50,
    0xA0,0xD0,0x02,0x22,0x02,0xAA,0xAB,0xAB,0xAA,0xAA,0xAB,0xAB,0xAA,0x00,0x00,0x40,
    0x40,0x40,0x40,0x00,0x00,0xFC,0xFC,0xDF,0xFC,0xFC,0xE0,0xE2,0xE1,0xFC,0xA0,0x01,
    0xB9,0x88,0x00,0x30,0x3A,0xF0,0x38,0xBD,0x5D,0x05,0x30,0x36,0xB9,0x9A,0x00,0xC9,
    0xC0,0xB0,0x2C,0x38,0xFD,0x7B,0x05,0x20,0x8E,0xF0,0xC9,0x18,0xB0,0x21,0xB9,0x91,
    0x00,0x38,0xFD,0x67,0x05,0x20,0x8E,0xF0,0xC9,0x10,0xB0,0x13,0xA9,0xFF,0x9D,0x5D,
    0x05,0xB9,0xCD,0x05,0x18,0x69,0x01,0x99,0xCD,0x05,0xA9,0x02,0x85,0xF0,0x60,0x88,
    0x10,0xBE,0x60,0xA9,0x20,0x85,0xF2,0x20,0xE2,0xD0,0x20,0x4A,0xCD,0xA6,0x40,0xB5,
    0x41,0x30,0x03,0x20,0xB0,0xF3,0xCA,0x10,0xF6,0xA2,0x00,0x86,0xBD,0x86,0xBE,0xA9,
    0x14,0x8D,0xCB,0x05,0x20,0x70,0xF4,0xE6,0x4C,0x20,0xDD,0xD8,0x20,0x91,0xE6,0xAD,
    0xCB,0x05,0xF0,0x03,0x20,0x5A,0xCD,0x20,0xAA,0xCD,0xAD,0xCB,0x05,0xD0,0xE5,0xA2,
    0x09,0xBD,0x5D,0x05,0x10,0xDE,0xCA,0x10,0xF8,0xA5,0x19,0xD0,0xD7,0x20,0x46,0xD2,
    0xA2,0x02,0x86,0x46,0x20,0x5E,0xF4,0xA9,0x2B,0xA0,0xD1,0x20,0x31,0xC1,0xA9,0x5A,
    0xA0,0xD1,0x20,0x31,0xC1,0xA9,0x65,0xA0,0xD1,0x20,0x31,0xC1,0xA6,0x40,0xA9,0x20,
    0x95,0x91,0xBD,0x9E,0xD1,0x95,0x9A,0xA9,0x03,0x95,0x7F,0xA9,0x01,0x9D,0x48,0x04,
    0x20,0xB0,0xF3,0x20,0xA4,0xE3,0xCA,0x10,0xE5,0xA9,0x44,0x8D,0x67,0x05,0x8D,0x68,
    0x05,0xA9,0x54,0x8D,0x7B,0x05,0xA9,0x74,0x8D,0x7C,0x05,0xA9,0x01,0x8D,0x5D,0x05,
    0x8D,0x5E,0x05,0xA6,0x40,0x20,0x2F,0xCE,0xCA,0x10,0xFA,0x20,0x5C,0xF4,0xA9,0x2B,
    0x85,0x57,0xA9,0x24,0x85,0x58,0x85,0x59,0xA9,0x0C,0x85,0x54,0xA9,0x0B,0x85,0x55,
    0xA9,0x05,0x85,0x56,0xAD,0xCD,0x05,0x20,0xC9,0xD1,0xA5,0x40,0xF0,0x0A,0xA9,0x0F,
    0x85,0x55,0xAD,0xCE,0x05,0x20,0xC9,0xD1,0x20,0x5C,0xF4,0xAD,0x59,0x05,0x85,0x57,
    0xA9,0x00,0x85,0x58,0x85,0x59,0xA9,0x08,0x85,0x54,0xA9,0x0B,0x85,0x55,0xA9,0x03,
    0x85,0x56,0xAD,0x59,0x05,0x20,0x19,0xC1,0xA5,0x40,0xF0,0x07,0xA9,0x0F,0x85,0x55,
    0x20,0x19,0xC1,0xA9,0xFF,0x8D,0x5D,0x05,0x8D,0x5E,0x05,0xA6,0x40,0x20,0x2F,0xCE,
    0xCA,0x10,0xFA,0xA9,0x02,0x85,0xF0,0xA2,0x02,0x20,0x5E,0xF4,0xA6,0x40,0x20,0x2F,
    0xCE,0xCA,0x10,0xFA,0x20,0xA0,0xD1,0x20,0x5C,0xF4,0xA9,0x01,0x85,0xF0,0x20,0x21,
    0xD1,0xD0,0x25,0xA9,0x70,0xA0,0xD1,0x20,0x31,0xC1,0x20,0x65,0xF4,0xA2,0x1A,0xBD,
    0x84,0xD1,0x95,0x57,0xCA,0x10,0xF8,0xAD,0x5B,0x05,0x85,0x68,0xAD,0x5C,0x05,0x85,
    0x69,0x20,0x2D,0xC1,0xA9,0x10,0x85,0xF2,0xA2,0x78,0x20,0x5E,0xF4,0x20,0xA0,0xD1,
    0xA9,0x00,0x85,0x3E,0xA2,0x04,0x20,0x13,0xD2,0x20,0x2D,0xC1,0xA5,0x40,0xF0,0x0E,
    0xE6,0x3E,0xA2,0x12,0x20,0x13,0xD2,0xA9,0x65,0xA0,0x00,0x20,0x31,0xC1,0xA9,0x01,
    0x85,0xF1,0xA2,0x02,0x20,0x5E,0xF4,0xA5,0x5D,0xC9,0x24,0xD0,0xD3,0xA5,0x40,0xF0,
    0x07,0xAD,0x6B,0x00,0xC9,0x24,0xD0,0xC8,0xA2,0x0A,0x20,0x5E,0xF4,0x20,0x21,0xD1,
    0xD0,0x1C,0xAD,0x5B,0x05,0x85,0x47,0xAD,0x5C,0x05,0x85,0x48,0xA5,0x40,0x85,0x3E,
    0x20,0xDC,0xD6,0xC6,0x3E,0x10,0xF9,0xA9,0x01,0x85,0xF1,0x20,0x5C,0xF4,0xA9,0x00,
    0x85,0x47,0x85,0x48,0xA2,0x01,0xB5,0x41,0x10,0x02,0x95,0x88,0xCA,0x10,0xF7,0x4C,
    0x53,0xF3,0xAE,0x58,0x05,0xBD,0x0D,0xD1,0x8D,0x59,0x05,0xBD,0x12,0xD1,0x8D,0x5A,
    0x05,0xBD,0x17,0xD1,0x8D,0x5B,0x05,0xBD,0x1C,0xD1,0x8D,0x5C,0x05,0xE0,0x04,0xB0,
    0x03,0xEE,0x58,0x05,0xA9,0x00,0x8D,0xCD,0x05,0x8D,0xCE,0x05,0x60,0x03,0x05,0x07,
    0x07,0x07,0x80,0x90,0x98,0xA0,0xA8,0x01,0x01,0x02,0x02,0x03,0x00,0x05,0x00,0x05,
    0x00,0xAD,0xCD,0x05,0x18,0x6D,0xCE,0x05,0xC9,0x14,0x60,0x3F,0x00,0x10,0x0F,0x30,
    0x30,0x30,0x0F,0x30,0x27,0x15,0x0F,0x30,0x02,0x21,0x0F,0x16,0x16,0x16,0x21,0x73,
    0x0B,0x29,0x00,0x00,0x00,0x00,0x00,0x24,0x19,0x1D,0x1C,0x26,0x21,0xF3,0x0B,0x29,
    0x00,0x00,0x00,0x00,0x00,0x24,0x19,0x1D,0x1C,0x26,0x23,0xE8,0x08,0xFF,0xFF,0xFF,
    0xFF,0xFF,0xFF,0xFF,0xFF,0x23,0xC0,0x08,0x40,0x50,0x50,0x50,0x50,0x90,0xA0,0xA0,
    0x22,0x88,0x11,0x19,0x24,0x0E,0x24,0x1B,0x24,0x0F,0x24,0x0E,0x24,0x0C,0x24,0x1D,
    0x24,0x2C,0x2C,0x2C,0x22,0xC6,0x17,0x1C,0x1E,0x19,0x0E,0x1B,0x24,0x0B,0x18,0x17,
    0x1E,0x1C,0x24,0x24,0x24,0x01,0x00,0x00,0x00,0x00,0x19,0x1D,0x1C,0x2C,0x50,0x70,
    0xA2,0x1C,0xBD,0x3E,0xD1,0x95,0x57,0xCA,0x10,0xF8,0xA2,0x04,0xAC,0xCD,0x05,0x20,
    0xDC,0xD1,0xA2,0x12,0xAC,0xCE,0x05,0x20,0xDC,0xD1,0x20,0x2D,0xC1,0xA5,0x40,0xD0,
    0x01,0x60,0xA9,0x65,0xA0,0x00,0x4C,0x31,0xC1,0xA0,0x00,0xC9,0x0A,0x90,0x06,0xC8,
    0xE9,0x0A,0x4C,0xCB,0xD1,0x84,0x5A,0x85,0x5B,0x4C,0x19,0xC1,0x88,0x30,0x1F,0xAD,
    0x59,0x05,0x18,0x75,0x59,0xC9,0x0A,0x90,0x04,0xE9,0x0A,0xF6,0x58,0x95,0x59,0xB5,
    0x58,0xC9,0x0A,0x90,0x06,0xE9,0x0A,0xF6,0x57,0x95,0x58,0x4C,0xDC,0xD1,0xA0,0x00,
    0xB5,0x57,0xF0,0x04,0xC9,0x24,0xD0,0x0A,0xA9,0x24,0x95,0x57,0xE8,0xC8,0xC0,0x04,
    0xD0,0xEE,0x60,0xB5,0x59,0xC9,0x24,0xF0,0x2A,0xA8,0xD0,0x1C,0xB5,0x58,0xC9,0x24,
    0xF0,0x21,0xB5,0x58,0xD0,0x0C,0xB5,0x57,0xC9,0x24,0xF0,0x17,0xA9,0x0A,0x95,0x58,
    0xD6,0x57,0xA9,0x0A,0x95,0x59,0xD6,0x58,0xD6,0x59,0x8A,0x48,0xA9,0x0A,0x20,0xDE,
    0xD6,0x68,0xAA,0x4C,0xFE,0xD1,0x20,0x0A,0xC1,0x20,0xFA,0xC0,0xA9,0x20,0x8D,0x06,
    0x20,0xA9,0x00,0x8D,0x06,0x20,0x20,0x75,0xD2,0x20,0x75,0xD2,0x20,0x04,0xC1,0x20,
    0x15,0xC1,0xA2,0x3F,0xA0,0x00,0x84,0x4C,0xA9,0xF0,0x99,0x00,0x02,0xC8,0xC8,0xC8,
    0xC8,0xCA,0x10,0xF4,0x60,0xA2,0xF0,0xA9,0x24,0x8D,0x07,0x20,0x8D,0x07,0x20,0x8D,
    0x07,0x20,0x8D,0x07,0x20,0xCA,0xD0,0xF1,0xA2,0x40,0xA9,0x00,0x8D,0x07,0x20,0xCA,
    0xD0,0xFA,0x60,0x20,0x0A,0xC1,0x20,0xFA,0xC0,0xA5,0x16,0xF0,0x03,0x4C,0x72,0xD5,
    0xA4,0x3B,0xB9,0x2A,0xDB,0x85,0x1D,0xB9,0x3A,0xDB,0x85,0x1E,0x20,0x97,0xD4,0xA2,
    0x00,0x20,0xE5,0xD4,0xC9,0xFF,0xF0,0x6A,0x85,0x54,0x20,0xE5,0xD4,0x85,0x55,0xA0,
    0x03,0x20,0xFB,0xD4,0xA9,0x04,0x85,0x12,0xB9,0x93,0xD4,0x8D,0x07,0x20,0x18,0x69,
    0x04,0xC6,0x12,0xD0,0xF6,0xE6,0x55,0x88,0x10,0xE7,0xA5,0x55,0x38,0xE9,0x04,0x85,
    0x55,0x20,0x1C,0xD5,0x95,0xA6,0xE6,0x54,0xE6,0x54,0x20,0x1C,0xD5,0x95,0xA9,0xE6,
    0x55,0xE6,0x55,0x20,0x1C,0xD5,0x95,0xAF,0xC6,0x54,0xC6,0x54,0x20,0x1C,0xD5,0x95,
    0xAC,0x86,0xA4,0xA9,0x03,0x20,0x56,0xC8,0x20,0x7C,0xC1,0xA6,0xA4,0xA5,0x54,0x0A,
    0x0A,0x0A,0x18,0x69,0x10,0x95,0xB2,0xA5,0x55,0x0A,0x0A,0x0A,0x95,0xB5,0xE8,0x4C,
    0xB1,0xD2,0xCA,0x86,0xA3,0xA2,0x00,0x20,0xE5,0xD4,0xC9,0xFF,0xF0,0x50,0x85,0x54,
    0x20,0xE5,0xD4,0x85,0x55,0x20,0xE5,0xD4,0x9D,0xFA,0x05,0xA5,0x54,0x0A,0x0A,0x0A,
    0x69,0x0C,0x9D,0xD2,0x05,0xA5,0x55,0x0A,0x0A,0x0A,0x69,0x0C,0x9D,0xDC,0x05,0xA9,
    0x00,0x9D,0x04,0x06,0x20,0xFB,0xD4,0x9D,0xE6,0x05,0xA5,0x13,0x9D,0xF0,0x05,0x20,
    0x6C,0xD5,0x20,0x3C,0xD5,0xE6,0x54,0xE6,0x54,0x20,0x3C,0xD5,0xE6,0x55,0xE6,0x55,
    0x20,0x3C,0xD5,0xC6,0x54,0xC6,0x54,0x20,0x3C,0xD5,0xE8,0x4C,0x27,0xD3,0xCA,0x8E,
    0xD1,0x05,0x20,0xE5,0xD4,0x85,0x1F,0x20,0xE5,0xD4,0x85,0x20,0xA0,0x00,0xB1,0x1F,
    0xAA,0xCA,0x10,0x05,0xE6,0xC8,0x4C,0xBA,0xD3,0xC8,0xB1,0x1F,0xC8,0x95,0x93,0xB1,
    0x1F,0xC8,0x95,0x9C,0xB1,0x1F,0xC8,0x9D,0x53,0x04,0xA9,0x02,0x95,0x81,0xA9,0x01,
    0x95,0x8A,0xA5,0xC6,0x9D,0x41,0x04,0xCA,0x10,0xE0,0x20,0xE5,0xD4,0x85,0xCD,0x20,
    0xE5,0xD4,0x85,0x23,0x20,0xE5,0xD4,0xA8,0x85,0x24,0xA5,0x23,0x20,0x8C,0xD4,0x85,
    0x25,0x84,0x26,0x20,0x8C,0xD4,0x85,0x27,0x84,0x28,0x20,0x8C,0xD4,0x85,0x29,0x84,
    0x2A,0x20,0xD9,0xD5,0x20,0xED,0xD3,0x20,0x04,0xC1,0x4C,0x15,0xC1,0xA2,0x22,0xBD,
    0x37,0xD4,0x95,0x57,0xCA,0x10,0xF8,0xA5,0xC8,0xD0,0x15,0xA5,0x3B,0x29,0x0C,0x09,
    0x03,0xA8,0xA2,0x03,0xB9,0x5A,0xD4,0x95,0x5A,0x88,0xCA,0x10,0xF7,0x4C,0x2D,0xC1,
    0xAE,0x58,0x05,0xBD,0x6A,0xD4,0x85,0x1D,0xBD,0x6F,0xD4,0x85,0x1E,0xA2,0x03,0xA0,
    0x07,0xB1,0x1D,0x95,0x72,0x88,0xCA,0x10,0xF8,0xA5,0x16,0xD0,0xE0,0xB1,0x1D,0x99,
    0x5A,0x00,0x88,0x10,0xF8,0x30,0xD6,0x3F,0x00,0x20,0x0F,0x2A,0x09,0x07,0x0F,0x30,
    0x27,0x15,0x0F,0x30,0x02,0x21,0x0F,0x30,0x00,0x10,0x0F,0x16,0x12,0x37,0x0F,0x12,
    0x16,0x37,0x0F,0x17,0x11,0x35,0x0F,0x17,0x11,0x2B,0x0F,0x2A,0x09,0x07,0x0F,0x26,
    0x06,0x07,0x0F,0x1B,0x0C,0x07,0x0F,0x2C,0x01,0x06,0x74,0x7C,0x84,0x84,0x84,0xD4,
    0xD4,0xD4,0xD4,0xD4,0x0F,0x02,0x08,0x06,0x0F,0x2B,0x30,0x12,0x0F,0x07,0x0A,0x19,
    0x0F,0x26,0x30,0x2B,0x0F,0x07,0x0C,0x1C,0x0F,0x15,0x30,0x26,0x38,0x65,0xCD,0x90,
    0x01,0xC8,0x60,0x7F,0x7E,0x7D,0x7C,0x20,0xE5,0xD4,0x85,0x1F,0x20,0xE5,0xD4,0x85,
    0x20,0xAA,0xF0,0x40,0x20,0xF0,0xD4,0xAA,0xF0,0xED,0x29,0x7F,0x8D,0x06,0x20,0x20,
    0xF0,0xD4,0x8D,0x06,0x20,0x20,0xF0,0xD4,0x85,0x12,0x8A,0x29,0x80,0x4A,0x4A,0x4A,
    0x4A,0x4A,0x05,0x00,0x8D,0x00,0x20,0x8A,0x29,0x40,0xD0,0x0C,0x20,0xF0,0xD4,0x8D,
    0x07,0x20,0xC6,0x12,0xD0,0xF6,0xF0,0xCC,0x20,0xF0,0xD4,0x8D,0x07,0x20,0xC6,0x12,
    0xD0,0xF9,0xF0,0xC0,0x60,0xA0,0x00,0xB1,0x1D,0xE6,0x1D,0xD0,0x02,0xE6,0x1E,0x60,
    0xA0,0x00,0xB1,0x1F,0xE6,0x1F,0xD0,0x02,0xE6,0x20,0x60,0xA5,0x55,0x85,0x12,0xA9,
    0x00,0x06,0x12,0x06,0x12,0x06,0x12,0x06,0x12,0x2A,0x06,0x12,0x2A,0x09,0x20,0x8D,
    0x06,0x20,0x85,0x13,0xA5,0x12,0x05,0x54,0x8D,0x06,0x20,0x60,0xA5,0x55,0x29,0xFC,
    0x0A,0x85,0x12,0xA5,0x54,0x4A,0x4A,0x05,0x12,0x09,0xC0,0x48,0xA5,0x55,0x29,0x02,
    0x85,0x12,0xA5,0x54,0x29,0x02,0x4A,0x05,0x12,0xA8,0x68,0x60,0xA9,0x23,0x8D,0x06,
    0x20,0x20,0x1C,0xD5,0x8D,0x06,0x20,0xAD,0x07,0x20,0xAD,0x07,0x20,0x39,0x64,0xD5,
    0x19,0x68,0xD5,0x48,0xA9,0x23,0x8D,0x06,0x20,0x20,0x1C,0xD5,0x8D,0x06,0x20,0x68,
    0x8D,0x07,0x20,0x60,0xFC,0xF3,0xCF,0x3F,0x01,0x04,0x10,0x40,0x20,0xCB,0xCC,0x4C,
    0x7C,0xC1,0xA9,0xC0,0xA0,0x23,0x20,0x93,0xD5,0xA9,0xC0,0xA0,0x27,0x20,0x93,0xD5,
    0xA0,0x23,0xA9,0x60,0x20,0xB8,0xD5,0xA0,0x27,0xA9,0x60,0x20,0xB8,0xD5,0xE6,0xC8,
    0x4C,0xE1,0xD3,0x8C,0x06,0x20,0x8D,0x06,0x20,0xA2,0x00,0xBD,0xAE,0xDC,0x8D,0x07,
    0x20,0xE8,0xE0,0x08,0xD0,0xF5,0xA9,0x00,0xA2,0x28,0x20,0xB1,0xD5,0xA9,0xAA,0xA2,
    0x10,0x8D,0x07,0x20,0xCA,0xD0,0xFA,0x60,0x8C,0x06,0x20,0x8D,0x06,0x20,0xA2,0x20,
    0xA9,0x58,0x20,0xC9,0xD5,0xA2,0x40,0xA9,0x5C,0x85,0x12,0x8A,0x29,0x03,0x49,0x03,
    0x05,0x12,0x8D,0x07,0x20,0xCA,0xD0,0xF3,0x60,0xA2,0x00,0x20,0x51,0xD6,0x20,0xF1,
    0xD5,0xA5,0x51,0x09,0x04,0x85,0x51,0x20,0xF1,0xD5,0xE8,0xE8,0xE0,0x80,0xD0,0xEB,
    0x60,0xA5,0x51,0x8D,0x06,0x20,0xA5,0x50,0x8D,0x06,0x20,0xAD,0x07,0x20,0xAD,0x07,
    0x20,0xC9,0x24,0xD0,0x07,0x8A,0x29,0x03,0xA8,0x4C,0x3B,0xD6,0x60,0xA5,0x4C,0xF0,
    0x29,0xC6,0x4C,0xA5,0x4F,0x18,0x69,0x02,0x29,0x3F,0x85,0x4F,0xAA,0x20,0x51,0xD6,
    0xA5,0x51,0x8D,0x06,0x20,0xA5,0x50,0x8D,0x06,0x20,0xAD,0x07,0x20,0xAD,0x07,0x20,
    0xA0,0x03,0xD9,0x4C,0xD6,0xF0,0x04,0x88,0x10,0xF8,0x60,0xA5,0x51,0x8D,0x06,0x20,
    0xA5,0x50,0x8D,0x06,0x20,0xB9,0x4D,0xD6,0x8D,0x07,0x20,0x60,0x24,0xED,0xEE,0xEF,
    0x24,0xBD,0x5C,0xD6,0x85,0x50,0xBD,0x5D,0xD6,0x85,0x51,0x60,0x63,0x21,0xA5,0x21,
    0xCB,0x20,0xB7,0x20,0x7D,0x21,0x9B,0x22,0xF2,0x20,0x49,0x22,0x6D,0x21,0x0B,0x22,
    0x92,0x22,0x95,0x21,0x1C,0x21,0x48,0x21,0xE0,0x20,0x0B,0x23,0xCE,0x20,0xD0,0x21,
    0x06,0x21,0x19,0x21,0x30,0x22,0x8A,0x22,0x88,0x22,0xA4,0x20,0x42,0x22,0x68,0x21,
    0x3C,0x22,0x36,0x21,0xCA,0x21,0xBC,0x20,0x96,0x21,0x4C,0x21,0x35,0x22,0xEF,0x20,
    0x68,0x22,0xA6,0x20,0xBB,0x21,0x7A,0x21,0xEA,0x20,0xF1,0x21,0xC2,0x20,0x77,0x21,
    0x54,0x21,0xBA,0x20,0xC5,0x22,0xBE,0x20,0xFA,0x20,0xAE,0x21,0x46,0x21,0x9A,0x21,
    0xD2,0x20,0x3D,0x21,0x2B,0x22,0xB0,0x20,0xB6,0x21,0xAC,0x20,0xB3,0x20,0xDB,0x20,
    0xF6,0x20,0x2C,0x21,0xE7,0x20,0x62,0x21,0xE4,0x21,0x4E,0x21,0xA9,0x00,0x85,0x43,
    0xA5,0x3A,0xF0,0x01,0x60,0xA6,0x3E,0xE0,0x02,0xB0,0xF9,0xB5,0x41,0x30,0xF5,0xA0,
    0x64,0x20,0x7C,0xD7,0x18,0x65,0x48,0x85,0x45,0xA0,0x0A,0x20,0x7C,0xD7,0x85,0x44,
    0xA6,0x3F,0xBD,0x79,0xD7,0x85,0x21,0xA9,0x06,0x85,0x22,0xA5,0x3E,0x0A,0x0A,0x05,
    0x3E,0xAA,0x18,0xB5,0x03,0x65,0x43,0x20,0x8F,0xD7,0x95,0x03,0xB5,0x04,0x65,0x44,
    0x20,0x8F,0xD7,0x95,0x04,0xB5,0x05,0x65,0x45,0x20,0x8F,0xD7,0x95,0x05,0xB5,0x06,
    0x65,0x47,0x20,0x8F,0xD7,0x95,0x06,0xB5,0x07,0x69,0x00,0x20,0x8F,0xD7,0x95,0x07,
    0xE8,0xE8,0xE8,0xE8,0xA0,0x04,0xB5,0x03,0xD1,0x21,0x90,0x19,0xD0,0x04,0xCA,0x88,
    0x10,0xF4,0xA0,0x00,0xA5,0x3E,0x0A,0x0A,0x05,0x3E,0xAA,0xB5,0x03,0x91,0x21,0xE8,
    0xC8,0xC0,0x05,0xD0,0xF6,0xA0,0x04,0xB1,0x21,0x99,0x0D,0x00,0x88,0x10,0xF8,0xE6,
    0x46,0xA5,0x16,0xF0,0x03,0x20,0x39,0xC5,0x60,0x29,0x2E,0x33,0x84,0x12,0xA2,0xFF,
    0xA5,0x43,0x38,0xE5,0x12,0xE8,0xB0,0xFA,0x18,0x65,0x12,0x85,0x43,0x8A,0x60,0xC9,
    0x0A,0xB0,0x01,0x60,0x38,0xE9,0x0A,0x60,0xA4,0x46,0x88,0xF0,0x03,0x10,0x66,0x60,
    0xA9,0x20,0x8D,0x06,0x20,0xA9,0x43,0x8D,0x06,0x20,0xA9,0x8E,0x8D,0x07,0x20,0xA2,
    0x04,0xB5,0x03,0x8D,0x07,0x20,0xCA,0x10,0xF8,0xA9,0x00,0x8D,0x07,0x20,0xA9,0x24,
    0x8D,0x07,0x20,0x8D,0x07,0x20,0xA2,0x8C,0x8E,0x07,0x20,0xE8,0x8E,0x07,0x20,0xA2,
    0x04,0xB5,0x0D,0x8D,0x07,0x20,0xCA,0x10,0xF8,0xA9,0x00,0x8D,0x07,0x20,0xA9,0x24,
    0x8D,0x07,0x20,0x8D,0x07,0x20,0xA5,0x16,0xD0,0x6A,0xA5,0x40,0xF0,0x14,0xA9,0x8F,
    0x8D,0x07,0x20,0xA2,0x04,0xB5,0x08,0x8D,0x07,0x20,0xCA,0x10,0xF8,0xA9,0x00,0x8D,
    0x07,0x20,0xC6,0x46,0x60,0xC6,0x46,0xA9,0x20,0x8D,0x06,0x20,0xA9,0x62,0x8D,0x06,
    0x20,0xA5,0x41,0x20,0x26,0xD8,0xA5,0x40,0xF0,0x20,0xA9,0x20,0x8D,0x06,0x20,0xA9,
    0x75,0x8D,0x06,0x20,0xA5,0x42,0x30,0x13,0x85,0x50,0xA2,0x06,0xA9,0x24,0xE4,0x50,
    0xB0,0x02,0xA9,0x2A,0x8D,0x07,0x20,0xCA,0x10,0xF2,0x60,0xA5,0x40,0xF0,0xE9,0xA2,
    0x08,0xBD,0x4B,0xD8,0x8D,0x07,0x20,0xCA,0x10,0xF7,0x60,0x1B,0x0E,0x1F,0x18,0x24,
    0x0E,0x16,0x0A,0x10,0xA0,0x04,0xB9,0x6C,0xD8,0x8D,0x07,0x20,0x88,0x10,0xF7,0xA5,
    0x4A,0x8D,0x07,0x20,0xA5,0x49,0x8D,0x07,0x20,0xC6,0x46,0x60,0xFB,0xFA,0xF9,0xF8,
    0xF7,0x85,0x12,0x86,0x13,0x84,0x14,0xA2,0x01,0xBD,0x1A,0x06,0x30,0x0E,0xCA,0x10,
    0xF8,0xA2,0x01,0xAD,0x19,0x06,0xCD,0x18,0x06,0x90,0x01,0xCA,0xA9,0x64,0x9D,0x18,
    0x06,0xA5,0x12,0x9D,0x1A,0x06,0xA8,0x8A,0x0A,0x0A,0x0A,0xAA,0xB9,0xD1,0xD8,0x9D,
    0xF1,0x02,0xB9,0xD7,0xD8,0x9D,0xF5,0x02,0xA4,0x13,0xB9,0x9A,0x00,0x38,0xE9,0x08,
    0x9D,0xF0,0x02,0x9D,0xF4,0x02,0xB9,0x91,0x00,0x9D,0xF3,0x02,0x18,0x69,0x08,0x9D,
    0xF7,0x02,0xA5,0x3E,0x9D,0xF2,0x02,0x9D,0xF6,0x02,0xA4,0x14,0xA6,0x13,0xA5,0x12,
    0x60,0xF4,0xF5,0xF6,0xF7,0xF8,0xF9,0xFB,0xFB,0xFA,0xFB,0xFB,0xFB,0xA2,0x01,0xBD,
    0x1A,0x06,0x30,0x17,0xDE,0x18,0x06,0xD0,0x12,0xA9,0xFF,0x9D,0x1A,0x06,0x8A,0x0A,
    0x0A,0x0A,0xA8,0xA9,0xF0,0x99,0xF0,0x02,0x99,0xF4,0x02,0xCA,0x10,0xE1,0x60,0xA2,
    0x01,0xA9,0x00,0x9D,0x18,0x06,0xA9,0xFF,0x9D,0x1A,0x06,0xCA,0x10,0xF3,0x60,0x20,
    0x46,0xD2,0x20,0x0A,0xC1,0x20,0x65,0xF4,0x20,0xFA,0xC0,0xA9,0x2C,0x85,0x1D,0xA9,
    0xD9,0x85,0x1E,0x20,0x97,0xD4,0x20,0x04,0xC1,0x4C,0x15,0xC1,0x30,0xD9,0x00,0x00,
    0x3F,0x00,0x04,0x0F,0x30,0x27,0x2A,0x3F,0x18,0x04,0x0F,0x16,0x30,0x21,0x20,0x7C,
    0x21,0xF0,0xF1,0x24,0x24,0x24,0x24,0xE0,0xE1,0xE1,0xE2,0xE0,0xE1,0xE1,0xE2,0xE0,
    0xE2,0x24,0xE0,0xE2,0x24,0xE0,0xE1,0xE1,0xE2,0xE0,0xE1,0xE1,0xE2,0xE0,0xEC,0x24,
    0xE0,0xE2,0x20,0xA2,0x1B,0xE3,0xE3,0xE3,0xE5,0xE3,0xE3,0xE3,0xE5,0xE3,0xE5,0x24,
    0xE3,0xE5,0x24,0xE3,0xE3,0xE3,0xE5,0xE3,0xE3,0xE3,0xE5,0xE3,0xE3,0xF3,0xE3,0xE5,
    0x20,0xC2,0x1B,0xE3,0xE4,0xE3,0xE7,0xE3,0xE4,0xE3,0xE5,0xE3,0xE5,0x24,0xE3,0xE5,
    0x24,0xE3,0xE4,0xE3,0xE5,0xE3,0xE4,0xE3,0xE5,0xE3,0xE3,0xE3,0xE3,0xE5,0x20,0xE2,
    0x1B,0xE3,0xE3,0xE3,0xE2,0xE3,0xE3,0xE3,0xE5,0xE3,0xE5,0x24,0xE3,0xE5,0x24,0xE3,
    0xE3,0xE3,0xE5,0xE3,0xE3,0xE3,0xE5,0xE3,0xE3,0xE3,0xE3,0xE5,0x21,0x02,0x1B,0xE3,
    0xE4,0xE3,0xE5,0xE3,0xF2,0xE3,0xE5,0xE3,0xE3,0xE2,0xE3,0xE3,0xE2,0xE3,0xE3,0xE3,
    0xE5,0xE3,0xE3,0xE3,0xE5,0xE3,0xF2,0xE3,0xE3,0xE5,0x21,0x22,0x1B,0xE6,0xE3,0xE3,
    0xE7,0xEB,0x24,0xE6,0xE7,0xE6,0xE3,0xE7,0xE6,0xE3,0xE7,0xE6,0xE3,0xE3,0xE7,0xE6,
    0xE3,0xE3,0xE7,0xEB,0x24,0xE6,0xE3,0xE7,0x21,0x4C,0x12,0xE0,0xE1,0xE1,0xE2,0xE0,
    0xE2,0xE0,0xE1,0xE1,0xE2,0xE8,0x24,0xE0,0xE2,0xE0,0xE1,0xE1,0xE2,0x21,0x6C,0x12,
    0xE3,0xE3,0xE3,0xE7,0xE3,0xE5,0xE3,0xF5,0xF6,0xE7,0xE3,0xF3,0xE3,0xE5,0xE6,0xE3,
    0xE3,0xE7,0x21,0x8C,0x12,0xE3,0xE3,0xEF,0x24,0xE3,0xE5,0xE3,0x24,0x24,0x24,0xE3,
    0xE3,0xE3,0xE5,0x24,0xE3,0xE5,0x24,0x21,0xAC,0x12,0xE3,0xE3,0xE1,0xEA,0xE3,0xE5,
    0xE3,0xE9,0xE3,0xE2,0xE3,0xE3,0xE3,0xE5,0x24,0xE3,0xE5,0x24,0x21,0xCC,0x12,0xE3,
    0xE3,0xEF,0x24,0xE3,0xE5,0xE3,0xF3,0xE3,0xE5,0xE3,0xF2,0xE3,0xE5,0x24,0xE3,0xE5,
    0x24,0x21,0xEC,0x12,0xE6,0xE7,0x24,0x24,0xE6,0xE7,0xE6,0xE7,0xE6,0xE7,0xEB,0x24,
    0xE6,0xE7,0x24,0xE6,0xE7,0x24,0x22,0x48,0x10,0x0A,0x24,0x24,0x01,0x25,0x19,0x15,
    0x0A,0x22,0x0E,0x1B,0x24,0x10,0x0A,0x16,0x0E,0x22,0x88,0x10,0x0B,0x24,0x24,0x02,
    0x25,0x19,0x15,0x0A,0x22,0x0E,0x1B,0x24,0x10,0x0A,0x16,0x0E,0x22,0xC8,0x10,0x0C,
    0x24,0x24,0x0B,0x0A,0x15,0x15,0x18,0x18,0x17,0x24,0x24,0x1D,0x1B,0x12,0x19,0x23,
    0x49,0x0E,0xF4,0x01,0x09,0x08,0x04,0x24,0x17,0x12,0x17,0x1D,0x0E,0x17,0x0D,0x18,
    0x00,0x20,0x04,0xC1,0x20,0x0F,0xD9,0xA9,0x00,0x85,0x19,0x20,0x65,0xF4,0xA5,0x19,
    0xF0,0x1F,0x20,0x08,0xDB,0x20,0x68,0xE7,0xAA,0x29,0x10,0xD0,0x13,0x8A,0x29,0x20,
    0xF0,0x0B,0xA9,0x00,0x85,0x19,0xA6,0x3F,0xBD,0x05,0xDB,0x85,0x3F,0x4C,0xCB,0xDA,
    0x60,0xE6,0x3A,0xE6,0x40,0xA9,0x00,0x8D,0x15,0x40,0x85,0x16,0x20,0xF2,0xF1,0xA9,
    0x00,0x85,0x3A,0xF0,0xBC,0x01,0x02,0x00,0xA5,0x3F,0x4A,0x85,0x16,0xA5,0x3F,0xAA,
    0x29,0x01,0x85,0x40,0xBD,0x27,0xDB,0x8D,0x7B,0x05,0xA9,0x2C,0x8D,0x67,0x05,0xA2,
    0x00,0x8E,0x5D,0x05,0x4C,0x2F,0xCE,0x8C,0x9C,0xAC,0x4A,0x59,0xF2,0x6C,0x77,0x88,
    0xE1,0x6C,0x99,0x03,0xCA,0x6C,0xAD,0x17,0xE1,0x6C,0xDB,0xDB,0xDB,0xDB,0xDB,0xDB,
    0xDB,0xDB,0xDB,0xDC,0xDB,0xDB,0xDB,0xDC,0xDB,0xDB,0x2B,0xDC,0x39,0xDD,0x00,0x00,
    0x10,0x06,0xFF,0xFF,0x96,0xDF,0x02,0x7A,0xDE,0x2B,0xDC,0x39,0xDD,0x4B,0xDD,0x00,
    0x00,0x18,0x0C,0x04,0x0E,0xFF,0xFF,0xA0,0xDF,0x04,0x86,0xDE,0xCA,0xDC,0x00,0x00,
    0xFF,0xFF,0xB0,0xDF,0x00,0x9A,0xDE,0x2B,0xDC,0x5E,0xDD,0x00,0x00,0x08,0x06,0x18,
    0x0A,0xFF,0xFF,0xB1,0xDF,0x06,0x9E,0xDE,0x2B,0xDC,0x7D,0xDD,0x00,0x00,0x04,0x06,
    0x12,0x08,0xFF,0xFF,0xC1,0xDF,0x07,0xBA,0xDE,0x2B,0xDC,0xA3,0xDD,0x00,0x00,0x06,
    0x06,0x14,0x10,0xFF,0x0F,0x0D,0x01,0xFF,0xD4,0xDF,0x09,0xDA,0xDE,0x2B,0xDC,0xCE,
    0xDD,0x00,0x00,0x04,0x06,0x10,0x0E,0xFF,0x08,0x0E,0x03,0x0D,0x09,0x03,0x12,0x08,
    0x03,0x17,0x0D,0x03,0xFF,0xE7,0xDF,0x03,0x02,0xDF,0x2B,0xDC,0x5E,0xDD,0x00,0x00,
    0x10,0x06,0x1A,0x0C,0xFF,0x08,0x08,0x01,0x18,0x04,0x01,0xFF,0xB1,0xDF,0x06,0x9E,
    0xDE,0x2B,0xDC,0xDB,0xDD,0x00,0x00,0x0E,0x06,0x0C,0x14,0xFF,0xFF,0xF7,0xDF,0x06,
    0x12,0xDF,0x2B,0xDC,0x01,0xDE,0x00,0x00,0x04,0x08,0x16,0x10,0xFF,0xFF,0x07,0xE0,
    0x09,0x2E,0xDF,0x2B,0xDC,0x32,0xDE,0x00,0x00,0x04,0x10,0x18,0x10,0xFF,0x0E,0x06,
    0x01,0xFF,0x17,0xE0,0x07,0x56,0xDF,0x2B,0xDC,0x5B,0xDE,0x00,0x00,0x04,0x08,0x0E,
    0x10,0xFF,0x10,0x07,0x01,0xFF,0x2A,0xE0,0x07,0x76,0xDF,0x23,0x40,0x88,0x39,0x38,
    0x39,0x38,0x39,0x38,0x39,0x33,0x24,0x24,0x24,0x24,0x24,0x24,0x24,0x24,0x24,0x24,
    0x24,0x24,0x24,0x24,0x24,0x24,0x30,0x38,0x39,0x38,0x39,0x38,0x39,0x38,0x3C,0x3B,
    0x3C,0x3B,0x3C,0x3B,0x3C,0x3D,0x58,0x59,0x5A,0x5B,0x58,0x59,0x5A,0x5B,0x58,0x59,
    0x5A,0x5B,0x58,0x59,0x5A,0x5B,0x3A,0x3B,0x3C,0x3B,0x3C,0x3B,0x3C,0x3B,0x60,0x61,
    0x62,0x63,0x60,0x61,0x62,0x63,0x5C,0x5D,0x5E,0x5F,0x5C,0x5D,0x5E,0x5F,0x5C,0x5D,
    0x5E,0x5F,0x5C,0x5D,0x5E,0x5F,0x60,0x61,0x62,0x63,0x60,0x61,0x62,0x63,0x5C,0x5D,
    0x5E,0x5F,0x5C,0x5D,0x5E,0x5F,0x5C,0x5D,0x5E,0x5F,0x5C,0x5D,0x5E,0x5F,0x5C,0x5D,
    0x5E,0x5F,0x5C,0x5D,0x5E,0x5F,0x5C,0x5D,0x5E,0x5F,0x5C,0x5D,0x5E,0x5F,0x40,0x50,
    0x50,0x50,0x50,0x90,0xA0,0xA0,0x23,0xF0,0x10,0x00,0x00,0xA0,0xA0,0xA0,0xA0,0x00,
    0x00,0x0A,0x0A,0x0A,0x0A,0x0A,0x0A,0x0A,0x0A,0x00,0xA3,0x04,0x04,0x93,0x94,0x94,
    0x94,0xA3,0x05,0x04,0x95,0x96,0x96,0x96,0xA2,0xEA,0x05,0x93,0x94,0x94,0x94,0x94,
    0xA2,0xEB,0x05,0x95,0x96,0x96,0x96,0x96,0xA3,0x34,0x03,0x93,0x94,0x94,0xA3,0x35,
    0x03,0x95,0x96,0x96,0xA3,0x1A,0x04,0x93,0x94,0x94,0x94,0xA3,0x1B,0x04,0x95,0x96,
    0x96,0x96,0x63,0x80,0x20,0x97,0x23,0xA0,0x20,0x98,0x99,0x98,0x99,0x98,0x99,0x98,
    0x99,0x98,0x99,0x98,0x99,0x98,0x99,0x98,0x99,0x98,0x99,0x98,0x99,0x98,0x99,0x98,
    0x99,0x98,0x99,0x98,0x99,0x98,0x99,0x98,0x99,0x23,0xC0,0x08,0x40,0x50,0x50,0x50,
    0x50,0x90,0xA0,0xA0,0x63,0xE8,0x10,0xFF,0x00,0x22,0x49,0x0E,0x30,0x31,0x32,0x31,
    0x32,0x31,0x32,0x31,0x32,0x31,0x32,0x31,0x32,0x33,0x00,0x21,0x57,0x06,0x30,0x31,
    0x32,0x31,0x32,0x33,0x21,0x65,0x06,0x30,0x31,0x32,0x31,0x32,0x33,0x00,0x21,0x90,
    0x03,0x30,0x31,0x33,0x22,0x26,0x03,0x30,0x31,0x33,0x22,0x57,0x03,0x30,0x31,0x33,
    0x22,0x6C,0x03,0x30,0x31,0x33,0x22,0xF2,0x03,0x30,0x31,0x33,0x00,0x20,0xCB,0x03,
    0x30,0x31,0x33,0xA1,0x6D,0x03,0x3E,0x3F,0x40,0xA1,0x59,0x04,0x3E,0x3F,0x3F,0x40,
    0xA1,0xA5,0x03,0x3E,0x3F,0x40,0x22,0xAA,0x03,0x30,0x31,0x33,0x22,0xB3,0x03,0x30,
    0x31,0x33,0x00,0x20,0xE2,0x02,0x30,0x33,0x20,0xFB,0x02,0x30,0x33,0x21,0x57,0x02,
    0x30,0x33,0x21,0x93,0x02,0x30,0x33,0x22,0x0B,0x02,0x30,0x33,0x22,0x47,0x02,0x30,
    0x33,0x22,0x83,0x02,0x30,0x33,0x22,0xCF,0x04,0x30,0x31,0x32,0x33,0x00,0x22,0xCA,
    0x03,0x30,0x31,0x33,0x22,0xD2,0x03,0x30,0x31,0x33,0x00,0x21,0x08,0x04,0x30,0x31,
    0x32,0x33,0x21,0x14,0x04,0x30,0x31,0x32,0x33,0xA1,0xA5,0x04,0x3E,0x3F,0x3F,0x40,
    0xA1,0xBA,0x04,0x3E,0x3F,0x3F,0x40,0x22,0x6C,0x06,0x30,0x31,0x32,0x31,0x32,0x33,
    0x00,0x22,0xEE,0x04,0x30,0x31,0x32,0x33,0x20,0xF9,0x03,0x30,0x31,0x33,0xA1,0x1A,
    0x03,0x3F,0x3F,0x40,0x21,0x90,0x03,0x30,0x31,0x33,0xA1,0xB1,0x03,0x3F,0x3F,0x40,
    0x22,0x28,0x03,0x30,0x31,0x33,0xA2,0x49,0x03,0x3F,0x3F,0x40,0x20,0xEA,0x02,0x30,
    0x33,0x00,0xA2,0x6C,0x03,0x3E,0x3F,0x40,0xA2,0x73,0x03,0x3E,0x3F,0x40,0x20,0xE4,
    0x04,0x30,0x31,0x32,0x33,0x20,0xF8,0x04,0x30,0x31,0x32,0x33,0x21,0xA8,0x04,0x30,
    0x31,0x32,0x33,0x21,0xB5,0x04,0x30,0x31,0x32,0x33,0x00,0x22,0x64,0x02,0x30,0x33,
    0x22,0x08,0x02,0x30,0x33,0x21,0xAC,0x02,0x30,0x33,0x21,0xB4,0x02,0x30,0x33,0x22,
    0x18,0x02,0x30,0x33,0x22,0x7C,0x02,0x30,0x33,0x00,0x10,0xC8,0x48,0x38,0xFF,0xB8,
    0xCF,0xCF,0x8F,0xE0,0xE0,0x98,0x10,0xC4,0x48,0xB8,0x28,0x3C,0xFF,0xB8,0xE8,0x58,
    0xCF,0xCF,0x8F,0x4F,0x57,0xE0,0xE0,0x98,0x58,0x60,0x10,0xFF,0xDF,0xEC,0x10,0xC8,
    0x80,0x30,0xB8,0x60,0x90,0x38,0xFF,0x98,0x48,0xD0,0x78,0xA8,0xCF,0xCF,0x5F,0x87,
    0x8F,0x97,0xB7,0xE0,0xE0,0x68,0x90,0x98,0xA0,0xC0,0x10,0xC8,0x58,0x68,0xC8,0x28,
    0x50,0x98,0x38,0xFF,0x70,0x78,0xD0,0x30,0x68,0xB0,0xCF,0xCF,0x2F,0x57,0x4F,0x67,
    0xA7,0xA7,0xE0,0xE0,0x38,0x6C,0x6C,0x7C,0xB0,0xB0,0x10,0xC8,0x12,0xDA,0xBA,0x9A,
    0x5A,0x3A,0x1A,0x7A,0x38,0xFF,0x1E,0xE6,0xC6,0xA6,0x66,0x46,0x26,0x96,0xCF,0xCF,
    0x37,0x37,0x4F,0x5F,0x7F,0x8F,0x9F,0xAF,0xE0,0xE0,0x40,0x40,0x58,0x68,0x88,0x98,
    0xA8,0xB8,0x10,0xC8,0x52,0x92,0x38,0xFF,0x66,0xA6,0xCF,0xCF,0xAF,0xAF,0xE0,0xE0,
    0xB8,0xB8,0x10,0xC8,0x40,0xA0,0x28,0xD0,0x60,0x38,0xFF,0x60,0xC0,0x30,0xD8,0x90,
    0xCF,0xCF,0x3F,0x3F,0x67,0x67,0x97,0xE0,0xE0,0x48,0x48,0x88,0x88,0xA0,0x10,0xC8,
    0x50,0xC8,0x88,0x40,0x70,0xD0,0x88,0x48,0x38,0xFF,0x60,0xE0,0x98,0x58,0x90,0xD8,
    0x90,0x50,0xCF,0xCF,0x37,0x37,0x5F,0x87,0xB7,0x3C,0x64,0x8C,0xE0,0xE0,0x40,0x40,
    0x68,0x90,0xC0,0x60,0x80,0xA8,0x10,0xC8,0x20,0xC0,0x40,0xA8,0x60,0x98,0x38,0xFF,
    0x40,0xE0,0x60,0xC8,0x68,0xA0,0xCF,0xCF,0x37,0x37,0x67,0x67,0x97,0x97,0xE0,0xE0,
    0x40,0x40,0x70,0x70,0xB0,0xB0,0x10,0xC8,0x20,0x40,0x60,0xA0,0xC0,0xE0,0x38,0xFF,
    0x30,0x50,0x70,0xB0,0xD0,0xF0,0xCF,0xCF,0x97,0x7F,0x67,0x67,0x7F,0x97,0xE0,0xE0,
    0xA0,0x88,0x70,0x70,0x88,0xA0,0x03,0x58,0x78,0x04,0x78,0x78,0x04,0x98,0x78,0x04,
    0x05,0xC8,0x38,0x05,0x38,0x40,0x05,0x58,0x78,0x04,0x78,0x78,0x04,0x98,0x78,0x04,
    0x00,0x05,0x94,0xA0,0x06,0x84,0x48,0x05,0x34,0x70,0x04,0x64,0x80,0x04,0xBC,0x78,
    0x04,0x06,0x5C,0x18,0x06,0x24,0x50,0x05,0x64,0x40,0x05,0xC4,0x38,0x05,0x54,0x90,
    0x04,0x9C,0x90,0x04,0x06,0x10,0x20,0x06,0xD8,0x20,0x06,0xB8,0x38,0x05,0x98,0x48,
    0x05,0x58,0x68,0x05,0x38,0x78,0x04,0x05,0x54,0x98,0x05,0x94,0x98,0x05,0x6C,0x39,
    0x06,0x94,0x31,0x06,0xBC,0x59,0x06,0x05,0x50,0x28,0x06,0xA8,0x28,0x06,0x24,0x50,
    0x06,0xCC,0x50,0x06,0x70,0x80,0x04,0x05,0x50,0x20,0x06,0xC8,0x20,0x06,0x84,0x48,
    0x05,0x44,0x70,0x05,0x78,0xA0,0x04,0x06,0x28,0x20,0x06,0xC8,0x20,0x06,0x48,0x50,
    0x05,0xB0,0x50,0x05,0x5C,0x80,0x04,0x94,0x80,0x04,0x06,0x20,0x80,0x04,0x40,0x68,
    0x05,0x60,0x50,0x06,0xA0,0x50,0x06,0xC0,0x68,0x05,0xE0,0x80,0x04,0x08,0x08,0xF0,
    0x08,0x08,0x00,0x00,0x00,0x00,0x08,0x08,0x08,0x00,0x00,0x01,0x08,0x08,0x09,0x00,
    0x00,0xFF,0x08,0x08,0x07,0xFE,0x00,0x00,0x06,0x08,0x08,0x02,0x00,0x00,0x0A,0x08,
    0x08,0x02,0x00,0x01,0x0A,0x08,0x09,0x04,0x00,0x00,0x0C,0x08,0x08,0x00,0x00,0xFE,
    0x08,0x08,0x06,0xFD,0xFD,0xFD,0x05,0x05,0x05,0x08,0x08,0x08,0x00,0x00,0x00,0x08,
    0x08,0x07,0x00,0x00,0xFF,0x08,0x08,0x09,0x00,0x00,0x01,0x0A,0x08,0x08,0x02,0x00,
    0x00,0x06,0x08,0x08,0xFE,0x00,0x00,0x06,0x08,0x07,0xFE,0x00,0xFF,0x04,0x08,0x08,
    0xFC,0x00,0x00,0x08,0x08,0x0A,0x00,0x00,0x02,0x0B,0x0B,0x0B,0x03,0x03,0x03,0x00,
    0x00,0x01,0x02,0x03,0x04,0x05,0x00,0x00,0x01,0x02,0x03,0x06,0x07,0x00,0x00,0x01,
    0x02,0x03,0x06,0x08,0x00,0x09,0x0A,0x02,0x0B,0x0C,0x05,0x00,0x00,0x01,0x02,0x03,
    0x04,0x05,0x00,0x00,0x01,0x02,0x0D,0x0E,0x05,0x00,0x1A,0x1B,0x1C,0x1D,0x1E,0x1F,
    0x01,0x1A,0x1B,0x20,0x1D,0x1E,0xFC,0x00,0x1A,0x21,0x22,0x1D,0x23,0x24,0x00,0x00,
    0x38,0x35,0x0D,0x39,0x37,0x00,0x00,0x34,0x35,0x03,0x36,0x37,0x00,0x09,0x3A,0x35,
    0x0B,0x3B,0x37,0x00,0xCE,0xCF,0xD0,0xD1,0xD2,0xD3,0x00,0x25,0x26,0x27,0x28,0x29,
    0x2A,0x01,0x28,0x29,0x2C,0x25,0x26,0x2B,0x00,0x4C,0xCC,0x02,0x4D,0xCD,0x05,0x00,
    0x4C,0x2F,0x22,0x4D,0x30,0x24,0x07,0x4C,0x2F,0x35,0x4D,0x30,0x37,0x02,0x4C,0x2F,
    0x27,0x4D,0x30,0x2A,0x07,0x4C,0x2F,0x2B,0x4D,0x30,0x2C,0x00,0x0F,0x10,0x02,0x11,
    0x12,0x05,0x00,0x0F,0x10,0x02,0x11,0x19,0x07,0x00,0x0F,0x10,0x02,0x11,0x19,0x08,
    0x00,0x13,0x14,0x02,0x15,0x16,0x05,0x00,0x0F,0x10,0x02,0x11,0x12,0x05,0x03,0x13,
    0x17,0x02,0x15,0x18,0x05,0x04,0x13,0x2D,0x1C,0x15,0x2E,0x1F,0x05,0x13,0x2D,0x20,
    0x15,0x2E,0xFC,0x04,0x13,0x2F,0x22,0x15,0x30,0x24,0x00,0x13,0x3C,0x35,0x15,0x3D,
    0x37,0x00,0x0F,0x40,0x35,0x11,0x41,0x37,0x03,0x13,0x3E,0x35,0x15,0x3F,0x37,0x00,
    0xD4,0xD5,0xD0,0xD6,0xD7,0xD3,0x00,0x25,0x31,0x27,0x32,0x33,0x2A,0x02,0x25,0x31,
    0x27,0x32,0x33,0x2A,0x00,0xFC,0x48,0x42,0xFC,0x49,0x43,0x00,0xFC,0x48,0x44,0xFC,
    0x49,0x45,0x00,0xFC,0x4A,0x46,0xFC,0x4B,0x47,0x00,0xFC,0xA4,0xA5,0xFC,0xA6,0xA7,
    0x08,0xFC,0x71,0xFC,0xFC,0x72,0x73,0x08,0xFC,0x74,0xFC,0xFC,0x75,0x76,0x08,0xFC,
    0x71,0x77,0xFC,0x72,0x73,0x08,0xFC,0x74,0x77,0xFC,0x75,0x76,0x08,0xFC,0x71,0x78,
    0xFC,0x72,0x73,0x08,0xFC,0x74,0x78,0xFC,0x75,0x76,0x08,0xFC,0x71,0x79,0xFC,0x72,
    0x73,0x08,0xFC,0x74,0x79,0xFC,0x75,0x76,0x00,0x4E,0x4F,0x50,0x51,0x52,0x53,0x00,
    0x4E,0x4F,0x50,0x51,0x5E,0x58,0x00,0x4E,0x4F,0x50,0x51,0x5E,0x5D,0x00,0x54,0x55,
    0x50,0x56,0x57,0x53,0x00,0x4E,0x4F,0x50,0x51,0x52,0x53,0x00,0x59,0x5A,0x50,0x5B,
    0x5C,0x53,0x00,0xFC,0x5F,0x60,0xFC,0x61,0x62,0x06,0x63,0x64,0x60,0xFC,0x65,0x62,
    0x00,0x66,0x67,0x60,0x68,0x69,0x62,0x00,0x6A,0x67,0x60,0x6B,0x69,0x62,0x00,0xFC,
    0x6C,0x6D,0xFC,0x6E,0x6F,0x00,0xFC,0x6C,0x6D,0xFC,0x6E,0x70,0xAF,0xB6,0xBD,0xB6,
    0xC4,0xCB,0xD2,0xCB,0xD9,0xE0,0xE7,0xE0,0xEE,0xF5,0xFC,0xF5,0x0A,0x0A,0x0A,0x0A,
    0x11,0x11,0x11,0x11,0x18,0x18,0x18,0x18,0x1F,0x1F,0x1F,0x1F,0x26,0x26,0x26,0x26,
    0x2D,0x2D,0x2D,0x2D,0x34,0x34,0x34,0x34,0x3B,0x42,0x49,0x42,0x50,0x57,0x5E,0x57,
    0x65,0x6C,0x73,0x6C,0x7A,0x81,0x88,0x81,0x96,0x96,0x96,0x96,0x9D,0x9D,0x9D,0x9D,
    0xA4,0xAB,0xB2,0xAB,0xB9,0xA4,0xB9,0xA4,0xE0,0xE0,0xE0,0xE0,0xE0,0xE0,0xE0,0xE0,
    0xE0,0xE0,0xE0,0xE0,0xE0,0xE0,0xE0,0xE0,0xE1,0xE1,0xE1,0xE1,0xE1,0xE1,0xE1,0xE1,
    0xE1,0xE1,0xE1,0xE1,0xE1,0xE1,0xE1,0xE1,0xE1,0xE1,0xE1,0xE1,0xE1,0xE1,0xE1,0xE1,
    0xE1,0xE1,0xE1,0xE1,0xE1,0xE1,0xE1,0xE1,0xE1,0xE1,0xE1,0xE1,0xE1,0xE1,0xE1,0xE1,
    0xE1,0xE1,0xE1,0xE1,0xE1,0xE1,0xE1,0xE1,0xE1,0xE1,0xE1,0xE1,0xE1,0xE1,0xE1,0xE1,
    0xE1,0xE1,0xE1,0xE1,0x81,0x81,0x8F,0x81,0xF5,0xF5,0x03,0xF5,0xE1,0xE1,0xE1,0xE1,
    0xE0,0xE0,0xE1,0xE0,0xF8,0xFF,0x06,0xFF,0x0D,0x14,0x1B,0x14,0x3E,0x3E,0x22,0x29,
    0x30,0x30,0x30,0x30,0xC0,0xC0,0xC0,0xC0,0xC0,0xC7,0xC0,0xC7,0xCE,0xD5,0xCE,0xD5,
    0xDC,0xE3,0xDC,0xE3,0xEA,0xF1,0xEA,0xF1,0x3E,0x45,0x3E,0x45,0x37,0x37,0x37,0x37,
    0xE1,0xE1,0xE2,0xE1,0xE2,0xE2,0xE2,0xE2,0xE2,0xE2,0xE2,0xE2,0xE2,0xE2,0xE2,0xE2,
    0xE1,0xE1,0xE1,0xE1,0xE1,0xE1,0xE1,0xE1,0xE1,0xE1,0xE1,0xE1,0xE1,0xE1,0xE1,0xE1,
    0xE1,0xE1,0xE1,0xE1,0xE2,0xE2,0xE2,0xE2,0xE2,0xE2,0xE2,0xE2,0x44,0x2C,0x00,0x00,
    0x00,0x04,0x24,0x08,0x00,0x00,0xFC,0xFC,0xFE,0xFC,0x00,0x7B,0xFC,0xFC,0x7C,0xFC,
    0xFC,0x00,0x7D,0x7E,0xFC,0x7F,0x80,0xFC,0x00,0x81,0x82,0x83,0x84,0x85,0x86,0x00,
    0x87,0x88,0xFC,0x89,0x8A,0xFC,0x00,0x8B,0x8C,0xFC,0x8D,0x8E,0xFC,0x00,0x8F,0x90,
    0xFC,0xFC,0xFC,0xFC,0x55,0x5A,0x61,0x68,0x6F,0x76,0x7D,0xE3,0xE3,0xE3,0xE3,0xE3,
    0xE3,0xE3,0x20,0x38,0x50,0x68,0x80,0x98,0xB0,0xC8,0x08,0x20,0x38,0xC8,0xB0,0x98,
    0x80,0x68,0x50,0x08,0xBD,0x92,0xE3,0x85,0x1F,0xA5,0x19,0x4A,0x90,0x05,0xBD,0x9B,
    0xE3,0x85,0x1F,0xA9,0x02,0x85,0x20,0xB5,0x88,0x10,0x14,0xC9,0xFF,0xF0,0x03,0x4C,
    0xD5,0xE4,0xA0,0x14,0xA9,0xF0,0x91,0x1F,0x88,0x88,0x88,0x88,0x10,0xF6,0x60,0xE0,
    0x08,0xF0,0x48,0xB5,0x7F,0x0A,0x0A,0x7D,0x36,0x04,0xE0,0x02,0xB0,0x2A,0xB4,0x88,
    0x79,0x4C,0xE3,0xA8,0xB9,0x4C,0xE2,0x85,0x1D,0xB9,0x98,0xE2,0x85,0x1E,0xB5,0xBD,
    0xF0,0x37,0xB4,0x88,0xB9,0x4F,0xE3,0x7D,0x36,0x04,0xA8,0xB9,0xE4,0xE2,0x85,0x1D,
    0xB9,0xEC,0xE2,0x85,0x1E,0x4C,0x29,0xE4,0xB4,0x88,0x18,0x79,0x52,0xE3,0xA8,0xB9,
    0xF4,0xE2,0x85,0x1D,0xB9,0x20,0xE3,0x85,0x1E,0xD0,0x0E,0xB4,0x7F,0x30,0xA3,0xB9,
    0x84,0xE3,0x85,0x1D,0xB9,0x8B,0xE3,0x85,0x1E,0xB5,0x91,0x85,0x15,0xB5,0x9A,0x85,
    0x12,0x8A,0xF0,0x10,0xE0,0x01,0xD0,0x04,0xA9,0x01,0xD0,0x08,0xBD,0x51,0x04,0x18,
    0x69,0x02,0x29,0x03,0xBC,0x48,0x04,0xF0,0x02,0x09,0x40,0xB4,0x88,0xC0,0x02,0xD0,
    0x08,0xB4,0x7F,0xC0,0x05,0xD0,0x02,0x49,0x40,0xB4,0x9A,0xC0,0xC9,0xB0,0x04,0xE0,
    0x09,0xD0,0x02,0x09,0x20,0x85,0x14,0xA9,0x43,0x85,0x21,0xA9,0xE0,0x85,0x22,0xBD,
    0x48,0x04,0xF0,0x08,0xA9,0x79,0x85,0x21,0xA9,0xE0,0x85,0x22,0xA0,0x00,0xB1,0x1D,
    0xE6,0x1D,0xD0,0x02,0xE6,0x1E,0x0A,0x85,0x13,0x0A,0x65,0x13,0x65,0x21,0x85,0x21,
    0x90,0x02,0xE6,0x22,0x8A,0x48,0xA2,0x05,0xA0,0x00,0xA5,0x12,0x18,0x7D,0x3D,0xE0,
    0x91,0x1F,0x85,0x12,0xC8,0x84,0x13,0xA0,0x00,0xB1,0x1D,0xE6,0x1D,0xD0,0x02,0xE6,
    0x1E,0xA4,0x13,0x91,0x1F,0xC8,0xA5,0x14,0x91,0x1F,0xC8,0x84,0x13,0xA0,0x00,0xA5,
    0x15,0x18,0x71,0x21,0xE6,0x21,0xD0,0x02,0xE6,0x22,0xA4,0x13,0x91,0x1F,0xC8,0xCA,
    0x10,0xC8,0x68,0xAA,0x60,0x8A,0x48,0xA4,0x1F,0xB5,0x9A,0x99,0x00,0x02,0x99,0x04,
    0x02,0x18,0x69,0x08,0x99,0x08,0x02,0x99,0x0C,0x02,0xA9,0xF0,0x99,0x10,0x02,0x99,
    0x14,0x02,0xB5,0x91,0x99,0x03,0x02,0x99,0x0B,0x02,0x18,0x69,0x08,0x99,0x07,0x02,
    0x99,0x0F,0x02,0xB5,0x9A,0xC9,0xD0,0xA9,0x03,0x90,0x02,0xA9,0x23,0x99,0x02,0x02,
    0xB5,0x7F,0xD0,0x3F,0xB9,0x02,0x02,0x99,0x06,0x02,0x99,0x0A,0x02,0x99,0x0E,0x02,
    0xA9,0xDA,0x99,0x01,0x02,0xA9,0xDB,0x99,0x05,0x02,0xA9,0xDC,0x99,0x09,0x02,0xA9,
    0xDD,0x99,0x0D,0x02,0xA6,0x1F,0xA5,0x19,0x29,0x20,0xF0,0x14,0xA5,0x19,0x29,0x40,
    0xD0,0x08,0xFE,0x00,0x02,0xFE,0x04,0x02,0xD0,0x06,0xFE,0x03,0x02,0xFE,0x0B,0x02,
    0x68,0xAA,0x60,0xB9,0x02,0x02,0x09,0x40,0x99,0x06,0x02,0x09,0x80,0x99,0x0E,0x02,
    0x29,0xBF,0x99,0x0A,0x02,0xA9,0xDE,0x99,0x01,0x02,0x99,0x05,0x02,0x99,0x09,0x02,
    0x99,0x0D,0x02,0xDE,0x5A,0x04,0x10,0x0C,0xA9,0xFF,0x95,0x88,0xA9,0xF0,0x95,0x9A,
    0xA9,0x04,0x85,0xF1,0x68,0xAA,0x60,0xA6,0xBB,0x30,0x39,0xBD,0xC5,0xE5,0x85,0x1D,
    0xBD,0xCA,0xE5,0x85,0x1E,0xA0,0x00,0xA2,0x00,0xB1,0x1D,0x9D,0xE0,0x02,0xC8,0xE8,
    0xC9,0xF0,0xD0,0x03,0xE8,0xE8,0xE8,0xE0,0x10,0xD0,0xEE,0xA0,0x0F,0xB9,0xE0,0x02,
    0x18,0x65,0xBC,0x99,0xE0,0x02,0x88,0x88,0x88,0x88,0x10,0xF1,0xA5,0x19,0x29,0x03,
    0xD0,0x02,0xC6,0xBB,0x60,0xFD,0xED,0xE0,0xD6,0xCF,0xE5,0xE5,0xE5,0xE5,0xE5,0xD0,
    0xAE,0x03,0x04,0xF0,0xF0,0xF0,0xC8,0xAF,0x03,0x04,0xD0,0xB0,0x03,0x04,0xF0,0xF0,
    0xC8,0xB1,0x03,0xFC,0xC8,0xB2,0x03,0x04,0xD0,0xB3,0x03,0x04,0xF0,0xC8,0xB4,0x03,
    0x00,0xC8,0xB4,0x43,0x08,0xD0,0xB5,0x03,0x00,0xD0,0xB5,0x43,0x08,0xF0,0xF0,0xF0,
    0xF0,0x04,0x04,0x05,0x06,0x03,0x03,0x03,0x06,0x0A,0x0A,0x0A,0x0A,0x28,0x32,0x46,
    0x78,0x00,0x00,0x00,0x64,0x00,0x00,0x00,0x00,0x0A,0x1E,0x32,0x70,0x00,0x00,0x00,
    0x70,0x00,0x00,0x00,0x00,0x14,0x3C,0x64,0xA0,0x00,0x00,0x00,0xA0,0x00,0x00,0x00,
    0x00,0x70,0xB0,0xE0,0x40,0x80,0x80,0x80,0x40,0x00,0x00,0x00,0x00,0x00,0x00,0x00,
    0x01,0x00,0x00,0x00,0x01,0x00,0x00,0x00,0x00,0x90,0x50,0x20,0xC0,0x80,0x80,0x80,
    0xC0,0x00,0x00,0x00,0x00,0xFF,0xFF,0xFF,0xFE,0xFF,0xFF,0xFF,0xFE,0x00,0x00,0x00,
    0x00,0x50,0x90,0xC0,0x40,0x40,0x40,0x40,0x40,0x00,0x00,0x00,0x00,0x00,0x00,0x00,
    0x01,0x00,0x00,0x00,0x01,0x02,0x02,0x02,0x02,0xB0,0x70,0x40,0xC0,0xC0,0xC0,0xC0,
    0xC0,0xC0,0xC0,0xC0,0xC0,0xFF,0xFF,0xFF,0xFE,0xFF,0xFF,0xFF,0xFE,0xFE,0x01,0xFE,
    0xFE,0x20,0x25,0xEE,0xA2,0x07,0xB5,0x88,0x10,0x0A,0xC9,0xFF,0xF0,0x44,0x20,0xBA,
    0xEC,0x4C,0xE2,0xE6,0xE0,0x02,0x90,0x10,0xC9,0x01,0xD0,0x0C,0xB5,0x7F,0xC9,0x02,
    0xB0,0x06,0xA5,0xF1,0x09,0x20,0x85,0xF1,0xDE,0x3F,0x04,0xD0,0x1C,0xA9,0x03,0x9D,
    0x3F,0x04,0xE0,0x02,0xB0,0x08,0xD6,0xBF,0xD0,0x04,0xA9,0x00,0x95,0xBD,0x20,0x18,
    0xEA,0x86,0x3E,0x20,0xC4,0xEB,0x20,0x96,0xE7,0x20,0x58,0xEA,0x20,0x28,0xED,0x20,
    0x83,0xE9,0x20,0xA4,0xE3,0xCA,0x10,0xAE,0x60,0xE0,0x02,0xB0,0x18,0xA5,0x19,0x29,
    0x0F,0xD0,0x05,0x20,0xB3,0xF1,0x95,0x31,0xA5,0x3A,0xD0,0x09,0x20,0x6A,0xE7,0xBD,
    0x1C,0x06,0x95,0x31,0x60,0xB5,0x9A,0xC9,0xA0,0x90,0x07,0xB5,0x31,0x09,0x40,0x95,
    0x31,0x60,0xDE,0x5A,0x04,0xD0,0xED,0x20,0xB3,0xF1,0xBC,0x51,0x04,0x39,0x62,0xE7,
    0x79,0x65,0xE7,0x9D,0x5A,0x04,0x86,0x12,0xA5,0x19,0x2A,0x2A,0x45,0x12,0x29,0x01,
    0xA8,0xB9,0x88,0x00,0x30,0x13,0xB9,0xBD,0x00,0xD0,0x0E,0xA9,0x00,0x95,0x31,0xB9,
    0x9A,0x00,0x38,0xE9,0x04,0xD5,0x9A,0xB0,0x04,0xA9,0x40,0x95,0x31,0xB5,0x91,0xD9,
    0x91,0x00,0xB0,0x07,0xB5,0x31,0x09,0x01,0x95,0x31,0x60,0xB5,0x31,0x09,0x02,0x95,
    0x31,0x60,0x1F,0x0F,0x07,0x20,0x10,0x08,0xA2,0x00,0xA9,0x01,0x8D,0x16,0x40,0xA9,
    0x00,0x8D,0x16,0x40,0xA0,0x07,0xBD,0x16,0x40,0x85,0x12,0x4A,0x05,0x12,0x4A,0x3E,
    0x1C,0x06,0x88,0x10,0xF1,0xBC,0x1E,0x06,0xBD,0x1C,0x06,0x9D,0x1E,0x06,0x98,0x5D,
    0x1C,0x06,0x3D,0x1C,0x06,0x60,0xB5,0x88,0xD0,0x09,0xA9,0x00,0x9D,0x24,0x04,0x9D,
    0x2D,0x04,0x60,0xC9,0x02,0xF0,0x41,0xE0,0x02,0x90,0x3D,0xB5,0x7F,0xC9,0x02,0xB0,
    0xE9,0xBD,0x24,0x04,0x85,0x12,0xBD,0x2D,0x04,0x85,0x13,0x20,0xA6,0xF1,0xBD,0x63,
    0x04,0x18,0x65,0x12,0x9D,0x63,0x04,0x85,0x12,0xBD,0x6C,0x04,0x65,0x13,0x9D,0x6C,
    0x04,0x85,0x13,0x20,0xA6,0xF1,0xBD,0x24,0x04,0x38,0xE5,0x12,0x9D,0x24,0x04,0xBD,
    0x2D,0x04,0xE5,0x13,0x9D,0x2D,0x04,0x60,0xB5,0x7F,0xC9,0x06,0x90,0x01,0x60,0xB5,
    0x7F,0xC9,0x04,0xD0,0x1C,0xB5,0x31,0x29,0x02,0xF0,0x07,0xBD,0x48,0x04,0xF0,0x11,
    0xD0,0x0B,0xB5,0x31,0x29,0x01,0xF0,0x09,0xBD,0x48,0x04,0xD0,0x04,0xA9,0x05,0x95,
    0x7F,0xB5,0x7F,0xC9,0x02,0xD0,0x1B,0xB5,0x31,0x29,0x02,0xF0,0x04,0xA9,0x00,0xF0,
    0x08,0xB5,0x31,0x29,0x01,0xF0,0x07,0xA9,0x01,0xDD,0x48,0x04,0xF0,0x04,0xA9,0x04,
    0x95,0x7F,0xB5,0x7F,0xC9,0x04,0x90,0x1C,0xB5,0x31,0x29,0x02,0xF0,0x07,0xBD,0x48,
    0x04,0xD0,0x11,0xF0,0x0B,0xB5,0x31,0x29,0x01,0xF0,0x09,0xBD,0x48,0x04,0xF0,0x04,
    0xA9,0x02,0x95,0x7F,0xB5,0x7F,0xC9,0x03,0xD0,0x0A,0xB5,0x31,0x29,0x03,0xF0,0x04,
    0xA9,0x02,0x95,0x7F,0xB5,0x7F,0xC9,0x04,0xB0,0x15,0xB5,0x31,0x29,0x02,0xF0,0x04,
    0xA9,0x00,0xF0,0x08,0xB5,0x31,0x29,0x01,0xF0,0x05,0xA9,0x01,0x9D,0x48,0x04,0xB5,
    0x7F,0xC9,0x04,0x90,0x33,0xBD,0x36,0x04,0xC9,0x01,0xD0,0x2C,0xBC,0x51,0x04,0xBD,
    0x48,0x04,0xF0,0x12,0xBD,0x24,0x04,0x38,0xF9,0x25,0xE6,0x9D,0x24,0x04,0xBD,0x2D,
    0x04,0xE9,0x00,0x4C,0x01,0xE9,0xBD,0x24,0x04,0x18,0x79,0x25,0xE6,0x9D,0x24,0x04,
    0xBD,0x2D,0x04,0x69,0x00,0x4C,0x01,0xE9,0xB5,0x7F,0xF0,0x0B,0xC9,0x02,0xF0,0x47,
    0xC9,0x03,0xF0,0x03,0x4C,0x51,0xE9,0xBD,0x36,0x04,0xC9,0x01,0xF0,0x03,0x4C,0x51,
    0xE9,0xBC,0x51,0x04,0xB5,0x31,0x29,0x02,0xF0,0x12,0xBD,0x24,0x04,0x38,0xF9,0x19,
    0xE6,0x9D,0x24,0x04,0xBD,0x2D,0x04,0xE9,0x00,0x4C,0x01,0xE9,0xB5,0x31,0x29,0x01,
    0xF0,0x5F,0xBD,0x24,0x04,0x18,0x79,0x19,0xE6,0x9D,0x24,0x04,0xBD,0x2D,0x04,0x69,
    0x00,0x9D,0x2D,0x04,0x4C,0x51,0xE9,0xBD,0x36,0x04,0xC9,0x01,0xD0,0x43,0xBC,0x51,
    0x04,0xB5,0x31,0x29,0x02,0xF0,0x12,0xBD,0x24,0x04,0x38,0xF9,0x25,0xE6,0x9D,0x24,
    0x04,0xBD,0x2D,0x04,0xE9,0x00,0x4C,0x3E,0xE9,0xB5,0x31,0x29,0x01,0xF0,0x22,0xBD,
    0x24,0x04,0x18,0x79,0x25,0xE6,0x9D,0x24,0x04,0xBD,0x2D,0x04,0x69,0x00,0x9D,0x2D,
    0x04,0xB5,0x31,0x29,0x03,0xF0,0x0A,0xE0,0x02,0xB0,0x06,0xA5,0xF0,0x09,0x08,0x85,
    0xF0,0xB5,0x7F,0xC9,0x04,0x90,0x2B,0xBD,0x48,0x04,0xD0,0x07,0xBD,0x2D,0x04,0x30,
    0x21,0x10,0x05,0xBD,0x2D,0x04,0x10,0x1A,0xB5,0x7F,0xC9,0x05,0xD0,0x08,0xBD,0x48,
    0x04,0x49,0x01,0x9D,0x48,0x04,0xA9,0x03,0x95,0x7F,0xA9,0x00,0x9D,0x24,0x04,0x9D,
    0x2D,0x04,0x60,0xA5,0xCB,0xD0,0x2F,0xB5,0xBD,0xF0,0x0F,0xAD,0x88,0x04,0xF0,0x0A,
    0x38,0xF5,0x91,0x20,0x8E,0xF0,0xC9,0x05,0x90,0x1C,0xE0,0x02,0x90,0x06,0xB5,0x88,
    0xC9,0x02,0xD0,0x4E,0xB5,0x7F,0xC9,0x02,0x90,0x48,0xC9,0x06,0xB0,0x44,0xA9,0x01,
    0x95,0x7F,0x9D,0x5A,0x04,0x60,0xA9,0x00,0x9D,0x12,0x04,0x9D,0x1B,0x04,0x9D,0x09,
    0x04,0x85,0xCB,0xE0,0x02,0x90,0x36,0xB5,0x88,0xC9,0x02,0xF0,0x26,0xC9,0x01,0xD0,
    0x21,0xB5,0x7F,0xC9,0x02,0xB0,0x1B,0xA9,0x02,0x95,0x7F,0xA5,0xC6,0x9D,0x3F,0x04,
    0xA9,0x00,0x9D,0x24,0x04,0x9D,0x2D,0x04,0x9D,0x63,0x04,0x9D,0x6C,0x04,0xA9,0x40,
    0x85,0xF1,0x60,0xA9,0x00,0x95,0x7F,0xA9,0x01,0x9D,0x5A,0x04,0x60,0xB5,0x7F,0xC9,
    0x01,0xD0,0x14,0xC9,0x06,0xB0,0x10,0xBD,0x24,0x04,0x1D,0x2D,0x04,0xD0,0x04,0xA9,
    0x03,0xD0,0x02,0xA9,0x02,0x95,0x7F,0x60,0xE0,0x02,0xB0,0x10,0xB5,0xBD,0xD0,0x24,
    0xB5,0x7F,0xC9,0x01,0xF0,0x18,0xC9,0x03,0xD0,0x1A,0xF0,0x12,0xB5,0x7F,0xC9,0x01,
    0xF0,0x0C,0xC9,0x03,0x90,0x0E,0xA5,0x19,0x29,0x03,0xD0,0x0B,0xF0,0x06,0xA5,0x19,
    0x29,0x07,0xD0,0x03,0xFE,0x36,0x04,0xBD,0x36,0x04,0x29,0x03,0x9D,0x36,0x04,0xD0,
    0x06,0xB5,0x7F,0xD0,0x02,0xF6,0x7F,0x60,0xBD,0x75,0x04,0xF0,0x03,0xDE,0x75,0x04,
    0xE0,0x02,0xB0,0x28,0xB5,0xC1,0xF0,0x24,0xA5,0x19,0x4A,0x90,0x1E,0xFE,0x36,0x04,
    0xBD,0x36,0x04,0x29,0x03,0x9D,0x36,0x04,0xA9,0x01,0x95,0x7F,0xDE,0x5A,0x04,0xD0,
    0x0A,0xA9,0x00,0x95,0xC1,0x95,0x7F,0xA9,0x20,0x85,0xF0,0x60,0xBD,0x12,0x04,0x18,
    0xBC,0x51,0x04,0x79,0x01,0xE6,0x9D,0x12,0x04,0x90,0x03,0xFE,0x1B,0x04,0xBD,0x1B,
    0x04,0x30,0x1E,0xD9,0x6D,0xE6,0x90,0x34,0xD0,0x08,0xBD,0x12,0x04,0xD9,0x61,0xE6,
    0x90,0x2A,0xB9,0x61,0xE6,0x9D,0x12,0x04,0xB9,0x6D,0xE6,0x9D,0x1B,0x04,0x4C,0xDC,
    0xEA,0xD9,0x85,0xE6,0x90,0x0A,0xD0,0x14,0xBD,0x12,0x04,0xD9,0x79,0xE6,0xB0,0x0C,
    0xB9,0x79,0xE6,0x9D,0x12,0x04,0xB9,0x85,0xE6,0x9D,0x1B,0x04,0x20,0xA0,0xEB,0xC9,
    0xF8,0xB0,0x2A,0xC9,0xE8,0x90,0x26,0xA9,0xFF,0x95,0x88,0xA9,0x04,0x85,0xBB,0xB5,
    0x91,0x85,0xBC,0xE0,0x02,0x90,0x0E,0xA9,0x80,0x95,0x88,0xA9,0x00,0x95,0x7F,0xA9,
    0x01,0x85,0xF3,0xD0,0x08,0xA5,0xC8,0xD0,0x04,0xA9,0x40,0x85,0xF0,0xBD,0x2D,0x04,
    0x30,0x1E,0xD9,0x3D,0xE6,0x90,0x34,0xD0,0x08,0xBD,0x24,0x04,0xD9,0x31,0xE6,0x90,
    0x2A,0xB9,0x31,0xE6,0x9D,0x24,0x04,0xB9,0x3D,0xE6,0x9D,0x2D,0x04,0x4C,0x4B,0xEB,
    0xD9,0x55,0xE6,0x90,0x0A,0xD0,0x14,0xBD,0x24,0x04,0xD9,0x49,0xE6,0xB0,0x0C,0xB9,
    0x49,0xE6,0x9D,0x24,0x04,0xB9,0x55,0xE6,0x9D,0x2D,0x04,0x20,0x8E,0xEB,0xA5,0x16,
    0xF0,0x10,0xB5,0x91,0xC9,0x10,0xB0,0x02,0xA9,0x10,0xC9,0xE0,0x90,0x02,0xA9,0xE0,
    0x95,0x91,0xA5,0xC8,0xF0,0x27,0xB5,0x88,0xD0,0x23,0xB5,0x9A,0xC9,0xC8,0x90,0x1D,
    0xA9,0xC7,0x95,0x9A,0xBD,0x51,0x04,0xC9,0x0B,0xD0,0x09,0xDE,0x51,0x04,0x20,0x07,
    0xF1,0x4C,0x8C,0xF1,0xA9,0x02,0x95,0x88,0xA9,0x03,0x9D,0x51,0x04,0x60,0xBD,0x00,
    0x04,0x18,0x7D,0x24,0x04,0x9D,0x00,0x04,0xB5,0x91,0x7D,0x2D,0x04,0x95,0x91,0x60,
    0xBD,0x09,0x04,0x18,0x7D,0x12,0x04,0x9D,0x09,0x04,0xB5,0x9A,0x7D,0x1B,0x04,0x95,
    0x9A,0x60,0x20,0xB4,0xF0,0x20,0x8E,0xEB,0x4C,0xB4,0xF0,0x20,0xB4,0xF0,0x20,0xA0,
    0xEB,0x4C,0xB4,0xF0,0xE0,0x02,0xB0,0x1B,0xB5,0x88,0xD0,0x0A,0xBD,0x36,0x04,0xD0,
    0x05,0xA9,0x00,0x95,0x7F,0x60,0xB5,0x7F,0xC9,0x06,0x90,0x5C,0xA9,0x01,0x95,0x7F,
    0xD6,0x88,0x60,0xB5,0x88,0xC9,0x02,0xF0,0x4F,0xBD,0x36,0x04,0xD0,0x0F,0xB5,0x88,
    0xD0,0x05,0xA9,0x00,0x95,0x7F,0x60,0xB5,0x7F,0xD0,0x03,0xF6,0x7F,0x60,0xC9,0x02,
    0x90,0xFB,0xDE,0x5A,0x04,0xD0,0x30,0xA5,0xC7,0x9D,0x5A,0x04,0xF6,0x7F,0xB5,0x7F,
    0xC9,0x07,0x90,0x23,0xA9,0x02,0x95,0x88,0xA9,0x00,0x95,0x7F,0xBC,0x51,0x04,0xB9,
    0xAE,0xEC,0xBC,0x7E,0x04,0xD0,0x08,0xDE,0x7E,0x04,0xBD,0x51,0x04,0x29,0x03,0x9D,
    0x51,0x04,0xA9,0xFE,0x9D,0x1B,0x04,0x60,0x20,0xE9,0xE6,0xB5,0x31,0x29,0xC3,0xF0,
    0x08,0xE0,0x02,0xB0,0x04,0xA9,0x00,0x95,0xBD,0xB5,0x31,0x29,0x40,0xD0,0x12,0xB5,
    0x31,0x29,0x80,0xD0,0x07,0xA9,0x00,0x9D,0x20,0x06,0xF0,0x51,0xBD,0x20,0x06,0xD0,
    0x4C,0xB5,0x7F,0xC9,0x02,0x90,0x0E,0xD6,0x9A,0xD6,0x9A,0xA9,0x00,0x9D,0x12,0x04,
    0x9D,0x1B,0x04,0xF0,0x09,0xC9,0x01,0xF0,0x05,0xBD,0x36,0x04,0xD0,0x2F,0xA9,0x00,
    0x95,0x7F,0xA9,0x01,0x9D,0x36,0x04,0xA9,0x01,0x9D,0x20,0x06,0xA0,0x00,0xE0,0x02,
    0x90,0x01,0xC8,0xB9,0xF0,0x00,0x09,0x10,0x99,0xF0,0x00,0xBD,0x12,0x04,0x38,0xBC,
    0x51,0x04,0xF9,0x0D,0xE6,0x9D,0x12,0x04,0xB0,0x03,0xDE,0x1B,0x04,0x60,0x01,0x02,
    0x02,0x03,0x01,0x02,0x02,0x03,0x01,0x02,0x02,0x03,0xB5,0x7F,0xD0,0x69,0x20,0xB1,
    0xE7,0x20,0x8E,0xEB,0xBD,0x09,0x04,0x38,0xE9,0x60,0x9D,0x09,0x04,0xB5,0x9A,0xE9,
    0x00,0x95,0x9A,0xC9,0xF1,0x90,0x04,0xA9,0xFF,0x95,0x88,0x8A,0x48,0xA0,0x01,0xB9,
    0x88,0x00,0xF0,0x3E,0x30,0x3C,0xB5,0x9A,0x38,0xF9,0x9A,0x00,0x20,0x8E,0xF0,0xC9,
    0x18,0xB0,0x2F,0xB5,0x91,0x38,0xF9,0x91,0x00,0x20,0x8E,0xF0,0xC9,0x10,0xB0,0x22,
    0xA9,0xFF,0x95,0x7F,0xA9,0x03,0x9D,0x5A,0x04,0xA9,0x78,0x85,0xC5,0xA9,0x02,0x85,
    0xF0,0xA9,0x32,0x84,0x3E,0x20,0xDE,0xD6,0xA9,0x01,0xA6,0x3E,0x20,0x71,0xD8,0x68,
    0xAA,0x60,0x88,0x10,0xBA,0x68,0xAA,0x60,0xB4,0x88,0x88,0x10,0x01,0x60,0xB5,0x9A,
    0xC9,0xF9,0x90,0x0C,0xBD,0x1B,0x04,0x10,0xF4,0xA9,0x00,0x85,0xCC,0x4C,0xE1,0xED,
    0xA4,0xCD,0x30,0xE3,0xA9,0x00,0x85,0xCC,0xB1,0x27,0x38,0xE9,0x18,0xD5,0x9A,0xB0,
    0x65,0x69,0x03,0xD5,0x9A,0x90,0x04,0xA9,0x01,0xD0,0x0E,0xB1,0x29,0xD5,0x9A,0x90,
    0x55,0xE9,0x03,0xD5,0x9A,0xB0,0x22,0xA9,0x02,0x85,0xCC,0xB1,0x23,0xC9,0x10,0xF0,
    0x07,0x38,0xE9,0x0C,0xD5,0x91,0xB0,0x0D,0xB1,0x25,0xC9,0xFF,0xF0,0x0B,0x38,0xE9,
    0x04,0xD5,0x91,0xB0,0x04,0xA9,0x00,0x85,0xCC,0xB1,0x23,0x38,0xE9,0x10,0xF0,0x10,
    0xD5,0x91,0xB0,0x22,0x69,0x04,0xD5,0x91,0x90,0x06,0xA5,0xCC,0x09,0x04,0xD0,0x14,
    0xB1,0x25,0xC9,0xFF,0xF0,0x10,0xD5,0x91,0x90,0x0C,0xE9,0x04,0xD5,0x91,0xB0,0x06,
    0xA5,0xCC,0x09,0x08,0x85,0xCC,0xA5,0xCC,0xD0,0x07,0x88,0x30,0x03,0x4C,0x44,0xED,
    0x60,0x46,0xCC,0x90,0x11,0xBD,0x1B,0x04,0x30,0x0C,0xB1,0x27,0xE9,0x18,0x95,0x9A,
    0xF6,0x9A,0xA9,0x01,0x85,0xCB,0x46,0xCC,0x90,0x1A,0xBD,0x1B,0x04,0x10,0x15,0xB1,
    0x29,0x95,0x9A,0x20,0x07,0xF1,0x20,0x8C,0xF1,0xE0,0x02,0xB0,0x03,0x20,0x33,0xCC,
    0xA5,0xCB,0xD0,0x30,0x46,0xCC,0x90,0x07,0xBD,0x2D,0x04,0x30,0x02,0x10,0x09,0x46,
    0xCC,0x90,0x21,0xBD,0x2D,0x04,0x10,0x1C,0x20,0xDE,0xF0,0x20,0x72,0xF1,0xBD,0x2D,
    0x04,0x1D,0x24,0x04,0xF0,0x0E,0xBD,0x48,0x04,0x49,0x01,0x9D,0x48,0x04,0xA5,0xF1,
    0x09,0x02,0x85,0xF1,0x60,0xA2,0x07,0x86,0x12,0xA4,0x12,0x88,0x10,0x03,0x4C,0x2A,
    0xEF,0xB5,0x88,0x30,0xF9,0xF0,0xF7,0xB9,0x88,0x00,0x30,0xF2,0xF0,0xF0,0xA9,0x00,
    0x85,0xCC,0xB9,0x9A,0x00,0x38,0xF5,0x9A,0x20,0x8E,0xF0,0xC9,0x18,0xB0,0x71,0xB5,
    0x9A,0x18,0x69,0x18,0x85,0x12,0xB9,0x9A,0x00,0x18,0x69,0x07,0x38,0xE5,0x12,0x20,
    0x8E,0xF0,0xC9,0x04,0xB0,0x04,0xA9,0x01,0xD0,0x12,0xB9,0x9A,0x00,0x18,0x69,0x11,
    0x38,0xF5,0x9A,0x20,0x8E,0xF0,0xC9,0x04,0xB0,0x15,0xA9,0x02,0x85,0xCC,0xB9,0x91,
    0x00,0x38,0xF5,0x91,0x20,0x8E,0xF0,0xC9,0x10,0x90,0x04,0xA9,0x00,0x85,0xCC,0xB5,
    0x91,0x18,0x69,0x10,0x85,0x12,0xB9,0x91,0x00,0x18,0x69,0x07,0x38,0xE5,0x12,0x20,
    0x8E,0xF0,0xC9,0x04,0xB0,0x04,0xA9,0x04,0xD0,0x12,0xB9,0x91,0x00,0x18,0x69,0x09,
    0x38,0xF5,0x91,0x20,0x8E,0xF0,0xC9,0x04,0xB0,0x06,0xA9,0x08,0x05,0xCC,0x85,0xCC,
    0xA9,0x00,0x85,0x4B,0x46,0xCC,0x90,0x05,0x20,0xA6,0xF0,0x30,0x09,0x46,0xCC,0x90,
    0x20,0x20,0xA6,0xF0,0x30,0x1B,0x20,0xBD,0xF0,0xB0,0x12,0x20,0x07,0xF1,0x20,0x8C,
    0xF1,0x20,0xB4,0xF0,0x20,0x07,0xF1,0x20,0x8C,0xF1,0x20,0xB4,0xF0,0xA9,0x01,0x85,
    0x4B,0x46,0xCC,0x90,0x05,0x20,0x98,0xF0,0x30,0x09,0x46,0xCC,0x90,0x20,0x20,0x98,
    0xF0,0x30,0x1B,0x20,0xBD,0xF0,0xB0,0x12,0x20,0xDE,0xF0,0x20,0x72,0xF1,0x20,0xB4,
    0xF0,0x20,0xDE,0xF0,0x20,0x72,0xF1,0x20,0xB4,0xF0,0xA9,0x01,0x85,0x4B,0x20,0x37,
    0xEF,0x20,0xB4,0xF0,0x20,0x37,0xEF,0x20,0xB4,0xF0,0x88,0x30,0x03,0x4C,0x31,0xEE,
    0xCA,0x30,0x03,0x4C,0x27,0xEE,0x60,0xE0,0x02,0x90,0x07,0xC0,0x02,0x90,0x03,0x4C,
    0x43,0xF0,0xA9,0x00,0x8D,0x87,0x04,0xBD,0x75,0x04,0xF0,0x03,0x4C,0x43,0xF0,0xA5,
    0x4B,0xD0,0x03,0x4C,0x43,0xF0,0xE0,0x02,0xB0,0x07,0xB5,0xBD,0xF0,0x14,0x4C,0x43,
    0xF0,0xB5,0x88,0xC9,0x01,0xD0,0x0B,0xB5,0x7F,0xC9,0x02,0xB0,0x12,0xA9,0x01,0x8D,
    0x87,0x04,0xB9,0x9A,0x00,0x18,0x69,0x04,0xD5,0x9A,0x90,0x03,0x4C,0x43,0xF0,0xA9,
    0x14,0x9D,0x75,0x04,0xA9,0x00,0x9D,0x36,0x04,0xC0,0x02,0x90,0x0A,0xB9,0x88,0x00,
    0xC9,0x02,0xF0,0x03,0x4C,0x43,0xF0,0xA5,0xF0,0x09,0x02,0x85,0xF0,0xB5,0x88,0xC9,
    0x02,0xD0,0x1D,0xE0,0x02,0xB0,0x19,0x84,0x12,0xB4,0x7F,0xB9,0x53,0xF0,0xA4,0x12,
    0x48,0x68,0xD0,0x03,0x4C,0x43,0xF0,0x95,0x7F,0xA9,0x00,0x9D,0x36,0x04,0xF0,0x2A,
    0xD6,0x88,0xD0,0x0A,0xA9,0xFF,0x9D,0x1B,0x04,0xA9,0x00,0x9D,0x12,0x04,0xA9,0x00,
    0x95,0x7F,0x9D,0x24,0x04,0x9D,0x2D,0x04,0xB5,0x91,0x30,0x04,0xA9,0xFF,0xD0,0x02,
    0xA9,0x00,0x9D,0x6C,0x04,0xA9,0x80,0x9D,0x63,0x04,0x84,0x12,0xBC,0x51,0x04,0xB9,
    0x5E,0xF0,0x9D,0x51,0x04,0xA9,0x01,0x9D,0x7E,0x04,0xA4,0x12,0xC0,0x02,0xB0,0x43,
    0xBD,0x51,0x04,0xC9,0x07,0xF0,0x0A,0xC9,0x08,0x90,0x06,0xA5,0xF1,0x09,0x80,0x85,
    0xF1,0xBC,0x51,0x04,0xB9,0x6A,0xF0,0x85,0x13,0xAD,0x87,0x04,0xF0,0x05,0xB9,0x76,
    0xF0,0x85,0x13,0xB9,0x82,0xF0,0x18,0x6D,0x87,0x04,0x85,0x14,0xA5,0x12,0x85,0x3E,
    0x48,0x8A,0x48,0xA5,0x13,0x48,0xA5,0x14,0x20,0x71,0xD8,0x68,0x20,0xDE,0xD6,0x68,
    0xAA,0x68,0xA8,0xBD,0x51,0x04,0xC9,0x0B,0xD0,0x08,0xA5,0xC8,0xD0,0x04,0xA9,0x20,
    0x85,0xF0,0x60,0x06,0x06,0x07,0x08,0x09,0x0A,0x00,0x00,0x00,0x00,0x00,0x04,0x05,
    0x06,0x07,0x08,0x09,0x0A,0x0B,0x08,0x09,0x0A,0x0B,0x00,0x00,0x00,0x00,0x32,0x4B,
    0x64,0x64,0x4B,0x64,0x96,0x64,0x00,0x00,0x00,0x00,0x32,0x4B,0x64,0x64,0x64,0x96,
    0xC8,0x64,0x00,0x00,0x00,0x00,0x01,0x02,0x03,0x03,0x02,0x03,0x04,0x03,0x48,0x68,
    0x10,0x05,0x49,0xFF,0x18,0x69,0x01,0x60,0xB9,0x24,0x04,0x38,0xFD,0x24,0x04,0xB9,
    0x2D,0x04,0xFD,0x2D,0x04,0x60,0xB9,0x12,0x04,0x38,0xFD,0x12,0x04,0xB9,0x1B,0x04,
    0xFD,0x1B,0x04,0x60,0x86,0x12,0x84,0x13,0xA6,0x13,0xA4,0x12,0x60,0xE0,0x02,0x90,
    0x1C,0xB5,0x7F,0xC9,0x02,0x90,0x16,0xA9,0x01,0xD5,0x88,0xB0,0x10,0xC0,0x02,0x90,
    0x0C,0xB9,0x7F,0x00,0xC9,0x02,0x90,0x05,0xA9,0x01,0xD9,0x88,0x00,0x60,0xA9,0x00,
    0x38,0xFD,0x24,0x04,0x9D,0x24,0x04,0xA9,0x00,0xFD,0x2D,0x04,0x9D,0x2D,0x04,0xA9,
    0x00,0x38,0xFD,0x63,0x04,0x9D,0x63,0x04,0xA9,0x00,0xFD,0x6C,0x04,0x9D,0x6C,0x04,
    0xB5,0x31,0x29,0x40,0x95,0x31,0x60,0xA9,0x00,0x38,0xFD,0x12,0x04,0x9D,0x12,0x04,
    0xA9,0x00,0xFD,0x1B,0x04,0x9D,0x1B,0x04,0x60,0x85,0x2D,0xA5,0x2C,0x10,0x24,0xA9,
    0x00,0x38,0xE5,0x2B,0x85,0x2B,0xA9,0x00,0xE5,0x2C,0x85,0x2C,0x20,0x43,0xF1,0xA9,
    0x00,0x38,0xE5,0x2E,0x85,0x2E,0xA9,0x00,0xE5,0x2F,0x85,0x2F,0xA9,0x00,0xE5,0x30,
    0x85,0x30,0x60,0x8A,0x48,0xA9,0x00,0x85,0x2E,0x85,0x2F,0x85,0x30,0xA2,0x08,0x06,
    0x2E,0x26,0x2F,0x26,0x30,0x06,0x2D,0x90,0x13,0x18,0xA5,0x2B,0x65,0x2E,0x85,0x2E,
    0xA5,0x2C,0x65,0x2F,0x85,0x2F,0xA9,0x00,0x65,0x30,0x85,0x30,0xCA,0xD0,0xE0,0x68,
    0xAA,0x60,0xBD,0x24,0x04,0x85,0x2B,0xBD,0x2D,0x04,0x85,0x2C,0xA9,0xCD,0x20,0x19,
    0xF1,0xA5,0x2F,0x9D,0x24,0x04,0xA5,0x30,0x9D,0x2D,0x04,0x60,0xBD,0x12,0x04,0x85,
    0x2B,0xBD,0x1B,0x04,0x85,0x2C,0xA9,0xCD,0x20,0x19,0xF1,0xA5,0x2F,0x9D,0x12,0x04,
    0xA5,0x30,0x9D,0x1B,0x04,0x60,0xA0,0x04,0xA5,0x13,0x0A,0x66,0x13,0x66,0x12,0x88,
    0xD0,0xF6,0x60,0x8A,0x48,0xA2,0x0B,0x06,0x1B,0x26,0x1C,0x2A,0x2A,0x45,0x1B,0x2A,
    0x45,0x1B,0x4A,0x4A,0x49,0xFF,0x29,0x01,0x05,0x1B,0x85,0x1B,0xCA,0xD0,0xE8,0x68,
    0xAA,0xA5,0x1B,0x60,0x20,0xC1,0xDA,0xA2,0x09,0xA9,0x00,0x95,0x03,0xCA,0x10,0xF9,
    0x85,0x3E,0xE6,0x41,0x20,0xDE,0xD6,0xA9,0x0F,0x8D,0x15,0x40,0xA9,0x01,0x85,0xF0,
    0xA9,0x02,0x85,0x41,0xA4,0x40,0xD0,0x02,0xA9,0xFF,0x85,0x42,0xA2,0x00,0x8E,0x88,
    0x04,0x86,0x3B,0x86,0x3C,0x8E,0x58,0x05,0xCA,0x86,0x89,0xA6,0x40,0x20,0xB0,0xF3,
    0xCA,0x10,0xFA,0xA9,0x00,0x85,0xC8,0xA5,0x3C,0x4A,0x4A,0xC9,0x08,0x90,0x02,0xA9,
    0x08,0xAA,0xBD,0xBA,0xF3,0x85,0xC6,0xBD,0xC3,0xF3,0x85,0xC7,0xA5,0x3C,0xC9,0x02,
    0xB0,0x06,0xA9,0x03,0x85,0xC6,0x85,0xC7,0xA2,0x07,0xA9,0x00,0x9D,0x48,0x04,0x9D,
    0x75,0x04,0x9D,0x7E,0x04,0x9D,0x24,0x04,0x9D,0x2D,0x04,0x9D,0x12,0x04,0x9D,0x1B,
    0x04,0x9D,0x63,0x04,0x9D,0x6C,0x04,0x9D,0x00,0x04,0x9D,0x09,0x04,0xA9,0x01,0x9D,
    0x3F,0x04,0x9D,0x5A,0x04,0xA9,0x03,0x9D,0x36,0x04,0xCA,0x10,0xCD,0xA2,0x05,0xA9,
    0xFF,0x95,0x8A,0xCA,0x10,0xF9,0xA6,0x40,0x20,0x86,0xF3,0xCA,0x10,0xFA,0x20,0x46,
    0xD2,0x20,0x93,0xD2,0xA5,0xC6,0xC9,0x10,0xB0,0x04,0xA9,0x58,0x85,0xC6,0x20,0xA5,
    0xF4,0x20,0xFF,0xD8,0xA5,0x16,0xF0,0x03,0x4C,0xC5,0xC1,0xA5,0xC8,0xF0,0x03,0x4C,
    0x13,0xCF,0x20,0x16,0xC7,0xA5,0x3B,0x29,0x03,0xD0,0x08,0xA9,0x08,0x85,0xF2,0xA6,
    0x3A,0xD0,0x06,0xA9,0xFF,0x85,0x3D,0xE6,0x3C,0x20,0x70,0xF4,0xA5,0x3D,0xF0,0x05,
    0xC6,0x3D,0x20,0xCC,0xF3,0x20,0xB3,0xF1,0x20,0x91,0xE6,0x20,0xF9,0xC6,0x20,0x90,
    0xC7,0x20,0x31,0xC8,0x20,0xB7,0xC8,0x20,0xDD,0xD8,0x20,0x87,0xE5,0x20,0x74,0xCB,
    0xE6,0x4C,0xA6,0x40,0xB5,0x88,0x10,0x25,0xA5,0x3A,0xD0,0x3A,0xB5,0x41,0x30,0x1D,
    0xD6,0xC3,0xD0,0x33,0x8A,0x48,0x20,0x26,0xC7,0x68,0xAA,0xA0,0x02,0xD6,0x41,0x84,
    0x46,0x30,0x0A,0x20,0x86,0xF3,0x20,0xB0,0xF3,0xA9,0x80,0x85,0xF2,0xCA,0x10,0xD4,
    0xA5,0x41,0x10,0x04,0xA5,0x42,0x30,0x4E,0xA5,0x3A,0xF0,0x0B,0x20,0x68,0xE7,0xAD,
    0x1C,0x06,0x29,0x30,0xF0,0x93,0x60,0xA2,0x05,0xB5,0x8A,0xF0,0x02,0x10,0x8A,0xCA,
    0x10,0xF7,0xA5,0xBB,0x10,0x83,0xA6,0x40,0xB4,0x88,0x88,0x10,0x0F,0xB5,0x41,0x30,
    0x0B,0xA9,0xFF,0x95,0x88,0xA9,0x01,0x95,0xC3,0x4C,0xB9,0xF2,0xCA,0x10,0xE9,0xA9,
    0x02,0x85,0xF2,0xA2,0x96,0x20,0x5E,0xF4,0xA6,0x3B,0xE8,0xE0,0x10,0xD0,0x02,0xA2,
    0x04,0x86,0x3B,0x4C,0x13,0xF2,0xA9,0x01,0x85,0xF2,0xA9,0x00,0x85,0x17,0x85,0x18,
    0x85,0x15,0x20,0x0B,0xF4,0x20,0x65,0xF4,0x20,0x68,0xE7,0x29,0x30,0xD0,0x04,0xC6,
    0x15,0xD0,0xF2,0x4C,0xD4,0xF1,0xB5,0x41,0x30,0x23,0xBD,0xAE,0xF3,0x95,0x91,0xA9,
    0xB8,0x95,0x9A,0x95,0xBD,0xA9,0xC8,0x95,0xBF,0xA9,0x5A,0xB4,0x41,0x10,0x02,0xA9,
    0x01,0x95,0xC3,0xA9,0x00,0x95,0xC1,0x9D,0x2D,0x04,0x9D,0x24,0x04,0x60,0x20,0xD0,
    0xA9,0x03,0x9D,0x51,0x04,0xA9,0x02,0x95,0x88,0x60,0x58,0x50,0x58,0x50,0x50,0x40,
    0x38,0x30,0x28,0x04,0x04,0x03,0x03,0x02,0x02,0x02,0x02,0x02,0xA5,0x3D,0x29,0x20,
    0xF0,0x1C,0xA2,0x0A,0xBD,0xF5,0xF3,0x95,0x57,0xCA,0x10,0xF8,0xA0,0x0A,0xA5,0x3C,
    0x85,0x43,0x20,0x7C,0xD7,0x85,0x60,0xA5,0x43,0x85,0x61,0x4C,0x2D,0xC1,0xA9,0x00,
    0xA0,0xF4,0x4C,0x31,0xC1,0x20,0x6C,0x08,0x19,0x11,0x0A,0x1C,0x0E,0x25,0x00,0x00,
    0x20,0x6C,0x08,0x24,0x24,0x24,0x24,0x24,0x24,0x24,0x24,0x20,0x65,0xF4,0xA2,0x01,
    0xBD,0x3B,0xF4,0xBC,0x3D,0xF4,0x20,0x31,0xC1,0xCA,0x10,0xF4,0xA2,0x0F,0xA9,0x24,
    0x95,0x5A,0xCA,0x10,0xF9,0xA9,0x10,0x85,0x59,0xA9,0x21,0x85,0x57,0xA2,0x02,0xBD,
    0x3F,0xF4,0x85,0x58,0x20,0x2D,0xC1,0xCA,0x10,0xF5,0x60,0x42,0x55,0xF4,0xF4,0x88,
    0xA8,0xE8,0x21,0xC8,0x10,0x24,0x24,0x24,0x10,0x0A,0x16,0x0E,0x24,0x24,0x18,0x1F,
    0x0E,0x1B,0x24,0x24,0x24,0x23,0xDA,0x04,0xAA,0xAA,0xAA,0xAA,0xA2,0x14,0x20,0x65,
    0xF4,0xCA,0xD0,0xFA,0x60,0xA9,0x00,0x85,0x02,0xA5,0x02,0xF0,0xFC,0xC6,0x02,0x60,
    0x20,0x69,0xF4,0xA5,0x3A,0xD0,0xF8,0x20,0x68,0xE7,0x29,0x10,0xF0,0xF1,0xA9,0x04,
    0x85,0xF2,0xA5,0x01,0x29,0xEF,0x8D,0x01,0x20,0x20,0x65,0xF4,0x20,0x68,0xE7,0x29,
    0x10,0xF0,0xF6,0xA5,0x01,0x8D,0x01,0x20,0xA0,0x04,0xA5,0xC8,0x05,0x16,0xF0,0x02,
    0xA0,0x20,0x84,0xF2,0x60,0xA9,0x01,0x8D,0x8E,0x04,0x8D,0x8F,0x04,0xA9,0xFF,0x85,
    0xBB,0x85,0x87,0x8D,0x8C,0x04,0xA2,0x01,0x8E,0x59,0x04,0x86,0x90,0xE8,0x86,0x46,
    0xA9,0x40,0x85,0x99,0x60,0xFF,0xFF,0xFF,0xFF,0xFF,0xFF,0xFF,0xFF,0xFF,0xFF,0xFF,
    0xFF,0xFF,0xFF,0xFF,0xFF,0xFF,0xFF,0xFF,0xFF,0xFF,0xFF,0xFF,0xFF,0xFF,0xFF,0xFF,
    0xFF,0xFF,0xFF,0xFF,0xFF,0xFF,0xFF,0xFF,0xFF,0xFF,0xFF,0xFF,0xFF,0xFF,0xFF,0xFF,
    0xFF,0xFF,0xFF,0xFF,0xFF,0xFF,0xFF,0xFF,0xFF,0xFF,0xFF,0xFF,0xFF,0xFF,0xFF,0xFF,
    0x20,0x8F,0xF7,0x60,0xA9,0x00,0xAA,0x85,0xFD,0xF0,0x10,0x8A,0x4A,0xAA,0xE8,0x8A,
    0xC9,0x04,0xF0,0xEF,0xA5,0xFD,0x18,0x69,0x04,0x85,0xFD,0x8A,0x0A,0xAA,0xB5,0xE0,
    0x85,0xFE,0xB5,0xE1,0x85,0xFF,0xB5,0xE1,0xF0,0xE1,0x8A,0x4A,0xAA,0xD6,0xD0,0xD0,
    0xDD,0xB4,0xE8,0xF6,0xE8,0xB1,0xFE,0xF0,0xC7,0xA8,0xC9,0xFF,0xF0,0x09,0x29,0xC0,
    0xC9,0xC0,0xF0,0x0F,0x4C,0x61,0xF5,0xB5,0xD8,0xF0,0x13,0xD6,0xD8,0xB5,0xEC,0x95,
    0xE8,0xD0,0x0B,0x98,0x29,0x3F,0x95,0xD8,0xD6,0xD8,0xB5,0xE8,0x95,0xEC,0x4C,0x31,
    0xF5,0x98,0x10,0x17,0x29,0x0F,0x18,0x65,0xDF,0xA8,0xB9,0x60,0xF6,0x95,0xD4,0xA8,
    0x8A,0xC9,0x02,0xF0,0x4F,0xB4,0xE8,0xF6,0xE8,0xB1,0xFE,0xA8,0x8A,0xC9,0x03,0xF0,
    0x60,0x48,0xAA,0xC9,0x01,0xF0,0x32,0xA6,0xFD,0xB9,0x01,0xF6,0xF0,0x0B,0x9D,0x02,
    0x40,0xB9,0x00,0xF6,0x09,0x08,0x9D,0x03,0x40,0xA8,0x68,0xAA,0x98,0xD0,0x0B,0xA0,
    0x00,0x8A,0xC9,0x02,0xF0,0x06,0xA0,0x10,0xD0,0x02,0xB4,0xDC,0x98,0xA4,0xFD,0x99,
    0x00,0x40,0xB5,0xD4,0x95,0xD0,0x4C,0x0E,0xF5,0xA5,0xF5,0x29,0x02,0xF0,0xC8,0x68,
    0xAA,0x4C,0xB2,0xF5,0x98,0xAC,0xF0,0x07,0xF0,0x04,0xA9,0xFF,0xD0,0x0B,0x18,0x69,
    0xFE,0x0A,0x0A,0xC9,0x3C,0x90,0x02,0xA9,0x3C,0x8D,0x08,0x40,0x85,0xDE,0x4C,0x75,
    0xF5,0xA5,0xF4,0xC9,0x02,0xF0,0x12,0xB9,0x00,0xF7,0x8D,0x0C,0x40,0xB9,0x01,0xF7,
    0x8D,0x0E,0x40,0xB9,0x02,0xF7,0x8D,0x0F,0x40,0x4C,0xB2,0xF5,0x16,0xFF,0x10,0xC5,
    0x07,0xF0,0x00,0x00,0x00,0xD4,0x00,0xC8,0x00,0xBD,0x00,0xB2,0x00,0xA8,0x00,0x9F,
    0x00,0x96,0x00,0x8D,0x00,0x85,0x00,0x7E,0x00,0x76,0x00,0x70,0x01,0xAB,0x01,0x93,
    0x01,0x7C,0x01,0x67,0x01,0x52,0x01,0x3F,0x01,0x2D,0x01,0x1C,0x01,0x0C,0x00,0xFD,
    0x00,0xEE,0x00,0xE1,0x03,0x57,0x03,0x27,0x02,0xF9,0x02,0xCF,0x02,0xA6,0x02,0x80,
    0x02,0x5C,0x02,0x3A,0x02,0x1A,0x01,0xFC,0x01,0xDF,0x01,0xC4,0x03,0xF8,0x00,0x69,
    0x00,0x63,0x00,0x5E,0x00,0x58,0x00,0x53,0x00,0x4F,0x00,0x4A,0x00,0x46,0x00,0x42,
    0x03,0x06,0x0C,0x18,0x30,0x12,0x24,0x09,0x08,0x04,0x07,0x01,0x04,0x08,0x10,0x20,
    0x40,0x18,0x30,0x0C,0x01,0x06,0x0C,0x18,0x30,0x60,0x24,0x48,0x12,0x10,0x08,0x0E,
    0x02,0x03,0x04,0xA9,0x00,0xF0,0x0A,0xA9,0x08,0xD0,0x06,0xA9,0x0C,0xD0,0x02,0xA9,
    0x04,0x85,0xF9,0xA9,0x40,0x85,0xFA,0x86,0xFB,0x84,0xFC,0xA0,0x00,0xB1,0xFB,0x91,
    0xF9,0xC8,0x98,0xC9,0x04,0xD0,0xF6,0x60,0xAA,0x20,0x98,0xF7,0x86,0xF6,0xAD,0xF5,
    0x07,0xF0,0x0B,0xC9,0x02,0xD0,0x07,0x85,0xF0,0xA9,0x00,0x8D,0xF5,0x07,0xB9,0xCA,
    0xFB,0xA8,0xA2,0x00,0xB9,0xCA,0xFB,0x95,0xDF,0xC8,0xE8,0x8A,0xC9,0x09,0xD0,0xF4,
    0xA9,0x01,0x85,0xD0,0x85,0xD1,0x85,0xD2,0x85,0xD3,0xA9,0x00,0x85,0xE8,0x85,0xE9,
    0x85,0xEA,0x85,0xEB,0x60,0x94,0xAB,0xFD,0x58,0x00,0x7F,0x04,0x18,0x3F,0x7F,0x00,
    0x00,0x06,0x7F,0x0A,0xC0,0x08,0x7F,0x05,0xC0,0xC1,0x89,0x02,0x0F,0xFF,0xFF,0xFF,
    0x10,0x00,0x18,0x10,0x01,0x18,0x00,0x01,0x88,0x02,0x02,0x40,0x03,0x05,0x40,0x04,
    0x07,0x40,0xA9,0x7F,0x8D,0x01,0x40,0x8D,0x05,0x40,0x86,0xDC,0x84,0xDD,0x60,0xA2,
    0xE5,0xA0,0xF6,0xD0,0x20,0xA5,0xF3,0x4A,0xB0,0x0C,0xA5,0xF7,0x4A,0xB0,0x1A,0xA5,
    0xF0,0x29,0x10,0xD0,0xEA,0x60,0xA5,0xF7,0x09,0x01,0x85,0xF7,0xA9,0x00,0x8D,0xE4,
    0x07,0xA2,0xFC,0xA0,0xF5,0x20,0x83,0xF6,0x60,0xEE,0xE4,0x07,0xAD,0xE4,0x07,0xC9,
    0x58,0xD0,0x28,0xA9,0x00,0x85,0xF7,0x60,0xA9,0xC0,0x8D,0x17,0x40,0x20,0x25,0xFB,
    0x20,0x0A,0xF9,0x20,0x38,0xFA,0x20,0xAC,0xFA,0x20,0x24,0xF8,0xA5,0xF1,0x8D,0xE9,
    0x07,0xA9,0x00,0x85,0xF0,0x85,0xF1,0x85,0xF2,0x85,0xF3,0x60,0xA5,0xF4,0x29,0x06,
    0xD0,0xF9,0xA5,0xF4,0x29,0xF0,0x85,0xF4,0xA2,0xE9,0xA0,0xF6,0x4C,0x79,0xF8,0xA5,
    0xF6,0xC9,0x20,0xD0,0x0A,0xEE,0xE8,0x07,0x29,0x0F,0xC9,0x0F,0xD0,0x07,0x8A,0xA5,
    0xF4,0x29,0x20,0xD0,0x22,0xA9,0x10,0x8D,0x0C,0x40,0x8D,0x00,0x40,0x8D,0x04,0x40,
    0xA9,0x00,0x85,0xF4,0x85,0xF5,0x85,0xF6,0x8D,0xFA,0x07,0x85,0xF7,0x8D,0x08,0x40,
    0x8D,0x11,0x40,0x8D,0xF0,0x07,0x60,0xA9,0x10,0x8D,0x04,0x40,0x8D,0x0C,0x40,0xA9,
    0x00,0xF0,0xE1,0xA9,0x00,0x8D,0xFA,0x07,0x60,0xA2,0xF5,0xA0,0xF6,0x4C,0x79,0xF8,
    0xEE,0xFB,0x07,0xAD,0xFB,0x07,0xC9,0x10,0xF0,0xEF,0xC9,0x20,0xF0,0xE5,0x60,0xA9,
    0x00,0x8D,0xFB,0x07,0xA9,0xF0,0x8D,0xFA,0x07,0xA2,0xF1,0xA0,0xF6,0x4C,0x79,0xF8,
    0xA5,0xF4,0x29,0xF0,0x09,0x02,0x85,0xF4,0xA9,0x00,0x8D,0xF7,0x07,0xA2,0xF1,0xA0,
    0xF6,0x4C,0x79,0xF8,0xEE,0xF7,0x07,0xAD,0xF7,0x07,0xC9,0x10,0xD0,0x3D,0x4C,0x9B,
    0xF8,0x4C,0xA5,0xF7,0xA5,0xF0,0x4A,0xB0,0xF8,0xA5,0xF6,0xC9,0xDF,0xF0,0x0C,0xC9,
    0x7F,0xF0,0x08,0xC9,0x20,0xF0,0x04,0xA5,0xF6,0xD0,0x20,0xAD,0xFA,0x07,0xC9,0x0F,
    0xF0,0xAD,0xC9,0xF0,0xF0,0x9A,0xA5,0xF0,0x4A,0x4A,0xB0,0xB4,0x4A,0xB0,0x10,0x4A,
    0xB0,0x0A,0xA5,0xF4,0x4A,0x4A,0xB0,0xBC,0x4A,0xB0,0x22,0x60,0x4C,0x7C,0xF7,0xA5,
    0xF4,0x29,0x80,0xD0,0xF6,0xA5,0xF4,0x29,0xF0,0x09,0x04,0x85,0xF4,0xA9,0x00,0x8D,
    0xF3,0x07,0x8D,0xF1,0x07,0xA2,0xED,0xA0,0xF6,0x20,0x8B,0xF6,0x60,0xEE,0xF3,0x07,
    0xAD,0xF3,0x07,0xC9,0x03,0xD0,0x1A,0xA9,0x00,0x8D,0xF3,0x07,0xEE,0xF1,0x07,0xAD,
    0xF1,0x07,0xC9,0x10,0xD0,0x0C,0xA9,0x10,0x8D,0x0C,0x40,0xA5,0xF4,0x29,0xF0,0x85,
    0xF4,0x60,0x8D,0x0E,0x40,0x60,0xA9,0x00,0x8D,0xE0,0x07,0x18,0xA5,0x1B,0x29,0x07,
    0x69,0x02,0x8D,0xE1,0x07,0xA5,0xF7,0x29,0x00,0x09,0x80,0x85,0xF7,0xD0,0x29,0xEE,
    0xE0,0x07,0xAD,0xE0,0x07,0xCD,0xE1,0x07,0xD0,0x1E,0xA9,0x10,0x8D,0x00,0x40,0x8D,
    0x04,0x40,0xA9,0x00,0x85,0xF7,0xA5,0xF4,0x29,0x0F,0x85,0xF4,0x60,0x20,0xA5,0xF7,
    0xA9,0x80,0x85,0xF4,0xA9,0x02,0x85,0xF0,0xA2,0xF9,0xA0,0xF6,0x20,0x83,0xF6,0xA5,
    0x1B,0x29,0x0F,0x8D,0x02,0x40,0xA2,0xF9,0xA0,0xF6,0x20,0x8F,0xF6,0xA5,0x1B,0x4A,
    0x4A,0x29,0x0F,0x8D,0x06,0x40,0x60,0x4C,0xA6,0xF8,0xA5,0xF6,0xF0,0x0D,0xC9,0xDF,
    0xF0,0x09,0xA5,0xF0,0x29,0xE0,0xF0,0x36,0x20,0xA5,0xF7,0xA5,0xF0,0x0A,0xB0,0xBD,
    0x0A,0xB0,0x2F,0x0A,0xB0,0x3F,0xA5,0xF4,0x0A,0xB0,0xBD,0xA5,0xF4,0x29,0xE0,0xD0,
    0x1D,0xA5,0xF6,0xC9,0xDF,0xF0,0x14,0xA5,0xF6,0xD0,0x13,0xA5,0xF3,0x0A,0xB0,0xC7,
    0x0A,0xB0,0x34,0xA5,0xF7,0x0A,0xB0,0x07,0x0A,0xB0,0x48,0x20,0x25,0xF7,0x60,0x4C,
    0xBF,0xF8,0xA9,0x0F,0x8D,0xFA,0x07,0xA5,0xF4,0x29,0x0F,0x09,0x40,0x85,0xF4,0xA2,
    0xD1,0xA0,0xF9,0xD0,0x2A,0xA9,0x02,0x85,0xF0,0xA5,0xF4,0x29,0x0F,0x09,0x20,0x85,
    0xF4,0xA2,0xCD,0xA0,0xF9,0xD0,0x18,0xA9,0x00,0x8D,0xFC,0x07,0xA5,0xF7,0x29,0x00,
    0x09,0x40,0x85,0xF7,0xA2,0xD5,0xA0,0xF9,0x20,0x8F,0xF6,0xA2,0xD9,0xA0,0xF9,0x20,
    0x83,0xF6,0x60,0xEE,0xFC,0x07,0xAD,0xFC,0x07,0xC9,0x12,0xF0,0x2D,0xC9,0x06,0x90,
    0x10,0xA5,0x1B,0x09,0x10,0x29,0x7F,0x8D,0xFE,0x07,0x2A,0x8D,0xFD,0x07,0x4C,0xBD,
    0xF9,0xEE,0xFD,0x07,0xEE,0xFD,0x07,0xEE,0xFE,0x07,0xEE,0xFE,0x07,0xAD,0xFD,0x07,
    0x8D,0x06,0x40,0xAD,0xFE,0x07,0x8D,0x02,0x40,0x60,0x4C,0xCA,0xF8,0xB8,0xD5,0x20,
    0x00,0x9F,0x93,0x80,0x22,0x3F,0xBA,0xE0,0x06,0x3F,0xBB,0xCE,0x06,0xB8,0x93,0x50,
    0x02,0x80,0x7F,0x60,0x68,0x80,0x7F,0x62,0x68,0xA5,0xF5,0x29,0x02,0xD0,0x37,0xA5,
    0xF6,0xC9,0xDF,0xF0,0x04,0xA5,0xF6,0xD0,0x2D,0xA9,0x00,0x8D,0xF9,0x07,0xA5,0xF5,
    0x29,0xE0,0x09,0x02,0x85,0xF5,0xA2,0xDD,0xA0,0xF9,0xD0,0x73,0xEE,0xF9,0x07,0xAD,
    0xF9,0x07,0xC9,0x07,0xD0,0x10,0xA9,0x7F,0x8D,0x05,0x40,0xA9,0x10,0x8D,0x04,0x40,
    0xA5,0xF5,0x29,0xE0,0x85,0xF5,0x60,0x20,0xA5,0xF7,0xA2,0xE1,0xA0,0xF9,0x20,0x83,
    0xF6,0xA2,0xE5,0xA0,0xF9,0x4C,0x7F,0xFA,0xA5,0xF6,0xF0,0x06,0x29,0x0F,0xC9,0x0F,
    0xD0,0x21,0xA5,0xF4,0x29,0x80,0xD0,0x1B,0xA5,0xF7,0x29,0xC0,0xD0,0x15,0xA5,0xF1,
    0x4A,0xB0,0xD4,0x4A,0xB0,0x93,0x4A,0xB0,0x2A,0x4A,0x4A,0xB0,0x07,0xA5,0xF5,0x4A,
    0x4A,0xB0,0xA9,0x60,0xA5,0xF6,0xD0,0xFB,0xA5,0xF5,0x29,0x02,0xD0,0xF5,0xA2,0x8A,
    0xA0,0xFA,0x20,0x8F,0xF6,0xA5,0x1B,0x29,0x3F,0x09,0x10,0x8D,0x06,0x40,0x60,0x20,
    0x8F,0xF6,0x60,0xA0,0x0A,0xA9,0xEF,0x4C,0xA5,0xFB,0xD9,0x86,0xA8,0x48,0x08,0x7F,
    0x40,0x28,0x08,0x7F,0x45,0x28,0xEE,0xF6,0x07,0xAD,0xF6,0x07,0xC9,0x04,0xD0,0x38,
    0xA5,0xF5,0x29,0x1F,0x85,0xF5,0xA2,0x92,0xA0,0xFA,0xD0,0x54,0xA5,0xF6,0xF0,0x0A,
    0xC9,0x08,0xF0,0x06,0x29,0x0F,0xC9,0x0F,0xD0,0x1E,0xA5,0xF4,0x29,0x80,0xD0,0x18,
    0xA5,0xF1,0x0A,0xB0,0x52,0x0A,0xB0,0x1A,0xA5,0xF5,0x0A,0x0A,0xB0,0xC8,0xA5,0xF1,
    0x29,0x20,0xF0,0x05,0xA5,0xF6,0xF0,0x2C,0x60,0xA5,0xF6,0xC9,0xDF,0xD0,0xF9,0x4C,
    0x9F,0xF7,0xA5,0xF5,0x29,0x1F,0x09,0x40,0x85,0xF5,0xA9,0x00,0x8D,0x08,0x40,0x85,
    0xF6,0x8D,0xF6,0x07,0xA9,0x10,0x8D,0x04,0x40,0x8D,0x0C,0x40,0xA2,0x8E,0xA0,0xFA,
    0x20,0x87,0xF6,0x60,0xAD,0xE9,0x07,0x29,0x20,0xD0,0x05,0xA9,0x02,0x8D,0xF5,0x07,
    0xA0,0x08,0xA9,0xDF,0x4C,0xA5,0xFB,0xA0,0x04,0xA9,0x7F,0x4C,0xA5,0xFB,0xA0,0x00,
    0xA9,0x02,0x4C,0xC1,0xFB,0xAD,0xE8,0x07,0xD0,0x34,0xA5,0xF2,0x4A,0xB0,0x53,0x4A,
    0xB0,0xEC,0x4A,0xB0,0x17,0x4A,0xB0,0x44,0x4A,0xB0,0x2E,0x4A,0xB0,0x20,0x4A,0xB0,
    0x17,0x4A,0xB0,0x0E,0xA5,0xF6,0xD0,0x01,0x60,0x4C,0x04,0xF5,0xA0,0x02,0xA9,0x04,
    0xD0,0x53,0xA0,0x09,0xA9,0x80,0xD0,0x15,0xA0,0x07,0xA9,0x40,0xD0,0x0F,0xA9,0x00,
    0x8D,0xE8,0x07,0xA0,0x06,0xA9,0x20,0xD0,0x58,0xA0,0x05,0xA9,0x10,0x20,0xA8,0xF6,
    0xA2,0xFC,0xA0,0xFC,0x20,0x12,0xF7,0xEE,0xF0,0x07,0xD0,0xCD,0xA0,0x03,0xA9,0x08,
    0xD0,0x04,0xA0,0x01,0xA9,0x01,0x20,0xA8,0xF6,0xA2,0x80,0xA0,0x80,0x20,0x1A,0xF7,
    0xA9,0x83,0x8D,0x01,0x40,0xA9,0x7F,0x8D,0x05,0x40,0xD0,0x13,0x20,0xA8,0xF6,0xA2,
    0x04,0xA0,0x04,0xD0,0x07,0x20,0xA8,0xF6,0xA2,0x80,0xA0,0x80,0x20,0x12,0xF7,0xA9,
    0x00,0x8D,0xF0,0x07,0xA5,0xF4,0x29,0x20,0xF0,0x8F,0xA9,0xD5,0x8D,0x01,0x40,0xD0,
    0x88,0x20,0xA8,0xF6,0xA2,0x80,0xA0,0xBA,0xD0,0xC3,0x0B,0x14,0x1D,0x26,0x2F,0x38,
    0x41,0x4A,0x53,0x5C,0x65,0x0C,0x02,0xFF,0x0B,0xFF,0x1E,0xFF,0x31,0xFF,0x15,0x18,
    0xFE,0x2A,0xFE,0x65,0xFE,0x86,0xFE,0x0C,0x0D,0xFE,0x00,0x00,0x13,0xFE,0x00,0x00,
    0x15,0x38,0xFF,0x5A,0xFF,0x79,0xFF,0x94,0xFF,0x00,0x00,0x00,0xD7,0xFE,0xED,0xFE,
    0x00,0x00,0x00,0xB3,0xFF,0xC9,0xFF,0xDA,0xFF,0xEF,0xFF,0x15,0xA5,0xFC,0x0A,0xFD,
    0x98,0xFD,0xE0,0xFD,0x15,0xB2,0xFE,0x00,0x00,0xC5,0xFE,0x00,0x00,0x15,0x00,0x00,
    0x92,0xFE,0xA1,0xFE,0x00,0x00,0x0C,0x59,0xFC,0x72,0xFC,0x8C,0xFC,0x00,0x00,0x00,
    0x00,0x00,0x38,0xFC,0x49,0xFC,0x00,0x00,0x82,0x02,0x8B,0x02,0x80,0x08,0x02,0x10,
    0x02,0x16,0x02,0x52,0x02,0x02,0x02,0x1A,0x00,0x82,0x02,0x80,0x10,0x02,0x16,0x02,
    0x52,0x02,0x5A,0x02,0x02,0x02,0x56,0x81,0x02,0x80,0x12,0x02,0x0C,0x02,0x04,0x02,
    0x0C,0x02,0x04,0x02,0x2A,0x02,0x81,0x04,0x02,0x80,0x04,0x02,0x81,0x04,0x88,0x02,
    0x02,0x00,0x88,0x02,0x02,0x80,0x04,0x02,0x2A,0x02,0x24,0x02,0x2A,0x02,0x24,0x02,
    0x1C,0x02,0x81,0x22,0x02,0x80,0x22,0x02,0x81,0x24,0x88,0x02,0x88,0x02,0x80,0x56,
    0x02,0x4E,0x02,0x12,0x02,0x4E,0x02,0x12,0x02,0x0C,0x02,0x81,0x10,0x02,0x80,0x10,
    0x02,0x81,0x12,0x88,0x02,0xC3,0x81,0x02,0x02,0x1C,0x02,0x02,0x02,0x1C,0x1C,0xFF,
    0xC6,0x88,0x1C,0xFF,0xC7,0x82,0x4C,0x4C,0x2A,0x4C,0xFF,0xC6,0x88,0x1C,0xFF,0xC4,
    0x81,0x46,0x02,0x46,0x02,0x32,0x02,0x46,0x80,0x2E,0x2E,0xFF,0xC3,0x82,0x46,0x46,
    0x81,0x32,0x32,0x46,0x2E,0xFF,0x80,0x0C,0x0C,0x81,0x46,0x46,0x46,0x80,0x04,0x04,
    0x81,0x46,0x46,0x02,0xC8,0x82,0x4C,0x4C,0x2A,0x4C,0xFF,0xC2,0x81,0x46,0x80,0x32,
    0x32,0x82,0x46,0x04,0x81,0x46,0x2A,0xFF,0xC2,0x81,0x0C,0x0C,0x80,0x04,0x04,0x81,
    0x04,0x80,0x2E,0x2E,0x81,0x2E,0x82,0x24,0xFF,0x00,0x81,0x32,0x02,0x02,0x06,0x0C,
    0x32,0x02,0x02,0x8A,0x2E,0x8B,0x02,0x8A,0x2E,0x8B,0x02,0x8A,0x2E,0x8B,0x02,0x88,
    0x2E,0x32,0x2E,0xD0,0x8C,0x2C,0x24,0xFF,0xD0,0x2E,0x20,0xFF,0xC3,0x80,0x28,0x02,
    0x82,0x02,0x80,0x2C,0x02,0x32,0x02,0x24,0x02,0x82,0x02,0x81,0x02,0x80,0x28,0x02,
    0x06,0x02,0x28,0x02,0x81,0x02,0x80,0x24,0x02,0x32,0x02,0x24,0x02,0xFF,0x80,0x28,
    0x02,0x82,0x02,0x80,0x2C,0x02,0x32,0x02,0x24,0x02,0x82,0x02,0x89,0x0C,0x0A,0x08,
    0x06,0x32,0x30,0x2E,0x2C,0x2A,0x28,0x26,0x24,0x02,0x02,0x02,0x86,0x02,0xC7,0x84,
    0x02,0xFF,0xC4,0x80,0x28,0x02,0x82,0x02,0x80,0x2C,0x02,0x32,0x02,0x24,0x02,0x82,
    0x02,0x81,0x02,0x80,0x28,0x02,0x06,0x02,0x28,0x02,0x81,0x02,0x80,0x24,0x02,0x32,
    0x02,0x24,0x02,0xFF,0xC8,0x84,0x02,0xFF,0x81,0x14,0x02,0x02,0x14,0x1A,0x14,0x02,
    0x02,0x88,0x10,0x10,0x10,0x10,0x14,0x10,0x85,0x3C,0x81,0x44,0x85,0x4A,0x81,0x44,
    0x88,0x28,0x24,0x20,0x46,0x42,0x40,0xC6,0x81,0x3C,0x02,0x02,0x44,0x02,0x02,0x02,
    0x4A,0x02,0x46,0x36,0x36,0x38,0x38,0x02,0x3A,0x02,0x80,0x3C,0x3C,0x81,0x02,0x24,
    0x02,0x02,0x2C,0x24,0x88,0x24,0x1E,0x46,0x36,0x38,0x3A,0xFF,0xC4,0x84,0x02,0xFF,
    0xD8,0x81,0x06,0xFF,0xC6,0x88,0x06,0xFF,0xC7,0x81,0x06,0x06,0x80,0x06,0x06,0x81,
    0x06,0x06,0x80,0x06,0x06,0x81,0x06,0x06,0xFF,0xC6,0x88,0x06,0xFF,0xE0,0x81,0x06,
    0x06,0xFF,0x82,0x0F,0x81,0x06,0x06,0xEA,0x06,0x06,0x06,0x06,0xFF,0xC5,0x80,0x0E,
    0x58,0xFF,0x00,0xC5,0x80,0x0E,0x58,0xFF,0x82,0x1C,0x1C,0xC3,0x82,0x1C,0x1C,0x81,
    0x1C,0x1C,0x1C,0x02,0xFF,0xC7,0x88,0x1C,0xFF,0x00,0x83,0x02,0x80,0x0E,0x02,0x0E,
    0x02,0x0C,0x02,0x0E,0x02,0x4E,0x02,0x02,0x02,0x0E,0x02,0x0C,0x02,0x02,0x02,0x0E,
    0x02,0x0C,0x02,0x0E,0x02,0x4E,0x02,0x02,0x02,0x0E,0x02,0x0C,0x02,0x0E,0x02,0x0E,
    0x02,0x0C,0x02,0x0E,0x02,0x4E,0x02,0x02,0x02,0x0E,0x02,0x0C,0x02,0x88,0x4E,0x18,
    0x16,0x12,0x0E,0x0C,0x0E,0x83,0x02,0x81,0x3E,0x3E,0x82,0x46,0x1C,0x46,0x81,0x02,
    0x38,0x3E,0x02,0x82,0x46,0x1C,0x82,0x48,0x48,0x81,0x3E,0x3E,0x82,0x38,0x88,0x24,
    0x20,0x1C,0x48,0x46,0x42,0x3E,0x82,0x09,0x09,0xC6,0x82,0x03,0x0C,0xFF,0xC6,0x88,
    0x06,0xFF,0xED,0x89,0x2A,0x02,0x04,0x0C,0x02,0x04,0x08,0x02,0x30,0x26,0x02,0x30,
    0xFF,0x80,0x02,0xED,0x89,0x0C,0x02,0x12,0x4E,0x02,0x12,0x18,0x02,0x0E,0x08,0x02,
    0x0E,0xFF,0x80,0x42,0x02,0x48,0x02,0x1E,0x02,0x24,0x02,0x02,0x02,0x2A,0x02,0xC6,
    0x8C,0x30,0x2A,0xFF,0x00,0x80,0x24,0x02,0x2A,0x02,0x30,0x02,0x06,0x02,0x02,0x02,
    0x0C,0x02,0xC6,0x8C,0x12,0x18,0xFF,0x80,0x56,0x54,0x52,0x50,0x81,0x02,0x80,0x5E,
    0x5A,0x54,0x50,0x18,0x14,0x10,0x0A,0x06,0x30,0x2C,0x28,0x02,0x00,0x80,0x1A,0x18,
    0x16,0x14,0x81,0x02,0x80,0x02,0x5E,0x5A,0x54,0x50,0x18,0x14,0x10,0x0A,0x06,0x30,
    0x2C,0x28,0x82,0x1C,0x02,0x1C,0x02,0x02,0x1C,0x1C,0x00,0x81,0x10,0x0A,0x32,0x28,
    0x80,0x32,0x02,0x32,0x02,0x82,0x32,0x81,0x06,0x02,0x06,0x02,0x82,0x32,0x81,0x54,
    0x1A,0x10,0x0A,0x80,0x10,0x02,0x10,0x02,0x82,0x10,0x81,0x16,0x02,0x16,0x02,0x82,
    0x0A,0x83,0x03,0x0C,0x82,0x03,0x0C,0x0C,0xC2,0x88,0x1C,0x1C,0x1C,0x1C,0x1C,0x1C,
    0x83,0x1C,0x80,0x04,0x04,0x2A,0x02,0x82,0x1C,0xFF,0x81,0x4C,0x02,0x4C,0x02,0x2A,
    0x02,0x4C,0x1C,0x81,0x4C,0x02,0x4C,0x02,0x4C,0x00,0x88,0x2E,0x2E,0x2E,0x30,0x04,
    0x30,0xC4,0x80,0x2E,0x04,0xFF,0x83,0x02,0x88,0x2E,0x2E,0x2E,0x30,0x04,0x30,0xC4,
    0x80,0x2E,0x04,0xFF,0x83,0x02,0x84,0x02,0x02,0xC2,0x88,0x3E,0x3E,0x3E,0x42,0x46,
    0x42,0x84,0x3E,0xFF,0x85,0x3E,0x81,0x3E,0x88,0x1C,0x46,0x1C,0x81,0x02,0x3E,0x3E,
    0x3E,0x82,0x34,0x02,0xC2,0x88,0x06,0x06,0x06,0x06,0x06,0x06,0x82,0x06,0x06,0x06,
    0x06,0xFF,0xC2,0x81,0x06,0x06,0x80,0x06,0x06,0x81,0x06,0x06,0x06,0x06,0x80,0x06,
    0x06,0xFF,0x09,0x80,0x10,0x02,0x10,0x02,0x10,0x02,0x0C,0x0C,0x0C,0x02,0x0C,0x02,
    0x14,0x14,0x14,0x02,0x14,0x02,0x85,0x10,0x00,0x80,0x32,0x02,0x32,0x02,0x32,0x02,
    0xC2,0x32,0x32,0x32,0x02,0x32,0x02,0xFF,0x85,0x32,0x80,0x54,0x02,0x54,0x02,0x54,
    0x02,0x50,0x50,0x50,0x02,0x50,0x02,0x56,0x56,0x56,0x02,0x56,0x02,0x85,0x54,0xC4,
    0x85,0x0C,0xFF,0xFF,0xFF,0xFF,0xFF,0x4C,0x58,0xF7,0x94,0xC0,0x00,0xC0,0xF7,0xC0,
    0x1E,0x3F,0x7F,0x7F,0xFF,0xFF,0x7F,0x7F,0x00,0x00,0x02,0x01,0x01,0x00,0x00,0x00,
    0x3F,0x1E,0x04,0x02,0x00,0x00,0x00,0x0E,0x00,0x00,0x04,0x02,0x07,0x0F,0x0F,0x0B,
    0x1F,0x1F,0x07,0x03,0x01,0x01,0x00,0x00,0x1A,0x1E,0x07,0x00,0x00,0x04,0x07,0x03,
    0x78,0x7C,0xBE,0xBE,0xDF,0xDF,0xBE,0xBE,0x00,0x80,0x48,0x44,0x24,0x20,0x40,0x40,
    0x7C,0x78,0x20,0x40,0x00,0x84,0x0C,0x0C,0x80,0x00,0x20,0x40,0xC0,0xE4,0xEC,0xEC,
    0x06,0x20,0xC0,0x90,0xF0,0xF0,0xE0,0x00,0xFE,0xD8,0xB0,0x60,0x80,0x00,0x00,0x80,
    0x7C,0x78,0x20,0x40,0x00,0x80,0x00,0x00,0x80,0x00,0x20,0x40,0xC0,0xE0,0xE0,0xE0,
    0x00,0x26,0xC7,0x94,0xF0,0xF0,0xE0,0x00,0xE0,0xDE,0xBF,0x64,0x80,0x00,0x00,0x80,
    0x00,0x00,0xE0,0x80,0xC0,0xE0,0xFC,0x0E,0xE0,0xC0,0x80,0x70,0xB8,0x18,0x1C,0x8E,
    0x00,0x1E,0x3F,0x7F,0x7F,0xFF,0xFF,0x7F,0x00,0x00,0x00,0x02,0x01,0x01,0x00,0x00,
    0x7F,0x3F,0x1E,0x04,0x00,0x00,0x00,0x0E,0x00,0x00,0x00,0x04,0x07,0x0F,0x0F,0x0B,
    0x78,0xFC,0x7E,0xBE,0xBF,0xDF,0xDE,0xBE,0x00,0x00,0x88,0x44,0x44,0x20,0x20,0x40,
    0xBC,0x78,0x20,0x40,0x00,0x84,0x0C,0x0C,0x40,0x00,0x20,0x40,0xC0,0xE4,0xEC,0xEC,
    0x00,0x78,0xBC,0xBE,0xDE,0xDF,0xBF,0xBE,0x00,0x00,0x40,0x48,0x24,0x24,0x40,0x40,
    0x7E,0xFC,0x78,0x20,0x00,0x84,0x0C,0x0C,0x80,0x00,0x00,0x20,0xC0,0xE4,0xEC,0xEC,
    0x03,0x07,0x0F,0x0F,0x1F,0x1F,0x0F,0x0F,0x00,0x00,0x00,0x00,0x00,0x00,0x00,0x00,
    0x07,0x03,0x01,0x01,0x00,0x00,0x00,0x0E,0x00,0x00,0x01,0x01,0x07,0x0F,0x0F,0x0B,
    0xC0,0xE0,0xF0,0xF0,0xF8,0xF8,0xF0,0xF0,0x00,0x00,0x40,0x20,0x20,0x00,0x00,0x00,
    0xE0,0xC0,0x00,0x00,0x00,0x84,0x0C,0x0C,0x00,0x00,0x00,0x00,0xC0,0xE4,0xEC,0xEC,
    0x00,0x01,0x03,0x07,0x07,0x0F,0x0F,0x07,0x00,0x00,0x00,0x00,0x00,0x00,0x00,0x00,
    0x07,0x03,0x01,0x01,0x00,0x00,0x00,0x0E,0x00,0x00,0x00,0x01,0x07,0x0F,0x0F,0x0B,
    0x00,0xE0,0xF0,0xF8,0xF8,0xFC,0xFC,0xF8,0x00,0x00,0x00,0x20,0x10,0x10,0x00,0x00,
    0xF8,0xF0,0xE0,0x00,0x00,0x84,0x0C,0x0C,0x00,0x00,0x00,0x00,0xC0,0xE4,0xEC,0xEC,
    0x1F,0x0F,0x07,0x01,0x00,0x00,0x00,0x0E,0x00,0x00,0x00,0x01,0x07,0x0F,0x0F,0x0B,
    0xE0,0xC0,0x80,0x00,0x00,0x84,0x0C,0x0C,0x00,0x00,0x00,0x00,0xC0,0xE4,0xEC,0xEC,
    0xE0,0xC0,0x00,0x00,0x00,0x80,0x00,0x00,0x00,0x00,0x00,0x00,0xC0,0xE0,0xE0,0xE0,
    0x07,0x0F,0x1F,0x1F,0x3F,0x3F,0x1F,0x1F,0x00,0x00,0x00,0x00,0x00,0x00,0x00,0x00,
    0x0F,0x05,0x00,0x02,0x00,0x3C,0x7C,0x7C,0x00,0x00,0x1F,0x3F,0x3F,0x2B,0x6B,0x7B,
    0x1E,0x6E,0x5C,0x1F,0x3F,0x1F,0x03,0x00,0x1E,0x61,0x63,0x84,0xC0,0x60,0x20,0x01,
    0x80,0xD8,0xEC,0xEE,0xF6,0xF7,0xEF,0xEE,0x00,0x20,0x90,0x58,0x4C,0x0C,0x10,0x10,
    0xDE,0xBC,0x78,0x10,0x20,0x40,0x00,0x00,0x20,0x40,0x00,0x90,0xA0,0xC0,0x80,0x00,
    0x60,0x60,0x40,0x00,0x00,0x80,0x00,0x00,0xE0,0xE0,0x40,0x00,0x00,0x40,0xC0,0x80,
    0x3C,0x18,0x1C,0x7C,0x7D,0x3F,0x06,0x00,0x3C,0x06,0x23,0x47,0x4E,0x00,0x70,0x0E,
    0x0F,0x07,0x02,0x00,0x02,0x00,0x3C,0x7C,0x00,0x00,0x02,0x1F,0x3F,0x3F,0x2B,0x6B,
    0x7C,0x1E,0x6D,0x61,0x03,0x1F,0x0D,0x00,0x7B,0x1E,0x62,0x7E,0x3C,0x00,0x00,0x1C,
    0xDE,0xBC,0x78,0x10,0x20,0x40,0x00,0x00,0x20,0x40,0x00,0x10,0xA0,0xC0,0x80,0x80,
    0x00,0x00,0x00,0x00,0x80,0x80,0x80,0x00,0x00,0x00,0x80,0x80,0x40,0x60,0x20,0x00,
    0x1E,0x3F,0x7F,0x7F,0xFF,0xFF,0x7F,0x7F,0x00,0x00,0x02,0x01,0x01,0x00,0x00,0x00,
    0x3F,0x1E,0x01,0x00,0x01,0x00,0x1E,0x3E,0x00,0x01,0x01,0x0F,0x1F,0x1F,0x15,0x35,
    0x3E,0x0F,0x36,0x2F,0x1F,0x1F,0x0F,0x08,0x3D,0x0F,0x31,0x30,0x44,0x60,0x70,0x30,
    0x00,0x60,0xB0,0xB8,0xD8,0xDC,0xBC,0xB8,0x00,0x80,0x40,0x60,0x30,0x30,0x40,0x40,
    0x78,0xF0,0xE0,0x20,0x00,0x00,0x00,0x00,0x80,0x00,0x00,0xA0,0xC0,0xC0,0xC0,0xC0,
    0x00,0x00,0x00,0x00,0x80,0xE0,0x40,0x00,0x80,0x00,0xC0,0xE0,0x60,0xE0,0x40,0x00,
    0x1F,0x07,0x0E,0x1C,0x18,0x1C,0x08,0x00,0x1E,0x07,0x01,0x03,0x07,0x1F,0x0B,0x00,
    0xC0,0x80,0x30,0x10,0x88,0x18,0x38,0x30,0x00,0x80,0xB0,0xF0,0xE0,0xE0,0xC0,0x40,
    0x01,0x00,0x00,0x02,0x00,0x3C,0x7C,0x7C,0x00,0x00,0x1F,0x3F,0x3F,0x2B,0x6B,0x7B,
    0xFE,0xFC,0x78,0x10,0x20,0x40,0x00,0x00,0x00,0x00,0x00,0x90,0xA0,0xC0,0x80,0x00,
    0x01,0x00,0x00,0x00,0x02,0x00,0x3C,0x7C,0x00,0x00,0x00,0x1F,0x3F,0x3F,0x2B,0x6B,
    0xFE,0xFC,0x78,0x10,0x20,0x40,0x00,0x00,0x00,0x00,0x00,0x10,0xA0,0xC0,0x80,0x80,
    0x3F,0x1E,0x01,0x00,0x01,0x00,0x1E,0x3E,0x00,0x00,0x01,0x0F,0x1F,0x1F,0x15,0x35,
    0x00,0x00,0x80,0x80,0xC0,0xC0,0x80,0x80,0x00,0x00,0x00,0x00,0x00,0x00,0x00,0x00,
    0x00,0x00,0x00,0x00,0x00,0x00,0x00,0x00,0x00,0x00,0x00,0x80,0xC0,0xC0,0xC0,0xC0,
    0x3F,0x1E,0x04,0x00,0x00,0x00,0x0F,0x1F,0x00,0x00,0x04,0x07,0x0F,0x0F,0x0A,0x1A,
    0x1F,0x07,0x03,0x07,0x1F,0x1F,0x0E,0x00,0x1E,0x07,0x0C,0x18,0x1A,0x10,0x00,0x1C,
    0x7C,0x78,0x40,0x00,0x80,0x00,0x00,0x00,0x80,0x00,0x40,0xC0,0xE0,0xE0,0xE0,0xE0,
    0x00,0x80,0x00,0x80,0x80,0xE0,0xE0,0x00,0xC0,0x80,0xC0,0x60,0xE0,0xC0,0x00,0x70,
    0x3F,0x1E,0x04,0x00,0x00,0x00,0x0F,0x1F,0x00,0x00,0x04,0x07,0x0F,0x0F,0x0A,0x1A,
    0x7E,0xFC,0x78,0x20,0x80,0x00,0x00,0x00,0x80,0x00,0x00,0xE0,0xE0,0xE0,0xE0,0xE0,
    0x7F,0x3F,0x1E,0x00,0x00,0x00,0x0F,0x1F,0x00,0x00,0x00,0x07,0x0F,0x0F,0x0A,0x1A,
    0xBC,0x78,0x40,0x00,0x80,0x00,0x00,0x00,0x40,0x00,0x40,0xC0,0xE0,0xE0,0xE0,0xE0,
    0x07,0x03,0x01,0x00,0x00,0x00,0x0F,0x1F,0x00,0x00,0x00,0x07,0x0F,0x0F,0x0A,0x1A,
    0xF8,0xF0,0xE0,0x00,0x80,0x00,0x00,0x00,0x00,0x00,0x00,0xC0,0xE0,0xE0,0xE0,0xE0,
    0x1F,0x0F,0x07,0x00,0x00,0x00,0x0F,0x1F,0x00,0x00,0x00,0x07,0x0F,0x0F,0x0A,0x1A,
    0xE0,0xC0,0x80,0x00,0x80,0x00,0x00,0x00,0x00,0x00,0x00,0xC0,0xE0,0xE0,0xE0,0xE0,
    0x07,0x03,0x01,0x00,0x00,0x00,0x0F,0x1F,0x00,0x00,0x01,0x07,0x0F,0x0F,0x0A,0x1A,
    0xE0,0xC0,0x00,0x00,0x80,0x00,0x00,0x00,0x00,0x00,0x00,0xC0,0xE0,0xE0,0xE0,0xE0,
    0xCF,0x4F,0x07,0x0F,0x07,0x07,0x03,0x00,0xF5,0x77,0x1F,0x03,0x1C,0x18,0x0C,0x04,
    0xE6,0xE4,0xC0,0xE0,0xC0,0xC0,0x80,0x00,0x5E,0xDC,0xF0,0x80,0x70,0x30,0x60,0x40,
    0x0F,0x0F,0x07,0xEF,0x27,0x07,0x03,0x00,0x05,0x37,0x7F,0xE3,0x3C,0x18,0x0C,0x04,
    0xE0,0xE0,0xC0,0xEE,0xC8,0xC0,0x80,0x00,0x40,0xD8,0xFC,0x8E,0x78,0x30,0x60,0x40,
    0x0F,0x07,0x03,0x07,0x1F,0x37,0x03,0x00,0x07,0x0F,0x1F,0x1C,0x18,0x38,0x0C,0x04,
    0xE0,0xC0,0x80,0xC0,0xF0,0xD8,0x80,0x00,0xC0,0xE0,0xF0,0x70,0x30,0x38,0x60,0x40,
    0x00,0x00,0x00,0x00,0x00,0x00,0x00,0x0F,0x00,0x00,0x00,0x00,0x07,0x0F,0x0F,0x05,
    0x00,0x00,0x00,0x00,0x00,0x40,0x00,0xE0,0x00,0x00,0x00,0x00,0xC0,0xE0,0xE0,0x40,
    0x00,0x00,0x00,0x00,0x00,0x00,0x0F,0x0F,0x00,0x00,0x00,0x07,0x0F,0x0F,0x05,0x07,
    0x00,0x00,0x00,0x00,0x40,0x00,0xE0,0xE0,0x00,0x00,0x00,0xC0,0xA0,0xE0,0x40,0xC0,
    0x0B,0xDA,0xE0,0x6D,0x29,0x03,0x5B,0xC5,0x00,0x00,0x00,0x00,0x00,0x00,0x00,0x00,
    0x00,0x78,0xFC,0xFE,0xFE,0xFF,0xFF,0xFE,0x00,0x00,0x00,0x08,0x04,0x04,0x00,0x00,
    0x03,0x07,0x0F,0x0F,0x1F,0x1F,0x0F,0x0F,0x03,0x07,0x0F,0x0F,0x1F,0x1F,0x0F,0x0F,
    0x07,0x03,0x00,0x00,0x07,0x0F,0x0F,0x37,0x07,0x03,0x01,0x01,0x00,0x00,0x0E,0x0C,
    0xFF,0x1F,0x07,0x00,0x00,0x04,0x07,0x03,0x01,0x1F,0x07,0x03,0x01,0x01,0x00,0x00,
    0xC0,0xE0,0xB0,0xD0,0xD8,0xF8,0xF0,0xF0,0xC0,0xE0,0xF0,0xF0,0xF8,0xF8,0xF0,0xF0,
    0xE0,0xC0,0x00,0x00,0x80,0x84,0x2C,0xEC,0xE0,0xC0,0x00,0x20,0x20,0x60,0xC0,0x00,
    0xDE,0xD8,0xB0,0x60,0x00,0x00,0x00,0x80,0xD8,0xF8,0xF0,0xF0,0xF0,0xF0,0xE0,0x00,
    0x01,0x03,0x07,0x07,0x0F,0x0F,0x07,0x07,0x01,0x03,0x07,0x07,0x0F,0x0F,0x07,0x07,
    0x03,0x01,0x00,0x00,0x07,0x0F,0x0F,0x37,0x03,0x01,0x00,0x01,0x00,0x00,0x0E,0x0C,
    0xE0,0xF0,0xD8,0xE8,0xEC,0xFC,0xF8,0xF8,0xE0,0xF0,0xF8,0xF8,0xFC,0xFC,0xF8,0xF8,
    0xF0,0xE0,0x00,0x00,0x80,0x84,0x2C,0xEC,0xF0,0xE0,0x80,0x20,0x20,0x60,0xC0,0x00,
    0xC0,0xDE,0xBF,0x64,0x00,0x00,0x00,0x80,0xC0,0xF8,0xF8,0xF0,0xF0,0xF0,0xE0,0x00,
    0x00,0x07,0x0F,0x1F,0x1F,0x3F,0x3F,0x1F,0x00,0x07,0x0F,0x1F,0x1F,0x3F,0x3F,0x1F,
    0x1F,0x0F,0x07,0x00,0x07,0x0F,0x0F,0x37,0x1F,0x0F,0x07,0x01,0x00,0x00,0x0E,0x0C,
    0x00,0x80,0xC0,0x60,0xA0,0xB0,0xF0,0xE0,0x00,0x80,0xC0,0xE0,0xE0,0xF0,0xF0,0xE0,
    0xE0,0xC0,0x80,0x00,0x80,0x84,0x2C,0xEC,0xE0,0xC0,0x80,0x20,0x20,0x60,0xC0,0x00,
    0xC0,0xC0,0x80,0x60,0x32,0x1E,0x1C,0x88,0xC0,0xC0,0xE0,0xF0,0xF8,0xF8,0xF0,0x00,
    0xE0,0xC0,0x00,0x00,0x80,0x80,0x20,0xE0,0xE0,0xC0,0x00,0x20,0x20,0x60,0xC0,0x00,
    0x02,0x0E,0x0B,0x00,0x01,0x07,0x0F,0x0F,0x01,0x01,0x00,0x00,0x01,0x00,0x00,0x0E,
    0x3B,0x7F,0x5F,0x46,0x00,0x00,0x00,0x00,0x06,0x01,0x1F,0x07,0x01,0x00,0x00,0x00,
    0xC0,0xA0,0x40,0x80,0x00,0x80,0x80,0x20,0x00,0x40,0x80,0x80,0x00,0x20,0x60,0xD8,
    0x60,0x80,0x60,0xE0,0xD8,0xDC,0xCC,0x60,0x9C,0xFE,0xFE,0xFE,0xE6,0xE0,0x00,0x00,
    0x00,0x00,0x28,0x54,0xD4,0xBA,0xBB,0x7D,0x00,0x00,0x10,0x28,0x28,0x44,0x44,0x02,
    0x01,0x00,0x00,0x01,0x01,0x07,0x0F,0x0F,0x00,0x00,0x00,0x01,0x01,0x00,0x00,0x0E,
    0x50,0xB0,0x80,0x00,0x00,0x80,0x80,0x20,0xA0,0x80,0x80,0x00,0x00,0x20,0x60,0xD8,
    0x06,0x1D,0x3B,0x7B,0x77,0xF7,0xF7,0xE3,0x01,0x02,0x04,0x04,0x08,0x08,0x00,0x00,
    0x81,0x41,0x21,0x11,0x09,0x07,0x0F,0x0F,0x00,0x41,0x21,0x11,0x09,0x00,0x00,0x0E,
    0xC0,0x70,0xB8,0xBC,0xDC,0xDE,0xDE,0x8E,0x00,0x80,0x40,0x40,0x20,0x20,0x00,0x00,
    0x02,0x04,0x08,0x10,0x00,0x80,0x80,0x20,0x00,0x04,0x08,0x10,0x20,0x20,0x60,0xD8,
    0x0C,0x06,0x43,0x63,0x67,0xE7,0xF7,0xE3,0x02,0x81,0x20,0x10,0x10,0x18,0x00,0x00,
    0x18,0x30,0x31,0x73,0x76,0xE6,0xFF,0x8F,0x00,0x04,0x82,0x84,0x88,0x18,0x00,0x00,
    0x10,0x18,0x0F,0x07,0x33,0x23,0x63,0x61,0x00,0x00,0x00,0x01,0x01,0x02,0x1B,0x19,
    0x41,0x00,0x00,0x00,0x00,0x00,0x00,0x00,0x3F,0x1F,0x1F,0x0F,0x0F,0x07,0x00,0x00,
    0x00,0xE0,0xF0,0x78,0xF8,0xE0,0xF0,0xF8,0x00,0x00,0xC0,0xC0,0xC2,0x1A,0xCE,0xE0,
    0xE0,0x00,0x60,0xF0,0x38,0x38,0x10,0x00,0xE0,0xC0,0xE0,0xF0,0xB0,0x00,0x00,0x00,
    0xE4,0x0C,0x3E,0xF8,0x60,0x00,0x00,0x00,0xE0,0xC0,0xF8,0xF8,0xE0,0x00,0x00,0x00,
    0x00,0x00,0x00,0x00,0x00,0x03,0x0F,0x01,0x00,0x00,0x00,0x00,0x00,0x00,0x00,0x01,
    0x00,0x00,0x78,0xF8,0xF2,0x76,0xFC,0xFC,0x00,0x02,0x02,0x06,0xEC,0xC8,0x1C,0xFC,
    0x60,0x18,0x38,0x30,0x70,0xE0,0xC6,0x1C,0x7E,0x3E,0x3F,0x3F,0x7F,0x1F,0xC8,0xE0,
    0x00,0x00,0x00,0x00,0x03,0x0F,0x01,0x00,0x00,0x00,0x00,0x00,0x00,0x00,0x01,0x00,
    0x00,0x78,0xF8,0xF2,0x76,0xFC,0xF0,0x6C,0x02,0x02,0x06,0xEC,0xC8,0x1C,0xFE,0x7E,
    0xFC,0xD8,0x40,0x40,0x40,0xC2,0xC6,0x0C,0x1F,0x7F,0x3F,0x3F,0x1F,0xCC,0xC0,0xE0,
    0x00,0x00,0x00,0x00,0x0C,0x1E,0x1E,0x0C,0x00,0x00,0x00,0x00,0x0C,0x1E,0x1E,0x0D,
    0x00,0x00,0x1C,0x3A,0x3A,0x3E,0x3E,0x1C,0x00,0x00,0x1C,0x3E,0x3E,0x3E,0x3E,0x1D,
    0x3C,0x76,0x7A,0xFB,0xFF,0x7E,0x7E,0x3C,0x3C,0x7E,0x7E,0xFF,0xFF,0x7E,0x7E,0x3D,
    0x00,0x00,0x08,0x38,0x50,0x72,0xE3,0xE7,0x00,0x00,0x06,0x06,0x2E,0x0C,0x1C,0x18,
    0x0B,0x1E,0x3F,0x7F,0x7E,0xFC,0xFC,0xFD,0x0C,0x0D,0x00,0x00,0x01,0x03,0x2B,0x13,
    0x80,0xC0,0x80,0x10,0x20,0x40,0x80,0x00,0x00,0x30,0x70,0xF0,0xF8,0xF8,0xF0,0xE0,
    0x00,0x0F,0x3D,0x3F,0x76,0x76,0xFC,0xFC,0x00,0x00,0x02,0x00,0x39,0x39,0x3B,0x03,
    0xFC,0xFC,0xFC,0xFE,0xFF,0x7F,0x7F,0x3F,0x03,0x03,0x03,0x09,0x08,0x04,0x04,0x08,
    0x00,0x90,0x00,0x20,0x00,0x40,0x00,0x84,0x60,0x70,0xE0,0xE0,0xC0,0xC0,0x80,0x84,
    0x10,0x40,0x00,0x18,0xFC,0xAC,0xAC,0xAC,0x1E,0x7E,0xFC,0xE0,0x00,0x50,0x50,0x50,
    0x00,0x07,0x1D,0x3E,0x6E,0x7E,0xFE,0xFC,0x00,0x00,0x02,0x31,0x79,0x79,0x79,0x33,
    0xFC,0xF8,0xF8,0xF0,0xF8,0xFC,0xFF,0x7F,0x03,0x07,0x06,0x0E,0x17,0x13,0x20,0x00,
    0x79,0x71,0x21,0x13,0x73,0x07,0x07,0x01,0x06,0x0E,0x1E,0xFC,0xFC,0xF8,0x78,0x70,
    0x00,0x20,0x00,0x20,0x00,0x40,0x00,0x40,0xC0,0xE0,0xC0,0xE0,0xC0,0xC0,0x80,0xC0,
    0x00,0x00,0x02,0xA8,0x00,0x00,0xF8,0xFC,0x00,0x00,0x02,0xAF,0xFF,0xFE,0x00,0x00,
    0xFC,0xF6,0xD6,0xDB,0xEB,0xEB,0xEB,0xEA,0x00,0x08,0x28,0x24,0x14,0x14,0x14,0x14,
    0x00,0x00,0x00,0x00,0x03,0x0F,0x1F,0x3F,0x00,0x00,0x00,0x00,0x00,0x00,0x00,0x00,
    0x3F,0x7F,0x7F,0xFF,0xFF,0xFF,0xFE,0xFE,0x01,0x01,0x01,0x00,0x02,0x04,0x05,0x09,
    0x00,0x00,0x00,0x00,0xE0,0xF0,0xF8,0xFC,0x00,0x00,0x00,0x00,0x00,0x00,0x00,0xC0,
    0xFC,0xBE,0xBA,0xFE,0x80,0x00,0x00,0x55,0xE0,0xE0,0xE4,0xC0,0x7E,0xFF,0xFF,0xD5,
    0x00,0x20,0x20,0x10,0x10,0x1F,0x1F,0x0F,0x78,0x7C,0xFC,0xFC,0x78,0x60,0x20,0x00,
    0x0F,0x07,0x07,0x07,0x0C,0x0C,0x0C,0x1F,0x00,0x00,0x00,0x00,0x03,0x03,0x03,0x00,
    0x00,0x00,0x00,0x00,0x00,0xC0,0xF0,0xF8,0x00,0x00,0x00,0x00,0x00,0x00,0x00,0x60,
    0xFC,0xFC,0xFE,0xFE,0x7F,0xBF,0x3F,0x3F,0x10,0x10,0x08,0x08,0x80,0xC0,0xC0,0xC0,
    0x00,0x00,0x00,0x00,0x00,0x08,0x10,0x10,0x00,0x00,0x00,0x7C,0xFE,0xFE,0x7C,0x38,
    0x10,0x38,0x38,0x78,0x7C,0x7C,0x7E,0x7F,0x00,0x00,0x00,0x10,0x10,0x08,0x00,0x00,
    0x03,0x07,0x06,0x04,0x0C,0x08,0x00,0x00,0x03,0x07,0x06,0x04,0x0C,0x08,0x00,0x00,
    0x00,0x00,0x00,0x00,0x00,0x00,0x00,0x00,0x03,0x07,0x06,0x04,0x0C,0x08,0x00,0x00,
    0x03,0x07,0x06,0x0E,0x0C,0x1C,0x18,0x38,0x03,0x07,0x06,0x0E,0x0C,0x1C,0x18,0x38,
    0x3C,0x0E,0x03,0x02,0x00,0x00,0x00,0x00,0x3C,0x0E,0x03,0x02,0x00,0x00,0x00,0x00,
    0x00,0x00,0x00,0x00,0x00,0x00,0x00,0x00,0x03,0x07,0x06,0x0E,0x0C,0x1C,0x18,0x38,
    0x00,0x00,0x00,0x00,0x00,0x00,0x00,0x00,0x3C,0x0E,0x03,0x02,0x00,0x00,0x00,0x00,
    0x03,0x07,0x06,0x0E,0x0C,0x1C,0x18,0x38,0x03,0x07,0x06,0x0E,0x0C,0x1C,0x18,0x38,
    0x3C,0x0F,0x03,0x06,0x06,0x0C,0x0C,0x18,0x3C,0x0F,0x03,0x06,0x06,0x0C,0x0C,0x18,
    0x18,0x30,0x30,0x20,0x60,0x40,0xC0,0x80,0x18,0x30,0x30,0x20,0x60,0x40,0xC0,0x80,
    0x00,0x00,0x00,0x00,0x00,0x00,0x00,0x00,0x03,0x07,0x06,0x0E,0x0C,0x1C,0x18,0x38,
    0x00,0x00,0x00,0x00,0x00,0x00,0x00,0x00,0x3C,0x0F,0x03,0x06,0x06,0x0C,0x0C,0x18,
    0x00,0x00,0x00,0x00,0x00,0x00,0x00,0x00,0x18,0x30,0x30,0x20,0x60,0x40,0xC0,0x80,
    0x00,0x00,0x10,0x1C,0x38,0x08,0x00,0x00,0x00,0x00,0x18,0x3C,0x3C,0x18,0x00,0x00,
    0x00,0x00,0x00,0x00,0x00,0x00,0x00,0x00,0x00,0x10,0x18,0x3E,0x7C,0x18,0x08,0x00,
    0x52,0x11,0x98,0x3F,0xFC,0x19,0x88,0x4A,0x52,0x19,0xBC,0x7F,0xFE,0x3D,0x98,0x4A,
    0x00,0x00,0x00,0x00,0x00,0x00,0x00,0x00,0x00,0x42,0x2C,0x38,0x1C,0x34,0x42,0x00,
    0x81,0x66,0x7E,0x3C,0x3C,0x7E,0x66,0x81,0x81,0x66,0x7E,0x3C,0x3C,0x7E,0x66,0x81,
    0x00,0x00,0x00,0x0F,0xCF,0x4F,0x07,0x0F,0x07,0x0F,0x0F,0x05,0xF5,0x77,0x1F,0x03,
    0x00,0x40,0x00,0xE0,0xE6,0xE4,0xC0,0xE0,0xC0,0xE0,0xE0,0x40,0x5E,0xDC,0xF0,0x80,
    0x00,0x00,0x00,0x00,0x00,0x07,0x0D,0x0D,0x00,0x00,0x00,0x00,0x00,0x07,0x0F,0x0F,
    0x16,0x33,0x12,0x09,0x06,0x01,0x0B,0x04,0x17,0x33,0x12,0x09,0x06,0x01,0x0B,0x04,
    0x00,0x00,0x00,0x00,0x00,0xC0,0x60,0x60,0x00,0x00,0x00,0x00,0x00,0xC0,0xE0,0xE0,
    0xD0,0x98,0x90,0x20,0xC0,0x00,0xA0,0x40,0xD0,0x98,0x90,0x20,0xC0,0x00,0xA0,0x40,
    0x03,0x07,0x0F,0x0F,0x1F,0x1F,0x1F,0x1F,0x00,0x00,0x00,0x00,0x00,0x00,0x00,0x00,
    0xC0,0xE0,0xB0,0x90,0xD8,0xD8,0xF8,0xF8,0x00,0x00,0x40,0x60,0x20,0x20,0x00,0x00,
    0xFF,0xFF,0x7E,0x3C,0x10,0x08,0x04,0x04,0x00,0x00,0x00,0x00,0x10,0x08,0x04,0x04,
    0xFF,0xFF,0x7E,0x3C,0x10,0x10,0x08,0x08,0x00,0x00,0x00,0x00,0x10,0x10,0x08,0x08,
    0x04,0x06,0x32,0x3A,0x18,0x02,0x63,0x49,0x00,0x00,0x00,0x00,0x00,0x00,0x00,0x00,
    0x18,0x11,0x04,0x4C,0x1C,0x18,0x0A,0x02,0x00,0x00,0x00,0x00,0x00,0x00,0x00,0x00,
    0x04,0x66,0x4A,0x18,0x10,0x48,0x40,0x00,0x04,0x6E,0x7E,0x3C,0x3C,0x7C,0x6E,0xEF,
    0x00,0x00,0x00,0x00,0x66,0xC8,0x92,0x84,0x00,0x00,0x00,0x00,0x66,0xEE,0xFF,0xFF,
    0x10,0x10,0x08,0x08,0x00,0x00,0x00,0x00,0x7E,0x7C,0x3C,0x3C,0x2C,0x2C,0x2C,0x2C,
    0x00,0x03,0x07,0x04,0x00,0x02,0x00,0x00,0x00,0x03,0x07,0x07,0x07,0x03,0x01,0x00,
    0x0C,0x1A,0x90,0x90,0xA6,0x4D,0x48,0x45,0x0C,0x1E,0x9E,0x9C,0xBE,0xFF,0xFF,0xFF,
    0x20,0x20,0x20,0x00,0x00,0x00,0x00,0x00,0xFE,0xF8,0x70,0x70,0x30,0x20,0x00,0x00,
    0x00,0x00,0x00,0x00,0x18,0x20,0x20,0x00,0x00,0x00,0x00,0x00,0x18,0x3C,0x3A,0x10,
    0x00,0x00,0x40,0x80,0x80,0x40,0x00,0x00,0x00,0x00,0x78,0xF4,0xE0,0x60,0x00,0x00,
    0x81,0x42,0x24,0x18,0x18,0x24,0x42,0x81,0x81,0x42,0x24,0x18,0x18,0x24,0x42,0x81,
    0x81,0x42,0x24,0x18,0x18,0x24,0x42,0x81,0x81,0x42,0x24,0x18,0x18,0x24,0x42,0x81,
    0x81,0x42,0x24,0x18,0x18,0x24,0x42,0x81,0x81,0x42,0x24,0x18,0x18,0x24,0x42,0x81,
    0x81,0x42,0x24,0x18,0x18,0x24,0x42,0x81,0x81,0x42,0x24,0x18,0x18,0x24,0x42,0x81,
    0x81,0x42,0x24,0x18,0x18,0x24,0x42,0x81,0x81,0x42,0x24,0x18,0x18,0x24,0x42,0x81,
    0x81,0x42,0x24,0x18,0x18,0x24,0x42,0x81,0x81,0x42,0x24,0x18,0x18,0x24,0x42,0x81,
    0x81,0x42,0x24,0x18,0x18,0x24,0x42,0x81,0x81,0x42,0x24,0x18,0x18,0x24,0x42,0x81,
    0x81,0x42,0x24,0x18,0x18,0x24,0x42,0x81,0x81,0x42,0x24,0x18,0x18,0x24,0x42,0x81,
    0x81,0x42,0x24,0x18,0x18,0x24,0x42,0x81,0x81,0x42,0x24,0x18,0x18,0x24,0x42,0x81,
    0x81,0x42,0x24,0x18,0x18,0x24,0x42,0x81,0x81,0x42,0x24,0x18,0x18,0x24,0x42,0x81,
    0x81,0x42,0x24,0x18,0x18,0x24,0x42,0x81,0x81,0x42,0x24,0x18,0x18,0x24,0x42,0x81,
    0x81,0x42,0x24,0x18,0x18,0x24,0x42,0x81,0x81,0x42,0x24,0x18,0x18,0x24,0x42,0x81,
    0x81,0x42,0x24,0x18,0x18,0x24,0x42,0x81,0x81,0x42,0x24,0x18,0x18,0x24,0x42,0x81,
    0x81,0x42,0x24,0x18,0x18,0x24,0x42,0x81,0x81,0x42,0x24,0x18,0x18,0x24,0x42,0x81,
    0x81,0x42,0x24,0x18,0x18,0x24,0x42,0x81,0x81,0x42,0x24,0x18,0x18,0x24,0x42,0x81,
    0x81,0x42,0x24,0x18,0x18,0x24,0x42,0x81,0x81,0x42,0x24,0x18,0x18,0x24,0x42,0x81,
    0x81,0x42,0x24,0x18,0x18,0x24,0x42,0x81,0x81,0x42,0x24,0x18,0x18,0x24,0x42,0x81,
    0x81,0x42,0x24,0x18,0x18,0x24,0x42,0x81,0x81,0x42,0x24,0x18,0x18,0x24,0x42,0x81,
    0x81,0x42,0x24,0x18,0x18,0x24,0x42,0x81,0x81,0x42,0x24,0x18,0x18,0x24,0x42,0x81,
    0x81,0x42,0x24,0x18,0x18,0x24,0x42,0x81,0x81,0x42,0x24,0x18,0x18,0x24,0x42,0x81,
    0x81,0x42,0x24,0x18,0x18,0x24,0x42,0x81,0x81,0x42,0x24,0x18,0x18,0x24,0x42,0x81,
    0x81,0x42,0x24,0x18,0x18,0x24,0x42,0x81,0x81,0x42,0x24,0x18,0x18,0x24,0x42,0x81,
    0x00,0x00,0x00,0x00,0x00,0x00,0x00,0x0E,0x00,0x00,0x00,0x00,0x07,0x0F,0x0F,0x0B,
    0xFE,0xFC,0x78,0x20,0x00,0x84,0x0C,0x0C,0x00,0x00,0x00,0x20,0xC0,0xE4,0xEC,0xEC,
    0x1E,0x3F,0x7F,0x7F,0xFF,0xFF,0x7F,0x7F,0x00,0x00,0x00,0x00,0x00,0x00,0x00,0x00,
    0x3F,0x1E,0x04,0x07,0x0F,0x0F,0x0F,0x1F,0x00,0x00,0x00,0x00,0x00,0x00,0x00,0x00,
    0x1F,0x07,0x0F,0x1F,0x1F,0x1F,0x0E,0x1C,0x00,0x00,0x00,0x00,0x00,0x00,0x00,0x00,
    0x78,0xFC,0xFE,0xFE,0xFF,0xFF,0xFE,0xFE,0x00,0x00,0x00,0x00,0x00,0x00,0x00,0x00,
    0xFC,0x78,0x40,0xC0,0xE0,0xE0,0xE0,0xE0,0x00,0x00,0x00,0x00,0x00,0x00,0x00,0x00,
    0xC0,0x80,0xC0,0xE0,0xE0,0xE0,0xE0,0x70,0x00,0x00,0x00,0x00,0x00,0x00,0x00,0x00,
    0x03,0x07,0x0F,0x0F,0x1F,0x1F,0x0F,0x0F,0x00,0x00,0x00,0x00,0x00,0x00,0x00,0x00,
    0x07,0x03,0x01,0x07,0x0F,0x0F,0x0F,0x1F,0x00,0x00,0x00,0x00,0x00,0x00,0x00,0x00,
    0xC0,0xE0,0xF0,0xF0,0xF8,0xF8,0xF0,0xF0,0x00,0x00,0x00,0x00,0x00,0x00,0x00,0x00,
    0xE0,0xC0,0x00,0xC0,0xE0,0xE0,0xE0,0xE0,0x00,0x00,0x00,0x00,0x00,0x00,0x00,0x00,
    0x81,0x42,0x24,0x18,0x18,0x24,0x42,0x81,0x81,0x42,0x24,0x18,0x18,0x24,0x42,0x81,
    0x81,0x42,0x24,0x18,0x18,0x24,0x42,0x81,0x81,0x42,0x24,0x18,0x18,0x24,0x42,0x81,
    0x00,0x00,0x00,0x01,0x00,0x00,0x00,0x00,0x03,0x0C,0x10,0x21,0x20,0x40,0x40,0x48,
    0x00,0x00,0x00,0xC0,0xE0,0x70,0x30,0x30,0xC0,0x30,0x08,0xC4,0x24,0x12,0x12,0x12,
    0x10,0x10,0x08,0x08,0x06,0x01,0x00,0x00,0x48,0x48,0x44,0x26,0x21,0x10,0x0C,0x03,
    0x00,0x00,0x00,0x00,0x00,0x80,0x00,0x00,0x02,0x02,0x02,0x04,0xC4,0x08,0x30,0xC0,
    0x00,0x60,0x00,0x00,0x00,0x00,0x00,0x00,0x04,0x26,0x72,0x10,0x00,0xC0,0x60,0x00,
    0x00,0xFF,0x8B,0xB9,0x88,0xBA,0x8B,0xFF,0xFF,0x00,0x00,0x00,0x00,0x00,0x00,0x00,
    0x00,0xFC,0x4C,0x54,0x54,0x54,0x4C,0xFC,0xFE,0x02,0x02,0x02,0x02,0x02,0x02,0x02,
    0x00,0xFE,0x88,0xA4,0x84,0xA4,0x88,0xFE,0xFF,0x01,0x01,0x01,0x01,0x01,0x01,0x01,
    0x00,0x10,0x10,0x10,0x10,0x10,0x10,0x10,0x18,0x08,0x08,0x08,0x08,0x08,0x08,0x08,
    0x3F,0x60,0x40,0x40,0x40,0x60,0x3F,0x00,0x3F,0x7F,0x60,0x60,0x60,0x7F,0x3F,0x00,
    0xFC,0x06,0x02,0x02,0x02,0x06,0xFC,0x00,0xFC,0xFE,0x06,0x06,0x06,0xFE,0xFC,0x00,
    0x00,0x00,0x00,0x00,0x00,0x00,0x00,0x00,0x00,0x00,0x00,0x00,0x00,0x00,0x00,0x00,
    0x00,0x00,0x00,0x00,0x00,0x00,0x00,0x00,0x00,0x00,0x00,0x00,0x00,0x00,0x00,0x00,
    0x00,0x00,0x00,0x00,0x00,0x00,0x00,0x00,0x00,0x00,0x00,0x00,0x00,0x00,0x00,0x00,
    0x00,0x00,0x00,0x00,0x00,0x00,0x00,0x00,0x00,0x00,0x00,0x00,0x00,0x00,0x00,0x00,
    0x00,0x00,0x00,0x00,0x00,0x00,0x00,0x00,0x00,0x00,0x00,0x00,0x00,0x00,0x00,0x00,
    0x00,0x00,0x00,0x00,0x00,0x00,0x00,0x00,0x00,0x00,0x00,0x00,0x00,0x00,0x00,0x00,
    0x00,0x00,0x00,0x00,0x00,0x00,0x00,0x00,0x00,0x00,0x00,0x00,0x00,0x00,0x00,0x00,
    0x00,0x00,0x00,0x00,0x00,0x00,0x00,0x00,0x00,0x00,0x00,0x00,0x00,0x00,0x00,0x00,
    0x00,0x00,0x00,0x00,0x00,0x00,0x00,0x00,0x00,0x00,0x00,0x00,0x00,0x00,0x00,0x00,
    0x00,0x00,0x00,0x00,0x00,0x00,0x00,0x00,0x00,0x00,0x00,0x00,0x00,0x00,0x00,0x00,
    0x00,0x00,0x00,0x00,0x00,0x00,0x00,0x00,0x00,0x00,0x00,0x00,0x00,0x00,0x00,0x00,
    0x00,0x00,0x00,0x00,0x00,0x00,0x00,0x00,0x00,0x00,0x00,0x00,0x00,0x00,0x00,0x00,
    0x00,0x00,0x00,0x00,0x00,0x00,0x00,0x00,0x00,0x00,0x00,0x00,0x00,0x00,0x00,0x00,
    0x00,0x00,0x00,0x00,0x00,0x00,0x00,0x00,0x00,0x00,0x00,0x00,0x00,0x00,0x00,0x00,
    0x00,0x00,0x00,0x00,0x00,0x00,0x00,0x00,0x00,0x00,0x00,0x00,0x00,0x00,0x00,0x00,
    0x02,0x05,0x01,0x02,0x01,0x01,0x05,0x02,0x00,0x00,0x00,0x00,0x00,0x00,0x00,0x00,
    0x07,0x04,0x04,0x06,0x01,0x01,0x05,0x02,0x00,0x00,0x00,0x00,0x00,0x00,0x00,0x00,
    0x07,0x05,0x01,0x01,0x02,0x02,0x02,0x02,0x00,0x00,0x00,0x00,0x00,0x00,0x00,0x00,
    0x12,0x35,0x15,0x15,0x15,0x15,0x15,0x3A,0x00,0x00,0x00,0x00,0x00,0x00,0x00,0x00,
    0x17,0x34,0x14,0x16,0x11,0x11,0x15,0x3A,0x00,0x00,0x00,0x00,0x00,0x00,0x00,0x00,
    0x22,0x55,0x55,0x15,0x25,0x45,0x45,0x72,0x00,0x00,0x00,0x00,0x00,0x00,0x00,0x00,
    0x72,0x45,0x45,0x65,0x15,0x15,0x55,0x22,0x00,0x00,0x00,0x00,0x00,0x00,0x00,0x00,
    0x22,0x55,0x55,0x55,0x55,0x55,0x55,0x22,0x00,0x00,0x00,0x00,0x00,0x00,0x00,0x00,
    0x00,0x00,0x00,0x00,0x00,0x00,0x00,0x00,0x00,0x00,0x00,0x00,0x00,0x00,0x00,0x00,
    0xFF,0xFF,0xFF,0xFF,0xFF,0xFF,0xFF,0xFF,0x00,0x00,0x00,0x00,0x00,0x00,0x00,0x00,
    0x00,0x00,0x00,0x00,0x00,0x00,0x00,0x00,0xFF,0xFF,0xFF,0xFF,0xFF,0xFF,0xFF,0xFF,
    0xFF,0xFF,0xFF,0xFF,0xFF,0xFF,0xFF,0xFF,0xFF,0xFF,0xFF,0xFF,0xFF,0xFF,0xFF,0xFF,
    0x38,0x4C,0xC6,0xC6,0xC6,0x64,0x38,0x00,0x00,0x00,0x00,0x00,0x00,0x00,0x00,0x00,
    0x18,0x38,0x18,0x18,0x18,0x18,0x7E,0x00,0x00,0x00,0x00,0x00,0x00,0x00,0x00,0x00,
    0x7C,0xC6,0x0E,0x3C,0x78,0xE0,0xFE,0x00,0x00,0x00,0x00,0x00,0x00,0x00,0x00,0x00,
    0x7E,0x0C,0x18,0x3C,0x06,0xC6,0x7C,0x00,0x00,0x00,0x00,0x00,0x00,0x00,0x00,0x00,
    0x1C,0x3C,0x6C,0xCC,0xFE,0x0C,0x0C,0x00,0x00,0x00,0x00,0x00,0x00,0x00,0x00,0x00,
    0xFC,0xC0,0xFC,0x06,0x06,0xC6,0x7C,0x00,0x00,0x00,0x00,0x00,0x00,0x00,0x00,0x00,
    0x3C,0x60,0xC0,0xFC,0xC6,0xC6,0x7C,0x00,0x00,0x00,0x00,0x00,0x00,0x00,0x00,0x00,
    0xFE,0xC6,0x0C,0x18,0x30,0x30,0x30,0x00,0x00,0x00,0x00,0x00,0x00,0x00,0x00,0x00,
    0x78,0xC4,0xE4,0x78,0x86,0x86,0x7C,0x00,0x00,0x00,0x00,0x00,0x00,0x00,0x00,0x00,
    0x7C,0xC6,0xC6,0x7E,0x06,0x0C,0x78,0x00,0x00,0x00,0x00,0x00,0x00,0x00,0x00,0x00,
    0x38,0x6C,0xC6,0xC6,0xFE,0xC6,0xC6,0x00,0x00,0x00,0x00,0x00,0x00,0x00,0x00,0x00,
    0xFC,0xC6,0xC6,0xFC,0xC6,0xC6,0xFC,0x00,0x00,0x00,0x00,0x00,0x00,0x00,0x00,0x00,
    0x3C,0x66,0xC0,0xC0,0xC0,0x66,0x3C,0x00,0x00,0x00,0x00,0x00,0x00,0x00,0x00,0x00,
    0xF8,0xCC,0xC6,0xC6,0xC6,0xCC,0xF8,0x00,0x00,0x00,0x00,0x00,0x00,0x00,0x00,0x00,
    0xFE,0xC0,0xC0,0xFC,0xC0,0xC0,0xFE,0x00,0x00,0x00,0x00,0x00,0x00,0x00,0x00,0x00,
    0xFE,0xC0,0xC0,0xFC,0xC0,0xC0,0xC0,0x00,0x00,0x00,0x00,0x00,0x00,0x00,0x00,0x00,
    0x3E,0x60,0xC0,0xCE,0xC6,0x66,0x3E,0x00,0x00,0x00,0x00,0x00,0x00,0x00,0x00,0x00,
    0xC6,0xC6,0xC6,0xFE,0xC6,0xC6,0xC6,0x00,0x00,0x00,0x00,0x00,0x00,0x00,0x00,0x00,
    0x3C,0x18,0x18,0x18,0x18,0x18,0x3C,0x00,0x00,0x00,0x00,0x00,0x00,0x00,0x00,0x00,
    0x1E,0x06,0x06,0x06,0xC6,0xC6,0x7C,0x00,0x00,0x00,0x00,0x00,0x00,0x00,0x00,0x00,
    0xC6,0xCC,0xD8,0xF0,0xD8,0xCC,0xC6,0x00,0x00,0x00,0x00,0x00,0x00,0x00,0x00,0x00,
    0x60,0x60,0x60,0x60,0x60,0x60,0x7E,0x00,0x00,0x00,0x00,0x00,0x00,0x00,0x00,0x00,
    0xC6,0xEE,0xFE,0xFE,0xD6,0xC6,0xC6,0x00,0x00,0x00,0x00,0x00,0x00,0x00,0x00,0x00,
    0xC6,0xE6,0xF6,0xFE,0xDE,0xCE,0xC6,0x00,0x00,0x00,0x00,0x00,0x00,0x00,0x00,0x00,
    0x7C,0xC6,0xC6,0xC6,0xC6,0xC6,0x7C,0x00,0x00,0x00,0x00,0x00,0x00,0x00,0x00,0x00,
    0xFC,0xC6,0xC6,0xFC,0xC0,0xC0,0xC0,0x00,0x00,0x00,0x00,0x00,0x00,0x00,0x00,0x00,
    0x7C,0xC6,0xC6,0xC6,0xDE,0xCC,0x7A,0x00,0x00,0x00,0x00,0x00,0x00,0x00,0x00,0x00,
    0xFC,0xC6,0xC6,0xFC,0xD8,0xCC,0xC6,0x00,0x00,0x00,0x00,0x00,0x00,0x00,0x00,0x00,
    0x78,0xCC,0xC0,0x7C,0x06,0xC6,0x7C,0x00,0x00,0x00,0x00,0x00,0x00,0x00,0x00,0x00,
    0x7E,0x18,0x18,0x18,0x18,0x18,0x18,0x00,0x00,0x00,0x00,0x00,0x00,0x00,0x00,0x00,
    0xC6,0xC6,0xC6,0xC6,0xC6,0xC6,0x7C,0x00,0x00,0x00,0x00,0x00,0x00,0x00,0x00,0x00,
    0xC6,0xC6,0xC6,0xEE,0x7C,0x38,0x10,0x00,0x00,0x00,0x00,0x00,0x00,0x00,0x00,0x00,
    0xC6,0xC6,0xD6,0xFE,0xFE,0xEE,0xC6,0x00,0x00,0x00,0x00,0x00,0x00,0x00,0x00,0x00,
    0xC6,0xEE,0x7C,0x38,0x7C,0xEE,0xC6,0x00,0x00,0x00,0x00,0x00,0x00,0x00,0x00,0x00,
    0x66,0x66,0x66,0x3C,0x18,0x18,0x18,0x00,0x00,0x00,0x00,0x00,0x00,0x00,0x00,0x00,
    0xFE,0x0E,0x1C,0x38,0x70,0xE0,0xFE,0x00,0x00,0x00,0x00,0x00,0x00,0x00,0x00,0x00,
    0x00,0x00,0x00,0x00,0x00,0x00,0x00,0x00,0x00,0x00,0x00,0x00,0x00,0x00,0x00,0x00,
    0x00,0x00,0x7E,0x7E,0x00,0x00,0x00,0x00,0x00,0x00,0x00,0x00,0x00,0x00,0x00,0x00,
    0x00,0x00,0x00,0x00,0x60,0x60,0x00,0x00,0x00,0x00,0x00,0x00,0x00,0x00,0x00,0x00,
    0x00,0x00,0x00,0x00,0x18,0x18,0x10,0x00,0x00,0x00,0x00,0x00,0x00,0x00,0x00,0x00,
    0x00,0x00,0x00,0x00,0x6C,0x6C,0x08,0x00,0x00,0x00,0x00,0x00,0x00,0x00,0x00,0x00,
    0x00,0x7E,0x7E,0x00,0x7E,0x7E,0x00,0x00,0x00,0x00,0x00,0x00,0x00,0x00,0x00,0x00,
    0x00,0x18,0x3C,0x3C,0x18,0x00,0x00,0x00,0x00,0x18,0x34,0x3C,0x18,0x08,0x10,0x00,
    0x00,0x42,0x24,0x18,0x18,0x24,0x42,0x00,0x00,0x00,0x00,0x00,0x00,0x00,0x00,0x00,
    0x18,0x18,0x18,0x18,0x18,0x00,0x18,0x00,0x00,0x00,0x00,0x00,0x00,0x00,0x00,0x00,
    0x7C,0xC6,0x06,0x1C,0x30,0x00,0x30,0x00,0x00,0x00,0x00,0x00,0x00,0x00,0x00,0x00,
    0x92,0x54,0x38,0xFE,0x38,0x54,0x92,0x00,0x00,0x00,0x00,0x00,0x00,0x00,0x00,0x00,
    0x00,0x00,0x00,0x00,0x00,0x00,0x00,0xFF,0x00,0x00,0x00,0x00,0x00,0x00,0x00,0x00,
    0x24,0x1A,0x65,0x90,0xDB,0x27,0x3F,0x1F,0x18,0x65,0x1A,0x6F,0x24,0x7B,0x3F,0x1F,
    0x82,0x69,0x8A,0x25,0x5A,0xBF,0xFF,0xC3,0x4C,0x96,0x75,0xDA,0xA7,0xDF,0xFF,0xC3,
    0x10,0xA5,0x50,0x4D,0xA2,0x8B,0xFF,0xE3,0x4C,0x5A,0xAF,0xB2,0x5D,0xF7,0xFF,0xE3,
    0x34,0x4A,0xA6,0x28,0x52,0xC4,0xFC,0xF8,0x48,0xB4,0x58,0xD7,0xAD,0xBF,0xFE,0xF8,
    0x0B,0x17,0x2F,0x17,0x0F,0x07,0x08,0x17,0x1F,0x3F,0x3F,0x3F,0x1F,0x0F,0x1F,0x1F,
    0xF8,0xFC,0xFC,0xFC,0xF8,0xE0,0x18,0xF8,0xF8,0xFC,0xFC,0xFC,0xF8,0xF0,0xF8,0xF8,
    0x0B,0x17,0x0B,0x05,0x03,0x00,0x00,0x00,0x1F,0x1F,0x0F,0x0F,0x07,0x00,0x00,0x00,
    0xF8,0xF8,0xF0,0xF0,0xE0,0x00,0x00,0x00,0xF8,0xF8,0xF0,0xF0,0xE0,0x00,0x00,0x00,
    0x82,0x69,0x8A,0x25,0x5A,0xBF,0xFF,0xFF,0x4C,0x96,0x75,0xDA,0xA7,0xDF,0xFF,0xFF,
    0x10,0xA5,0x50,0x4D,0xA2,0x8B,0xFF,0xFF,0x4C,0x5A,0xAF,0xB2,0x5D,0xF7,0xFF,0xFF,
    0x2F,0x1F,0x2F,0x5F,0xAF,0x5E,0xBC,0x18,0x3F,0x3F,0x7F,0x7F,0xFF,0xFE,0xFC,0x98,
    0xBF,0x3B,0x59,0x3B,0x5F,0xBF,0x7E,0x0C,0xBF,0x7F,0x7B,0x7B,0x7F,0xFF,0x7E,0x0C,
    0xFB,0xF5,0xD9,0x9C,0xBA,0xFC,0x3F,0x19,0xFF,0xFD,0xFD,0xDE,0xBE,0xFE,0x3F,0x19,
    0xF8,0xF4,0xDA,0xDC,0xFA,0xFD,0x7E,0x01,0xFC,0xFC,0xDE,0xDE,0xFF,0xFF,0x7F,0x03,
    0x24,0xAB,0x44,0xDB,0xFF,0xBF,0x5F,0x3C,0x5A,0x54,0xBB,0x3D,0xFF,0xFF,0x7F,0x7E,
    0x42,0xBE,0x5F,0xBF,0x7F,0xBF,0x5F,0x3C,0x7E,0xFE,0xFF,0xFF,0xFF,0xFF,0x7F,0x7E,
    0x42,0x3E,0x5E,0x2E,0x1E,0x3C,0x1C,0x08,0x7E,0x7E,0x7E,0x7E,0x3E,0x3C,0x3C,0x18,
    0x81,0x42,0x24,0x18,0x18,0x24,0x42,0x81,0x81,0x42,0x24,0x18,0x18,0x24,0x42,0x81,
    0x81,0x42,0x24,0x18,0x18,0x24,0x42,0x81,0x81,0x42,0x24,0x18,0x18,0x24,0x42,0x81,
    0x81,0x42,0x24,0x18,0x18,0x24,0x42,0x81,0x81,0x42,0x24,0x18,0x18,0x24,0x42,0x81,
    0x81,0x42,0x24,0x18,0x18,0x24,0x42,0x81,0x81,0x42,0x24,0x18,0x18,0x24,0x42,0x81,
    0x81,0x42,0x24,0x18,0x18,0x24,0x42,0x81,0x81,0x42,0x24,0x18,0x18,0x24,0x42,0x81,
    0x81,0x42,0x24,0x18,0x18,0x24,0x42,0x81,0x81,0x42,0x24,0x18,0x18,0x24,0x42,0x81,
    0x81,0x42,0x24,0x18,0x18,0x24,0x42,0x81,0x81,0x42,0x24,0x18,0x18,0x24,0x42,0x81,
    0x81,0x42,0x24,0x18,0x18,0x24,0x42,0x81,0x81,0x42,0x24,0x18,0x18,0x24,0x42,0x81,
    0x81,0x42,0x24,0x18,0x18,0x24,0x42,0x81,0x81,0x42,0x24,0x18,0x18,0x24,0x42,0x81,
    0x81,0x42,0x24,0x18,0x18,0x24,0x42,0x81,0x81,0x42,0x24,0x18,0x18,0x24,0x42,0x81,
    0x81,0x42,0x24,0x18,0x18,0x24,0x42,0x81,0x81,0x42,0x24,0x18,0x18,0x24,0x42,0x81,
    0x81,0x42,0x24,0x18,0x18,0x24,0x42,0x81,0x81,0x42,0x24,0x18,0x18,0x24,0x42,0x81,
    0x81,0x42,0x24,0x18,0x18,0x24,0x42,0x81,0x81,0x42,0x24,0x18,0x18,0x24,0x42,0x81,
    0x81,0x42,0x24,0x18,0x18,0x24,0x42,0x81,0x81,0x42,0x24,0x18,0x18,0x24,0x42,0x81,
    0x81,0x42,0x24,0x18,0x18,0x24,0x42,0x81,0x81,0x42,0x24,0x18,0x18,0x24,0x42,0x81,
    0x81,0x42,0x24,0x18,0x18,0x24,0x42,0x81,0x81,0x42,0x24,0x18,0x18,0x24,0x42,0x81,
    0x81,0x42,0x24,0x18,0x18,0x24,0x42,0x81,0x81,0x42,0x24,0x18,0x18,0x24,0x42,0x81,
    0x81,0x42,0x24,0x18,0x18,0x24,0x42,0x81,0x81,0x42,0x24,0x18,0x18,0x24,0x42,0x81,
    0x81,0x42,0x24,0x18,0x18,0x24,0x42,0x81,0x81,0x42,0x24,0x18,0x18,0x24,0x42,0x81,
    0x81,0x42,0x24,0x18,0x18,0x24,0x42,0x81,0x81,0x42,0x24,0x18,0x18,0x24,0x42,0x81,
    0x81,0x42,0x24,0x18,0x18,0x24,0x42,0x81,0x81,0x42,0x24,0x18,0x18,0x24,0x42,0x81,
    0x81,0x42,0x24,0x18,0x18,0x24,0x42,0x81,0x81,0x42,0x24,0x18,0x18,0x24,0x42,0x81,
    0x81,0x42,0x24,0x18,0x18,0x24,0x42,0x81,0x81,0x42,0x24,0x18,0x18,0x24,0x42,0x81,
    0x00,0x00,0x00,0x00,0x30,0xDC,0x8F,0x02,0x00,0x00,0x00,0x00,0x20,0xF8,0xFF,0xFF,
    0x00,0x00,0x00,0x00,0x30,0x8C,0x07,0x02,0x00,0x00,0x00,0x00,0x20,0xF8,0xFB,0xFF,
    0x00,0x00,0x00,0x00,0x30,0xDC,0x0F,0x00,0x00,0x00,0x00,0x00,0x00,0xF8,0xFF,0xFF,
    0x00,0x00,0x00,0x00,0x30,0xEC,0x87,0x03,0x00,0x00,0x00,0x00,0x20,0xF8,0xFF,0xFF,
    0x81,0x67,0x1E,0x04,0xC0,0x73,0x3A,0x10,0x7E,0xFD,0xFF,0xFF,0x3F,0xEF,0xFF,0xFF,
    0x81,0x66,0x1C,0x18,0xC0,0x73,0x3C,0x00,0xFF,0xF9,0xFF,0xFF,0xBF,0xDF,0xFF,0xFF,
    0x81,0x67,0x3E,0x08,0xC0,0x73,0x3D,0x18,0x7F,0xFB,0xF7,0xFF,0x7F,0xDF,0xFF,0xFF,
    0x81,0x47,0x3E,0x04,0x40,0xF3,0x3D,0x08,0x7E,0xFB,0xFF,0xFF,0xFF,0xCE,0xF7,0xFF,
    0x81,0x47,0x36,0x0C,0xC0,0x73,0x3A,0x00,0x00,0xC5,0xFF,0xFF,0xBF,0xEF,0xFF,0xFF,
    0x81,0x66,0x3F,0x02,0xC0,0x72,0x1C,0x08,0x80,0xE3,0xFD,0xFF,0xBF,0xDF,0xFF,0xFF,
    0x81,0x67,0x3F,0x04,0xC0,0x73,0x3C,0x38,0x01,0xE5,0xFB,0xFF,0x3F,0xDF,0xEF,0xFF,
    0x81,0x66,0x3C,0x1C,0xC0,0x72,0x3C,0x0C,0x00,0xE3,0xF7,0xFF,0x7F,0xDF,0xEF,0xFF,
    0x00,0x00,0x01,0x03,0x03,0x03,0x07,0x07,0x03,0x07,0x0F,0x0E,0x1E,0x1E,0x1C,0x1C,
    0x07,0x0B,0x0F,0x1F,0x3F,0x3F,0x7F,0x7D,0x08,0x1C,0x38,0x70,0x60,0xE1,0xC2,0xC2,
    0xFD,0xFE,0xFE,0x7F,0x79,0x33,0x07,0x06,0xC2,0x81,0x81,0x00,0x46,0x3F,0x1F,0x1E,
    0x0F,0x0F,0x0F,0x07,0x07,0x07,0x03,0x01,0x3C,0x3C,0x3C,0x1C,0x1C,0x0E,0x07,0x03,
    0x00,0x00,0x00,0x00,0x00,0x01,0x01,0x03,0x00,0x00,0x00,0x01,0x03,0x03,0x07,0x06,
    0x3B,0x4F,0xF3,0xFD,0xFD,0xFD,0xFE,0xFE,0xC4,0xF0,0x8C,0x02,0x02,0x02,0x01,0x01,
    0xFF,0xFF,0xFC,0x73,0x8F,0xFF,0xFF,0xFF,0x00,0x80,0x8F,0xFC,0x70,0x80,0x00,0x00,
    0xFF,0xFF,0xFF,0xFF,0xFF,0xEF,0xDF,0xEF,0x00,0x00,0x00,0x06,0x0C,0x18,0x38,0xDC,
    0x07,0x07,0x03,0x01,0x00,0x00,0x00,0x00,0x0C,0x0E,0x07,0x07,0x03,0x00,0x00,0x00,
    0x00,0x07,0x0F,0x3F,0xFF,0xFF,0xFF,0xFF,0x0F,0x3F,0xFF,0xF8,0xE0,0x80,0x00,0x00,
    0xFF,0xFF,0xFF,0xFF,0xFF,0xFF,0xFF,0xFF,0x00,0x00,0x00,0x00,0x00,0x02,0x01,0x01,
    0xFE,0xFE,0xFC,0xF8,0x70,0x00,0x00,0x00,0x01,0x01,0x00,0x80,0xF0,0x00,0x00,0x00,
    0x00,0xC0,0xF0,0xF8,0xFC,0xFE,0xFE,0xFF,0x00,0xC0,0xF0,0x38,0x0C,0x07,0x03,0x01,
    0xFE,0xE1,0xDE,0xBF,0xBF,0xFF,0xFF,0xFF,0x1F,0x3E,0x61,0x40,0x40,0x00,0x00,0x00,
    0xFF,0x7F,0x7F,0x3F,0x1F,0x0F,0x07,0x00,0x80,0xC0,0xC0,0x60,0x30,0x3C,0x0F,0x00,
    0x00,0x00,0x00,0x00,0x78,0xFC,0xFC,0xFE,0x00,0x00,0x00,0x78,0x8C,0x06,0x06,0x03,
    0xFE,0xFD,0xFF,0xFF,0xFF,0xFF,0xFF,0xFF,0x03,0x03,0x01,0x00,0x00,0x00,0x00,0x00,
    0xFF,0xFF,0xFF,0xFF,0xFF,0xEF,0xF0,0xFF,0x00,0x00,0x00,0x40,0x30,0x1F,0x0F,0x00,
    0xFF,0xFF,0xFF,0xFF,0xFD,0xFD,0xFE,0xFF,0x00,0x00,0x00,0x00,0x02,0x02,0x01,0x00,
    0xFE,0xFC,0xFC,0xF8,0xF8,0xF0,0xC0,0x00,0x02,0x04,0x04,0x00,0x08,0x30,0xC0,0x00,
    0xE0,0x78,0xFC,0xFC,0xFE,0xFF,0xFF,0xFF,0xE0,0x98,0x04,0x04,0x02,0x01,0x01,0x01,
    0xFF,0xFF,0xDE,0xDC,0xB0,0x70,0xF8,0xFC,0x00,0x20,0x61,0x62,0xCC,0xB0,0x18,0x0C,
    0xFC,0xFE,0xFE,0xFE,0xFE,0xFE,0xF8,0xF0,0x04,0x06,0x02,0x02,0x02,0x02,0x04,0x08,
    0xE8,0xFE,0xFE,0xFE,0xFC,0xFC,0xF8,0xE0,0x14,0x02,0x02,0x02,0x04,0x04,0x18,0x00,
    0x00,0x00,0x00,0x06,0x1F,0x3F,0x31,0x60,0x00,0x00,0x00,0x00,0x00,0x0F,0x1F,0x1F,
    0x60,0x60,0x21,0x11,0x31,0x79,0x61,0xC0,0x3F,0x3F,0x1E,0x0E,0x0F,0x17,0x3F,0x7F,
    0x80,0x80,0x80,0x00,0x47,0x3F,0x1F,0x1E,0x7F,0x7F,0xFF,0x7F,0x79,0x33,0x07,0x07,
    0x3C,0x3C,0x3C,0x1C,0x1C,0x0E,0x07,0x03,0x0F,0x0F,0x0F,0x07,0x07,0x07,0x03,0x01,
    0x00,0x00,0x39,0x7F,0x66,0xC2,0xC0,0xF8,0x00,0x00,0x08,0x3D,0x7B,0x7F,0xBF,0xC7,
    0xFC,0xF2,0xC0,0x80,0x80,0x00,0x00,0x80,0x1B,0x7D,0x7F,0xFF,0xFF,0xFF,0xFF,0xFF,
    0x00,0x00,0x00,0x01,0x00,0x00,0x00,0x00,0xFF,0xFF,0xFF,0xFE,0xFF,0xFF,0xFF,0xFF,
    0x02,0x14,0x0C,0x0E,0x0E,0x07,0x13,0xC0,0xFD,0xEB,0xF7,0xF7,0xF3,0xF1,0xF0,0xC0,
    0x00,0x00,0xC0,0xE0,0x20,0x57,0x1E,0x1C,0x00,0x00,0x00,0x80,0xC0,0xA1,0xE7,0xEF,
    0x08,0x08,0x18,0x04,0x00,0x00,0x00,0x00,0xFF,0xFF,0xF7,0xFB,0xFF,0xFF,0xFF,0xFF,
    0x00,0x00,0x04,0x04,0xF8,0x70,0x00,0x00,0xFF,0xFF,0xFF,0xFF,0x77,0x8F,0xFF,0xFF,
    0x00,0x04,0x02,0x01,0x04,0x08,0xE0,0x00,0xFF,0xFF,0xFF,0xFD,0xFC,0xF8,0xE0,0x00,
    0x00,0x00,0x00,0x00,0x00,0x80,0x60,0x10,0x00,0x00,0x00,0x00,0x00,0x80,0xE0,0xF0,
    0x00,0x08,0x00,0x00,0x08,0x18,0x7C,0x3E,0xF0,0xF8,0xF8,0xF8,0xF0,0xE0,0xD8,0xFC,
    0x26,0x03,0x01,0x01,0x00,0x02,0x24,0x10,0xFE,0xFF,0xFF,0xFF,0xFE,0xFC,0xD8,0xE0,
    0x10,0x00,0x20,0xC0,0x00,0x00,0x00,0x00,0xE0,0xE0,0xC0,0x80,0x00,0x00,0x00,0x00,
    0x00,0x00,0x00,0x00,0x00,0x00,0x00,0x00,0xF7,0xF7,0x25,0x25,0x25,0x25,0x27,0x27,
    0x00,0x00,0x00,0x00,0x00,0x00,0x00,0x00,0x70,0x70,0x50,0x56,0x76,0x70,0x40,0x40,
    0xF0,0x60,0x60,0x66,0x66,0x60,0x60,0xF0,0xF0,0x60,0x60,0x66,0x66,0x60,0x60,0xF0,
    0xF8,0x50,0x50,0x56,0x56,0x50,0x50,0xF8,0xF8,0x50,0x50,0x56,0x56,0x50,0x50,0xF8,
    0x81,0x42,0x24,0x18,0x18,0x24,0x42,0x81,0x81,0x42,0x24,0x18,0x18,0x24,0x42,0x81,
    0x81,0x42,0x24,0x18,0x18,0x24,0x42,0x81,0x81,0x42,0x24,0x18,0x18,0x24,0x42,0x81,
    0x81,0x42,0x24,0x18,0x18,0x24,0x42,0x81,0x81,0x42,0x24,0x18,0x18,0x24,0x42,0x81,
    0x20,0x40,0x40,0x40,0x40,0x20,0x10,0x00,0x7F,0xFF,0xFF,0xFF,0xFF,0x7F,0x3F,0x00,
    0x08,0x08,0x08,0x08,0x08,0x08,0x08,0x08,0x1F,0x1F,0x1F,0x1F,0x1F,0x1F,0x1F,0x1F,
    0x1C,0x0E,0x0E,0x0E,0x0E,0x1C,0x18,0x00,0xF6,0xFB,0xFB,0xFB,0xFB,0xF6,0xF4,0x00,
    0x70,0x70,0x70,0x70,0x70,0x70,0x70,0x70,0xD8,0xD8,0xD8,0xD8,0xD8,0xD8,0xD8,0xD8,
    0x00,0xFF,0xFF,0xFF,0xFF,0x00,0x00,0xFF,0x00,0x00,0x00,0x00,0x00,0xFF,0x00,0xFF,
    0xC0,0x80,0x9F,0x9F,0x9F,0x80,0xC0,0xFF,0xC0,0x9F,0xBF,0xBF,0xBF,0x9F,0xC0,0xFF,
    0x03,0x01,0xF9,0xF9,0xF9,0x01,0x03,0xFF,0x03,0xF9,0xFD,0xFD,0xFD,0xF9,0x03,0xFF,
    0x00,0x3E,0x7F,0x7F,0x41,0x00,0x41,0x3E,0x00,0x3E,0x41,0x3E,0x7F,0x7F,0x7F,0x3E,
    0x81,0x42,0x24,0x18,0x18,0x24,0x42,0x81,0x81,0x42,0x24,0x18,0x18,0x24,0x42,0x81,
    0x81,0x42,0x24,0x18,0x18,0x24,0x42,0x81,0x81,0x42,0x24,0x18,0x18,0x24,0x42,0x81,
    0x81,0x42,0x24,0x18,0x18,0x24,0x42,0x81,0x81,0x42,0x24,0x18,0x18,0x24,0x42,0x81,
    0x1C,0x3E,0x7F,0x7F,0x7F,0x7F,0x3E,0x00,0x1C,0x3A,0x7B,0x7F,0x7F,0x7F,0x3E,0x1C,
    0x0C,0x1C,0x00,0x18,0x10,0x00,0x38,0x30,0x00,0x10,0x3C,0x3C,0x34,0x3C,0x08,0x00,
    0x00,0x7C,0xFE,0xFE,0xFE,0xFE,0x7C,0x38,0x38,0x7C,0xFE,0xFE,0xBE,0xBE,0x7C,0x38,
    0x00,0x00,0x07,0x0F,0x0F,0x1F,0x1F,0x1F,0x00,0x00,0x07,0x0C,0x0E,0x1F,0x1F,0x1F,
    0x00,0x00,0x00,0x80,0x80,0xC0,0xC0,0x80,0x00,0x00,0x00,0x80,0x80,0xC0,0xC0,0xC0,
    0x0F,0x06,0x00,0x00,0x00,0x00,0x00,0x00,0x0F,0x07,0x00,0x00,0x00,0x00,0x00,0x00,
    0x40,0xF8,0x40,0x10,0x18,0x02,0x1F,0x02,0x80,0x18,0x3C,0x34,0x3C,0x3C,0x18,0x01,
    0x00,0x00,0x00,0x00,0x00,0x00,0x60,0xF0,0x00,0x00,0x00,0x00,0x00,0x00,0xE0,0xF0,
    0x01,0x03,0x03,0x01,0x01,0x00,0x00,0x00,0x03,0x03,0x03,0x01,0x01,0x00,0x00,0x00,
    0xF8,0xF8,0xF8,0xF8,0xF0,0xE0,0x00,0x00,0xF8,0xF8,0xF8,0x78,0x30,0xE0,0x00,0x00,
    0x38,0x7C,0xFD,0xFD,0xFC,0xFC,0x7C,0x38,0x38,0x5C,0xBE,0xFE,0xFE,0xFE,0x7C,0x38,
    0x00,0x18,0xC0,0xCA,0x5B,0x03,0x18,0x00,0x00,0x18,0x3C,0x2E,0x7C,0x3C,0x18,0x00,
    0x1C,0x3E,0x3F,0x3F,0xBF,0xBF,0x3E,0x1C,0x1C,0x3E,0x7F,0x7F,0x7F,0x7D,0x3A,0x1C,
    0x00,0x00,0x00,0x01,0x01,0x03,0x03,0x01,0x00,0x00,0x00,0x01,0x01,0x03,0x03,0x03,
    0x00,0x00,0xE0,0xF0,0xF8,0xF8,0xF8,0xF8,0x00,0x00,0xE0,0xF0,0xF8,0xF8,0xE8,0xC8,
    0x00,0x00,0x00,0x00,0x00,0x00,0x06,0x0F,0x00,0x00,0x00,0x00,0x00,0x00,0x07,0x0F,
    0x02,0x1F,0x02,0x18,0x08,0x40,0xF8,0x40,0x01,0x18,0x3C,0x3C,0x2C,0x3C,0x18,0x80,
    0xF0,0x60,0x00,0x00,0x00,0x00,0x00,0x00,0xF0,0xE0,0x00,0x00,0x00,0x00,0x00,0x00,
    0x1F,0x1F,0x1F,0x1F,0x0F,0x07,0x00,0x00,0x13,0x17,0x1F,0x1F,0x0F,0x07,0x00,0x00,
    0x80,0xC0,0xC0,0x80,0x80,0x00,0x00,0x00,0xC0,0xC0,0xC0,0x80,0x80,0x00,0x00,0x00,
    0x00,0x00,0x00,0x00,0x00,0x00,0x00,0x00,0x00,0x00,0x00,0x00,0x00,0x00,0x00,0x00,
    0x00,0x00,0x00,0x00,0x00,0x00,0x00,0x00,0x00,0x00,0x00,0x00,0x00,0x00,0x00,0x00,
    0x00,0x00,0x00,0x00,0x00,0x00,0x00,0x00,0x00,0x00,0x00,0x00,0x00,0x00,0x00,0x00,
    0x00,0x00,0x00,0x00,0x00,0x00,0x00,0x00,0x00,0x00,0x00,0x00,0x00,0x00,0x00,0x00,
    0x00,0x00,0x00,0x00,0x00,0x00,0x00,0x00,0x00,0x00,0x00,0x00,0x00,0x00,0x00,0x00,
    0x00,0x00,0x00,0x00,0x00,0x00,0x00,0x00,0x00,0x00,0x00,0x00,0x00,0x00,0x00,0x00,
    0x00,0x00,0x00,0x00,0x00,0x00,0x00,0x00,0x00,0x00,0x00,0x00,0x00,0x00,0x00,0x00,
    0x00,0x00,0x00,0x00,0x00,0x00,0x00,0x00,0x00,0x00,0x00,0x00,0x00,0x00,0x00,0x00,
    0x00,0x00,0x00,0x00,0x00,0x00,0x00,0x00,0x00,0x00,0x00,0x00,0x00,0x00,0x00,0x00,
    0x00,0x00,0x00,0x00,0x00,0x00,0x00,0x00,0x00,0x00,0x00,0x00,0x00,0x00,0x00,0x00,
    0x00,0x00,0x00,0x00,0x00,0x00,0x00,0x00,0x00,0x00,0x00,0x00,0x00,0x00,0x00,0x00,
    0x00,0x00,0x00,0x00,0x00,0x00,0x00,0x00,0x00,0x00,0x00,0x00,0x00,0x00,0x00,0x00,
    0x00,0x00,0x00,0x00,0x00,0x00,0x00,0x00,0x00,0x00,0x00,0x00,0x00,0x00,0x00,0x00,
    0x00,0x00,0x00,0x00,0x00,0x00,0x00,0x00,0x00,0x00,0x00,0x00,0x00,0x00,0x00,0x00,
    0x00,0x00,0x00,0x00,0x00,0x00,0x00,0x00,0x00,0x00,0x00,0x00,0x00,0x00,0x00,0x00,
    0x00,0x00,0x00,0x00,0x00,0x00,0x00,0x00,0x00,0x00,0x00,0x00,0x00,0x00,0x00,0x00,
    0x00,0x00,0x00,0x00,0x00,0x00,0x00,0x00,0x00,0x00,0x00,0x00,0x00,0x00,0x00,0x00,
    0x00,0x00,0x00,0x00,0x00,0x00,0x00,0x00,0x00,0x00,0x00,0x00,0x00,0x00,0x00,0x00,
    0x00,0x00,0x00,0x00,0x00,0x00,0x00,0x00,0x00,0x00,0x00,0x00,0x00,0x00,0x00,0x00,
    0x00,0x00,0x00,0x00,0x00,0x00,0x00,0x00,0x00,0x00,0x00,0x00,0x00,0x00,0x00,0x00,
    0x00,0x00,0x00,0x00,0x00,0x00,0x00,0x00,0x00,0x00,0x00,0x00,0x00,0x00,0x00,0x00,
    0x00,0x00,0x00,0x00,0x00,0x00,0x00,0x00,0x00,0x00,0x00,0x00,0x00,0x00,0x00,0x00,
    0x00,0x00,0x00,0x00,0x00,0x00,0x00,0x00,0x00,0x00,0x00,0x00,0x00,0x00,0x00,0x00,
    0x00,0x00,0x00,0x00,0x00,0x00,0x00,0x00,0x00,0x00,0x00,0x00,0x00,0x00,0x00,0x00,
    0x00,0x00,0x00,0x00,0x00,0x00,0x00,0x00,0x00,0x00,0x00,0x00,0x00,0x00,0x00,0x00,
    0x00,0x00,0x00,0x00,0x00,0x00,0x00,0x00,0x00,0x00,0x00,0x00,0x00,0x00,0x00,0x00,
    0x00,0x00,0x00,0x00,0x00,0x00,0x00,0x00,0x00,0x00,0x00,0x00,0x00,0x00,0x00,0x00,
    0x00,0x00,0x00,0x00,0x00,0x00,0x00,0x00,0x00,0x00,0x00,0x00,0x00,0x00,0x00,0x00,
    0x00,0x00,0x00,0x00,0x00,0x00,0x00,0x00,0x00,0x00,0x00,0x00,0x00,0x00,0x00,0x00,
    0x00,0x00,0x00,0x00,0x00,0x00,0x00,0x00,0x00,0x00,0x00,0x00,0x00,0x00,0x00,0x00,
    0x00,0x00,0x00,0x00,0x00,0x00,0x00,0x00,0x00,0x00,0x00,0x00,0x00,0x00,0x00,0x00,
    0x00,0x00,0x00,0x00,0x00,0x00,0x00,0x00,0x00,0x00,0x00,0x00,0x00,0x00,0x00,0x00,
    0x00,0x00,0x00,0x00,0x00,0x00,0x00,0x00,0x00,0x00,0x00,0x00,0x00,0x00,0x00,0x00,
    0x00,0x00,0x00,0x00,0x00,0x00,0x00,0x00,0x00,0x00,0x00,0x00,0x00,0x00,0x00,0x00,
    0x00,0x00,0x00,0x00,0x00,0x00,0x00,0x00,0x00,0x00,0x00,0x00,0x00,0x00,0x00,0x00,
    0x00,0x00,0x00,0x00,0x00,0x00,0x00,0x00,0x00,0x00,0x00,0x00,0x00,0x00,0x00,0x00,
    0x00,0x00,0x00,0x00,0x00,0x00,0x00,0x00,0x00,0x00,0x00,0x00,0x00,0x00,0x00,0x00,
    0x00,0x00,0x00,0x00,0x00,0x00,0x00,0x00,0x00,0x00,0x00,0x00,0x00,0x00,0x00,0x00,
    0x00,0x00,0x00,0x00,0x00,0x00,0x00,0x00,0x00,0x00,0x00,0x00,0x00,0x00,0x00,0x00,
    0x00,0x00,0x00,0x00,0x00,0x00,0x00,0x00,0x00,0x00,0x00,0x00,0x00,0x00,0x00,0x00,
    0x00,0x00,0x00,0x00,0x00,0x00,0x00,0x00,0x00,0x00,0x00,0x00,0x00,0x00,0x00,0x00,
    0x00,0x00,0x00,0x00,0x00,0x00,0x00,0x00,0x00,0x00,0x00,0x00,0x00,0x00,0x00,0x00,
    0x00,0x00,0x00,0x00,0x00,0x00,0x00,0x00,0x00,0x00,0x00,0x00,0x00,0x00,0x00,0x00,
    0x00,0x00,0x00,0x00,0x00,0x00,0x00,0x00,0x00,0x00,0x00,0x00,0x00,0x00,0x00,0x00,
    0x00,0x00,0x00,0x00,0x00,0x00,0x00,0x00,0x00,0x00,0x00,0x00,0x00,0x00,0x00,0x00,
    0x00,0x00,0x00,0x00,0x00,0x00,0x00,0x00,0x00,0x00,0x00,0x00,0x00,0x00,0x00,0x00,
    0x00,0x00,0x00,0x00,0x00,0x00,0x00,0x00,0x00,0x07,0x1F,0x3F,0x7F,0x7F,0xFF,0xFF,
    0x00,0x00,0x00,0x00,0x00,0x00,0x00,0x00,0x00,0xFF,0xFF,0xFF,0xFF,0xFF,0xFF,0xFF,
    0x00,0x00,0x00,0x60,0x30,0x18,0x08,0x08,0x00,0xC0,0xF0,0x98,0xCC,0xE4,0xF6,0xF6,
    0x00,0x00,0x00,0x00,0x00,0x00,0x00,0x00,0xFF,0xFF,0xFF,0xFF,0xFF,0xFF,0xFF,0xFF,
    0x00,0x00,0x00,0x00,0x00,0x00,0x00,0x00,0xC3,0x81,0x81,0x00,0x00,0x81,0x81,0xC3,
    0x00,0x00,0x00,0x00,0x00,0x00,0x00,0x00,0xFE,0xFE,0xFE,0xFE,0xFE,0xFE,0xFE,0xFE,
    0x00,0x00,0x00,0x00,0x00,0x00,0x00,0x00,0xFF,0xFF,0xFF,0x7F,0x7F,0x3F,0x1F,0x07,
    0x00,0x00,0x00,0x00,0x00,0x00,0x00,0x00,0xFE,0xFE,0xFE,0xFC,0xFC,0xF8,0xF0,0xC0,
    0x00,0x00,0x00,0x0C,0x04,0x06,0x02,0x02,0x00,0x3C,0x7E,0x72,0xFB,0xF9,0xFD,0xFD,
    0x00,0x00,0x00,0x00,0x00,0x00,0x00,0x00,0x1F,0x3F,0x3F,0x3F,0x3F,0x3F,0x3F,0x1F,
    0x00,0x00,0x18,0x0C,0x04,0x04,0x00,0x00,0x00,0xFC,0xE6,0xF2,0xFA,0xFA,0xFE,0xFC,
    0x00,0x00,0x00,0x00,0x00,0x00,0x00,0x00,0xFF,0xFF,0xFF,0xFF,0xFF,0x7E,0x7E,0x3C,
    0x00,0x00,0x00,0x30,0x18,0x0C,0x04,0x04,0x00,0xE0,0xF8,0xCC,0xE6,0xF2,0xFB,0xFB,
    0x00,0x00,0x00,0x00,0x04,0x00,0x00,0x00,0x00,0x00,0x00,0x00,0x00,0x00,0x00,0x00,
    0x00,0x40,0x00,0x00,0x00,0x00,0x00,0x00,0x00,0x40,0x00,0x00,0x00,0x00,0x00,0x00,
    0x00,0x00,0x00,0x00,0x00,0x00,0x00,0x00,0x80,0x00,0x00,0x00,0x00,0x00,0x00,0x00,
    0x00,0x7B,0x7B,0x12,0x12,0x12,0x12,0x00,0x00,0x00,0x00,0x00,0x00,0x00,0x00,0x00,
    0x00,0x60,0xE0,0xA0,0xA0,0xA0,0xA0,0x00,0x00,0x00,0x00,0x00,0x00,0x00,0x00,0x00,
    0x00,0x00,0x00,0x00,0x00,0x00,0x00,0x00,0xFF,0xC3,0x81,0x81,0x00,0x00,0x00,0x00,
    0x00,0x00,0x00,0x00,0x00,0x00,0x00,0x00,0x00,0x00,0x00,0x00,0x81,0x81,0xC3,0xFF,
    0x3C,0x42,0x99,0xA1,0xA1,0x99,0x42,0x3C,0x00,0x00,0x00,0x00,0x00,0x00,0x00,0x00,
    0x00,0x00,0x00,0x00,0x00,0x00,0x00,0x00,0xFF,0xC3,0x81,0x80,0x00,0x00,0x00,0x00,
    0x00,0x00,0x00,0x00,0x00,0x00,0x00,0x00,0xFF,0xFF,0xFF,0xFF,0x7F,0x3F,0x1F,0x0F,
    0xFC,0xC6,0xC6,0xFC,0xD8,0xCC,0xC6,0x00,0xFC,0xC6,0xC6,0xFC,0xD8,0xCC,0xC6,0x00,
    0x38,0x6C,0xC6,0xC6,0xFE,0xC6,0xC6,0x00,0x38,0x6C,0xC6,0xC6,0xFE,0xC6,0xC6,0x00,
    0xC6,0xE6,0xF6,0xFE,0xDE,0xCE,0xC6,0x00,0xC6,0xE6,0xF6,0xFE,0xDE,0xCE,0xC6,0x00,
    0xC6,0xCC,0xD8,0xF0,0xD8,0xCC,0xC6,0x00,0xC6,0xCC,0xD8,0xF0,0xD8,0xCC,0xC6,0x00,
    0x00,0x00,0x7E,0x7E,0x00,0x00,0x00,0x00,0x00,0x00,0x7E,0x7E,0x00,0x00,0x00,0x00,
    0x00,0x00,0x00,0x00,0x00,0x00,0x00,0x00,0x00,0x00,0x00,0x00,0x00,0x00,0x00,0x00,
    0xFF,0xFF,0xFF,0xFF,0xFF,0xFF,0xFF,0xFF,0x00,0x00,0x00,0x00,0x00,0x00,0x00,0x00,
    0x00,0x00,0x00,0x00,0x00,0x00,0x00,0x00,0xFF,0xFF,0xFF,0xFF,0xFF,0xFF,0xFF,0xFF,
    0xFF,0xFF,0xFF,0xFF,0xFF,0xFF,0xFF,0xFF,0xFF,0xFF,0xFF,0xFF,0xFF,0xFF,0xFF,0xFF,
};
#define ROM_BALLOON_SIZE 24592

#endif
