#ifndef ROM_mariobros_H
#define ROM_mariobros_H

#include <stdint.h>

static const uint8_t rom_mariobros[] = {
   0x4E, 0x45, 0x53, 0x1A, 0x01, 0x01, 0x00, 0x00, 0x00, 0x00, 0x00, 0x00, 0x00, 0x00, 0x00, 0x00, 
   0xD8, 0x78, 0xAD, 0x02, 0x20, 0x10, 0xFB, 0xA2, 0x00, 0x8E, 0x00, 0x20, 0x8E, 0x01, 0x20, 0xCA, 
   0x9A, 0xA6, 0x70, 0xA0, 0x06, 0x84, 0x01, 0xA0, 0x00, 0x84, 0x00, 0xA9, 0x00, 0x91, 0x00, 0x88, 
   0xD0, 0xFB, 0xC6, 0x01, 0x10, 0xF7, 0x8A, 0xD0, 0x02, 0xA2, 0x5F, 0x8E, 0x00, 0x05, 0x20, 0x38, 
   0xCA, 0x20, 0x48, 0xCA, 0xA0, 0x00, 0x8D, 0x05, 0x20, 0x8D, 0x05, 0x20, 0xC8, 0x84, 0x30, 0xA9, 
   0x0F, 0x8D, 0x15, 0x40, 0xA9, 0x90, 0x8D, 0x00, 0x20, 0x85, 0x09, 0xA9, 0x06, 0x85, 0x0A, 0xA9, 
   0x00, 0x85, 0x20, 0xA5, 0x30, 0xF0, 0x06, 0xA5, 0x50, 0xC9, 0x01, 0xD0, 0x03, 0x20, 0xA7, 0xF8, 
   0x20, 0xA5, 0xCD, 0x20, 0xB8, 0xC4, 0xA9, 0x01, 0x85, 0x22, 0xA5, 0x20, 0xF0, 0x09, 0xE6, 0x2F, 
   0xA9, 0x00, 0x85, 0x22, 0x4C, 0x4F, 0xC0, 0x20, 0x45, 0xD3, 0x4C, 0x6A, 0xC0, 0x48, 0x8A, 0x48, 
   0x98, 0x48, 0xA9, 0x00, 0x8D, 0x03, 0x20, 0xA9, 0x02, 0x8D, 0x14, 0x40, 0xA5, 0x22, 0xF0, 0x1C, 
   0x20, 0x75, 0xCB, 0x20, 0xA3, 0xEE, 0x20, 0x1C, 0xCD, 0x20, 0x83, 0xCA, 0x20, 0x26, 0xCE, 0x20, 
   0xE2, 0xCC, 0x20, 0x14, 0xCB, 0xA0, 0x01, 0x84, 0x20, 0x88, 0x84, 0x42, 0xA9, 0x01, 0x85, 0x23, 
   0x68, 0xA8, 0x68, 0xAA, 0x68, 0x40, 0xA5, 0xB0, 0xF0, 0x05, 0xAD, 0x20, 0x03, 0xD0, 0x03, 0x4C, 
   0x49, 0xC1, 0xA9, 0x20, 0x85, 0x14, 0xA9, 0x03, 0x85, 0x15, 0xA9, 0x01, 0x85, 0x11, 0xA0, 0x0B, 
   0xA2, 0x08, 0x20, 0x4A, 0xC4, 0x8D, 0xF7, 0x05, 0x09, 0x00, 0xF0, 0x6D, 0xA5, 0xC6, 0x0D, 0x36, 
   0x03, 0xF0, 0x10, 0xAA, 0x29, 0xF0, 0xD0, 0x61, 0x8A, 0x29, 0x0F, 0xC9, 0x04, 0xF0, 0x04, 0xC9, 
   0x08, 0xD0, 0x56, 0xA9, 0x00, 0x8D, 0xFE, 0x05, 0xAD, 0x21, 0x03, 0x85, 0x10, 0x29, 0xC0, 0xD0, 
   0x51, 0xA5, 0xB1, 0x29, 0xC0, 0xD0, 0x48, 0xA5, 0xB1, 0x29, 0x03, 0xF0, 0x51, 0xA5, 0x10, 0x29, 
   0x03, 0xF0, 0x4E, 0x20, 0xA0, 0xC3, 0xA5, 0x10, 0x29, 0x03, 0x45, 0xB1, 0x29, 0x03, 0xF0, 0x1E, 
   0xAD, 0xF7, 0x05, 0x29, 0x0F, 0xC9, 0x02, 0xF0, 0x05, 0xA5, 0xB1, 0x4C, 0x30, 0xC1, 0xA5, 0x10, 
   0x4A, 0x90, 0x16, 0xA5, 0xC4, 0xCD, 0x34, 0x03, 0xF0, 0x21, 0xB0, 0x1C, 0x90, 0x17, 0xAD, 0x34, 
   0x03, 0xC5, 0xC4, 0xF0, 0x1F, 0xB0, 0x0E, 0x90, 0x0F, 0xA9, 0x00, 0x8D, 0xFF, 0x05, 0x60, 0x4C, 
   0x96, 0xC1, 0x4C, 0xC3, 0xC1, 0x4C, 0x2D, 0xC2, 0x4C, 0xAD, 0xC2, 0x4C, 0x34, 0xC3, 0x4C, 0x5B, 
   0xC3, 0x4C, 0x7D, 0xC3, 0xA5, 0xB1, 0x0D, 0x21, 0x03, 0x29, 0x04, 0xD0, 0x26, 0xA2, 0x01, 0xA0, 
   0x03, 0xA5, 0xB1, 0x29, 0x03, 0x85, 0x1D, 0xAD, 0xF7, 0x05, 0x29, 0x03, 0xC5, 0x1D, 0xD0, 0x09, 
   0x86, 0xC5, 0x84, 0xB3, 0xCA, 0x86, 0xC4, 0xF0, 0x0A, 0x8E, 0x35, 0x03, 0x8C, 0x23, 0x03, 0xCA, 
   0x8E, 0x34, 0x03, 0x4C, 0x49, 0xC1, 0x20, 0xA0, 0xC3, 0xA5, 0x10, 0x29, 0xC0, 0xF0, 0xB9, 0xAD, 
   0xF7, 0x05, 0x0A, 0xB0, 0x29, 0xAD, 0x28, 0x03, 0x38, 0xE5, 0xB8, 0xC9, 0x0B, 0x90, 0x72, 0xA5, 
   0xB1, 0x29, 0x03, 0xD0, 0x5D, 0xA5, 0x10, 0x29, 0x03, 0xD0, 0x66, 0xA9, 0x01, 0x05, 0xB1, 0x85, 
   0xB1, 0xD0, 0x4F, 0x20, 0xA0, 0xC3, 0xA5, 0xB1, 0x29, 0xC0, 0xF0, 0x89, 0xD0, 0xD1, 0xA5, 0xB8, 
   0x38, 0xED, 0x28, 0x03, 0xC9, 0x0B, 0x90, 0x49, 0xA5, 0x10, 0x29, 0x03, 0xD0, 0x34, 0xA5, 0xB1, 
   0x29, 0x03, 0xD0, 0x3D, 0xA9, 0x01, 0x05, 0x10, 0x85, 0x10, 0xD0, 0x26, 0xA5, 0xB1, 0x29, 0xFC, 
   0x05, 0x1F, 0x8D, 0x21, 0x03, 0xA5, 0x10, 0x29, 0xFC, 0x05, 0x1E, 0x85, 0xB1, 0xA6, 0xBC, 0xA4, 
   0xBD, 0xAD, 0x2C, 0x03, 0x85, 0xBC, 0xAD, 0x2D, 0x03, 0x85, 0xBD, 0x8E, 0x2C, 0x03, 0x8C, 0x2D, 
   0x03, 0x60, 0xA5, 0xB1, 0x29, 0x03, 0x85, 0x1E, 0xA5, 0x10, 0x29, 0x03, 0x85, 0x1F, 0x4C, 0xEC, 
   0xC1, 0xA5, 0xB1, 0x8D, 0x21, 0x03, 0xA5, 0x10, 0x85, 0xB1, 0x4C, 0xFD, 0xC1, 0x20, 0x1F, 0xC4, 
   0x88, 0xF0, 0x4F, 0x88, 0xF0, 0x06, 0xA2, 0x06, 0xA0, 0x41, 0xD0, 0x4A, 0xA5, 0xB8, 0xCD, 0x28, 
   0x03, 0xB0, 0x08, 0xAD, 0xF7, 0x05, 0x4A, 0xB0, 0xED, 0x90, 0x37, 0xA9, 0x01, 0x85, 0xB5, 0xA5, 
   0xBA, 0x20, 0xF5, 0xC3, 0xA9, 0x1E, 0x85, 0xB6, 0xA5, 0xB1, 0x09, 0x08, 0x85, 0xB1, 0xA9, 0x2F, 
   0x85, 0xBB, 0xA5, 0x10, 0x29, 0x43, 0xC9, 0x40, 0xD0, 0x04, 0xA9, 0x01, 0x85, 0x10, 0xA5, 0x10, 
   0x29, 0x03, 0x09, 0x80, 0x8D, 0x21, 0x03, 0xA9, 0x85, 0xA0, 0xF3, 0x8D, 0x2C, 0x03, 0x8C, 0x2D, 
   0x03, 0x60, 0xA2, 0x05, 0xA0, 0x42, 0x8C, 0x21, 0x03, 0xA5, 0xB1, 0x29, 0x08, 0xD0, 0x18, 0x86, 
   0xB1, 0x20, 0xE3, 0xC3, 0xA5, 0xC4, 0x85, 0x00, 0xA5, 0xCD, 0x85, 0x01, 0x20, 0xC2, 0xC3, 0x85, 
   0xC2, 0xA5, 0x00, 0xF0, 0x02, 0x85, 0xB4, 0xA9, 0x73, 0xA0, 0xF3, 0xD0, 0xCE, 0x20, 0x29, 0xC4, 
   0x88, 0xF0, 0x51, 0x88, 0xF0, 0x06, 0xA2, 0x06, 0xA0, 0x41, 0xD0, 0x4C, 0xAD, 0x28, 0x03, 0xC5, 
   0xB8, 0xB0, 0x08, 0xAD, 0xF7, 0x05, 0x4A, 0xB0, 0x3B, 0x90, 0xEB, 0xA9, 0x01, 0x8D, 0x25, 0x03, 
   0xAD, 0x2A, 0x03, 0x20, 0xF5, 0xC3, 0xA9, 0x1E, 0x8D, 0x26, 0x03, 0xA5, 0x10, 0x09, 0x08, 0x8D, 
   0x21, 0x03, 0xA9, 0x2F, 0x8D, 0x2B, 0x03, 0xA5, 0xB1, 0x29, 0x43, 0xC9, 0x40, 0xD0, 0x04, 0xA9, 
   0x01, 0x85, 0xB1, 0xA5, 0xB1, 0x29, 0x03, 0x09, 0x80, 0x85, 0xB1, 0xA9, 0x85, 0xA0, 0xF3, 0x85, 
   0xBC, 0x84, 0xBD, 0x60, 0xA2, 0x05, 0xA0, 0x42, 0x84, 0xB1, 0xAD, 0x21, 0x03, 0x29, 0x08, 0xD0, 
   0x1D, 0x8E, 0x21, 0x03, 0x20, 0xE3, 0xC3, 0xAD, 0x34, 0x03, 0x85, 0x00, 0xAD, 0x3D, 0x03, 0x85, 
   0x01, 0x20, 0xC2, 0xC3, 0x8D, 0x32, 0x03, 0xA5, 0x00, 0xF0, 0x03, 0x8D, 0x24, 0x03, 0xA9, 0x73, 
   0xA0, 0xF3, 0xD0, 0xCB, 0xA5, 0xB1, 0x09, 0x04, 0x8D, 0x21, 0x03, 0xA5, 0x10, 0x09, 0x04, 0x85, 
   0xB1, 0xA5, 0xC4, 0x85, 0x00, 0xA5, 0xCD, 0x85, 0x01, 0x20, 0xC2, 0xC3, 0x85, 0xC2, 0x8D, 0x32, 
   0x03, 0xA5, 0x00, 0xF0, 0x05, 0x85, 0xB4, 0x8D, 0x24, 0x03, 0x60, 0x20, 0x1F, 0xC4, 0xA5, 0x10, 
   0x29, 0x03, 0x88, 0xF0, 0x11, 0xC9, 0x02, 0xD0, 0x11, 0xA9, 0x06, 0x85, 0xB4, 0xA2, 0x10, 0xA0, 
   0x0D, 0xA5, 0x10, 0x4C, 0x02, 0xC4, 0xC9, 0x01, 0xF0, 0xEF, 0x4C, 0xA8, 0xC3, 0x20, 0x29, 0xC4, 
   0xA5, 0xB1, 0x29, 0x03, 0x88, 0xF0, 0x12, 0xC9, 0x02, 0xD0, 0x12, 0xA9, 0x06, 0x8D, 0x24, 0x03, 
   0xA2, 0x0D, 0xA0, 0x10, 0xA5, 0xB1, 0x4C, 0x02, 0xC4, 0xC9, 0x01, 0xF0, 0xEE, 0x4C, 0xA8, 0xC3, 
   0xAD, 0xFF, 0x05, 0xF0, 0x03, 0x68, 0x68, 0x60, 0xA0, 0x00, 0x84, 0xC1, 0x8C, 0x31, 0x03, 0xC8, 
   0x8C, 0xFF, 0x05, 0xA4, 0xBB, 0xD0, 0x02, 0x85, 0xBB, 0xAC, 0x2B, 0x03, 0xD0, 0x03, 0x8D, 0x2B, 
   0x03, 0x60, 0xA5, 0x01, 0xC9, 0x97, 0xF0, 0x14, 0xA5, 0x00, 0xC9, 0x02, 0xD0, 0x07, 0xA9, 0x06, 
   0x85, 0x00, 0xA9, 0x08, 0x60, 0xA9, 0x00, 0x85, 0x00, 0xA9, 0x05, 0x60, 0xA9, 0x06, 0x85, 0x00, 
   0xA9, 0x1C, 0x60, 0xA5, 0xC4, 0x48, 0xAD, 0x34, 0x03, 0x85, 0xC4, 0x68, 0x8D, 0x34, 0x03, 0xA9, 
   0x01, 0x8D, 0xFD, 0x05, 0x60, 0x18, 0x69, 0x10, 0xA8, 0xA9, 0xF4, 0x99, 0x00, 0x02, 0x99, 0x04, 
   0x02, 0x60, 0x29, 0x03, 0x09, 0x04, 0x85, 0xB1, 0x8D, 0x21, 0x03, 0x86, 0xC2, 0x8C, 0x32, 0x03, 
   0xA0, 0x00, 0x84, 0xC4, 0x8C, 0x34, 0x03, 0x8C, 0xFE, 0x05, 0xC8, 0x8C, 0xFD, 0x05, 0x60, 0xAD, 
   0x29, 0x03, 0x85, 0x1F, 0xA5, 0xB9, 0x4C, 0x30, 0xC4, 0xA5, 0xB9, 0x85, 0x1F, 0xAD, 0x29, 0x03, 
   0x38, 0xE5, 0x1F, 0x10, 0x07, 0xC9, 0xFB, 0xB0, 0x07, 0xA0, 0x03, 0x60, 0xC9, 0x05, 0xB0, 0x03, 
   0xA0, 0x02, 0x60, 0xA0, 0x01, 0x60, 0xA0, 0x00, 0xA2, 0x00, 0x84, 0x1C, 0x86, 0x1D, 0xA9, 0x20, 
   0x85, 0x12, 0xA9, 0x00, 0x85, 0x13, 0xA0, 0x00, 0xB1, 0x14, 0xF0, 0x52, 0xA2, 0x40, 0xA0, 0x08, 
   0xB1, 0x14, 0x38, 0xE5, 0xB8, 0x10, 0x07, 0x49, 0xFF, 0x18, 0x69, 0x01, 0xA2, 0x80, 0x86, 0x1F, 
   0x48, 0xA0, 0x1E, 0xB1, 0x14, 0x18, 0x65, 0xCE, 0x65, 0x1D, 0x85, 0x1E, 0x68, 0x38, 0xE5, 0x1E, 
   0x10, 0x2C, 0xA2, 0x01, 0xA0, 0x09, 0xB1, 0x14, 0x38, 0xE5, 0xB9, 0x10, 0x07, 0x49, 0xFF, 0x18, 
   0x69, 0x01, 0xA2, 0x02, 0x48, 0x8A, 0x05, 0x1F, 0x85, 0x1F, 0xA0, 0x1F, 0xB1, 0x14, 0x18, 0x65, 
   0xCF, 0x65, 0x1C, 0x85, 0x1E, 0x68, 0x38, 0xE5, 0x1E, 0x10, 0x03, 0xA5, 0x1F, 0x60, 0x20, 0xD1, 
   0xCD, 0xC6, 0x11, 0xD0, 0xA1, 0xA9, 0x00, 0x60, 0xA5, 0x30, 0xD0, 0x6C, 0xA5, 0x18, 0x29, 0x10, 
   0xF0, 0x45, 0xA4, 0x26, 0xD0, 0x45, 0xC8, 0x84, 0x26, 0xA4, 0x40, 0xC0, 0x05, 0xF0, 0x2A, 0xC0, 
   0x04, 0xF0, 0x04, 0xC0, 0x06, 0xD0, 0x34, 0xA2, 0x05, 0xB5, 0x2A, 0x95, 0x5A, 0xCA, 0x10, 0xF9, 
   0xA5, 0x0A, 0x29, 0x0E, 0x8D, 0x01, 0x20, 0x85, 0x0A, 0x84, 0x3B, 0xA9, 0x05, 0x85, 0x40, 0xA9, 
   0x00, 0x85, 0xFF, 0x85, 0xFE, 0x85, 0xFC, 0xF0, 0x08, 0xA9, 0x14, 0x85, 0x2B, 0xA9, 0x0A, 0x85, 
   0x40, 0xA9, 0x08, 0x85, 0xFD, 0xD0, 0x04, 0xA9, 0x00, 0x85, 0x26, 0xA5, 0x40, 0x20, 0xBB, 0xCD, 
   0x67, 0xD3, 0x67, 0xE1, 0x16, 0xD4, 0xC5, 0xD3, 0xA3, 0xC5, 0x02, 0xD6, 0x70, 0xE4, 0x02, 0xD6, 
   0x6E, 0xD4, 0x46, 0xE1, 0x79, 0xD4, 0xA8, 0xE2, 0xA5, 0x18, 0x29, 0x30, 0xC9, 0x10, 0xD0, 0x13, 
   0xA9, 0x00, 0x85, 0x30, 0x85, 0x40, 0x20, 0x1B, 0xD5, 0x20, 0x4F, 0xE1, 0xA9, 0x02, 0x85, 0x2A, 
   0x85, 0x2D, 0x60, 0xA6, 0x50, 0xF0, 0x47, 0xC9, 0x20, 0xD0, 0x1D, 0xE0, 0x01, 0xD0, 0x12, 0xA5, 
   0x28, 0xD0, 0x21, 0xA4, 0x29, 0xC8, 0xC0, 0x04, 0xD0, 0x02, 0xA0, 0x00, 0x84, 0x29, 0x4C, 0x70, 
   0xC5, 0x20, 0x1B, 0xD5, 0x85, 0x50, 0xF0, 0x26, 0xC9, 0x00, 0xD0, 0x04, 0x85, 0x28, 0xF0, 0x0E, 
   0xA9, 0x01, 0x85, 0x28, 0xA5, 0x2D, 0xC9, 0x25, 0xB0, 0x04, 0xA9, 0x25, 0x85, 0x2D, 0xE0, 0x01, 
   0xD0, 0x0C, 0xA5, 0x29, 0x0A, 0x0A, 0x0A, 0x0A, 0x18, 0x69, 0x80, 0x8D, 0x00, 0x02, 0xA5, 0x50, 
   0x20, 0xBB, 0xCD, 0x28, 0xD4, 0x9A, 0xD4, 0xAE, 0xD4, 0xB3, 0xD4, 0xB8, 0xD4, 0xBD, 0xD4, 0xCC, 
   0xD4, 0x65, 0xD4, 0x20, 0xDE, 0xC5, 0x20, 0x8B, 0xD5, 0x20, 0x1F, 0xD2, 0x20, 0x1E, 0xD3, 0x20, 
   0xE7, 0xC5, 0x20, 0x76, 0xC6, 0x20, 0xA0, 0xE7, 0x20, 0x5C, 0xEA, 0x20, 0xB2, 0xE7, 0x20, 0x24, 
   0xEE, 0x20, 0xC8, 0xE2, 0x20, 0x37, 0xE2, 0x20, 0x14, 0xE2, 0x20, 0x15, 0xE0, 0x20, 0xEB, 0xE1, 
   0x20, 0x8A, 0xE2, 0x20, 0x26, 0xE7, 0x20, 0x6B, 0xEF, 0xA9, 0x01, 0x85, 0x42, 0x60, 0xC6, 0x80, 
   0x10, 0x04, 0xA9, 0x03, 0x85, 0x80, 0x60, 0xA9, 0x00, 0x85, 0xA0, 0xA9, 0x03, 0x85, 0xA1, 0xA9, 
   0x02, 0x85, 0x33, 0xA9, 0x00, 0x85, 0xA2, 0x8D, 0xFA, 0x05, 0xA5, 0x19, 0x8D, 0x10, 0x03, 0xA5, 
   0x1B, 0x8D, 0x30, 0x03, 0x20, 0xB8, 0xCB, 0xA5, 0xB0, 0xD0, 0x06, 0x20, 0xD7, 0xDF, 0x4C, 0x69, 
   0xC6, 0x20, 0x36, 0xD0, 0xA6, 0xBE, 0xFE, 0xAC, 0x04, 0xFE, 0xAC, 0x04, 0xA5, 0xC6, 0xF0, 0x22, 
   0x29, 0xF0, 0xD0, 0x11, 0xA5, 0x51, 0xD0, 0x10, 0x20, 0x09, 0xDF, 0xA5, 0xC6, 0xF0, 0x13, 0x29, 
   0x0C, 0xD0, 0x0F, 0xF0, 0x03, 0x20, 0xFD, 0xDD, 0x20, 0xD7, 0xDF, 0x4C, 0x63, 0xC6, 0xA5, 0x51, 
   0xD0, 0xF6, 0xA5, 0x33, 0xC9, 0x02, 0xD0, 0x03, 0x20, 0xB6, 0xC0, 0xAD, 0xFD, 0x05, 0xF0, 0x03, 
   0x20, 0xD6, 0xCA, 0xA5, 0x51, 0xD0, 0xE1, 0x20, 0xD7, 0xD6, 0x20, 0x91, 0xC7, 0x20, 0x5C, 0xCC, 
   0x20, 0x92, 0xDC, 0x20, 0xE1, 0xCB, 0x20, 0xD3, 0xCB, 0x20, 0xCB, 0xCB, 0xC6, 0x33, 0xD0, 0x94, 
   0xA9, 0x00, 0x8D, 0xFD, 0x05, 0x60, 0xA5, 0x43, 0xD0, 0x01, 0x60, 0x85, 0x45, 0x85, 0x44, 0x85, 
   0x33, 0xA9, 0x60, 0x85, 0xA0, 0xA9, 0x03, 0x85, 0xA1, 0xA9, 0x00, 0x85, 0xA2, 0xA9, 0x0D, 0x8D, 
   0xFA, 0x05, 0x20, 0xB8, 0xCB, 0xA5, 0xB0, 0xD0, 0x0A, 0xC6, 0x45, 0xC6, 0x44, 0x20, 0xDA, 0xDF, 
   0x4C, 0x69, 0xC7, 0x20, 0x36, 0xD0, 0xA6, 0xBE, 0xFE, 0xAC, 0x04, 0xA5, 0x51, 0xF0, 0x19, 0xA5, 
   0xC0, 0xD0, 0x15, 0xA5, 0xBF, 0xC9, 0x40, 0xF0, 0x1C, 0xC9, 0x80, 0xD0, 0x0B, 0xA9, 0x00, 0x8D, 
   0xC0, 0x04, 0xA9, 0xC9, 0xA0, 0xF5, 0xD0, 0x11, 0x4C, 0x25, 0xED, 0xA5, 0xC9, 0xF0, 0x26, 0xA5, 
   0xBF, 0xC9, 0x40, 0xD0, 0x17, 0xA9, 0xCF, 0xA0, 0xF5, 0x85, 0x06, 0x84, 0x07, 0xA9, 0x30, 0x85, 
   0x00, 0x20, 0xA6, 0xD7, 0xA9, 0x00, 0x85, 0xC9, 0x85, 0xC2, 0xF0, 0x64, 0x20, 0xCC, 0xDE, 0x20, 
   0xDA, 0xDF, 0x4C, 0x53, 0xC7, 0x20, 0xD7, 0xD6, 0x20, 0x70, 0xDB, 0x20, 0x1C, 0xDC, 0xA5, 0xC0, 
   0xD0, 0x06, 0x20, 0x1B, 0xDA, 0x4C, 0x14, 0xC7, 0xA5, 0xC0, 0x29, 0x0F, 0xC9, 0x03, 0xF0, 0x40, 
   0xC9, 0x06, 0xF0, 0x3C, 0x20, 0x4A, 0xDB, 0xA5, 0xC0, 0x05, 0xC2, 0xD0, 0x2A, 0xA5, 0x46, 0xF0, 
   0x26, 0xA5, 0xBF, 0xA0, 0x05, 0xA2, 0x06, 0xC9, 0x20, 0xF0, 0x08, 0xA0, 0x02, 0xA2, 0x02, 0xC9, 
   0x10, 0xD0, 0x14, 0x84, 0xC4, 0x86, 0xBB, 0x20, 0xD6, 0xCA, 0x20, 0xD3, 0xD9, 0xA5, 0xBF, 0xC9, 
   0x10, 0xD0, 0x04, 0xA9, 0x00, 0x85, 0xC7, 0xA5, 0xB3, 0xC9, 0x05, 0xB0, 0x03, 0x20, 0x91, 0xC7, 
   0x20, 0x90, 0xCC, 0x20, 0xE1, 0xCB, 0xA5, 0xB0, 0xF0, 0x0A, 0xA5, 0xC9, 0xD0, 0x06, 0xA5, 0xBF, 
   0xC9, 0x40, 0x90, 0x02, 0xC6, 0x44, 0x20, 0xD3, 0xCB, 0x20, 0xCB, 0xCB, 0xC6, 0x33, 0xD0, 0x1E, 
   0xA5, 0x35, 0xC9, 0xAA, 0xD0, 0x17, 0xA5, 0x45, 0xD0, 0x07, 0x85, 0x43, 0xA9, 0x01, 0x85, 0x51, 
   0x60, 0xA5, 0x44, 0xF0, 0xF7, 0xC9, 0x01, 0xD0, 0x04, 0xA9, 0x01, 0x85, 0x46, 0x60, 0x4C, 0x92, 
   0xC6, 0xA5, 0xBF, 0xC9, 0x30, 0xD0, 0x2C, 0xA5, 0xC0, 0xD0, 0x03, 0x20, 0xB9, 0xCE, 0xA5, 0xB3, 
   0xF0, 0x01, 0x60, 0xA5, 0xC0, 0xD0, 0x1C, 0xA5, 0xB1, 0x29, 0xC0, 0xD0, 0x16, 0xA5, 0xB1, 0x09, 
   0x80, 0x85, 0xB1, 0xA2, 0x9D, 0xA0, 0xF3, 0xA5, 0xBE, 0xD0, 0x04, 0xA2, 0xA0, 0xA0, 0xF3, 0x86, 
   0xBC, 0x84, 0xBD, 0xA5, 0xB1, 0x85, 0x11, 0x20, 0xBD, 0xCC, 0x24, 0x11, 0x30, 0x05, 0x70, 0x06, 
   0x4C, 0xD9, 0xC7, 0x4C, 0x57, 0xC9, 0x4C, 0xBE, 0xC9, 0xA5, 0xBF, 0x29, 0xF0, 0xF0, 0x07, 0xA5, 
   0xC2, 0xF0, 0x07, 0x4C, 0xDD, 0xC8, 0xA5, 0xC6, 0xD0, 0x15, 0xA5, 0xCD, 0x20, 0xC1, 0xCA, 0x29, 
   0x0F, 0xD0, 0x03, 0x4C, 0x9A, 0xC9, 0xA5, 0xBF, 0x29, 0x0F, 0xD0, 0x03, 0x4C, 0xDD, 0xC8, 0xA5, 
   0xC2, 0xF0, 0x02, 0xC6, 0xC2, 0xA5, 0xB1, 0x29, 0x08, 0xD0, 0x70, 0xA5, 0xC0, 0x10, 0x21, 0xA5, 
   0xFF, 0x09, 0x20, 0x85, 0xFF, 0xA5, 0xB1, 0x29, 0x33, 0x09, 0x80, 0x85, 0xB1, 0xA9, 0x85, 0x85, 
   0xBC, 0xA9, 0xF3, 0x85, 0xBD, 0xA9, 0x18, 0x85, 0xB6, 0xA9, 0x00, 0x85, 0xB4, 0x4C, 0x03, 0xCA, 
   0x29, 0x03, 0x85, 0x1E, 0xA5, 0xB1, 0x85, 0x1F, 0x29, 0x04, 0xD0, 0x7D, 0xA5, 0xB1, 0x29, 0x03, 
   0x85, 0x1F, 0xF0, 0x59, 0xAC, 0xFF, 0x05, 0xD0, 0x78, 0x25, 0x1E, 0xF0, 0x12, 0xA5, 0xC2, 0xD0, 
   0x70, 0x85, 0xBB, 0xE6, 0xC4, 0x20, 0xD6, 0xCA, 0xA9, 0x08, 0x85, 0xC2, 0x4C, 0xC1, 0xC8, 0xA5, 
   0x1F, 0x09, 0x04, 0x85, 0x1F, 0xA5, 0xC4, 0x85, 0x00, 0xA5, 0xCD, 0x85, 0x01, 0x20, 0xC2, 0xC3, 
   0x85, 0xC2, 0xA5, 0x00, 0xF0, 0x02, 0x85, 0xB4, 0x4C, 0xC1, 0xC8, 0xC6, 0xBB, 0xF0, 0x11, 0xA0, 
   0x22, 0xA5, 0xBB, 0xC9, 0x20, 0xF0, 0x06, 0xA0, 0x1E, 0xC9, 0x10, 0xD0, 0x02, 0x84, 0xB6, 0x60, 
   0xA9, 0x00, 0x85, 0xB5, 0xA5, 0xB1, 0x29, 0xF7, 0x85, 0xB1, 0x4C, 0xD7, 0xCE, 0xA5, 0x1E, 0xD0, 
   0x0F, 0xA9, 0x00, 0x85, 0xC4, 0x85, 0xBB, 0x20, 0xD6, 0xCA, 0x20, 0xD7, 0xCE, 0x4C, 0xC1, 0xC8, 
   0xA9, 0x05, 0x85, 0xC2, 0xA5, 0x1E, 0x4C, 0xC3, 0xC8, 0xA5, 0xC2, 0xD0, 0x04, 0x85, 0x1F, 0xF0, 
   0xE0, 0xA5, 0x1F, 0x85, 0xB1, 0x85, 0x11, 0xA5, 0xB6, 0xC9, 0x0C, 0xD0, 0x06, 0xA5, 0xFF, 0x09, 
   0x80, 0xD0, 0x08, 0xC9, 0x26, 0xD0, 0x06, 0xA5, 0xFF, 0x09, 0x40, 0x85, 0xFF, 0xA5, 0xBF, 0xC9, 
   0x40, 0x90, 0x0D, 0xA5, 0xC6, 0xD0, 0x03, 0x20, 0xC0, 0xCE, 0x20, 0x08, 0xCB, 0x4C, 0x00, 0xC9, 
   0x20, 0x08, 0xCB, 0xA5, 0xBF, 0x29, 0xF0, 0xF0, 0x04, 0xA5, 0xC8, 0xD0, 0x36, 0x20, 0xB2, 0xCE, 
   0xA0, 0x00, 0xA5, 0xBF, 0x29, 0x0F, 0xF0, 0x11, 0xA5, 0x80, 0xD0, 0x1B, 0xA5, 0xC4, 0xF0, 0x17, 
   0x88, 0xC9, 0x01, 0xF0, 0x12, 0xA0, 0x01, 0xD0, 0x0E, 0xA5, 0xC8, 0xD0, 0x16, 0xA5, 0xC6, 0xD0, 
   0x06, 0xA9, 0x03, 0x85, 0xC6, 0xA4, 0xC7, 0x98, 0x18, 0x65, 0xC5, 0x46, 0x11, 0xB0, 0x0A, 0x46, 
   0x11, 0xB0, 0x01, 0x60, 0x49, 0xFF, 0x38, 0xB0, 0x01, 0x18, 0x65, 0xB9, 0x85, 0xB9, 0xA5, 0xBF, 
   0x29, 0x0F, 0xF0, 0x0F, 0xA5, 0xC1, 0xF0, 0x01, 0x60, 0xA5, 0xBB, 0xD0, 0x09, 0xA5, 0xB1, 0x29, 
   0x04, 0xD0, 0x03, 0x20, 0x07, 0xDA, 0x60, 0xC9, 0xAA, 0xF0, 0x3F, 0xC9, 0x99, 0xD0, 0x17, 0xA5, 
   0xBF, 0x29, 0x0F, 0xD0, 0x35, 0xA5, 0xC0, 0x29, 0x0F, 0xC9, 0x0F, 0xD0, 0x04, 0xA9, 0xFF, 0x85, 
   0xC0, 0xE6, 0xC0, 0x4C, 0x9A, 0xC9, 0xA8, 0xA5, 0xB8, 0xC9, 0x20, 0x90, 0x0F, 0xA5, 0xBF, 0x29, 
   0x0F, 0xF0, 0x09, 0xA5, 0xCB, 0x20, 0xC1, 0xCA, 0x09, 0x00, 0xD0, 0x04, 0x98, 0x4C, 0xFA, 0xC9, 
   0x20, 0x84, 0xCF, 0xA9, 0x65, 0xA0, 0xF3, 0x4C, 0xAF, 0xC9, 0xA5, 0xBF, 0xC9, 0x30, 0xD0, 0x0B, 
   0xA5, 0xC2, 0xD0, 0x17, 0xA9, 0xA8, 0xA0, 0xF3, 0x4C, 0xAF, 0xC9, 0xA9, 0x73, 0xA0, 0xF3, 0x85, 
   0xBC, 0x84, 0xBD, 0xA5, 0xB1, 0x29, 0x3F, 0x09, 0x40, 0x85, 0xB1, 0x4C, 0x03, 0xCA, 0xA8, 0xA5, 
   0xCD, 0x20, 0xC1, 0xCA, 0x29, 0x0F, 0xF0, 0x27, 0xA5, 0xB1, 0x29, 0x3F, 0x85, 0xB1, 0xA5, 0xBF, 
   0xC9, 0x30, 0xD0, 0x06, 0xA9, 0x08, 0x85, 0xB3, 0xD0, 0x0E, 0xA5, 0xBF, 0x29, 0x0F, 0xF0, 0x08, 
   0xA9, 0x00, 0x85, 0xC1, 0xA9, 0x00, 0x85, 0xB4, 0xA5, 0xB8, 0x29, 0xF8, 0x85, 0xB8, 0x60, 0x98, 
   0xC9, 0xCC, 0xF0, 0x1A, 0xC9, 0xAA, 0xD0, 0x02, 0xA9, 0x04, 0x18, 0x65, 0xB8, 0xC9, 0x08, 0x90, 
   0x02, 0x85, 0xB8, 0xA5, 0xBF, 0x29, 0xF0, 0xD0, 0x0C, 0xA5, 0xC1, 0x4C, 0x1B, 0xCA, 0xA5, 0xB2, 
   0x85, 0xB3, 0x4C, 0xF8, 0xC9, 0xC9, 0x30, 0xF0, 0x10, 0xA5, 0xC0, 0xF0, 0x0C, 0x29, 0xF0, 0xC9, 
   0x30, 0xF0, 0xCB, 0xA5, 0x2F, 0x29, 0x03, 0xF0, 0x09, 0xA5, 0xBF, 0xC9, 0x40, 0xB0, 0x06, 0x20, 
   0x08, 0xCB, 0x4C, 0x00, 0xC9, 0x4C, 0xE3, 0xC8, 0xA9, 0x03, 0x20, 0x3F, 0xCA, 0xA9, 0x01, 0x85, 
   0x01, 0xA9, 0x24, 0x85, 0x00, 0x4C, 0x60, 0xCD, 0xA0, 0x02, 0x84, 0x01, 0xA0, 0x00, 0x84, 0x00, 
   0xA9, 0xF4, 0x91, 0x00, 0x88, 0xD0, 0xFB, 0x60, 0xA9, 0x78, 0xA2, 0xF2, 0x20, 0x7B, 0xCA, 0xA9, 
   0x9F, 0xA2, 0xF2, 0xA4, 0x32, 0xF0, 0x14, 0xC0, 0x04, 0xF0, 0x10, 0xA9, 0xAF, 0xA2, 0xF2, 0xC0, 
   0x01, 0xF0, 0x08, 0xC0, 0x03, 0xF0, 0x04, 0xA9, 0xBF, 0xA2, 0xF2, 0x85, 0x00, 0x86, 0x01, 0x20, 
   0x1D, 0xCE, 0x60, 0xA4, 0x3F, 0xF0, 0xFB, 0x88, 0xF0, 0x06, 0xA9, 0x60, 0xA2, 0xF2, 0xD0, 0x04, 
   0xA9, 0x3C, 0xA2, 0xF2, 0xA0, 0x00, 0x84, 0x3F, 0xF0, 0xE1, 0xA5, 0x00, 0x4A, 0x4A, 0x4A, 0x85, 
   0x12, 0xA9, 0x20, 0x85, 0x13, 0xA9, 0x00, 0x85, 0x15, 0xA5, 0x01, 0x29, 0xF8, 0x0A, 0x26, 0x15, 
   0x0A, 0x26, 0x15, 0x85, 0x14, 0x20, 0xD1, 0xCD, 0xA5, 0x15, 0x85, 0x00, 0xA5, 0x14, 0x85, 0x01, 
   0x60, 0xC9, 0x92, 0x90, 0x0E, 0xC9, 0xA0, 0x90, 0x07, 0xC9, 0xFA, 0xB0, 0x03, 0xA9, 0x02, 0x60, 
   0xA9, 0x01, 0x60, 0xA9, 0x00, 0x60, 0xA9, 0xBE, 0x85, 0x14, 0xA9, 0xF3, 0x85, 0x15, 0xA5, 0xC3, 
   0x85, 0x12, 0xA9, 0x00, 0x85, 0x13, 0x20, 0xD1, 0xCD, 0xA5, 0xC4, 0x0A, 0x18, 0x65, 0xC4, 0xA8, 
   0xB1, 0x14, 0xC9, 0xAA, 0xD0, 0x05, 0xC6, 0xC4, 0x4C, 0xE9, 0xCA, 0x85, 0xC5, 0xC8, 0xB1, 0x14, 
   0x85, 0xB2, 0xC8, 0xB1, 0x14, 0x85, 0xC7, 0x60, 0xA5, 0xB3, 0xF0, 0x03, 0x68, 0x68, 0x60, 0xA5, 
   0xB2, 0x85, 0xB3, 0x60, 0xA5, 0x42, 0xF0, 0x54, 0xA9, 0x0D, 0x85, 0x33, 0xA2, 0x01, 0xA5, 0x2F, 
   0x4A, 0x90, 0x02, 0xA2, 0x0E, 0xA9, 0x00, 0x85, 0x14, 0xA9, 0x03, 0x85, 0x15, 0xA9, 0x20, 0x85, 
   0x12, 0xA9, 0x00, 0x85, 0x13, 0xA0, 0x00, 0xB1, 0x14, 0xF0, 0x0B, 0xA0, 0x03, 0xB1, 0x14, 0xF0, 
   0x05, 0x38, 0xE9, 0x01, 0x91, 0x14, 0xA5, 0x33, 0xC9, 0x0B, 0x90, 0x11, 0xE0, 0x0E, 0xB0, 0x15, 
   0xA0, 0x1B, 0x20, 0x6D, 0xCB, 0xA0, 0x1D, 0x20, 0x6D, 0xCB, 0x4C, 0x65, 0xCB, 0xC9, 0x05, 0x90, 
   0x04, 0xE0, 0x0E, 0xB0, 0xF0, 0x20, 0xD1, 0xCD, 0xC6, 0x33, 0xD0, 0xC9, 0x60, 0xBD, 0x20, 0x05, 
   0x91, 0x14, 0xE8, 0xE8, 0x60, 0xA5, 0x42, 0xF0, 0x28, 0xA2, 0x00, 0xA5, 0x2F, 0x4A, 0x90, 0x02, 
   0xA2, 0x0D, 0xA0, 0x06, 0xAD, 0x02, 0x20, 0xBD, 0x20, 0x05, 0x8D, 0x06, 0x20, 0xE8, 0xBD, 0x20, 
   0x05, 0x8D, 0x06, 0x20, 0xAD, 0x07, 0x20, 0xAD, 0x07, 0x20, 0x9D, 0x20, 0x05, 0xE8, 0x88, 0xD0, 
   0xE6, 0x60, 0xA5, 0xA0, 0x85, 0x14, 0xA5, 0xA1, 0x85, 0x15, 0xA5, 0xA2, 0x85, 0x12, 0xA9, 0x00, 
   0x85, 0x13, 0x20, 0xD1, 0xCD, 0xA8, 0xAA, 0x60, 0x20, 0xA2, 0xCB, 0xB1, 0x14, 0x95, 0xB0, 0xC8, 
   0xE8, 0xE0, 0x20, 0xD0, 0xF6, 0xA9, 0x00, 0xA8, 0x91, 0x14, 0x60, 0xA5, 0xA2, 0x18, 0x69, 0x20, 
   0x85, 0xA2, 0x60, 0x20, 0xA2, 0xCB, 0xB5, 0xB0, 0x91, 0x14, 0xC8, 0xE8, 0xE0, 0x20, 0xD0, 0xF6, 
   0x60, 0xA5, 0xB0, 0xF0, 0xFB, 0xA9, 0xF2, 0x85, 0x15, 0xA9, 0xCF, 0x85, 0x14, 0xA5, 0xB5, 0x20, 
   0x46, 0xCC, 0xA5, 0xB6, 0x85, 0x11, 0xA0, 0x00, 0xA6, 0xBA, 0xB1, 0x12, 0xF0, 0x08, 0x10, 0x01, 
   0x0A, 0x45, 0x2F, 0x4A, 0xB0, 0x34, 0xC8, 0xB1, 0x12, 0xC8, 0x18, 0x65, 0xB8, 0x69, 0xFF, 0x9D, 
   0x00, 0x02, 0xE8, 0xA5, 0x11, 0x9D, 0x00, 0x02, 0xE6, 0x11, 0xE8, 0xA5, 0xB7, 0x9D, 0x00, 0x02, 
   0xE8, 0xB1, 0x12, 0x24, 0xB7, 0x70, 0x03, 0x18, 0x90, 0x06, 0x49, 0xFF, 0x38, 0xE9, 0x08, 0x38, 
   0x65, 0xB9, 0xC8, 0x9D, 0x00, 0x02, 0xE8, 0x4C, 0x3F, 0xCC, 0xC8, 0xC8, 0xC8, 0xE6, 0x11, 0xB1, 
   0x12, 0xC9, 0xAA, 0xD0, 0xB5, 0x60, 0x0A, 0x85, 0x12, 0xA9, 0x00, 0xA8, 0x2A, 0x85, 0x13, 0x20, 
   0xD1, 0xCD, 0xB1, 0x14, 0x85, 0x12, 0xC8, 0xB1, 0x14, 0x85, 0x13, 0x60, 0xA5, 0xB8, 0x38, 0xE9, 
   0x0F, 0xC9, 0x20, 0x90, 0x04, 0xC9, 0xE0, 0x90, 0x08, 0xA9, 0x00, 0x85, 0x01, 0xA9, 0x20, 0xD0, 
   0x0B, 0x85, 0x01, 0xA5, 0xB9, 0x85, 0x00, 0x20, 0x9A, 0xCA, 0xA5, 0x00, 0xAE, 0xFA, 0x05, 0x85, 
   0xCA, 0x9D, 0x20, 0x05, 0xE8, 0xA5, 0x01, 0x85, 0xC9, 0x9D, 0x20, 0x05, 0xE8, 0x8E, 0xFA, 0x05, 
   0xA5, 0xB8, 0x18, 0x69, 0x08, 0xC9, 0xE4, 0x90, 0x08, 0xA9, 0x00, 0x85, 0x01, 0xA9, 0x20, 0xD0, 
   0x0B, 0x85, 0x01, 0xA5, 0xB9, 0x85, 0x00, 0x20, 0x9A, 0xCA, 0xA5, 0x00, 0xAE, 0xFA, 0x05, 0x9D, 
   0x20, 0x05, 0xE8, 0xA5, 0x01, 0x9D, 0x20, 0x05, 0xE8, 0x8E, 0xFA, 0x05, 0x60, 0x84, 0x1E, 0xA5, 
   0xBC, 0x85, 0x14, 0xA5, 0xBD, 0x85, 0x15, 0xA0, 0x00, 0xB1, 0x14, 0xC9, 0xAA, 0xF0, 0x10, 0x84, 
   0x13, 0xC8, 0x84, 0x12, 0x20, 0xD1, 0xCD, 0xA4, 0x14, 0x84, 0xBC, 0xA4, 0x15, 0x84, 0xBD, 0xA4, 
   0x1E, 0x60, 0xA2, 0x01, 0x8E, 0x16, 0x40, 0xCA, 0x8A, 0x8D, 0x16, 0x40, 0x20, 0xF0, 0xCC, 0xE8, 
   0xA0, 0x08, 0x48, 0xBD, 0x16, 0x40, 0x85, 0x00, 0x4A, 0x05, 0x00, 0x4A, 0x68, 0x2A, 0x88, 0xD0, 
   0xF1, 0x86, 0x00, 0x06, 0x00, 0xA6, 0x00, 0xB4, 0x18, 0x84, 0x00, 0x95, 0x18, 0x95, 0x19, 0x29, 
   0xFF, 0x10, 0x08, 0x24, 0x00, 0x10, 0x04, 0x29, 0x7F, 0x95, 0x19, 0x60, 0xA5, 0x21, 0xF0, 0x3F, 
   0xA9, 0x91, 0x85, 0x00, 0xA9, 0x05, 0x85, 0x01, 0xA5, 0x09, 0x29, 0xFB, 0x8D, 0x00, 0x20, 0x85, 
   0x09, 0xAE, 0x02, 0x20, 0xA0, 0x00, 0xF0, 0x19, 0x8D, 0x06, 0x20, 0xC8, 0xB1, 0x00, 0x8D, 0x06, 
   0x20, 0xC8, 0xB1, 0x00, 0x29, 0x3F, 0xAA, 0xC8, 0xB1, 0x00, 0x8D, 0x07, 0x20, 0xCA, 0xD0, 0xF7, 
   0xC8, 0xB1, 0x00, 0xD0, 0xE3, 0xA9, 0x00, 0x8D, 0x90, 0x05, 0x8D, 0x91, 0x05, 0x85, 0x21, 0x60, 
   0xAD, 0x02, 0x20, 0xA5, 0x09, 0x29, 0xFB, 0x8D, 0x00, 0x20, 0x85, 0x09, 0xA9, 0x1C, 0x18, 0x69, 
   0x04, 0xC6, 0x01, 0xD0, 0xFA, 0x85, 0x02, 0x8D, 0x06, 0x20, 0xA9, 0x00, 0x8D, 0x06, 0x20, 0xA2, 
   0x04, 0xA0, 0x00, 0xA5, 0x00, 0x8D, 0x07, 0x20, 0x88, 0xD0, 0xFA, 0xCA, 0xD0, 0xF7, 0xA5, 0x02, 
   0x69, 0x03, 0x8D, 0x06, 0x20, 0xA9, 0xC0, 0x8D, 0x06, 0x20, 0xA0, 0x40, 0xA9, 0x00, 0x8D, 0x07, 
   0x20, 0x88, 0xD0, 0xFA, 0x60, 0xA2, 0x01, 0xC6, 0x2A, 0x10, 0x06, 0xA9, 0x0A, 0x85, 0x2A, 0xA2, 
   0x03, 0xB5, 0x2B, 0xF0, 0x02, 0xD6, 0x2B, 0xCA, 0x10, 0xF7, 0x60, 0x0A, 0xA8, 0xC8, 0x68, 0x85, 
   0x14, 0x68, 0x85, 0x15, 0xB1, 0x14, 0xAA, 0xC8, 0xB1, 0x14, 0x85, 0x15, 0x86, 0x14, 0x6C, 0x14, 
   0x00, 0x48, 0x18, 0xA5, 0x14, 0x65, 0x12, 0x85, 0x14, 0xA5, 0x15, 0x65, 0x13, 0x85, 0x15, 0x68, 
   0x60, 0x8D, 0x06, 0x20, 0xC8, 0xB1, 0x00, 0x8D, 0x06, 0x20, 0xC8, 0xB1, 0x00, 0x0A, 0x48, 0xA5, 
   0x09, 0x09, 0x04, 0xB0, 0x02, 0x29, 0xFB, 0x8D, 0x00, 0x20, 0x85, 0x09, 0x68, 0x0A, 0x90, 0x03, 
   0x09, 0x02, 0xC8, 0x4A, 0x4A, 0xAA, 0xB0, 0x01, 0xC8, 0xB1, 0x00, 0x8D, 0x07, 0x20, 0xCA, 0xD0, 
   0xF5, 0x38, 0x98, 0x65, 0x00, 0x85, 0x00, 0xA9, 0x00, 0x65, 0x01, 0x85, 0x01, 0xAE, 0x02, 0x20, 
   0xA0, 0x00, 0xB1, 0x00, 0xD0, 0xBB, 0x48, 0xA5, 0x0B, 0x8D, 0x05, 0x20, 0xA5, 0x0C, 0x8D, 0x05, 
   0x20, 0x68, 0x60, 0xA9, 0x00, 0x85, 0x03, 0xA9, 0x02, 0x85, 0x04, 0xA4, 0x02, 0x88, 0xA6, 0x02, 
   0xB1, 0x00, 0x91, 0x03, 0x88, 0xCA, 0xD0, 0xF8, 0x60, 0xA9, 0x01, 0x85, 0x21, 0xA0, 0x00, 0xB1, 
   0x02, 0x29, 0x0F, 0x85, 0x05, 0xB1, 0x02, 0x4A, 0x4A, 0x4A, 0x4A, 0x85, 0x04, 0xAE, 0x90, 0x05, 
   0xA5, 0x01, 0x9D, 0x91, 0x05, 0x20, 0xA1, 0xCE, 0xA5, 0x00, 0x9D, 0x91, 0x05, 0x20, 0xA1, 0xCE, 
   0xA5, 0x05, 0x85, 0x06, 0x9D, 0x91, 0x05, 0x20, 0xA1, 0xCE, 0xC8, 0xB1, 0x02, 0x9D, 0x91, 0x05, 
   0xC6, 0x06, 0xD0, 0xF3, 0x20, 0xA1, 0xCE, 0x8E, 0x90, 0x05, 0x18, 0xA9, 0x20, 0x65, 0x00, 0x85, 
   0x00, 0xA9, 0x00, 0x65, 0x01, 0x85, 0x01, 0xC6, 0x04, 0xD0, 0xC5, 0xA9, 0x00, 0x9D, 0x91, 0x05, 
   0x60, 0xE8, 0x8A, 0xC9, 0x2F, 0x90, 0x0A, 0xAE, 0x90, 0x05, 0xA9, 0x00, 0x9D, 0x91, 0x05, 0x68, 
   0x68, 0x60, 0xA5, 0xB1, 0x29, 0xC0, 0xF0, 0x01, 0x60, 0xA5, 0xB1, 0x29, 0x03, 0xD0, 0x01, 0x60, 
   0xA4, 0xB4, 0xB9, 0xDD, 0xF4, 0xC9, 0xFF, 0xF0, 0x05, 0x85, 0xB6, 0xE6, 0xB4, 0x60, 0xC8, 0xB9, 
   0xDD, 0xF4, 0x85, 0xB4, 0x4C, 0xC0, 0xCE, 0xA9, 0x12, 0x85, 0xB6, 0xA9, 0x00, 0x85, 0xB4, 0x60, 
   0xA9, 0x60, 0x85, 0xA0, 0xA9, 0x03, 0x85, 0xA1, 0xA9, 0x20, 0x85, 0xA2, 0x85, 0x12, 0xA9, 0x00, 
   0x85, 0x13, 0xA9, 0x06, 0x85, 0x33, 0xA0, 0x00, 0xB1, 0xA0, 0xF0, 0x10, 0x20, 0xA2, 0xCB, 0xA5, 
   0x14, 0x85, 0xA0, 0xA5, 0x15, 0x85, 0xA1, 0xC6, 0x33, 0xD0, 0xEB, 0x60, 0xA4, 0x35, 0x84, 0x1F, 
   0xC8, 0xB1, 0x36, 0x85, 0x1E, 0x85, 0x1D, 0xC8, 0xB1, 0x36, 0xC9, 0xAA, 0xF0, 0x03, 0x85, 0x2E, 
   0x98, 0x85, 0x35, 0xA9, 0x7D, 0x85, 0x14, 0xA9, 0xF4, 0x85, 0x15, 0xA5, 0x1E, 0xF0, 0x07, 0x20, 
   0xD1, 0xCD, 0xC6, 0x1E, 0xD0, 0xF9, 0xA5, 0x33, 0x0A, 0x0A, 0x0A, 0x0A, 0x18, 0x69, 0x40, 0xAA, 
   0xA0, 0x00, 0xB1, 0x14, 0xC0, 0x0A, 0xD0, 0x01, 0x8A, 0x91, 0xA0, 0xC8, 0xC0, 0x20, 0xD0, 0xF2, 
   0xA5, 0x30, 0xF0, 0x04, 0xA9, 0x01, 0xD0, 0x18, 0xA5, 0x1F, 0xC9, 0x02, 0xD0, 0x07, 0xAD, 0xF5, 
   0x04, 0x49, 0x03, 0xD0, 0x0B, 0x20, 0x45, 0xD3, 0x29, 0x01, 0x18, 0x69, 0x01, 0x8D, 0xF5, 0x04, 
   0xA2, 0xF0, 0xC9, 0x01, 0xF0, 0x02, 0xA2, 0x10, 0xA0, 0x12, 0x91, 0xA0, 0x8A, 0xA0, 0x09, 0x91, 
   0xA0, 0xE6, 0x43, 0x60, 0xA5, 0x71, 0xD0, 0x1D, 0xA5, 0xC1, 0xD0, 0x19, 0xAD, 0xFF, 0x05, 0xD0, 
   0x14, 0xAD, 0xC5, 0x04, 0xD0, 0x0F, 0xA6, 0xBF, 0xA0, 0x01, 0xE0, 0x01, 0xF0, 0x02, 0xA0, 0x06, 
   0xB9, 0x74, 0x00, 0xF0, 0x01, 0x60, 0xA2, 0x00, 0xA5, 0xC9, 0xDD, 0x9F, 0xF5, 0xD0, 0x15, 0xA5, 
   0xCA, 0xE8, 0xDD, 0x9F, 0xF5, 0xD0, 0x0E, 0xE0, 0x08, 0x90, 0x26, 0xA2, 0x02, 0xA9, 0xE0, 0x85, 
   0x12, 0x4C, 0xE7, 0xCF, 0xE8, 0xE8, 0xE0, 0x10, 0x90, 0xDE, 0xA5, 0xCB, 0xC9, 0xFA, 0x90, 0x03, 
   0x4C, 0xFC, 0xD2, 0xA5, 0xC9, 0x29, 0x1F, 0xF0, 0xE2, 0xC9, 0x1F, 0xF0, 0x04, 0xA2, 0x03, 0xD0, 
   0x02, 0xA2, 0x01, 0xA9, 0xDF, 0x85, 0x12, 0xA5, 0xCB, 0xC9, 0xA0, 0xB0, 0xB8, 0xA9, 0xFF, 0x85, 
   0x13, 0xA5, 0xCA, 0x85, 0x15, 0xA5, 0xC9, 0x85, 0x14, 0xA9, 0x01, 0x99, 0x83, 0x00, 0xA5, 0xBE, 
   0x18, 0x69, 0x01, 0x99, 0x84, 0x00, 0xA5, 0xB9, 0x99, 0x85, 0x00, 0x20, 0xD1, 0xCD, 0xA5, 0xCB, 
   0x38, 0xE9, 0x93, 0x86, 0x00, 0x0A, 0x0A, 0x0A, 0x0A, 0x05, 0x00, 0x99, 0x74, 0x00, 0x88, 0xA9, 
   0x00, 0x99, 0x74, 0x00, 0xC8, 0xC8, 0x99, 0x74, 0x00, 0xC8, 0xA5, 0x14, 0x99, 0x74, 0x00, 0xC8, 
   0xA5, 0x15, 0x99, 0x74, 0x00, 0x60, 0xA5, 0xB8, 0xA0, 0x03, 0xC9, 0x50, 0x90, 0x0B, 0x88, 0xC9, 
   0x80, 0x90, 0x06, 0x88, 0xC9, 0xB0, 0x90, 0x01, 0x88, 0x84, 0xBE, 0x60, 0xA9, 0x01, 0x85, 0x21, 
   0xA6, 0x00, 0x20, 0x5C, 0xD0, 0xA5, 0x00, 0x4A, 0x4A, 0x4A, 0x4A, 0xAA, 0xE8, 0x8A, 0x29, 0x0F, 
   0xC9, 0x09, 0xB0, 0x6C, 0x0A, 0x0A, 0xA8, 0x85, 0x02, 0xAE, 0x90, 0x05, 0xB9, 0xB1, 0xF6, 0x9D, 
   0x91, 0x05, 0x20, 0xA1, 0xCE, 0xC8, 0xB9, 0xB1, 0xF6, 0x9D, 0x91, 0x05, 0x20, 0xA1, 0xCE, 0xC8, 
   0xB9, 0xB1, 0xF6, 0x29, 0x07, 0x9D, 0x91, 0x05, 0x85, 0x01, 0x8A, 0x38, 0x65, 0x01, 0x20, 0xA3, 
   0xCE, 0xAA, 0x8E, 0x90, 0x05, 0xA9, 0x00, 0x9D, 0x91, 0x05, 0xC8, 0xB9, 0xB1, 0xF6, 0x85, 0x03, 
   0xCA, 0xB9, 0x90, 0x00, 0x29, 0x0F, 0x9D, 0x91, 0x05, 0xC6, 0x01, 0xF0, 0x12, 0xCA, 0xB9, 0x90, 
   0x00, 0x29, 0xF0, 0x4A, 0x4A, 0x4A, 0x4A, 0x9D, 0x91, 0x05, 0x88, 0xC6, 0x01, 0xD0, 0xE1, 0xA5, 
   0x03, 0x29, 0x01, 0xF0, 0x0B, 0xA4, 0x02, 0x18, 0xB9, 0x90, 0x00, 0x69, 0x37, 0x9D, 0x91, 0x05, 
   0x60, 0x29, 0x07, 0x0A, 0x0A, 0xAA, 0xA5, 0x04, 0xF0, 0x27, 0xB5, 0x94, 0xF0, 0x27, 0x18, 0xB5, 
   0x97, 0x85, 0x03, 0xA5, 0x07, 0x20, 0x56, 0xD1, 0x95, 0x97, 0xB5, 0x96, 0x85, 0x03, 0xA5, 0x06, 
   0x20, 0x56, 0xD1, 0x95, 0x96, 0xB5, 0x95, 0x85, 0x03, 0xA5, 0x05, 0x20, 0x56, 0xD1, 0x95, 0x95, 
   0x60, 0xB5, 0x94, 0xF0, 0xD9, 0x38, 0xB5, 0x97, 0x85, 0x03, 0xA5, 0x07, 0x20, 0x77, 0xD1, 0x95, 
   0x97, 0xB5, 0x96, 0x85, 0x03, 0xA5, 0x06, 0x20, 0x77, 0xD1, 0x95, 0x96, 0xB5, 0x95, 0x85, 0x03, 
   0xA5, 0x05, 0x20, 0x77, 0xD1, 0x95, 0x95, 0xB5, 0x95, 0xD0, 0x08, 0xB5, 0x96, 0xD0, 0x04, 0xB5, 
   0x97, 0xF0, 0x06, 0xB0, 0x20, 0xB5, 0x94, 0x49, 0xFF, 0x95, 0x94, 0x38, 0xA9, 0x00, 0x85, 0x03, 
   0xB5, 0x97, 0x20, 0x77, 0xD1, 0x95, 0x97, 0xB5, 0x96, 0x20, 0x77, 0xD1, 0x95, 0x96, 0xB5, 0x95, 
   0x20, 0x77, 0xD1, 0x95, 0x95, 0x60, 0x20, 0x99, 0xD1, 0x65, 0x01, 0xC9, 0x0A, 0x90, 0x02, 0x69, 
   0x05, 0x18, 0x65, 0x02, 0x85, 0x02, 0xA5, 0x03, 0x29, 0xF0, 0x65, 0x02, 0x90, 0x04, 0x69, 0x5F, 
   0x38, 0x60, 0xC9, 0xA0, 0xB0, 0xF8, 0x60, 0x20, 0x99, 0xD1, 0xE5, 0x01, 0x85, 0x01, 0xB0, 0x0A, 
   0x69, 0x0A, 0x85, 0x01, 0xA5, 0x02, 0x69, 0x0F, 0x85, 0x02, 0xA5, 0x03, 0x29, 0xF0, 0x38, 0xE5, 
   0x02, 0xB0, 0x03, 0x69, 0xA0, 0x18, 0x05, 0x01, 0x60, 0x48, 0x29, 0x0F, 0x85, 0x01, 0x68, 0x29, 
   0xF0, 0x85, 0x02, 0xA5, 0x03, 0x29, 0x0F, 0x60, 0xA9, 0x00, 0x85, 0x04, 0x18, 0xA5, 0x00, 0x69, 
   0x10, 0x29, 0xF0, 0x4A, 0x4A, 0xA8, 0xA5, 0x00, 0x29, 0x07, 0x0A, 0x0A, 0xAA, 0xB9, 0x90, 0x00, 
   0xF0, 0x51, 0xB5, 0x94, 0xF0, 0x26, 0x38, 0xB9, 0x93, 0x00, 0x85, 0x03, 0xB5, 0x97, 0x20, 0x77, 
   0xD1, 0xB9, 0x92, 0x00, 0x85, 0x03, 0xB5, 0x96, 0x20, 0x77, 0xD1, 0xB9, 0x91, 0x00, 0x85, 0x03, 
   0xB5, 0x95, 0x20, 0x77, 0xD1, 0xB0, 0x30, 0xB9, 0x90, 0x00, 0xD0, 0x30, 0xA9, 0xFF, 0x85, 0x04, 
   0x38, 0x98, 0xD0, 0x1E, 0x90, 0x10, 0xB5, 0x94, 0x85, 0x90, 0xB5, 0x95, 0x85, 0x91, 0xB5, 0x96, 
   0x85, 0x92, 0xB5, 0x97, 0x85, 0x93, 0xA5, 0x00, 0x29, 0x08, 0xF0, 0x06, 0xCA, 0xCA, 0xCA, 0xCA, 
   0x10, 0xAB, 0x60, 0xB5, 0x94, 0xF0, 0xAF, 0xB9, 0x90, 0x00, 0xD0, 0xD0, 0x18, 0x90, 0xD2, 0xA5, 
   0x71, 0xD0, 0x11, 0xA5, 0x2F, 0x4A, 0xA0, 0x00, 0x90, 0x02, 0xA0, 0x05, 0x84, 0x05, 0xC8, 0xB9, 
   0x74, 0x00, 0xD0, 0x01, 0x60, 0x85, 0x10, 0x29, 0xF0, 0x85, 0x00, 0x4A, 0x4A, 0x4A, 0x18, 0x65, 
   0x00, 0x69, 0xA0, 0x85, 0x01, 0xC8, 0xB9, 0x74, 0x00, 0xAA, 0x18, 0x69, 0x01, 0x99, 0x74, 0x00, 
   0xBD, 0x40, 0xF8, 0xC9, 0xAA, 0xF0, 0x5D, 0x0A, 0x85, 0x00, 0x0A, 0x18, 0x65, 0x00, 0x65, 0x01, 
   0x85, 0x11, 0xA5, 0x10, 0x29, 0x0F, 0xC9, 0x01, 0xD0, 0x04, 0xA9, 0xD8, 0xD0, 0x06, 0xC9, 0x02, 
   0xD0, 0x06, 0xA9, 0x6C, 0xA2, 0x22, 0xD0, 0x04, 0xA9, 0xFC, 0xA2, 0x23, 0x8E, 0x40, 0x05, 0x85, 
   0x10, 0xA9, 0x00, 0x85, 0x07, 0xA2, 0x00, 0x06, 0x10, 0x90, 0x09, 0xA5, 0x07, 0x18, 0x65, 0x11, 
   0x9D, 0x41, 0x05, 0xE8, 0xE6, 0x07, 0xA5, 0x07, 0xC9, 0x06, 0xD0, 0xEB, 0xC8, 0xB9, 0x74, 0x00, 
   0x85, 0x00, 0xC8, 0xB9, 0x74, 0x00, 0x85, 0x01, 0xA9, 0x40, 0x85, 0x02, 0xA9, 0x05, 0x85, 0x03, 
   0x20, 0x49, 0xCE, 0x60, 0xA9, 0x00, 0x99, 0x84, 0x00, 0xA5, 0x10, 0x4A, 0x4A, 0x4A, 0x4A, 0x18, 
   0x69, 0x93, 0xAA, 0xA9, 0x24, 0x8D, 0x41, 0x05, 0x8D, 0x42, 0x05, 0x8D, 0x43, 0x05, 0xA5, 0x10, 
   0x29, 0x0F, 0xC9, 0x03, 0xD0, 0x0E, 0x8A, 0x8D, 0x44, 0x05, 0x8D, 0x45, 0x05, 0x8D, 0x46, 0x05, 
   0xA9, 0x23, 0xD0, 0x09, 0x8A, 0x8D, 0x43, 0x05, 0x8D, 0x44, 0x05, 0xA9, 0x22, 0x8D, 0x40, 0x05, 
   0xA4, 0x05, 0xC8, 0xA9, 0x00, 0x99, 0x74, 0x00, 0xC8, 0x4C, 0x9C, 0xD2, 0xA5, 0x70, 0xD0, 0x01, 
   0x60, 0xA5, 0x71, 0xF0, 0x01, 0x60, 0xA9, 0x0F, 0x85, 0x71, 0xA5, 0xBF, 0x85, 0x72, 0xA9, 0x00, 
   0x85, 0x2C, 0xC6, 0x70, 0x20, 0xB0, 0xD5, 0xA5, 0xFF, 0x09, 0x02, 0x85, 0xFF, 0x60, 0xA5, 0x71, 
   0xD0, 0x01, 0x60, 0xA5, 0x2C, 0xF0, 0x01, 0x60, 0xA9, 0x01, 0x85, 0x2C, 0xC6, 0x71, 0xA0, 0x01, 
   0xA5, 0x71, 0xC9, 0x08, 0x90, 0x06, 0xA0, 0xFF, 0x09, 0xF0, 0x49, 0xFF, 0x18, 0x65, 0x0D, 0x85, 
   0x0C, 0x8C, 0xF9, 0x05, 0x60, 0xAD, 0x00, 0x05, 0x29, 0x02, 0x85, 0x07, 0xAD, 0x01, 0x05, 0x29, 
   0x02, 0x45, 0x07, 0x18, 0xF0, 0x01, 0x38, 0x6E, 0x00, 0x05, 0x6E, 0x01, 0x05, 0x6E, 0x02, 0x05, 
   0x6E, 0x03, 0x05, 0xAD, 0x00, 0x05, 0x60, 0xA5, 0x2D, 0xD0, 0x59, 0xA9, 0x00, 0x85, 0x31, 0x85, 
   0x41, 0xA9, 0x03, 0x85, 0x70, 0xA2, 0x02, 0xA0, 0x00, 0x86, 0x48, 0x84, 0x4A, 0x84, 0xAD, 0xA5, 
   0x30, 0xF0, 0x07, 0xA9, 0x55, 0x85, 0x31, 0x4C, 0x9A, 0xD3, 0xA5, 0x29, 0xC9, 0x02, 0xB0, 0x0A, 
   0x84, 0x4C, 0x84, 0x9E, 0xA0, 0xFF, 0xA9, 0x00, 0xF0, 0x04, 0x86, 0x4C, 0xA9, 0x02, 0x84, 0x4E, 
   0x84, 0xAE, 0x85, 0x39, 0xA9, 0x00, 0x85, 0x49, 0x85, 0x4D, 0xA2, 0x07, 0x95, 0x94, 0xCA, 0x10, 
   0xFB, 0xA0, 0x00, 0xA5, 0x29, 0xF0, 0x05, 0xC9, 0x02, 0xF0, 0x01, 0xC8, 0x84, 0x3A, 0xA9, 0x01, 
   0x85, 0x3F, 0xE6, 0x40, 0x60, 0xA5, 0x2D, 0xD0, 0xFB, 0xA9, 0x00, 0x85, 0x49, 0x85, 0x4D, 0x85, 
   0x51, 0x85, 0x46, 0x8D, 0xFB, 0x05, 0x8D, 0xFC, 0x05, 0x85, 0x43, 0x85, 0x44, 0x85, 0x45, 0x85, 
   0x46, 0xA2, 0x03, 0x95, 0xFC, 0xCA, 0x10, 0xFB, 0xA5, 0x30, 0xD0, 0x26, 0x20, 0x2C, 0xD6, 0x20, 
   0x03, 0xD6, 0x20, 0x09, 0xD6, 0xA5, 0x41, 0xC9, 0x01, 0xD0, 0x0F, 0xA9, 0x08, 0x85, 0x40, 0xA9, 
   0x18, 0x85, 0x2D, 0xA9, 0x01, 0x85, 0xFD, 0x4C, 0x5A, 0xE1, 0xA9, 0x02, 0x85, 0xFD, 0xA9, 0x0C, 
   0x85, 0x2D, 0xE6, 0x40, 0xD0, 0xF1, 0x20, 0x4F, 0xE1, 0x20, 0x3D, 0xCA, 0x20, 0x48, 0xCA, 0x20, 
   0x25, 0xD5, 0x20, 0x3A, 0xD6, 0xE6, 0x40, 0x60, 0x20, 0x4F, 0xE1, 0x20, 0x3D, 0xCA, 0x20, 0x48, 
   0xCA, 0xA2, 0xDE, 0xA0, 0xF0, 0x20, 0xF2, 0xD5, 0xA9, 0x02, 0x85, 0x3F, 0xA9, 0x01, 0x85, 0x28, 
   0xA9, 0xAD, 0x85, 0x00, 0xA9, 0xF6, 0x85, 0x01, 0xA9, 0x04, 0x85, 0x02, 0x20, 0x33, 0xCE, 0xE6, 
   0x50, 0xA4, 0x52, 0xD0, 0x08, 0xA0, 0x02, 0x84, 0x52, 0xA9, 0x4F, 0xD0, 0x04, 0xC6, 0x52, 0xA9, 
   0x25, 0x85, 0x2D, 0xD0, 0xA2, 0xA5, 0x2D, 0xD0, 0x04, 0xA9, 0x00, 0x85, 0x50, 0x60, 0xA5, 0x2D, 
   0xD0, 0x04, 0xA9, 0x04, 0xD0, 0x21, 0x4C, 0x14, 0xE2, 0xA5, 0x2B, 0xF0, 0x0F, 0xC9, 0x0A, 0xD0, 
   0x18, 0xA5, 0x0A, 0x09, 0x10, 0x8D, 0x01, 0x20, 0x85, 0x0A, 0xD0, 0x0D, 0xA2, 0x05, 0xB5, 0x5A, 
   0x95, 0x2A, 0xCA, 0x10, 0xF9, 0xA5, 0x3B, 0x85, 0x40, 0x60, 0xA4, 0x2D, 0xF0, 0x0D, 0xC0, 0x4B, 
   0xD0, 0x08, 0xA9, 0x80, 0x85, 0xFD, 0xA0, 0x48, 0x84, 0x2D, 0x60, 0xE6, 0x50, 0x60, 0xE6, 0x50, 
   0x4C, 0x67, 0xD3, 0xE6, 0x50, 0x4C, 0x67, 0xE1, 0xE6, 0x50, 0x4C, 0x16, 0xD4, 0xE6, 0x50, 0xA9, 
   0x00, 0x85, 0x55, 0x85, 0x56, 0x85, 0x57, 0x85, 0x58, 0x4C, 0xC5, 0xD3, 0xA4, 0x56, 0xD0, 0x17, 
   0xA6, 0x55, 0xBD, 0x47, 0xF8, 0xC9, 0xAA, 0xF0, 0x3C, 0x85, 0x19, 0xE8, 0xBD, 0x47, 0xF8, 0x85, 
   0x56, 0xE8, 0x86, 0x55, 0x4C, 0xF1, 0xD4, 0x88, 0x84, 0x56, 0xAD, 0x10, 0x03, 0x29, 0x03, 0x85, 
   0x19, 0xA4, 0x58, 0xD0, 0x13, 0xA6, 0x57, 0xBD, 0x78, 0xF8, 0x85, 0x1B, 0xE8, 0xBD, 0x78, 0xF8, 
   0x85, 0x58, 0xE8, 0x86, 0x57, 0x4C, 0x12, 0xD5, 0x88, 0x84, 0x58, 0xAD, 0x30, 0x03, 0x29, 0x03, 
   0x85, 0x1B, 0x4C, 0xA3, 0xC5, 0xA9, 0x05, 0x85, 0x2D, 0xE6, 0x50, 0xA9, 0x00, 0xA2, 0x03, 0x95, 
   0xFC, 0xCA, 0x10, 0xFB, 0x60, 0x20, 0x58, 0xCA, 0xA5, 0x32, 0x18, 0x69, 0x93, 0x85, 0x07, 0xA2, 
   0x00, 0xA0, 0x00, 0x84, 0x1C, 0xA9, 0x03, 0x85, 0x02, 0xB9, 0x20, 0xF2, 0x9D, 0x40, 0x05, 0xC8, 
   0xE8, 0xC6, 0x02, 0xD0, 0xF4, 0xA5, 0x1C, 0xF0, 0x0E, 0xA9, 0x92, 0x9D, 0x40, 0x05, 0xE8, 0xA5, 
   0x1C, 0xC9, 0x02, 0xF0, 0x17, 0xD0, 0x10, 0xB9, 0x20, 0xF2, 0x85, 0x00, 0xA5, 0x07, 0x9D, 0x40, 
   0x05, 0xE8, 0xA5, 0x00, 0xD0, 0xCF, 0xC8, 0xE6, 0x1C, 0x4C, 0x35, 0xD5, 0xA9, 0x00, 0x9D, 0x40, 
   0x05, 0xA2, 0x40, 0xA0, 0x05, 0x20, 0xF2, 0xD5, 0x20, 0xA9, 0xD5, 0x20, 0xB0, 0xD5, 0x20, 0xDB, 
   0xD5, 0xA9, 0x00, 0xA2, 0x09, 0x95, 0x74, 0xCA, 0x10, 0xFB, 0x60, 0xA5, 0x35, 0xC9, 0xAA, 0xF0, 
   0x17, 0xC9, 0xBB, 0xF0, 0x13, 0xA5, 0x2E, 0xD0, 0x0F, 0xA5, 0x41, 0xC9, 0x02, 0xF0, 0x06, 0xA5, 
   0x45, 0xC9, 0x04, 0xB0, 0x03, 0x20, 0xE0, 0xCE, 0x60, 0xA2, 0x20, 0xA0, 0xF5, 0x4C, 0xF2, 0xD5, 
   0xA5, 0x70, 0x0A, 0x0A, 0x18, 0x65, 0x70, 0x85, 0x12, 0xA9, 0x00, 0x85, 0x13, 0xA9, 0x8B, 0x85, 
   0x14, 0xA9, 0xF5, 0x85, 0x15, 0x20, 0xD1, 0xCD, 0xA9, 0xAF, 0x85, 0x00, 0xA9, 0x22, 0x85, 0x01, 
   0xA5, 0x14, 0x85, 0x02, 0xA5, 0x15, 0x85, 0x03, 0x4C, 0x49, 0xCE, 0xA2, 0x84, 0xA0, 0xF6, 0x20, 
   0xF2, 0xD5, 0xA9, 0x01, 0x85, 0x9D, 0xA5, 0x39, 0xF0, 0x18, 0xA9, 0x01, 0x85, 0x9E, 0xA2, 0x8F, 
   0xA0, 0xF6, 0x86, 0x00, 0x84, 0x01, 0x4C, 0x1D, 0xCE, 0xA9, 0x00, 0x85, 0x23, 0xEA, 0xA5, 0x23, 
   0xF0, 0xFC, 0x60, 0xA6, 0x48, 0xA0, 0xD0, 0xD0, 0x04, 0xA6, 0x4C, 0xA0, 0xDC, 0xA5, 0x30, 0xD0, 
   0x15, 0xA9, 0x03, 0x85, 0x1E, 0xA9, 0x20, 0xE8, 0xCA, 0xF0, 0x0C, 0x99, 0x00, 0x02, 0xC8, 0xC8, 
   0xC8, 0xC8, 0xC6, 0x1E, 0xD0, 0xF2, 0x60, 0xA9, 0xF4, 0xE8, 0xD0, 0xEF, 0xA0, 0x00, 0xB9, 0x95, 
   0xF6, 0x99, 0xD0, 0x02, 0xC8, 0xC0, 0x18, 0xD0, 0xF5, 0x60, 0xA5, 0x30, 0xD0, 0x5D, 0xA9, 0x24, 
   0x85, 0x01, 0xA2, 0x00, 0xA5, 0x41, 0x29, 0xF0, 0xF0, 0x07, 0x4A, 0x4A, 0x4A, 0x4A, 0x95, 0x00, 
   0xE8, 0xA5, 0x41, 0x29, 0x0F, 0x95, 0x00, 0xA0, 0x12, 0xB9, 0x46, 0xF7, 0x99, 0x40, 0x05, 0x88, 
   0x10, 0xF7, 0xA5, 0x00, 0x8D, 0x49, 0x05, 0x8D, 0x50, 0x05, 0xA5, 0x01, 0x8D, 0x4A, 0x05, 0x8D, 
   0x51, 0x05, 0xA9, 0xFF, 0x8D, 0xF1, 0x04, 0xA2, 0x40, 0xA0, 0x05, 0x20, 0xF2, 0xD5, 0xAD, 0xB0, 
   0x04, 0xF0, 0x18, 0xA9, 0xF0, 0x8D, 0xF0, 0x04, 0xA2, 0x59, 0xA0, 0xF7, 0x4C, 0xF2, 0xD5, 0xA9, 
   0x01, 0x85, 0x03, 0x18, 0xA5, 0x41, 0x20, 0x56, 0xD1, 0x85, 0x41, 0x60, 0xA0, 0x1F, 0xA2, 0x1F, 
   0xA5, 0x4E, 0xD0, 0x08, 0xA2, 0x3F, 0xA5, 0x4A, 0xD0, 0x02, 0xA0, 0x3F, 0xBD, 0x25, 0xF3, 0x9D, 
   0x00, 0x03, 0xCA, 0x88, 0x10, 0xF6, 0x60, 0xA9, 0xE5, 0x85, 0x14, 0xA9, 0xF3, 0x85, 0x15, 0xA5, 
   0x34, 0x20, 0x46, 0xCC, 0xA5, 0x12, 0x85, 0x36, 0xA5, 0x13, 0x85, 0x37, 0xA9, 0x00, 0x85, 0x35, 
   0xA0, 0x00, 0xB1, 0x36, 0x85, 0x2E, 0x60, 0xA5, 0xBF, 0x29, 0x0F, 0xD0, 0x50, 0xA5, 0xBF, 0xA2, 
   0xAF, 0xA0, 0xF5, 0xC9, 0x10, 0xF0, 0x1C, 0xA2, 0xB7, 0xA0, 0xF5, 0xC9, 0x20, 0xF0, 0x14, 0xA2, 
   0xC1, 0xA0, 0xF5, 0xC9, 0x30, 0xF0, 0x0C, 0xA2, 0xC9, 0xA0, 0xF5, 0xC9, 0x80, 0xF0, 0x04, 0xA2, 
   0xCF, 0xA0, 0xF5, 0x86, 0x06, 0x84, 0x07, 0xA5, 0xC0, 0xD0, 0x03, 0x4C, 0x59, 0xD7, 0x29, 0x0F, 
   0xC9, 0x02, 0xD0, 0x03, 0x4C, 0xDF, 0xD7, 0xC9, 0x03, 0xD0, 0x03, 0x4C, 0x2B, 0xD8, 0xC9, 0x05, 
   0xD0, 0x03, 0x4C, 0x72, 0xD8, 0xC9, 0x06, 0xD0, 0x03, 0x4C, 0xA2, 0xD8, 0x60, 0xA5, 0xB1, 0x29, 
   0xC0, 0xD0, 0xF9, 0x20, 0x2A, 0xD9, 0xC9, 0x02, 0xD0, 0xF2, 0xA5, 0x00, 0x85, 0xC1, 0xA5, 0xB1, 
   0x09, 0x80, 0x85, 0xB1, 0xA9, 0xD8, 0x85, 0xBC, 0xA9, 0xF5, 0x85, 0xBD, 0xA5, 0xB1, 0x29, 0x08, 
   0xF0, 0xDA, 0xA9, 0x00, 0x85, 0xBB, 0x4C, 0x90, 0xC8, 0x20, 0x2A, 0xD9, 0xC9, 0x02, 0xF0, 0x01, 
   0x60, 0xA5, 0xBF, 0xC9, 0x20, 0xD0, 0x1D, 0xA5, 0xB4, 0xC9, 0x1A, 0x90, 0x03, 0x4C, 0x94, 0xD8, 
   0xA9, 0x1A, 0x85, 0xB4, 0xE6, 0xC4, 0x20, 0xD6, 0xCA, 0xAD, 0xF8, 0x05, 0x29, 0x03, 0x85, 0xC1, 
   0xA9, 0x04, 0xD0, 0x30, 0xC9, 0x40, 0xF0, 0x14, 0xC9, 0x80, 0xD0, 0x23, 0xA5, 0xFE, 0x09, 0x01, 
   0x85, 0xFE, 0xA9, 0xF4, 0x8D, 0xB0, 0x02, 0x8D, 0xB4, 0x02, 0xD0, 0x06, 0xA5, 0xFE, 0x09, 0x02, 
   0x85, 0xFE, 0xA5, 0x9F, 0x85, 0xCC, 0xA0, 0x04, 0x20, 0xE1, 0xDF, 0xA9, 0x06, 0xD0, 0x05, 0x20, 
   0xBB, 0xEE, 0xA9, 0x01, 0x05, 0x00, 0x85, 0xC0, 0xA0, 0x04, 0x20, 0xFD, 0xD9, 0xA5, 0xB1, 0x29, 
   0x3F, 0x09, 0x80, 0x85, 0xB1, 0xA0, 0x00, 0xB1, 0x06, 0x85, 0xBC, 0xC8, 0xB1, 0x06, 0x85, 0xBD, 
   0xA5, 0xC0, 0x29, 0x0F, 0xC9, 0x01, 0xD0, 0x06, 0xA5, 0xFF, 0x09, 0x10, 0x85, 0xFF, 0x60, 0x20, 
   0x2A, 0xD9, 0xC9, 0x01, 0xF0, 0x05, 0xC9, 0x02, 0xF0, 0x17, 0x60, 0x20, 0xE8, 0xC9, 0xA9, 0x03, 
   0x85, 0xC0, 0xA5, 0xB1, 0x29, 0xBF, 0x85, 0xB1, 0xA0, 0x02, 0x4C, 0xC7, 0xD7, 0xA9, 0x00, 0x85, 
   0xB3, 0x20, 0x07, 0xDA, 0xA9, 0x00, 0x85, 0xB3, 0xA5, 0xBF, 0xC9, 0x20, 0xD0, 0x0D, 0xA9, 0x10, 
   0x85, 0xB4, 0xA5, 0xC4, 0xF0, 0x05, 0xC6, 0xC4, 0x20, 0xD6, 0xCA, 0xA0, 0x06, 0x20, 0xBA, 0xD7, 
   0xA5, 0xC0, 0x09, 0x0F, 0x05, 0x00, 0x85, 0xC0, 0x4C, 0x6E, 0xD8, 0x20, 0x2A, 0xD9, 0xC9, 0x02, 
   0xF0, 0xCB, 0x20, 0x08, 0xCB, 0x20, 0xBD, 0xCC, 0xC9, 0xFF, 0xF0, 0x12, 0xC9, 0x00, 0xD0, 0x06, 
   0x20, 0xE2, 0xD9, 0x20, 0xBD, 0xCC, 0x85, 0xB6, 0x20, 0xBD, 0xCC, 0x85, 0xB3, 0x60, 0xE6, 0xC4, 
   0x20, 0xD6, 0xCA, 0xA9, 0x00, 0x85, 0xB3, 0x85, 0xC0, 0xA0, 0x06, 0x20, 0xFD, 0xD9, 0xA5, 0xBF, 
   0xC9, 0x30, 0xF0, 0x0A, 0xC9, 0x20, 0xD0, 0x04, 0xA9, 0x10, 0x85, 0xB4, 0xE6, 0xBB, 0x20, 0xD3, 
   0xD9, 0x60, 0x20, 0x2A, 0xD9, 0xC9, 0x01, 0xF0, 0x05, 0xC9, 0x02, 0xF0, 0x11, 0x60, 0x20, 0xE8, 
   0xC9, 0xA5, 0xB1, 0x29, 0xFC, 0x05, 0xC1, 0x85, 0xB1, 0xA9, 0x00, 0x85, 0xC0, 0x60, 0xA5, 0xB1, 
   0x29, 0xBF, 0x85, 0xB1, 0x20, 0xBB, 0xEE, 0xA9, 0x01, 0x05, 0x00, 0x85, 0xC0, 0xA0, 0x08, 0x4C, 
   0xBA, 0xD7, 0x20, 0xBD, 0xCC, 0xC9, 0xEE, 0xF0, 0x35, 0xC9, 0xDD, 0xF0, 0x1F, 0xC9, 0xCC, 0xF0, 
   0x0A, 0xA4, 0x51, 0xD0, 0x05, 0x18, 0x65, 0xB8, 0x85, 0xB8, 0x60, 0x20, 0xBD, 0xCC, 0x85, 0xB5, 
   0xC9, 0x05, 0xD0, 0xDE, 0xA0, 0x04, 0x20, 0xE1, 0xDF, 0x4C, 0xA2, 0xD8, 0x20, 0xBD, 0xCC, 0x85, 
   0xB6, 0xC9, 0x4D, 0xD0, 0x08, 0xA5, 0x51, 0xD0, 0x48, 0xA9, 0x02, 0x85, 0xB7, 0x60, 0xAD, 0xB0, 
   0x04, 0xD0, 0x3E, 0xA5, 0x51, 0xD0, 0x3A, 0xA5, 0xB8, 0x18, 0x69, 0x0B, 0xAA, 0xA4, 0xB9, 0xA5, 
   0xCC, 0x85, 0x11, 0xA5, 0xBF, 0xC9, 0x80, 0xF0, 0x09, 0xA9, 0x00, 0x20, 0x1C, 0xEF, 0xA0, 0x08, 
   0xD0, 0x0C, 0xA9, 0x05, 0x20, 0x1C, 0xEF, 0xA9, 0x00, 0x8D, 0xC1, 0x04, 0xA0, 0x05, 0x84, 0x00, 
   0xA6, 0xCC, 0xA9, 0x01, 0x95, 0x9D, 0x8A, 0x09, 0x08, 0x85, 0x01, 0x20, 0xA0, 0xDE, 0x4C, 0xDB, 
   0xEC, 0xA9, 0x00, 0x85, 0xB0, 0xA0, 0x04, 0x4C, 0xE1, 0xDF, 0xA5, 0xBF, 0x29, 0x0F, 0xD0, 0x07, 
   0xA5, 0xC2, 0xF0, 0x03, 0xA9, 0x00, 0x60, 0xA5, 0x71, 0xD0, 0x6A, 0xA5, 0xCD, 0x20, 0xC1, 0xCA, 
   0xC9, 0x02, 0xF0, 0x01, 0x60, 0xA6, 0xBE, 0xA4, 0xB9, 0x20, 0xA0, 0xEC, 0x20, 0xAD, 0xD9, 0xA5, 
   0x00, 0xC9, 0x30, 0xF0, 0x30, 0x4A, 0x4A, 0x4A, 0x4A, 0x85, 0x1E, 0xA5, 0xB1, 0x8D, 0xF8, 0x05, 
   0x29, 0xFC, 0x05, 0x1E, 0x85, 0xB1, 0xA5, 0xBF, 0x29, 0xF0, 0xF0, 0x16, 0xA4, 0xC8, 0xF0, 0x12, 
   0xC9, 0x30, 0xF0, 0x0A, 0xA0, 0x03, 0xC9, 0x20, 0xF0, 0x02, 0xA0, 0x06, 0x84, 0xB5, 0xA9, 0x00, 
   0x85, 0xC8, 0xA9, 0x02, 0x60, 0xA5, 0xBF, 0x29, 0x0F, 0xD0, 0xDB, 0xA5, 0xB1, 0x29, 0x03, 0xF0, 
   0xC8, 0x49, 0x03, 0x4C, 0x59, 0xD9, 0xA5, 0xCD, 0x20, 0xC1, 0xCA, 0xC9, 0x00, 0xF0, 0xA5, 0xA9, 
   0x30, 0x85, 0x00, 0xD0, 0xAA, 0xA4, 0x72, 0x88, 0x84, 0x9F, 0x4C, 0x96, 0xD9, 0xA5, 0x32, 0x0A, 
   0x85, 0x00, 0x0A, 0x0A, 0x0A, 0x18, 0x65, 0x00, 0x69, 0xA0, 0xA0, 0x03, 0x88, 0xC5, 0xCD, 0xF0, 
   0x09, 0x18, 0x69, 0x01, 0xC0, 0x00, 0xD0, 0xF4, 0xF0, 0xF0, 0xB9, 0xD0, 0xD9, 0x85, 0x00, 0x60, 
   0x10, 0x30, 0x20, 0x48, 0xA4, 0xBB, 0xB9, 0x5C, 0xF6, 0xC9, 0xFF, 0xD0, 0x14, 0xC6, 0xBB, 0x4C, 
   0xD4, 0xD9, 0x48, 0xA4, 0xBB, 0xC8, 0xB9, 0x5C, 0xF6, 0xC9, 0xFF, 0xD0, 0x04, 0x88, 0x4C, 0xE6, 
   0xD9, 0x85, 0x1E, 0xA5, 0xB7, 0x29, 0xE0, 0x05, 0x1E, 0x85, 0xB7, 0x68, 0x60, 0xB1, 0x06, 0x85, 
   0xB6, 0xC8, 0xB1, 0x06, 0x85, 0xB5, 0x60, 0xA5, 0xB1, 0xA0, 0x40, 0x4A, 0xB0, 0x02, 0xA0, 0x00, 
   0x84, 0x1E, 0xA5, 0xB7, 0x29, 0xBF, 0x05, 0x1E, 0x85, 0xB7, 0x60, 0xA4, 0xB9, 0xA5, 0xC2, 0xD0, 
   0x5D, 0xA5, 0xBE, 0xF0, 0x01, 0x60, 0xA5, 0xBF, 0xC9, 0x30, 0xD0, 0x23, 0xA5, 0xB1, 0x29, 0xC0, 
   0xD0, 0x09, 0xA5, 0xB1, 0x4A, 0xB0, 0x05, 0xC0, 0x40, 0x90, 0x06, 0x60, 0xC0, 0xC0, 0xB0, 0x01, 
   0x60, 0xA5, 0xB1, 0x09, 0x80, 0x85, 0xB1, 0xA9, 0x71, 0xA0, 0xF6, 0xA2, 0x03, 0xD0, 0x14, 0xA5, 
   0xB1, 0x4A, 0xB0, 0x05, 0xC0, 0x28, 0x90, 0x05, 0x60, 0xC0, 0xD8, 0x90, 0xFB, 0xA9, 0x67, 0xA0, 
   0xF6, 0xA2, 0x02, 0x85, 0xBC, 0x84, 0xBD, 0xA5, 0xB1, 0x29, 0x03, 0x85, 0xC2, 0xA5, 0xB7, 0x09, 
   0x20, 0x85, 0xB7, 0x86, 0xB2, 0xA9, 0x01, 0x85, 0xC5, 0xA9, 0x00, 0x85, 0xC7, 0x60, 0x10, 0x42, 
   0x4A, 0x90, 0x0F, 0xC0, 0x38, 0xB0, 0x03, 0x4C, 0x3B, 0xDB, 0xA9, 0x00, 0x8D, 0xFB, 0x05, 0x4C, 
   0x9B, 0xDA, 0xC0, 0xC8, 0xB0, 0xF1, 0xA9, 0x00, 0x8D, 0xFC, 0x05, 0x20, 0x51, 0xDB, 0x20, 0xD6, 
   0xCA, 0xA5, 0xB7, 0x29, 0xDF, 0x85, 0xB7, 0xA9, 0x00, 0x85, 0xC2, 0xA5, 0xBF, 0xC9, 0x30, 0xD0, 
   0x2C, 0xA9, 0xA8, 0xA0, 0xF3, 0x85, 0xBC, 0x84, 0xBD, 0xA5, 0xB1, 0x29, 0x3F, 0x09, 0x40, 0x85, 
   0xB1, 0x60, 0x20, 0x3B, 0xDB, 0x20, 0xBD, 0xCC, 0xC9, 0xAA, 0xF0, 0x12, 0xA8, 0xA5, 0xBF, 0xC9, 
   0x30, 0xD0, 0x04, 0xA5, 0xB3, 0xD0, 0x06, 0x98, 0x18, 0x65, 0xB8, 0x85, 0xB8, 0x60, 0xA4, 0xB9, 
   0xA5, 0xC2, 0x4A, 0xB0, 0x1B, 0xC0, 0x18, 0xB0, 0xF4, 0xA9, 0x10, 0x85, 0xB9, 0xAD, 0xFB, 0x05, 
   0xD0, 0x44, 0x20, 0xF0, 0xDF, 0xA9, 0x01, 0x8D, 0xFB, 0x05, 0xA9, 0x28, 0xA0, 0x01, 0xD0, 0x19, 
   0xC0, 0xE8, 0x90, 0xD9, 0xA9, 0xF0, 0x85, 0xB9, 0xAD, 0xFC, 0x05, 0xD0, 0x29, 0x20, 0xF0, 0xDF, 
   0xA9, 0x01, 0x8D, 0xFC, 0x05, 0xA9, 0xD8, 0xA0, 0x02, 0x85, 0xB9, 0x84, 0xB1, 0xA9, 0x2C, 0x85, 
   0xB8, 0x98, 0x09, 0x80, 0x85, 0xC2, 0xA9, 0x03, 0x85, 0xB2, 0xA5, 0xBF, 0xC9, 0x30, 0xD0, 0x05, 
   0x98, 0x09, 0x80, 0x85, 0xB1, 0x60, 0xA9, 0xF4, 0x85, 0xB8, 0x60, 0x48, 0xA5, 0x71, 0xF0, 0x08, 
   0xAD, 0xF9, 0x05, 0x18, 0x65, 0xB8, 0x85, 0xB8, 0x68, 0x60, 0xA5, 0xC6, 0xF0, 0x02, 0xC6, 0xC6, 
   0x60, 0xA5, 0xBF, 0xA2, 0x10, 0xC9, 0x10, 0xF0, 0x0E, 0xA2, 0x20, 0xC9, 0x20, 0xF0, 0x08, 0xA2, 
   0x40, 0xC9, 0x30, 0xF0, 0x02, 0xA2, 0x08, 0x86, 0x1E, 0xA5, 0xFE, 0x05, 0x1E, 0x85, 0xFE, 0x60, 
   0xA4, 0x33, 0x88, 0xF0, 0xDB, 0x84, 0x11, 0xA5, 0x2F, 0x29, 0x01, 0xD0, 0x0B, 0xC0, 0x03, 0xF0, 
   0x06, 0xC0, 0x04, 0xF0, 0x02, 0xD0, 0x09, 0x60, 0xC0, 0x03, 0xF0, 0x04, 0xC0, 0x04, 0xD0, 0xF7, 
   0xA5, 0xA0, 0x85, 0x14, 0xA5, 0xA1, 0x85, 0x15, 0xA5, 0xA2, 0x18, 0x69, 0x20, 0x85, 0x12, 0xA9, 
   0x00, 0x85, 0x13, 0x20, 0xD1, 0xCD, 0xA0, 0x05, 0xA2, 0x07, 0x20, 0x4A, 0xC4, 0x29, 0x0F, 0xF0, 
   0xD6, 0x85, 0x1F, 0x49, 0x03, 0x85, 0x1E, 0xA5, 0xC0, 0x05, 0xC2, 0x05, 0xC8, 0xD0, 0x24, 0xA5, 
   0xBF, 0xC9, 0x80, 0xD0, 0x04, 0xA5, 0xC1, 0xD0, 0x1A, 0xA0, 0x19, 0xB1, 0x14, 0xD0, 0x4C, 0xA5, 
   0xB1, 0x29, 0x03, 0xC5, 0x1E, 0xF0, 0x0C, 0xA5, 0xB1, 0x29, 0xFC, 0x05, 0x1E, 0x85, 0xB1, 0xA9, 
   0x01, 0x85, 0xC8, 0xA0, 0x10, 0xB1, 0x14, 0xA0, 0x12, 0x11, 0x14, 0xA0, 0x18, 0x11, 0x14, 0xD0, 
   0x2A, 0xA0, 0x0F, 0xB1, 0x14, 0xC9, 0x80, 0xD0, 0x06, 0xA0, 0x11, 0xB1, 0x14, 0xD0, 0x1C, 0xA5, 
   0xC9, 0xD0, 0x18, 0xA0, 0x01, 0xB1, 0x14, 0x29, 0x03, 0xC5, 0x1F, 0xF0, 0x0E, 0xB1, 0x14, 0x29, 
   0xFC, 0x05, 0x1F, 0x91, 0x14, 0xA0, 0x18, 0xA9, 0x01, 0x91, 0x14, 0x60, 0xA5, 0xB3, 0xD0, 0xFB, 
   0xA6, 0xC8, 0xF0, 0xF7, 0xA5, 0xB1, 0x29, 0xC0, 0xD0, 0xF1, 0xA5, 0xBF, 0xC9, 0x30, 0xF0, 0x42, 
   0xA0, 0x09, 0xC9, 0x20, 0xF0, 0x06, 0xA0, 0x00, 0xC9, 0x10, 0xD0, 0x31, 0xCA, 0x8A, 0x84, 0x1E, 
   0x18, 0x65, 0x1E, 0xA8, 0xB9, 0x4A, 0xF6, 0xC9, 0x01, 0xF0, 0x0D, 0xC9, 0xFF, 0xF0, 0x12, 0x85, 
   0xB6, 0xA9, 0x05, 0x85, 0xB5, 0xE6, 0xC8, 0x60, 0xA5, 0xB7, 0x49, 0x40, 0x85, 0xB7, 0x4C, 0x55, 
   0xDC, 0xA5, 0xBF, 0xA0, 0x03, 0xC9, 0x20, 0xF0, 0x02, 0xA0, 0x06, 0x84, 0xB5, 0xA9, 0x00, 0x85, 
   0xC8, 0x60, 0xE0, 0x01, 0xD0, 0x15, 0xA9, 0xA8, 0x85, 0xBC, 0xA9, 0xF3, 0x85, 0xBD, 0xA5, 0xB1, 
   0x29, 0x3F, 0x09, 0x40, 0x85, 0xB1, 0xA9, 0x02, 0x85, 0xC8, 0x60, 0xA5, 0xB1, 0x29, 0xC0, 0xF0, 
   0xDC, 0x60, 0xA9, 0x40, 0x85, 0x14, 0xA9, 0x03, 0x85, 0x15, 0xA0, 0x08, 0xAD, 0xB0, 0x04, 0xF0, 
   0x02, 0xA0, 0x0A, 0x84, 0x11, 0x20, 0x46, 0xC4, 0x85, 0x1E, 0x09, 0x00, 0xD0, 0x01, 0x60, 0xA5, 
   0xC6, 0xD0, 0xFB, 0xA0, 0x12, 0xB1, 0x14, 0xD0, 0xF5, 0xA0, 0x19, 0xB1, 0x14, 0xD0, 0xEF, 0xA0, 
   0x0F, 0xB1, 0x14, 0xC9, 0xF0, 0xF0, 0x0F, 0xC9, 0xA0, 0xF0, 0x0E, 0xC9, 0xB0, 0xF0, 0x0D, 0xC9, 
   0x40, 0xD0, 0x0C, 0x4C, 0xE4, 0xDD, 0x4C, 0xB7, 0xE2, 0x4C, 0xE3, 0xE9, 0x4C, 0xE3, 0xE9, 0xA0, 
   0x10, 0xB1, 0x14, 0x29, 0x0F, 0xF0, 0x04, 0xC9, 0x04, 0x90, 0x5E, 0xA9, 0x00, 0x8D, 0xFF, 0x05, 
   0xA4, 0xBF, 0xA2, 0x00, 0x88, 0xF0, 0x02, 0xA2, 0x04, 0xB5, 0x48, 0xF0, 0x05, 0xD6, 0x48, 0x4C, 
   0x07, 0xDD, 0xE8, 0xA9, 0x01, 0x95, 0x48, 0xA9, 0x10, 0x85, 0xC6, 0xA9, 0x40, 0x85, 0xB3, 0xA9, 
   0x32, 0x85, 0xB6, 0xA9, 0x00, 0x85, 0xB5, 0xA9, 0xCD, 0xA0, 0xF6, 0x85, 0xBC, 0x84, 0xBD, 0xA5, 
   0xFF, 0x09, 0x01, 0x85, 0xFF, 0xA5, 0x1E, 0xA0, 0x00, 0x4A, 0xB0, 0x02, 0xA0, 0x40, 0x84, 0x1E, 
   0xA0, 0x07, 0xB1, 0x14, 0x29, 0xBF, 0x05, 0x1E, 0x91, 0x14, 0xA0, 0x01, 0xB1, 0x14, 0x49, 0x03, 
   0x91, 0x14, 0xA0, 0x03, 0xA9, 0x20, 0x91, 0x14, 0x60, 0xA5, 0x46, 0xF0, 0x0C, 0xA9, 0x00, 0x85, 
   0xFE, 0x85, 0xFD, 0x85, 0xFC, 0xA9, 0x04, 0xD0, 0x04, 0xA5, 0xFF, 0x09, 0x08, 0x85, 0xFF, 0xA9, 
   0x10, 0xA0, 0x19, 0x91, 0x14, 0xA9, 0x0D, 0xA0, 0x0C, 0x91, 0x14, 0xA9, 0xF8, 0xC8, 0x91, 0x14, 
   0xA5, 0xB1, 0x29, 0x03, 0xD0, 0x05, 0xAD, 0xF7, 0x05, 0x29, 0x0F, 0x4A, 0xB0, 0x04, 0xA9, 0xFF, 
   0xD0, 0x02, 0xA9, 0x00, 0xA0, 0x15, 0x91, 0x14, 0xA0, 0x02, 0xA9, 0x01, 0x91, 0x14, 0xC8, 0x91, 
   0x14, 0xA2, 0x02, 0xA4, 0xBF, 0x88, 0x84, 0x11, 0xD0, 0x02, 0xA2, 0x00, 0xBD, 0xD0, 0x04, 0xD0, 
   0x05, 0xA9, 0x00, 0x9D, 0xD1, 0x04, 0xA9, 0x34, 0x9D, 0xD0, 0x04, 0xBD, 0xD1, 0x04, 0x85, 0x1F, 
   0xC9, 0x03, 0xF0, 0x03, 0xFE, 0xD1, 0x04, 0xA0, 0x08, 0xB1, 0x14, 0xAA, 0xC8, 0xB1, 0x14, 0xA8, 
   0xA5, 0x1F, 0x20, 0x1C, 0xEF, 0xA6, 0x1F, 0xBD, 0xCD, 0xDD, 0x4C, 0xD3, 0xDD, 0x08, 0x16, 0x24, 
   0x32, 0xA9, 0x08, 0x85, 0x00, 0xA6, 0xBF, 0xCA, 0xA9, 0x01, 0x95, 0x9D, 0x8A, 0x09, 0x08, 0x85, 
   0x01, 0x4C, 0xA0, 0xDE, 0xA0, 0x10, 0xB1, 0x14, 0xD0, 0x37, 0x98, 0xA0, 0x19, 0x91, 0x14, 0xA6, 
   0xBF, 0xCA, 0x8A, 0xA0, 0x1C, 0x91, 0x14, 0xA5, 0xFE, 0x09, 0x02, 0xD0, 0x4C, 0xA5, 0xB3, 0xC9, 
   0x04, 0xB0, 0x1E, 0xA5, 0xC6, 0x29, 0xF0, 0xC9, 0x20, 0xF0, 0x41, 0xA9, 0x38, 0x85, 0xB6, 0x20, 
   0xBD, 0xCC, 0xC9, 0xAA, 0xD0, 0x02, 0xA9, 0x03, 0x18, 0x65, 0xB8, 0xC9, 0xE8, 0xB0, 0x03, 0x85, 
   0xB8, 0x60, 0xA9, 0x20, 0x85, 0xC6, 0xA5, 0xBA, 0x20, 0xF5, 0xC3, 0xA9, 0x01, 0x85, 0xB5, 0x85, 
   0xB3, 0xA9, 0x38, 0x85, 0xB4, 0xA9, 0x05, 0x85, 0xB2, 0xA9, 0xE0, 0x85, 0xB8, 0xA9, 0x03, 0x85, 
   0xB7, 0xA5, 0x46, 0xD0, 0x06, 0xA5, 0xFE, 0x09, 0x80, 0x85, 0xFE, 0x60, 0x20, 0x08, 0xCB, 0xA5, 
   0xB6, 0xC9, 0xBC, 0xF0, 0x03, 0x4C, 0xC0, 0xCE, 0xA0, 0x04, 0x20, 0xE1, 0xDF, 0xA5, 0xBF, 0x29, 
   0x0F, 0xF0, 0x08, 0xA9, 0x01, 0x85, 0xC6, 0xA9, 0xF4, 0xD0, 0xB4, 0xA5, 0x51, 0xF0, 0x05, 0xA9, 
   0x00, 0x85, 0xB0, 0x60, 0xA6, 0xBA, 0xA5, 0xB9, 0x48, 0xA0, 0x00, 0xB9, 0xEC, 0xF6, 0x99, 0xB0, 
   0x00, 0xC8, 0xC0, 0x20, 0xD0, 0xF5, 0x86, 0xBA, 0x68, 0xA0, 0x01, 0xA2, 0xF0, 0xC9, 0x80, 0xB0, 
   0x04, 0xA0, 0x02, 0xA2, 0x10, 0x84, 0xC2, 0x84, 0xB1, 0x86, 0xB9, 0xA0, 0x04, 0x4C, 0xE1, 0xDF, 
   0xA5, 0x30, 0xD0, 0x27, 0xA2, 0x00, 0x86, 0x04, 0xA2, 0x00, 0x86, 0x05, 0x86, 0x06, 0x86, 0x07, 
   0xA5, 0x01, 0x29, 0x08, 0xD0, 0x01, 0xE8, 0xA5, 0x00, 0x95, 0x06, 0xA5, 0x01, 0x4C, 0xD1, 0xD0, 
   0xA2, 0x1F, 0xB9, 0x25, 0xF3, 0x95, 0xB0, 0x88, 0xCA, 0x10, 0xF7, 0x60, 0xA5, 0xC9, 0x29, 0xF0, 
   0xC9, 0x20, 0xD0, 0x03, 0x4C, 0x4C, 0xDE, 0x20, 0xBD, 0xCC, 0xC9, 0xAA, 0xD0, 0x02, 0xA9, 0x04, 
   0x18, 0x65, 0xB8, 0xC9, 0xE8, 0xB0, 0x16, 0x85, 0xB8, 0x20, 0xBD, 0xCC, 0xC9, 0xAA, 0xF0, 0x0C, 
   0x45, 0xC5, 0x10, 0x03, 0x18, 0x69, 0x01, 0x18, 0x65, 0xB9, 0x85, 0xB9, 0x60, 0xA9, 0x20, 0x85, 
   0xC9, 0xA0, 0x04, 0x20, 0xE1, 0xDF, 0x4C, 0x2B, 0xDE, 0xA5, 0xC6, 0xA4, 0xBF, 0xC9, 0x01, 0xD0, 
   0x43, 0x88, 0xD0, 0x2D, 0x20, 0x03, 0xD6, 0xA5, 0x49, 0xF0, 0x09, 0xA9, 0x00, 0x85, 0xB0, 0xA0, 
   0x06, 0x4C, 0xE1, 0xDF, 0xA0, 0x1F, 0x20, 0xC0, 0xDE, 0x20, 0xBA, 0xDF, 0xA9, 0x74, 0x85, 0xB9, 
   0xA9, 0x09, 0x85, 0xB8, 0xA9, 0x02, 0x85, 0xC6, 0xA5, 0xFD, 0x09, 0x10, 0x85, 0xFD, 0x4C, 0xD7, 
   0xCE, 0x20, 0x09, 0xD6, 0xA5, 0x4D, 0xD0, 0xD3, 0xA0, 0x3F, 0x20, 0xC0, 0xDE, 0x20, 0xC9, 0xDF, 
   0xA9, 0x8C, 0xD0, 0xDA, 0xC9, 0x02, 0xD0, 0x25, 0x20, 0x08, 0xCB, 0xE6, 0xB8, 0x20, 0xCD, 0xDF, 
   0xFE, 0xC0, 0x02, 0xFE, 0xC4, 0x02, 0xA5, 0xB8, 0xC9, 0x28, 0xF0, 0x01, 0x60, 0xA9, 0x04, 0xA4, 
   0xBF, 0x88, 0xF0, 0x02, 0xA9, 0x08, 0x85, 0xC6, 0xA9, 0xFF, 0x85, 0xB3, 0x60, 0xA5, 0xB1, 0xF0, 
   0x23, 0x30, 0x06, 0x29, 0x08, 0xD0, 0x1D, 0xF0, 0x06, 0xA9, 0x18, 0x85, 0xB6, 0xD0, 0x03, 0x20, 
   0xC0, 0xCE, 0xA9, 0x00, 0x85, 0xC6, 0x85, 0xB3, 0x20, 0xCD, 0xDF, 0xA9, 0xF4, 0x9D, 0xC0, 0x02, 
   0x9D, 0xC4, 0x02, 0x60, 0xA5, 0xB3, 0xD0, 0xFB, 0x20, 0xCD, 0xDF, 0xBD, 0xC1, 0x02, 0xC9, 0xCF, 
   0xF0, 0xE0, 0xFE, 0xC1, 0x02, 0xFE, 0xC5, 0x02, 0xD0, 0xBE, 0xA0, 0x07, 0xA2, 0x07, 0xB9, 0xBD, 
   0xF6, 0x99, 0xC0, 0x02, 0x88, 0xCA, 0x10, 0xF6, 0x60, 0xA0, 0x0F, 0xD0, 0xEF, 0xA2, 0x08, 0xA4, 
   0xBF, 0x88, 0xD0, 0x02, 0xA2, 0x00, 0x60, 0x20, 0xDA, 0xDF, 0xEE, 0xFA, 0x05, 0xEE, 0xFA, 0x05, 
   0x60, 0xA9, 0xF4, 0xA6, 0xBA, 0x9D, 0x00, 0x02, 0xE8, 0xE8, 0xE8, 0xE8, 0x88, 0xD0, 0xF6, 0x60, 
   0xA5, 0xBF, 0xC9, 0x40, 0xD0, 0x1E, 0xA0, 0x00, 0xA5, 0xC1, 0xD0, 0x16, 0x68, 0x68, 0xAD, 0xC0, 
   0x04, 0xF0, 0x08, 0xAD, 0xC1, 0x04, 0xD0, 0x03, 0x4C, 0xE8, 0xEC, 0x84, 0xB0, 0xA0, 0x02, 0x4C, 
   0xE1, 0xDF, 0x84, 0xC1, 0x60, 0xA5, 0x21, 0xD0, 0xFB, 0xAD, 0xC5, 0x04, 0xD0, 0xF6, 0xA2, 0xC5, 
   0xA0, 0xE0, 0xAD, 0xF0, 0x04, 0xF0, 0x05, 0xCE, 0xF0, 0x04, 0xF0, 0x3A, 0xAD, 0xF1, 0x04, 0xF0, 
   0x0F, 0xCE, 0xF1, 0x04, 0xD0, 0x0A, 0xA9, 0x49, 0x85, 0x00, 0xA9, 0x22, 0x85, 0x01, 0xD0, 0x2E, 
   0xA2, 0xA5, 0xA0, 0xE0, 0xA5, 0x49, 0xF0, 0x2D, 0xAD, 0x00, 0x03, 0xD0, 0x28, 0xA5, 0x39, 0xF0, 
   0x08, 0xA5, 0x4E, 0xD0, 0x04, 0xA2, 0x95, 0xA0, 0xE0, 0xA9, 0x00, 0x85, 0x49, 0xA9, 0xFF, 0x85, 
   0x4A, 0xA9, 0xFF, 0x8D, 0xF0, 0x04, 0xA9, 0x89, 0x85, 0x00, 0xA9, 0x21, 0x85, 0x01, 0x86, 0x02, 
   0x84, 0x03, 0x4C, 0x49, 0xCE, 0xA5, 0x4D, 0xF0, 0x1B, 0xAD, 0x20, 0x03, 0xD0, 0x16, 0xA5, 0x39, 
   0xF0, 0x08, 0xA5, 0x4A, 0xD0, 0x04, 0xA2, 0xB5, 0xA0, 0xE0, 0xA9, 0x00, 0x85, 0x4D, 0xA9, 0xFF, 
   0x85, 0x4E, 0xD0, 0xCD, 0x60, 0x1F, 0x16, 0x0A, 0x1B, 0x12, 0x18, 0x24, 0x10, 0x0A, 0x16, 0x0E, 
   0x24, 0x18, 0x1F, 0x0E, 0x1B, 0x1F, 0x24, 0x24, 0x24, 0x10, 0x0A, 0x16, 0x0E, 0x24, 0x18, 0x1F, 
   0x0E, 0x1B, 0x24, 0x24, 0x24, 0x1F, 0x15, 0x1E, 0x12, 0x10, 0x12, 0x24, 0x10, 0x0A, 0x16, 0x0E, 
   0x24, 0x18, 0x1F, 0x0E, 0x1B, 0x1F, 0x24, 0x24, 0x24, 0x24, 0x24, 0x24, 0x24, 0x24, 0x24, 0x24, 
   0x24, 0x24, 0x24, 0x24, 0x24, 0xA9, 0x03, 0x85, 0x01, 0xA9, 0x00, 0x85, 0x00, 0xA8, 0x20, 0x52, 
   0xCA, 0xA9, 0x04, 0x85, 0x01, 0xA9, 0x00, 0x85, 0x00, 0xA8, 0x4C, 0x52, 0xCA, 0x00, 0x00, 0x00, 
   0x00, 0x01, 0x00, 0x00, 0x00, 0xAA, 0x03, 0x20, 0x02, 0x01, 0x00, 0x00, 0x03, 0x01, 0x01, 0x00, 
   0x04, 0x02, 0x01, 0x01, 0x05, 0x02, 0x01, 0x01, 0xAA, 0x04, 0x20, 0x06, 0x03, 0x02, 0x01, 0x07, 
   0x03, 0x02, 0x01, 0x08, 0x03, 0x02, 0x02, 0x09, 0x03, 0x02, 0x02, 0xAA, 0x04, 0x15, 0x0A, 0x03, 
   0x03, 0x02, 0x07, 0x03, 0x03, 0x02, 0x09, 0x03, 0x03, 0x03, 0x09, 0x03, 0x03, 0x04, 0xAA, 0x04, 
   0x15, 0x0A, 0x03, 0x03, 0x04, 0x07, 0x03, 0x03, 0x04, 0x09, 0x03, 0x03, 0x04, 0x09, 0x03, 0x03, 
   0x04, 0xFF, 0x0B, 0x00, 0x00, 0x00, 0xA5, 0x2D, 0xD0, 0x04, 0xA5, 0x3B, 0x85, 0x40, 0x60, 0x20, 
   0xF9, 0xD5, 0xA5, 0x0A, 0x29, 0xE7, 0x8D, 0x01, 0x20, 0x60, 0x20, 0xF9, 0xD5, 0xA5, 0x0A, 0x09, 
   0x18, 0x8D, 0x01, 0x20, 0x85, 0x0A, 0x60, 0x20, 0xD5, 0xE0, 0xA6, 0x31, 0xBD, 0xED, 0xE0, 0xC9, 
   0xAA, 0xD0, 0x32, 0xE8, 0xBD, 0xED, 0xE0, 0x85, 0x32, 0xE8, 0xBD, 0xED, 0xE0, 0x8D, 0xB1, 0x04, 
   0xE8, 0x86, 0x31, 0xA5, 0x41, 0xC9, 0x07, 0x90, 0x04, 0xA9, 0x03, 0x85, 0x70, 0xA9, 0xBB, 0x85, 
   0x35, 0x20, 0x9C, 0xD6, 0xA9, 0x00, 0x8D, 0x0A, 0x03, 0xA9, 0x18, 0x8D, 0x2A, 0x03, 0xA9, 0x01, 
   0x8D, 0xB0, 0x04, 0xD0, 0x3C, 0xC9, 0xFF, 0xD0, 0x04, 0xA2, 0x41, 0xD0, 0xBF, 0xBD, 0xED, 0xE0, 
   0x85, 0x34, 0xE8, 0xBD, 0xED, 0xE0, 0x85, 0x32, 0xE8, 0xA0, 0x01, 0xA5, 0x41, 0xC9, 0x08, 0x90, 
   0x03, 0x8C, 0xC0, 0x04, 0xBD, 0xED, 0xE0, 0x8D, 0xF3, 0x04, 0xE8, 0xBD, 0xED, 0xE0, 0x8D, 0xFC, 
   0x04, 0xE8, 0x86, 0x31, 0xA9, 0x00, 0x85, 0x35, 0x20, 0xA5, 0xE9, 0x20, 0x9C, 0xD6, 0x20, 0xB7, 
   0xD6, 0x20, 0x8F, 0xD6, 0x20, 0x16, 0xD4, 0xA9, 0x02, 0xD0, 0x26, 0xA5, 0x35, 0xC9, 0xAA, 0xD0, 
   0x22, 0xA5, 0x45, 0xD0, 0x1E, 0xA5, 0x2D, 0xD0, 0x1A, 0xA0, 0xFF, 0xA5, 0x49, 0xF0, 0x02, 0x84, 
   0x4A, 0xA5, 0x4D, 0xF0, 0x02, 0x84, 0x4E, 0xA9, 0x10, 0x85, 0x2D, 0xA9, 0x01, 0x85, 0x3B, 0xA9, 
   0x09, 0x85, 0x40, 0x60, 0xA5, 0x21, 0xD0, 0x1E, 0xAD, 0xC5, 0x04, 0xD0, 0x19, 0xA0, 0x00, 0xA5, 
   0x9D, 0xF0, 0x09, 0x84, 0x9D, 0xA9, 0xF0, 0x85, 0x00, 0x4C, 0x4C, 0xD0, 0xA5, 0x9E, 0xF0, 0x06, 
   0x84, 0x9E, 0xA9, 0xF1, 0xD0, 0xF1, 0x60, 0xA9, 0xF9, 0x85, 0x00, 0x20, 0xA8, 0xD1, 0xA5, 0xAD, 
   0xD0, 0x14, 0xA5, 0x4A, 0xD0, 0x10, 0xA5, 0x95, 0xC9, 0x02, 0x90, 0x0A, 0xE6, 0xAD, 0xE6, 0x48, 
   0x20, 0x03, 0xD6, 0x4C, 0x6B, 0xE2, 0xA5, 0xAE, 0xD0, 0x22, 0xA5, 0x4E, 0xD0, 0x1E, 0xA5, 0x99, 
   0xC9, 0x02, 0x90, 0x18, 0xE6, 0xAE, 0xE6, 0x4C, 0x20, 0x09, 0xD6, 0xA5, 0x2D, 0xF0, 0x06, 0xA9, 
   0x01, 0x85, 0x54, 0xD0, 0x06, 0xA5, 0xFD, 0x09, 0x08, 0x85, 0xFD, 0x60, 0xA5, 0x2D, 0xD0, 0xFB, 
   0xA5, 0x54, 0xF0, 0xF7, 0xA9, 0x00, 0x85, 0x54, 0xF0, 0xEB, 0xA5, 0x4A, 0xF0, 0xED, 0xA5, 0x4E, 
   0xF0, 0xE9, 0xA9, 0x00, 0x85, 0x52, 0x20, 0x1B, 0xD5, 0xA9, 0x40, 0x85, 0xFD, 0xA9, 0x20, 0x85, 
   0x2D, 0xA9, 0x0B, 0x85, 0x40, 0x4C, 0x48, 0xCA, 0xA5, 0x2D, 0xD0, 0x0A, 0xA9, 0x01, 0x85, 0x30, 
   0x85, 0x28, 0xA9, 0x00, 0x85, 0x50, 0x60, 0xA0, 0x10, 0xB1, 0x14, 0xD0, 0x0A, 0xA5, 0xBF, 0x91, 
   0x14, 0xA5, 0xFE, 0x09, 0x02, 0x85, 0xFE, 0x60, 0xAD, 0xB0, 0x04, 0xD0, 0x01, 0x60, 0xC9, 0x01, 
   0xD0, 0x74, 0xA9, 0x40, 0x85, 0x14, 0xA9, 0x03, 0x85, 0x15, 0xA9, 0x20, 0x85, 0x12, 0xA9, 0x00, 
   0x85, 0x13, 0xA9, 0x0A, 0x85, 0x33, 0xA2, 0x00, 0xA9, 0x30, 0x85, 0x11, 0xA0, 0x00, 0xB9, 0xE2, 
   0xE6, 0xC0, 0x0A, 0xD0, 0x0C, 0xA5, 0x11, 0x48, 0x18, 0x69, 0x10, 0x85, 0x11, 0x68, 0x4C, 0x1A, 
   0xE3, 0xC0, 0x09, 0xD0, 0x05, 0xBD, 0x02, 0xE7, 0xD0, 0x10, 0xC0, 0x08, 0xD0, 0x05, 0xBD, 0x03, 
   0xE7, 0xD0, 0x07, 0xC0, 0x04, 0xD0, 0x03, 0xBD, 0x04, 0xE7, 0x91, 0x14, 0xC8, 0xC0, 0x20, 0xD0, 
   0xCD, 0xE8, 0xE8, 0xE8, 0x20, 0xD1, 0xCD, 0xC6, 0x33, 0xD0, 0xC1, 0xA9, 0x00, 0x8D, 0xB5, 0x04, 
   0x8D, 0xB6, 0x04, 0xA9, 0x40, 0x8D, 0xB3, 0x04, 0xA9, 0x01, 0x8D, 0xB2, 0x04, 0xA9, 0x0A, 0x8D, 
   0xBC, 0x04, 0xEE, 0xB0, 0x04, 0x60, 0xAD, 0xB2, 0x04, 0xD0, 0x3E, 0xAD, 0xB1, 0x04, 0xD0, 0x1B, 
   0xA9, 0x01, 0x85, 0x51, 0xA9, 0x00, 0x8D, 0xB0, 0x04, 0x85, 0xFC, 0x8D, 0xB4, 0x04, 0xA9, 0x10, 
   0x85, 0x2D, 0xA9, 0x06, 0x85, 0x3B, 0xA9, 0x09, 0x85, 0x40, 0x60, 0x85, 0x03, 0xC9, 0x18, 0xF0, 
   0x04, 0xC9, 0x13, 0xD0, 0x04, 0xA9, 0x04, 0x85, 0xFC, 0xA9, 0x01, 0x38, 0x20, 0x77, 0xD1, 0x8D, 
   0xB1, 0x04, 0xA9, 0x09, 0x8D, 0xB2, 0x04, 0xD0, 0x08, 0xCE, 0xB3, 0x04, 0xD0, 0x3D, 0xCE, 0xB2, 
   0x04, 0xA9, 0x05, 0x8D, 0xB3, 0x04, 0xA9, 0x14, 0x8D, 0x40, 0x05, 0xAD, 0xB1, 0x04, 0x4A, 0x4A, 
   0x4A, 0x4A, 0x8D, 0x41, 0x05, 0xAD, 0xB1, 0x04, 0x29, 0x0F, 0x8D, 0x42, 0x05, 0xA9, 0x66, 0x8D, 
   0x43, 0x05, 0xAD, 0xB2, 0x04, 0x8D, 0x44, 0x05, 0xA9, 0xAE, 0x85, 0x00, 0xA9, 0x20, 0x85, 0x01, 
   0xA9, 0x40, 0x85, 0x02, 0xA9, 0x05, 0x85, 0x03, 0x20, 0x49, 0xCE, 0xA2, 0x40, 0xA0, 0x03, 0xA5, 
   0x2F, 0x4A, 0x90, 0x04, 0xA2, 0xE0, 0xA0, 0x03, 0x86, 0xA0, 0x84, 0xA1, 0xA9, 0x05, 0x85, 0x33, 
   0xA9, 0x00, 0x85, 0xA2, 0x20, 0xB8, 0xCB, 0xA5, 0xB0, 0xF0, 0x15, 0xA5, 0xC0, 0xD0, 0x21, 0xA5, 
   0xB3, 0xD0, 0x0A, 0xA5, 0xB2, 0x85, 0xB3, 0x20, 0xB2, 0xCE, 0x20, 0xE1, 0xCB, 0x20, 0xD3, 0xCB, 
   0x20, 0xCB, 0xCB, 0xC6, 0x33, 0xD0, 0xDD, 0xAD, 0xBC, 0x04, 0xD0, 0x03, 0x4C, 0x50, 0xE3, 0x60, 
   0xC9, 0x08, 0xF0, 0x27, 0xC9, 0x01, 0xD0, 0x05, 0xEE, 0xB5, 0x04, 0xD0, 0x03, 0xEE, 0xB6, 0x04, 
   0xA9, 0x0C, 0x85, 0xBC, 0xA9, 0xF7, 0x85, 0xBD, 0xA9, 0x07, 0x85, 0xB5, 0xA0, 0x02, 0x20, 0xE1, 
   0xDF, 0xA9, 0x08, 0x85, 0xC0, 0xA9, 0x9E, 0x85, 0xB6, 0xD0, 0xC2, 0x20, 0xBD, 0xCC, 0xC9, 0xCC, 
   0xF0, 0x0A, 0xC9, 0xDD, 0xF0, 0x17, 0xC9, 0xEE, 0xF0, 0x1B, 0xD0, 0xAE, 0x20, 0xBD, 0xCC, 0x85, 
   0xB5, 0xC9, 0x05, 0xD0, 0xE6, 0xA0, 0x04, 0x20, 0xE1, 0xDF, 0x4C, 0x3B, 0xE4, 0x20, 0xBD, 0xCC, 
   0x85, 0xB6, 0x4C, 0xFA, 0xE3, 0xCE, 0xBC, 0x04, 0xA0, 0x04, 0x20, 0xE1, 0xDF, 0x4C, 0x00, 0xE4, 
   0x20, 0x14, 0xE2, 0xAD, 0xB4, 0x04, 0x20, 0xBB, 0xCD, 0x81, 0xE4, 0xA7, 0xE4, 0xB7, 0xE4, 0xC7, 
   0xE4, 0x20, 0x4F, 0xE1, 0x20, 0x3D, 0xCA, 0x20, 0x58, 0xCA, 0x20, 0x48, 0xCA, 0x20, 0xDB, 0xD5, 
   0x20, 0x2C, 0xD6, 0x20, 0x03, 0xD6, 0x20, 0x09, 0xD6, 0x20, 0x5A, 0xE1, 0xA9, 0x00, 0x8D, 0xBA, 
   0x04, 0x85, 0x2B, 0xEE, 0xB4, 0x04, 0x60, 0xA5, 0x2B, 0xD0, 0xFB, 0xAD, 0xBA, 0x04, 0x20, 0xBB, 
   0xCD, 0x37, 0xE5, 0xEB, 0xE5, 0x8D, 0xE6, 0xA5, 0x2B, 0xD0, 0xEB, 0xAD, 0xBA, 0x04, 0x20, 0xBB, 
   0xCD, 0x71, 0xE5, 0x63, 0xE6, 0xD5, 0xE6, 0xAD, 0xB5, 0x04, 0x18, 0x6D, 0xB6, 0x04, 0xA2, 0xDC, 
   0xA0, 0xE5, 0xC9, 0x0A, 0xD0, 0x4D, 0xA2, 0xCA, 0xA0, 0xE5, 0xA5, 0x41, 0xC9, 0x07, 0xB0, 0x08, 
   0xA2, 0xD3, 0xA0, 0xE5, 0xA9, 0x30, 0xD0, 0x02, 0xA9, 0x50, 0x85, 0x1E, 0x86, 0x02, 0x84, 0x03, 
   0xA9, 0xD0, 0x85, 0x00, 0xA9, 0x22, 0x85, 0x01, 0x20, 0x49, 0xCE, 0xA5, 0x1E, 0x85, 0x00, 0xA5, 
   0x4A, 0xD0, 0x07, 0xA9, 0x08, 0x85, 0x01, 0x20, 0xA0, 0xDE, 0xA5, 0x4E, 0xD0, 0x0B, 0xA5, 0x1E, 
   0x85, 0x00, 0xA9, 0x09, 0x85, 0x01, 0x20, 0xA0, 0xDE, 0xA2, 0xC1, 0xA0, 0xE5, 0xA5, 0xFD, 0x09, 
   0x04, 0x85, 0xFD, 0xA9, 0xC7, 0x85, 0x00, 0xA9, 0x22, 0x85, 0x01, 0x86, 0x02, 0x84, 0x03, 0x20, 
   0x49, 0xCE, 0xA9, 0x10, 0x4C, 0x09, 0xE2, 0xA5, 0x4A, 0xF0, 0x04, 0xEE, 0xB4, 0x04, 0x60, 0xA9, 
   0x17, 0x85, 0x1E, 0xA9, 0x27, 0x85, 0x00, 0xA9, 0x21, 0xA2, 0x85, 0xA0, 0xE5, 0x85, 0x01, 0x86, 
   0x02, 0x84, 0x03, 0x20, 0x49, 0xCE, 0xA6, 0x1E, 0xA0, 0x17, 0xBD, 0x91, 0xE5, 0x9D, 0x00, 0x02, 
   0xCA, 0x88, 0x10, 0xF6, 0xEE, 0xBA, 0x04, 0xA9, 0x00, 0x8D, 0xBB, 0x04, 0xA9, 0x10, 0x85, 0x2B, 
   0x60, 0xA5, 0x4E, 0xD0, 0xC6, 0xA9, 0x2F, 0x85, 0x1E, 0xA9, 0x07, 0x85, 0x00, 0xA9, 0x22, 0xA2, 
   0x8B, 0xA0, 0xE5, 0xD0, 0xC8, 0x15, 0x16, 0x0A, 0x1B, 0x12, 0x18, 0x15, 0x15, 0x1E, 0x12, 0x10, 
   0x12, 0x40, 0x13, 0x40, 0x20, 0x40, 0x12, 0x40, 0x28, 0x48, 0x15, 0x40, 0x20, 0x48, 0x14, 0x40, 
   0x28, 0x50, 0x17, 0x40, 0x20, 0x50, 0x16, 0x40, 0x28, 0x78, 0x13, 0x41, 0x20, 0x78, 0x12, 0x41, 
   0x28, 0x80, 0x15, 0x41, 0x20, 0x80, 0x14, 0x41, 0x28, 0x88, 0x17, 0x41, 0x20, 0x88, 0x16, 0x41, 
   0x28, 0x18, 0x19, 0x0E, 0x1B, 0x0F, 0x0E, 0x0C, 0x1D, 0x67, 0x18, 0x05, 0x00, 0x00, 0x00, 0x19, 
   0x1D, 0x1C, 0x65, 0x18, 0x03, 0x00, 0x00, 0x00, 0x19, 0x1D, 0x1C, 0x65, 0x1E, 0x24, 0x24, 0x24, 
   0x24, 0x24, 0x17, 0x18, 0x24, 0x0B, 0x18, 0x17, 0x1E, 0x1C, 0x26, 0xAD, 0xB5, 0x04, 0xF0, 0x66, 
   0xCD, 0xBB, 0x04, 0xF0, 0x59, 0xAD, 0xBB, 0x04, 0x0A, 0x0A, 0x0A, 0xAA, 0xA0, 0x41, 0xAD, 0xB5, 
   0x04, 0xC9, 0x06, 0xAD, 0xBB, 0x04, 0x90, 0x0B, 0xA0, 0x38, 0xC9, 0x05, 0x90, 0x05, 0xA0, 0x4A, 
   0x38, 0xE9, 0x05, 0x84, 0x1E, 0x0A, 0x0A, 0x85, 0x1F, 0x0A, 0x18, 0x65, 0x1F, 0x69, 0x70, 0x9D, 
   0x33, 0x02, 0x9D, 0x37, 0x02, 0xA9, 0x02, 0x9D, 0x32, 0x02, 0x9D, 0x36, 0x02, 0xA9, 0xA5, 0x9D, 
   0x31, 0x02, 0xA9, 0xA6, 0x9D, 0x35, 0x02, 0xA5, 0x1E, 0x9D, 0x30, 0x02, 0x18, 0x69, 0x08, 0x9D, 
   0x34, 0x02, 0xEE, 0xBB, 0x04, 0xA9, 0x0A, 0x85, 0x2B, 0xA9, 0x20, 0x85, 0xFD, 0x60, 0xEE, 0xBA, 
   0x04, 0xA9, 0x10, 0x85, 0x2B, 0x60, 0xA9, 0x00, 0x8D, 0xBA, 0x04, 0xEE, 0xB4, 0x04, 0xA9, 0x10, 
   0x85, 0x2B, 0x60, 0xAD, 0xB6, 0x04, 0xF0, 0xEE, 0xCD, 0xBB, 0x04, 0xF0, 0xE1, 0xAD, 0xBB, 0x04, 
   0x0A, 0x0A, 0x0A, 0x18, 0x69, 0x50, 0xAA, 0xA0, 0x79, 0xAD, 0xB6, 0x04, 0xC9, 0x06, 0xAD, 0xBB, 
   0x04, 0x90, 0x90, 0xA0, 0x70, 0xC9, 0x05, 0x90, 0x8A, 0xA0, 0x82, 0xB0, 0x83, 0xA9, 0x00, 0x85, 
   0x1F, 0xA2, 0x37, 0xA0, 0x21, 0xAD, 0xB5, 0x04, 0x85, 0x1E, 0x86, 0x00, 0x84, 0x01, 0xA9, 0x20, 
   0x85, 0x02, 0xA9, 0xE7, 0x85, 0x03, 0x20, 0x49, 0xCE, 0xA9, 0x00, 0x85, 0x04, 0x85, 0x05, 0x85, 
   0x07, 0xA0, 0x08, 0x84, 0x03, 0x18, 0x20, 0x56, 0xD1, 0x90, 0x02, 0xE6, 0x05, 0xC6, 0x1E, 0xD0, 
   0xF4, 0x85, 0x06, 0xA5, 0x1F, 0x20, 0xD1, 0xD0, 0xA9, 0x20, 0x85, 0x2B, 0xA9, 0x00, 0x8D, 0xBA, 
   0x04, 0xEE, 0xB4, 0x04, 0x60, 0xA9, 0x01, 0x85, 0x1F, 0xA2, 0x17, 0xA0, 0x22, 0xAD, 0xB6, 0x04, 
   0xD0, 0xB6, 0x01, 0x01, 0x03, 0x00, 0x2C, 0x05, 0xA5, 0x02, 0x00, 0x00, 0x00, 0x00, 0x00, 0x00, 
   0x00, 0xF0, 0x00, 0x00, 0x00, 0x00, 0x00, 0x00, 0x00, 0x00, 0x00, 0x00, 0x00, 0x00, 0x00, 0x00, 
   0x0F, 0x0F, 0x38, 0x24, 0x2C, 0xC8, 0x24, 0x2E, 0x18, 0x5A, 0x2D, 0x2C, 0x5A, 0x30, 0xD4, 0x5A, 
   0x30, 0xE8, 0x5A, 0x2D, 0x60, 0x8A, 0x2F, 0xA0, 0x8A, 0x2E, 0x28, 0xBA, 0x2D, 0xD8, 0xBA, 0x30, 
   0x15, 0x21, 0x24, 0x08, 0x00, 0x00, 0xAD, 0xD0, 0x04, 0xF0, 0x03, 0xCE, 0xD0, 0x04, 0xAD, 0xD2, 
   0x04, 0xF0, 0x03, 0xCE, 0xD2, 0x04, 0xE6, 0x27, 0xA5, 0x27, 0xC9, 0x3E, 0x90, 0x1C, 0xA9, 0x00, 
   0x85, 0x27, 0xAD, 0xF3, 0x04, 0xF0, 0x03, 0xCE, 0xF3, 0x04, 0xAD, 0xFC, 0x04, 0xF0, 0x03, 0xCE, 
   0xFC, 0x04, 0xAD, 0xFF, 0x04, 0xF0, 0x03, 0xCE, 0xFF, 0x04, 0x60, 0xAD, 0x00, 0x03, 0xF0, 0x25, 
   0xAD, 0x16, 0x03, 0xD0, 0x20, 0xA2, 0x00, 0xAD, 0x0E, 0x03, 0xDD, 0xF6, 0x04, 0xD0, 0x17, 0xFE, 
   0xF7, 0x04, 0xA0, 0xF0, 0xA5, 0x3A, 0xF0, 0x02, 0xA0, 0x3E, 0x98, 0xDD, 0xF7, 0x04, 0xB0, 0x05, 
   0xA9, 0x01, 0x9D, 0xF8, 0x04, 0x60, 0x9D, 0xF6, 0x04, 0xA9, 0x00, 0x9D, 0xF7, 0x04, 0x60, 0xAD, 
   0x20, 0x03, 0xF0, 0xF1, 0xAD, 0x36, 0x03, 0xD0, 0xEC, 0xAD, 0x2E, 0x03, 0xA2, 0x03, 0xD0, 0xCA, 
   0xA2, 0x03, 0xA0, 0x00, 0xBD, 0xAC, 0x04, 0x9D, 0xA8, 0x04, 0x98, 0x9D, 0xAC, 0x04, 0xCA, 0x10, 
   0xF3, 0x60, 0xAD, 0xB0, 0x04, 0xD0, 0x12, 0xAD, 0xF3, 0x04, 0xF0, 0x0E, 0xA4, 0x46, 0xF0, 0x09, 
   0xC9, 0x04, 0x90, 0x05, 0xA9, 0x04, 0x8D, 0xF3, 0x04, 0x60, 0xAD, 0xBE, 0x04, 0xD0, 0x0B, 0x20, 
   0xE6, 0xEE, 0x20, 0xCB, 0xE9, 0xA9, 0x01, 0x8D, 0xBE, 0x04, 0x20, 0x5B, 0xE7, 0x20, 0x8F, 0xE7, 
   0xAD, 0x30, 0x04, 0xF0, 0x03, 0x4C, 0x88, 0xE8, 0xAD, 0x31, 0x04, 0xF0, 0x06, 0xCE, 0x31, 0x04, 
   0x4C, 0x22, 0xE8, 0xA5, 0x51, 0xD0, 0x2B, 0xAD, 0xF8, 0x04, 0xD0, 0x27, 0xAD, 0xFB, 0x04, 0xD0, 
   0x66, 0xAE, 0x2A, 0x04, 0xAD, 0x28, 0x04, 0x18, 0x69, 0xFC, 0x9D, 0x00, 0x02, 0xAD, 0x26, 0x04, 
   0x9D, 0x01, 0x02, 0xAD, 0x27, 0x04, 0x9D, 0x02, 0x02, 0xAD, 0x29, 0x04, 0x18, 0x69, 0xFC, 0x9D, 
   0x03, 0x02, 0x60, 0xAE, 0x0E, 0x03, 0xBD, 0xA8, 0x04, 0xC9, 0x08, 0xB0, 0xF5, 0xA9, 0x00, 0x8D, 
   0xF8, 0x04, 0x8D, 0xF7, 0x04, 0x8E, 0x2E, 0x04, 0xBD, 0xDA, 0xF0, 0x8D, 0x28, 0x04, 0xAD, 0x09, 
   0x03, 0xA0, 0x18, 0xA2, 0x01, 0xC9, 0x80, 0xB0, 0x04, 0xA0, 0xE8, 0xA2, 0x02, 0x8C, 0x29, 0x04, 
   0x8E, 0x21, 0x04, 0xA9, 0x01, 0x8D, 0x30, 0x04, 0x20, 0x98, 0xE9, 0xA2, 0x14, 0xA0, 0xF0, 0x8E, 
   0x2C, 0x04, 0x8C, 0x2D, 0x04, 0xD0, 0xBB, 0xAE, 0x2E, 0x03, 0xBD, 0xA8, 0x04, 0xC9, 0x08, 0xB0, 
   0xB1, 0x8E, 0x2E, 0x04, 0xBD, 0xDA, 0xF0, 0x8D, 0x28, 0x04, 0xA9, 0x00, 0x8D, 0xFB, 0x04, 0x8D, 
   0xFA, 0x04, 0xAD, 0x29, 0x03, 0x4C, 0x41, 0xE8, 0xC9, 0x01, 0xD0, 0x24, 0x20, 0x50, 0xEA, 0x90, 
   0x03, 0x4C, 0x7D, 0xE9, 0x20, 0xFE, 0xE9, 0xC9, 0xFF, 0xD0, 0x0B, 0xA9, 0x10, 0x8D, 0x30, 0x04, 
   0xA2, 0x54, 0xA0, 0xF0, 0xD0, 0xB9, 0xC9, 0x00, 0xF0, 0x03, 0x8D, 0x26, 0x04, 0x4C, 0x01, 0xE8, 
   0xC9, 0x02, 0xD0, 0x3C, 0x20, 0xFE, 0xE9, 0xC9, 0xFF, 0xD0, 0xEB, 0x20, 0x9E, 0xE9, 0xA0, 0x00, 
   0x8C, 0x30, 0x04, 0x88, 0xA5, 0x3A, 0xF0, 0x02, 0xA0, 0x80, 0x8C, 0x31, 0x04, 0xA9, 0xF4, 0x8D, 
   0x28, 0x04, 0xAE, 0x2A, 0x04, 0x9D, 0x00, 0x02, 0x4C, 0x22, 0xE8, 0xA9, 0x02, 0x85, 0x00, 0xA6, 
   0x9F, 0xA9, 0x01, 0x95, 0x9D, 0x8A, 0x09, 0x08, 0x85, 0x01, 0x20, 0xA0, 0xDE, 0x4C, 0x7D, 0xE9, 
   0x20, 0x50, 0xEA, 0xB0, 0xF8, 0xAE, 0x2E, 0x04, 0xBD, 0xA8, 0x04, 0xC9, 0x09, 0xB0, 0xEE, 0xAD, 
   0x21, 0x04, 0x4A, 0xB0, 0x4D, 0xAD, 0x29, 0x04, 0xC9, 0x10, 0xB0, 0x03, 0x4C, 0x7D, 0xE9, 0x20, 
   0xFE, 0xE9, 0xC9, 0xAA, 0xF0, 0x8A, 0xC9, 0xBB, 0xD0, 0x0A, 0x20, 0x89, 0xE9, 0xD0, 0x03, 0x4C, 
   0xDB, 0xE8, 0xA9, 0x00, 0xCE, 0x29, 0x04, 0xA6, 0x80, 0xD0, 0x03, 0xCE, 0x29, 0x04, 0x18, 0x6D, 
   0x28, 0x04, 0x8D, 0x28, 0x04, 0xAE, 0x24, 0x04, 0xBD, 0xDD, 0xF4, 0xC9, 0xFF, 0xD0, 0x0A, 0xE8, 
   0xBD, 0xDD, 0xF4, 0x8D, 0x24, 0x04, 0x4C, 0x35, 0xE9, 0x8D, 0x26, 0x04, 0xEE, 0x24, 0x04, 0x4C, 
   0x01, 0xE8, 0xAD, 0x29, 0x04, 0xC9, 0xF4, 0xB0, 0x24, 0x20, 0xFE, 0xE9, 0xC9, 0xAA, 0xF0, 0x0C, 
   0xC9, 0xBB, 0xD0, 0x0D, 0x20, 0x89, 0xE9, 0xD0, 0x06, 0x4C, 0xDB, 0xE8, 0x4C, 0xA0, 0xE8, 0xA9, 
   0x00, 0xEE, 0x29, 0x04, 0xA6, 0x80, 0xD0, 0xB6, 0xEE, 0x29, 0x04, 0xD0, 0xB1, 0xA9, 0x02, 0x8D, 
   0x30, 0x04, 0xA2, 0x3F, 0xA0, 0xF0, 0x4C, 0x5F, 0xE8, 0xAD, 0x28, 0x04, 0x20, 0xDE, 0xEE, 0xAC, 
   0x29, 0x04, 0x20, 0xA0, 0xEC, 0x09, 0x00, 0x60, 0xA5, 0xFC, 0x09, 0x08, 0xD0, 0x04, 0xA5, 0xFC, 
   0x29, 0xF7, 0x85, 0xFC, 0x60, 0xAD, 0xF3, 0x04, 0xA4, 0x3A, 0xF0, 0x03, 0x18, 0x69, 0x04, 0xAA, 
   0xBD, 0xBA, 0xF0, 0x8D, 0xF3, 0x04, 0xAD, 0xFC, 0x04, 0x8D, 0xFD, 0x04, 0xC0, 0x00, 0xF0, 0x03, 
   0x18, 0x69, 0x04, 0xAA, 0xBD, 0xC2, 0xF0, 0x8D, 0xFC, 0x04, 0x60, 0xA2, 0x1F, 0xBD, 0x9A, 0xF0, 
   0x9D, 0x20, 0x04, 0xCA, 0x10, 0xF7, 0x60, 0xA2, 0x1F, 0xBD, 0xF4, 0xEF, 0x9D, 0x40, 0x03, 0xCA, 
   0x10, 0xF7, 0x60, 0xA0, 0x10, 0xB1, 0x14, 0xC9, 0x10, 0xD0, 0x12, 0xA9, 0x02, 0x91, 0x14, 0xA0, 
   0x0C, 0xA9, 0x3F, 0x91, 0x14, 0xC8, 0xA9, 0xF0, 0x91, 0x14, 0x4C, 0xEB, 0xDC, 0x60, 0xA9, 0x00, 
   0xAE, 0x2C, 0x04, 0xAC, 0x2D, 0x04, 0x20, 0x25, 0xEA, 0xC9, 0xCC, 0xD0, 0x06, 0x20, 0x98, 0xE9, 
   0x4C, 0xFE, 0xE9, 0xC9, 0xDD, 0xD0, 0xE6, 0x20, 0x9E, 0xE9, 0x4C, 0xFE, 0xE9, 0xA9, 0x01, 0xAE, 
   0x4C, 0x03, 0xAC, 0x4D, 0x03, 0x85, 0x1E, 0x86, 0x14, 0x84, 0x15, 0xA0, 0x00, 0xB1, 0x14, 0x84, 
   0x13, 0xC8, 0x84, 0x12, 0x20, 0xD1, 0xCD, 0x48, 0xA6, 0x14, 0xA4, 0x15, 0xA5, 0x1E, 0xD0, 0x08, 
   0x8E, 0x2C, 0x04, 0x8C, 0x2D, 0x04, 0x68, 0x60, 0x8E, 0x4C, 0x03, 0x8C, 0x4D, 0x03, 0x68, 0x60, 
   0xA5, 0x51, 0xD0, 0x06, 0xA5, 0x71, 0xD0, 0x02, 0x18, 0x60, 0x38, 0x60, 0xAD, 0xB0, 0x04, 0xF0, 
   0x01, 0x60, 0xAD, 0xFC, 0x04, 0xD0, 0xFA, 0xAD, 0xBF, 0x04, 0xD0, 0x0B, 0x20, 0xE6, 0xEE, 0x20, 
   0xD7, 0xE9, 0xA9, 0x01, 0x8D, 0xBF, 0x04, 0xAD, 0x30, 0x04, 0xD0, 0x03, 0x20, 0x9E, 0xE9, 0xAD, 
   0x50, 0x03, 0xC9, 0x10, 0xF0, 0x3C, 0xC9, 0x01, 0xF0, 0x32, 0xC9, 0x02, 0xF0, 0x31, 0xA9, 0x28, 
   0x8D, 0x48, 0x03, 0xA9, 0x50, 0x8D, 0x49, 0x03, 0xAD, 0x42, 0x03, 0xD0, 0x07, 0xA9, 0x02, 0x8D, 
   0x55, 0x03, 0xD0, 0x03, 0xCE, 0x42, 0x03, 0x20, 0x50, 0xEA, 0xB0, 0x0F, 0xA9, 0x01, 0xA2, 0xD6, 
   0xA0, 0xEF, 0x8D, 0x50, 0x03, 0x8E, 0x4C, 0x03, 0x8C, 0x4D, 0x03, 0x60, 0x4C, 0x4D, 0xEC, 0x4C, 
   0x69, 0xEC, 0x20, 0x50, 0xEA, 0x90, 0x03, 0x4C, 0x22, 0xEC, 0xAD, 0x48, 0x03, 0xC9, 0x18, 0xB0, 
   0x17, 0xAD, 0xFF, 0x04, 0xD0, 0x0A, 0xAD, 0x48, 0x03, 0xC9, 0x0C, 0xB0, 0x2D, 0x4C, 0x22, 0xEC, 
   0xA9, 0x01, 0x8D, 0x51, 0x03, 0x4C, 0x0A, 0xEB, 0xC9, 0xD4, 0x90, 0x04, 0xA9, 0x00, 0xF0, 0xF2, 
   0xAD, 0x49, 0x03, 0xC9, 0x0C, 0xB0, 0x07, 0x20, 0xF5, 0xEE, 0xA9, 0x00, 0xF0, 0x09, 0xC9, 0xF8, 
   0x90, 0x0B, 0x20, 0x05, 0xEF, 0xA9, 0x01, 0x8D, 0x41, 0x03, 0x20, 0x98, 0xE9, 0xAD, 0x4B, 0x03, 
   0xF0, 0x06, 0xCE, 0x4B, 0x03, 0x4C, 0x96, 0xEB, 0xAD, 0x5B, 0x03, 0x20, 0xC1, 0xCA, 0xC9, 0x00, 
   0xF0, 0x74, 0xC9, 0x02, 0xD0, 0x21, 0xAD, 0x48, 0x03, 0x20, 0xDE, 0xEE, 0xAC, 0x49, 0x03, 0x20, 
   0xA0, 0xEC, 0xA9, 0x10, 0x85, 0x00, 0xA6, 0x9F, 0xA9, 0x01, 0x95, 0x9D, 0x8A, 0x09, 0x08, 0x85, 
   0x01, 0x20, 0xA0, 0xDE, 0x4C, 0x22, 0xEC, 0x20, 0x98, 0xE9, 0x20, 0x45, 0xD3, 0x29, 0x01, 0x18, 
   0x6D, 0x43, 0x03, 0x8D, 0x43, 0x03, 0xA9, 0x08, 0x8D, 0x4B, 0x03, 0xA2, 0x00, 0xBD, 0x9F, 0xF5, 
   0xCD, 0x57, 0x03, 0xD0, 0x08, 0xBD, 0xA0, 0xF5, 0xCD, 0x58, 0x03, 0xF0, 0x08, 0xE8, 0xE8, 0xE0, 
   0x10, 0xD0, 0xEA, 0xF0, 0x09, 0xE0, 0x08, 0x90, 0x10, 0xAD, 0x41, 0x03, 0xF0, 0x10, 0xAD, 0x51, 
   0x03, 0x49, 0x01, 0x8D, 0x51, 0x03, 0x4C, 0x96, 0xEB, 0xAD, 0x41, 0x03, 0xF0, 0xF0, 0xAD, 0x41, 
   0x03, 0x49, 0x01, 0x8D, 0x41, 0x03, 0xA0, 0x04, 0xAD, 0x41, 0x03, 0xF0, 0x02, 0xA0, 0xFC, 0x98, 
   0x18, 0x6D, 0x49, 0x03, 0x85, 0x00, 0xA0, 0x04, 0xAD, 0x51, 0x03, 0xD0, 0x02, 0xA0, 0xFC, 0x98, 
   0x18, 0x6D, 0x48, 0x03, 0x85, 0x01, 0x20, 0x9A, 0xCA, 0xA5, 0x00, 0x8D, 0x58, 0x03, 0x8D, 0x28, 
   0x05, 0xA5, 0x01, 0x8D, 0x57, 0x03, 0x8D, 0x29, 0x05, 0xAD, 0x43, 0x03, 0xD0, 0x7E, 0xAD, 0x42, 
   0x03, 0x8D, 0x43, 0x03, 0xAD, 0x48, 0x03, 0xAC, 0x51, 0x03, 0xD0, 0x07, 0x38, 0xED, 0x55, 0x03, 
   0x4C, 0xE7, 0xEB, 0x18, 0x6D, 0x55, 0x03, 0x8D, 0x48, 0x03, 0xAD, 0x41, 0x03, 0xD0, 0x0C, 0xEE, 
   0x49, 0x03, 0xA5, 0x80, 0xD0, 0x0F, 0xEE, 0x49, 0x03, 0xD0, 0x0A, 0xCE, 0x49, 0x03, 0xA5, 0x80, 
   0xD0, 0x03, 0xCE, 0x49, 0x03, 0xAE, 0x44, 0x03, 0xBD, 0xDD, 0xF4, 0xC9, 0xFF, 0xD0, 0x0A, 0xE8, 
   0xBD, 0xDD, 0xF4, 0x8D, 0x44, 0x03, 0x4C, 0x05, 0xEC, 0x8D, 0x46, 0x03, 0xEE, 0x44, 0x03, 0x4C, 
   0x2B, 0xEC, 0xA9, 0x02, 0xA2, 0x3F, 0xA0, 0xF0, 0x4C, 0xB2, 0xEA, 0xAE, 0x4A, 0x03, 0xAD, 0x48, 
   0x03, 0x18, 0x69, 0xFC, 0x9D, 0x00, 0x02, 0xAD, 0x46, 0x03, 0x9D, 0x01, 0x02, 0xAD, 0x47, 0x03, 
   0x9D, 0x02, 0x02, 0xAD, 0x49, 0x03, 0x18, 0x69, 0xFC, 0x9D, 0x03, 0x02, 0x60, 0x20, 0x1D, 0xEA, 
   0xC9, 0xFF, 0xF0, 0x0A, 0xC9, 0x00, 0xF0, 0xF4, 0x8D, 0x46, 0x03, 0x4C, 0x2B, 0xEC, 0xA9, 0x10, 
   0x8D, 0x50, 0x03, 0xA9, 0x1E, 0x8D, 0xFF, 0x04, 0x60, 0x20, 0x1D, 0xEA, 0xC9, 0xFF, 0xD0, 0xE4, 
   0xAE, 0x4A, 0x03, 0xA9, 0xF4, 0x9D, 0x00, 0x02, 0xA9, 0x00, 0x8D, 0x50, 0x03, 0xAD, 0xFE, 0x04, 
   0xC9, 0x02, 0xF0, 0x06, 0xEE, 0xFE, 0x04, 0xAD, 0xFE, 0x04, 0x4A, 0x4A, 0x4A, 0xA4, 0x3A, 0xF0, 
   0x03, 0x18, 0x69, 0x04, 0x18, 0x6D, 0xFD, 0x04, 0xAA, 0xBD, 0xC2, 0xF0, 0x8D, 0xFC, 0x04, 0x60, 
   0xA9, 0x00, 0x85, 0x9F, 0x84, 0x1F, 0xA0, 0x00, 0xB9, 0x84, 0x00, 0xF0, 0x1D, 0x8A, 0xD9, 0x85, 
   0x00, 0xD0, 0x17, 0xA5, 0x1F, 0x38, 0xE9, 0x10, 0xD9, 0x86, 0x00, 0xB0, 0x0D, 0xA5, 0x1F, 0x18, 
   0x69, 0x10, 0xD9, 0x86, 0x00, 0x90, 0x03, 0xA9, 0x00, 0x60, 0xE6, 0x9F, 0xA0, 0x05, 0xA5, 0x9F, 
   0xC9, 0x02, 0xD0, 0xD4, 0xA9, 0x00, 0x85, 0x9F, 0xA9, 0xFF, 0x60, 0xAD, 0xC0, 0x04, 0xD0, 0x03, 
   0x4C, 0x21, 0xD9, 0xAD, 0xC1, 0x04, 0xD0, 0xF8, 0xA9, 0xFF, 0x8D, 0xC2, 0x04, 0xA9, 0x01, 0x8D, 
   0xC1, 0x04, 0xA4, 0xBA, 0xA2, 0x1F, 0xBD, 0x05, 0xED, 0x95, 0xB0, 0xCA, 0x10, 0xF8, 0x84, 0xBA, 
   0xA0, 0x04, 0x4C, 0xE1, 0xDF, 0x01, 0x00, 0x02, 0x00, 0x33, 0x05, 0x8C, 0x23, 0x00, 0x00, 0x00, 
   0x00, 0x70, 0xF6, 0x00, 0x80, 0x00, 0x00, 0x01, 0x0A, 0x02, 0x01, 0x00, 0x00, 0x00, 0x00, 0x00, 
   0x00, 0x00, 0x00, 0x04, 0x03, 0xA5, 0xBF, 0xC9, 0x80, 0xF0, 0x09, 0x4C, 0xCB, 0xC6, 0x20, 0xDA, 
   0xDF, 0x4C, 0x66, 0xC7, 0xA5, 0xC0, 0xD0, 0xF3, 0xAD, 0xC2, 0x04, 0xF0, 0x1C, 0xCE, 0xC2, 0x04, 
   0xD0, 0xE9, 0x20, 0x45, 0xD3, 0xA0, 0x01, 0xA2, 0xF0, 0x29, 0x01, 0xF0, 0x04, 0xA0, 0x02, 0xA2, 
   0x10, 0x84, 0xC2, 0x84, 0xB1, 0x86, 0xB9, 0xD0, 0xD2, 0xA5, 0xC1, 0xD0, 0x48, 0xA5, 0xB1, 0x29, 
   0xC0, 0xD0, 0xC8, 0xA4, 0xB9, 0xA5, 0xBE, 0xC9, 0x01, 0xF0, 0x0E, 0xC9, 0x02, 0xD0, 0xBC, 0xC0, 
   0x80, 0xD0, 0xB8, 0xA9, 0x00, 0xA2, 0x00, 0xF0, 0x10, 0xA9, 0x09, 0xA2, 0x01, 0xC0, 0x30, 0xF0, 
   0x08, 0xC0, 0xD0, 0xD0, 0xA6, 0xA9, 0x10, 0xA2, 0x02, 0xA8, 0xBD, 0xCD, 0x04, 0xD0, 0x9C, 0xA9, 
   0x01, 0x8E, 0xCC, 0x04, 0x98, 0x8D, 0xC6, 0x04, 0xA9, 0x00, 0x8D, 0xC5, 0x04, 0x85, 0xB1, 0xA9, 
   0x80, 0x85, 0xC1, 0xD0, 0x86, 0xC6, 0xC1, 0xF0, 0x3C, 0xA5, 0xC1, 0xA0, 0x6A, 0xC9, 0x20, 0xF0, 
   0x24, 0xC9, 0x40, 0xD0, 0x2D, 0xA5, 0xB8, 0x18, 0x69, 0x07, 0x8D, 0xB0, 0x02, 0x8D, 0xB4, 0x02, 
   0xA9, 0x03, 0x8D, 0xB2, 0x02, 0x8D, 0xB6, 0x02, 0xA5, 0xB9, 0x8D, 0xB7, 0x02, 0x38, 0xE9, 0x08, 
   0x8D, 0xB3, 0x02, 0xA0, 0x68, 0x8C, 0xB1, 0x02, 0xC8, 0x8C, 0xB5, 0x02, 0xA5, 0xFE, 0x09, 0x04, 
   0x85, 0xFE, 0x4C, 0xCB, 0xC6, 0xA5, 0x21, 0xD0, 0x37, 0xA5, 0x75, 0x05, 0x7A, 0xD0, 0x31, 0x8D, 
   0xCA, 0x04, 0xA0, 0x04, 0x20, 0xE1, 0xDF, 0x20, 0x89, 0xEF, 0xA9, 0x01, 0x8D, 0xC5, 0x04, 0xAE, 
   0xCC, 0x04, 0x9D, 0xCD, 0x04, 0xAD, 0xCD, 0x04, 0x2D, 0xCE, 0x04, 0x2D, 0xCF, 0x04, 0xD0, 0x06, 
   0x20, 0xE8, 0xEC, 0x4C, 0xE2, 0xED, 0xA9, 0x00, 0x8D, 0xC0, 0x04, 0x85, 0xB0, 0x4C, 0x66, 0xC7, 
   0xE6, 0xC1, 0xD0, 0xBE, 0xAD, 0xC5, 0x04, 0xD0, 0x01, 0x60, 0xAD, 0xCA, 0x04, 0xF0, 0x29, 0xCE, 
   0xCA, 0x04, 0xAD, 0xB3, 0x02, 0xF0, 0x20, 0xC9, 0x40, 0xF0, 0x1C, 0xC9, 0xA0, 0xF0, 0x18, 0xCE, 
   0xB3, 0x02, 0xCE, 0xB3, 0x02, 0xCE, 0xB7, 0x02, 0xCE, 0xB7, 0x02, 0xEE, 0xBB, 0x02, 0xEE, 0xBB, 
   0x02, 0xEE, 0xBF, 0x02, 0xEE, 0xBF, 0x02, 0x60, 0xAE, 0xC6, 0x04, 0xBD, 0x8C, 0xEE, 0xF0, 0x19, 
   0x8D, 0xC9, 0x04, 0xE8, 0xBD, 0x8C, 0xEE, 0x8D, 0xC8, 0x04, 0xA9, 0x01, 0x8D, 0xC7, 0x04, 0xE8, 
   0x8E, 0xC6, 0x04, 0xA9, 0x08, 0x8D, 0xCA, 0x04, 0x60, 0xA9, 0x00, 0x8D, 0xC5, 0x04, 0x8D, 0xC7, 
   0x04, 0xA9, 0xF4, 0xA2, 0x0F, 0x9D, 0xB0, 0x02, 0xCA, 0x10, 0xFA, 0x60, 0xF7, 0x87, 0xF7, 0x91, 
   0xF7, 0x9F, 0xF7, 0xAF, 0x00, 0xF7, 0xBF, 0xF7, 0xC8, 0xF7, 0xD7, 0x00, 0xF7, 0xE6, 0xF7, 0xEF, 
   0xF7, 0xFE, 0x00, 0xAD, 0xC7, 0x04, 0xF0, 0x12, 0xAD, 0xC8, 0x04, 0x85, 0x00, 0xAD, 0xC9, 0x04, 
   0x85, 0x01, 0x20, 0x1D, 0xCE, 0xA9, 0x00, 0x8D, 0xC7, 0x04, 0x60, 0xA5, 0x00, 0x48, 0xA5, 0x06, 
   0x48, 0xA5, 0x07, 0x48, 0xA9, 0x10, 0x85, 0x00, 0xA6, 0x9F, 0xA9, 0x01, 0x95, 0x9D, 0x8A, 0x85, 
   0x01, 0x20, 0xA0, 0xDE, 0x68, 0x85, 0x07, 0x68, 0x85, 0x06, 0x68, 0x85, 0x00, 0x60, 0x85, 0xB8, 
   0x20, 0x36, 0xD0, 0xA6, 0xBE, 0x60, 0xA5, 0x35, 0xC9, 0xAA, 0xD0, 0x06, 0xA5, 0x45, 0xC9, 0x04, 
   0x90, 0x02, 0x68, 0x68, 0x60, 0x20, 0x45, 0xD3, 0x29, 0x07, 0x18, 0x6D, 0x49, 0x03, 0x8D, 0x49, 
   0x03, 0xEE, 0x48, 0x03, 0x60, 0x20, 0x45, 0xD3, 0x29, 0x03, 0x85, 0x07, 0xAD, 0x49, 0x03, 0x38, 
   0xE5, 0x07, 0x8D, 0x49, 0x03, 0xCE, 0x48, 0x03, 0xCE, 0x48, 0x03, 0x60, 0x85, 0x1E, 0x8A, 0x38, 
   0xAE, 0xD5, 0x04, 0xF0, 0x02, 0xE9, 0x08, 0xE9, 0x18, 0x9D, 0xE8, 0x02, 0x9D, 0xEC, 0x02, 0x98, 
   0x38, 0xE9, 0x08, 0x9D, 0xEB, 0x02, 0x98, 0x9D, 0xEF, 0x02, 0xA4, 0x1E, 0xB9, 0xD0, 0xEF, 0x9D, 
   0xE9, 0x02, 0xA9, 0x45, 0x9D, 0xED, 0x02, 0xA0, 0x03, 0xA5, 0x11, 0xF0, 0x02, 0xA0, 0x02, 0x98, 
   0x9D, 0xEA, 0x02, 0x9D, 0xEE, 0x02, 0xA2, 0x00, 0xA0, 0x08, 0xAD, 0xD5, 0x04, 0xF0, 0x03, 0xE8, 
   0xA0, 0x00, 0xA9, 0x40, 0x9D, 0xD6, 0x04, 0x8C, 0xD5, 0x04, 0x60, 0xA2, 0x00, 0xA0, 0x00, 0xBD, 
   0xD6, 0x04, 0xF0, 0x0D, 0xDE, 0xD6, 0x04, 0xD0, 0x08, 0xA9, 0xF4, 0x99, 0xE8, 0x02, 0x99, 0xEC, 
   0x02, 0xA0, 0x08, 0xE8, 0xE0, 0x02, 0xD0, 0xE7, 0x60, 0xAD, 0xCC, 0x04, 0x0A, 0x0A, 0x0A, 0x0A, 
   0xAA, 0xA0, 0x00, 0xBD, 0xA0, 0xEF, 0x99, 0xB0, 0x02, 0xE8, 0xC8, 0xC0, 0x10, 0xD0, 0xF4, 0x60, 
   0x77, 0x8A, 0x03, 0x70, 0x77, 0x8B, 0x03, 0x78, 0x77, 0x8B, 0x43, 0x80, 0x77, 0x8A, 0x43, 0x88, 
   0xA7, 0x8A, 0x03, 0x20, 0xA7, 0x8B, 0x03, 0x28, 0xA7, 0x8B, 0x43, 0x30, 0xA7, 0x8A, 0x43, 0x38, 
   0xA7, 0x8A, 0x03, 0xC0, 0xA7, 0x8B, 0x03, 0xC8, 0xA7, 0x8B, 0x43, 0xD0, 0xA7, 0x8A, 0x43, 0xD8, 
   0x40, 0x42, 0x43, 0x44, 0x3E, 0x3F, 0x9C, 0x00, 0x9D, 0x00, 0x9F, 0x00, 0x00, 0x9D, 0x00, 0x9B, 
   0x00, 0x00, 0x92, 0x00, 0x00, 0x93, 0x00, 0x00, 0x94, 0x00, 0x00, 0x95, 0x00, 0x92, 0x00, 0x93, 
   0x00, 0x94, 0x00, 0xFF, 0x01, 0x01, 0x03, 0x01, 0x3D, 0x07, 0x92, 0x02, 0xF4, 0x00, 0x04, 0x00, 
   0x00, 0x00, 0x00, 0xB0, 0x00, 0x01, 0x00, 0x00, 0x00, 0x01, 0x00, 0x00, 0x00, 0x00, 0x00, 0x00, 
   0x00, 0x00, 0x04, 0x04, 0x9C, 0x00, 0x9D, 0x00, 0x9F, 0x00, 0x9C, 0x00, 0x9D, 0x00, 0x9F, 0x00, 
   0x9C, 0x00, 0x9D, 0x00, 0x9F, 0x00, 0x9C, 0x00, 0x9D, 0x00, 0x9F, 0x00, 0x9C, 0x00, 0x9D, 0x00, 
   0x9F, 0x00, 0x9C, 0x00, 0x9D, 0x00, 0x9F, 0x00, 0x9C, 0x00, 0x9D, 0x00, 0x9B, 0x00, 0xFF, 0x9B, 
   0x00, 0x9C, 0x00, 0x9D, 0x00, 0x00, 0x9E, 0x00, 0x9F, 0x00, 0x9C, 0x00, 0x9D, 0x00, 0x00, 0x9E, 
   0x00, 0x9F, 0x00, 0xFF, 0x00, 0x00, 0xFF, 0xFF, 0xDD, 0xFF, 0xFE, 0xFE, 0xFD, 0xFE, 0xFE, 0xFF, 
   0xFF, 0x00, 0xFF, 0x00, 0xFF, 0x00, 0x00, 0x00, 0x01, 0x00, 0x01, 0x00, 0x01, 0x01, 0x02, 0x02, 
   0x03, 0x02, 0x02, 0x01, 0xCC, 0x01, 0x01, 0x00, 0x00, 0xBB, 0x00, 0x00, 0xFF, 0x00, 0xFF, 0xFF, 
   0xDD, 0xFF, 0xFE, 0xFF, 0xFF, 0xFF, 0xFF, 0x00, 0x00, 0x00, 0x01, 0x01, 0x01, 0x02, 0x02, 0x01, 
   0x01, 0xCC, 0x01, 0x00, 0x01, 0x00, 0x00, 0xBB, 0x00, 0xAA, 0x01, 0x01, 0x00, 0x01, 0x3D, 0x07, 
   0x92, 0x01, 0xF4, 0x00, 0x00, 0x00, 0x00, 0x00, 0x00, 0xA0, 0x00, 0x80, 0x00, 0x00, 0x00, 0x00, 
   0x00, 0x00, 0x00, 0x00, 0x00, 0x00, 0x00, 0x00, 0x04, 0x04, 0x21, 0x19, 0x08, 0x04, 0x0D, 0x08, 
   0x06, 0x03, 0x28, 0x28, 0x21, 0x1F, 0x19, 0x19, 0x17, 0x0F, 0x21, 0x21, 0x17, 0x0F, 0x17, 0x17, 
   0x0F, 0x08, 0x19, 0x10, 0x10, 0x0F, 0x10, 0x0F, 0x08, 0x06, 0xCC, 0x9C, 0x6C, 0x3C, 0x20, 0x83, 
   0x02, 0x76, 0x7A, 0x20, 0xA3, 0x02, 0x77, 0x79, 0x20, 0x9A, 0x02, 0x7C, 0x7E, 0x20, 0xBA, 0x02, 
   0x7D, 0x7F, 0x21, 0x63, 0x02, 0x80, 0x82, 0x21, 0x83, 0x02, 0x81, 0x83, 0x21, 0x7A, 0x02, 0x84, 
   0x86, 0x21, 0x9A, 0x02, 0x85, 0x87, 0x20, 0x85, 0x4A, 0x7B, 0x20, 0x90, 0x4A, 0x7B, 0x21, 0x85, 
   0x4A, 0x89, 0x21, 0x90, 0x4A, 0x89, 0x20, 0xC3, 0x19, 0x78, 0x24, 0x24, 0x68, 0x69, 0x69, 0x6B, 
   0x69, 0x68, 0x69, 0x68, 0x6B, 0x69, 0x24, 0x68, 0x69, 0x68, 0x69, 0x6B, 0x69, 0x6B, 0x69, 0x24, 
   0x24, 0x88, 0x20, 0xE6, 0x13, 0x68, 0x6A, 0x6A, 0x6E, 0x6A, 0x68, 0x6A, 0x68, 0x6E, 0x6A, 0x24, 
   0x68, 0x6A, 0x68, 0x6A, 0x6E, 0x6A, 0x6E, 0x71, 0x21, 0x06, 0x13, 0x68, 0x6A, 0x6A, 0x68, 0x6C, 
   0x68, 0x6D, 0x68, 0x6E, 0x6A, 0x24, 0x68, 0x6D, 0x68, 0x6D, 0x6E, 0x6A, 0x6F, 0x69, 0x21, 0x26, 
   0x13, 0x68, 0x6A, 0x6A, 0x6E, 0x6A, 0x68, 0x6A, 0x68, 0x6E, 0x6A, 0x24, 0x68, 0x6A, 0x68, 0x6A, 
   0x6E, 0x6A, 0x72, 0x6A, 0x21, 0x43, 0x19, 0x78, 0x24, 0x24, 0x68, 0x6A, 0x6A, 0x6E, 0x6A, 0x68, 
   0x6A, 0x68, 0x6F, 0x70, 0x24, 0x68, 0x70, 0x68, 0x6A, 0x6F, 0x70, 0x6F, 0x70, 0x73, 0x24, 0x88, 
   0x22, 0x09, 0x0F, 0x01, 0x24, 0x19, 0x15, 0x0A, 0x22, 0x0E, 0x1B, 0x24, 0x10, 0x0A, 0x16, 0x0E, 
   0x24, 0x0A, 0x22, 0x49, 0x0F, 0x01, 0x24, 0x19, 0x15, 0x0A, 0x22, 0x0E, 0x1B, 0x24, 0x10, 0x0A, 
   0x16, 0x0E, 0x24, 0x0B, 0x22, 0x89, 0x0F, 0x02, 0x24, 0x19, 0x15, 0x0A, 0x22, 0x0E, 0x1B, 0x24, 
   0x10, 0x0A, 0x16, 0x0E, 0x24, 0x0A, 0x22, 0xC9, 0x0F, 0x02, 0x24, 0x19, 0x15, 0x0A, 0x22, 0x0E, 
   0x1B, 0x24, 0x10, 0x0A, 0x16, 0x0E, 0x24, 0x0B, 0x23, 0x05, 0x16, 0x25, 0x01, 0x09, 0x08, 0x03, 
   0x24, 0x17, 0x12, 0x17, 0x1D, 0x0E, 0x17, 0x0D, 0x18, 0x24, 0x0C, 0x18, 0x28, 0x15, 0x1D, 0x0D, 
   0x26, 0x23, 0x4B, 0x0D, 0x16, 0x0A, 0x0D, 0x0E, 0x24, 0x12, 0x17, 0x24, 0x13, 0x0A, 0x19, 0x0A, 
   0x17, 0x23, 0xC8, 0x0F, 0xAA, 0x2A, 0x0A, 0x0A, 0x0A, 0x0A, 0x8A, 0x00, 0xFF, 0x30, 0x00, 0x00, 
   0x00, 0x00, 0xC0, 0x23, 0xD8, 0x48, 0xFF, 0x23, 0xE0, 0x50, 0x55, 0x23, 0xF0, 0x48, 0xAA, 0x00, 
   0x21, 0x20, 0x4E, 0x21, 0x32, 0x4E, 0x21, 0xE8, 0x50, 0x22, 0x00, 0x44, 0x22, 0x1C, 0x44, 0x22, 
   0xA0, 0x4C, 0x22, 0xB4, 0x4C, 0x00, 0x23, 0x60, 0x60, 0x23, 0x80, 0x60, 0x3F, 0x00, 0x20, 0x0F, 
   0x30, 0x2C, 0x12, 0x0F, 0x30, 0x29, 0x09, 0x0F, 0x30, 0x27, 0x18, 0x0F, 0x30, 0x26, 0x06, 0x0F, 
   0x16, 0x37, 0x12, 0x0F, 0x30, 0x27, 0x19, 0x0F, 0x30, 0x27, 0x16, 0x0F, 0x2C, 0x12, 0x25, 0x00, 
   0x3F, 0x00, 0x14, 0x0F, 0x16, 0x16, 0x16, 0x0F, 0x27, 0x27, 0x27, 0x0F, 0x30, 0x2C, 0x12, 0x0F, 
   0x30, 0x29, 0x19, 0x0F, 0x35, 0x35, 0x35, 0x00, 0x23, 0xC0, 0x10, 0x00, 0x00, 0xC0, 0x30, 0x00, 
   0x50, 0x00, 0x00, 0x55, 0x55, 0x00, 0x00, 0x00, 0x00, 0x55, 0x55, 0x23, 0xF0, 0x10, 0xF5, 0xFF, 
   0xFF, 0xFF, 0xFF, 0xFF, 0xFF, 0xF5, 0xFF, 0xFF, 0xFF, 0xFF, 0xFF, 0xFF, 0xFF, 0xFF, 0x00, 0x23, 
   0xD0, 0x58, 0x00, 0x23, 0xE8, 0x08, 0x50, 0x00, 0x00, 0x00, 0x00, 0x00, 0x00, 0x50, 0x00, 0x23, 
   0xD0, 0x58, 0xAA, 0x23, 0xE8, 0x08, 0x5A, 0xAA, 0xAA, 0x00, 0x00, 0xAA, 0xAA, 0x5A, 0x00, 0x23, 
   0xD0, 0x58, 0xFF, 0x23, 0xE8, 0x08, 0x5F, 0xFF, 0xFF, 0x00, 0x00, 0xFF, 0xFF, 0x5F, 0x00, 0xDF, 
   0xF2, 0xF2, 0xF2, 0xFF, 0xF2, 0xFF, 0xF2, 0x09, 0xF3, 0x13, 0xF3, 0x1A, 0xF3, 0x21, 0xF3, 0x00, 
   0xEF, 0xF8, 0x00, 0xEF, 0x00, 0x00, 0xF7, 0xF8, 0x00, 0xF7, 0x00, 0x00, 0x00, 0xF8, 0x00, 0x00, 
   0x00, 0xAA, 0x00, 0xF7, 0xF8, 0x00, 0xF7, 0x00, 0x00, 0x00, 0xF8, 0x00, 0x00, 0x00, 0xAA, 0x80, 
   0xF7, 0xF8, 0x01, 0xF7, 0x00, 0x00, 0x00, 0xFC, 0xAA, 0x00, 0xF7, 0xFC, 0x80, 0x00, 0xF8, 0x01, 
   0x00, 0x00, 0xAA, 0x00, 0xF7, 0xFC, 0x00, 0x00, 0xFC, 0xAA, 0x00, 0xF7, 0xF8, 0x00, 0x00, 0xFC, 
   0xAA, 0x00, 0xFC, 0xFC, 0xAA, 0x01, 0x00, 0x03, 0x00, 0x00, 0x00, 0x12, 0x40, 0xD0, 0x44, 0x10, 
   0x00, 0x00, 0x00, 0x00, 0x01, 0x00, 0x00, 0x00, 0x00, 0x00, 0x01, 0x00, 0x00, 0x00, 0x00, 0x00, 
   0x00, 0x00, 0x00, 0x04, 0x04, 0x01, 0x00, 0x03, 0x00, 0x00, 0x00, 0x12, 0x01, 0xD0, 0xC4, 0x28, 
   0x00, 0x00, 0x00, 0x00, 0x02, 0x00, 0x00, 0x00, 0x00, 0x00, 0x01, 0x00, 0x00, 0x00, 0x00, 0x00, 
   0x00, 0x00, 0x00, 0x04, 0x04, 0x00, 0x00, 0x00, 0x00, 0x00, 0x00, 0x00, 0x00, 0x00, 0x00, 0x00, 
   0x00, 0x00, 0x00, 0x01, 0x00, 0x01, 0x01, 0x01, 0x02, 0x01, 0x02, 0x02, 0x02, 0x02, 0x03, 0x03, 
   0x03, 0x03, 0x03, 0x03, 0xAA, 0xFC, 0xFC, 0xFC, 0xFC, 0xFC, 0xFC, 0xFC, 0xFC, 0xFD, 0xFD, 0xFE, 
   0xFE, 0xFE, 0xFE, 0xFE, 0xFE, 0xFE, 0xFF, 0xFF, 0xFF, 0x00, 0xFF, 0x00, 0xAA, 0xFD, 0xFE, 0xFE, 
   0xFE, 0xFE, 0xFF, 0xFF, 0xFF, 0x00, 0xFF, 0xAA, 0x00, 0x01, 0x01, 0x01, 0x01, 0x01, 0x02, 0x02, 
   0x02, 0x02, 0x03, 0x03, 0x04, 0x04, 0xCC, 0x04, 0xCC, 0xCC, 0xCC, 0x04, 0xCC, 0xAA, 0x01, 0x02, 
   0x00, 0x01, 0x01, 0x00, 0x01, 0x01, 0x00, 0xAA, 0x01, 0x02, 0x00, 0x01, 0x01, 0xFF, 0x01, 0x01, 
   0x00, 0xAA, 0x01, 0x01, 0xFF, 0x01, 0x01, 0x00, 0x01, 0x01, 0x00, 0x01, 0x01, 0x01, 0x01, 0x01, 
   0x01, 0x02, 0x01, 0xFF, 0xAA, 0xFD, 0xF3, 0x04, 0xF4, 0x0F, 0xF4, 0x18, 0xF4, 0x25, 0xF4, 0x2E, 
   0xF4, 0x39, 0xF4, 0x44, 0xF4, 0x4F, 0xF4, 0x5C, 0xF4, 0x69, 0xF4, 0x74, 0xF4, 0x04, 0x00, 0x0E, 
   0x00, 0x19, 0x00, 0xAA, 0x04, 0x00, 0x0E, 0x00, 0x19, 0x00, 0x14, 0x00, 0x19, 0x00, 0xAA, 0x04, 
   0x01, 0x0A, 0x01, 0x24, 0x01, 0x0A, 0x01, 0xAA, 0x03, 0x01, 0x0A, 0x01, 0x28, 0x00, 0x05, 0x00, 
   0x3C, 0x01, 0x06, 0x01, 0xAA, 0x0A, 0x02, 0x0A, 0x02, 0x28, 0x02, 0x0A, 0x02, 0xAA, 0x0A, 0x02, 
   0x0A, 0x02, 0x28, 0x01, 0x05, 0x01, 0x28, 0x02, 0xAA, 0x03, 0x00, 0x0A, 0x00, 0x28, 0x02, 0x05, 
   0x00, 0x28, 0x00, 0xAA, 0x03, 0x01, 0x0A, 0x01, 0x28, 0x02, 0x05, 0x01, 0x28, 0x01, 0xAA, 0x0A, 
   0x02, 0x0A, 0x01, 0x28, 0x01, 0x05, 0x01, 0x28, 0x02, 0x0E, 0x01, 0xAA, 0x03, 0x01, 0x0A, 0x01, 
   0x28, 0x01, 0x05, 0x02, 0x28, 0x02, 0x0E, 0x01, 0xAA, 0x03, 0x00, 0x0A, 0x00, 0x28, 0x01, 0x05, 
   0x00, 0x05, 0x00, 0xAA, 0x01, 0x00, 0x05, 0x00, 0x31, 0x00, 0xFF, 0x00, 0xAA, 0x01, 0x00, 0x03, 
   0x00, 0x0A, 0x06, 0x52, 0x21, 0x28, 0x00, 0x00, 0x00, 0x70, 0xF6, 0x00, 0x10, 0x00, 0x00, 0x00, 
   0x0A, 0x00, 0x01, 0x00, 0x00, 0x00, 0x00, 0x00, 0x00, 0x00, 0x00, 0x04, 0x06, 0x01, 0x00, 0x03, 
   0x00, 0x10, 0x03, 0x6C, 0x22, 0x28, 0x00, 0x00, 0x04, 0x70, 0xF6, 0x00, 0x20, 0x00, 0x00, 0x00, 
   0x14, 0x00, 0x01, 0x00, 0x00, 0x00, 0x00, 0x00, 0x00, 0x00, 0x00, 0x05, 0x06, 0x01, 0x00, 0x03, 
   0x00, 0x24, 0x03, 0x7D, 0x20, 0x28, 0x00, 0x00, 0x08, 0x70, 0xF6, 0x00, 0x30, 0x00, 0x00, 0x00, 
   0x00, 0x00, 0x01, 0x00, 0x00, 0x00, 0x00, 0x00, 0x00, 0x00, 0x00, 0x05, 0x06, 0x06, 0x0C, 0x00, 
   0x0C, 0xFF, 0x00, 0x26, 0x2C, 0xFF, 0x06, 0x52, 0x54, 0x52, 0x56, 0xFF, 0x0A, 0x6C, 0x6C, 0x6F, 
   0x6F, 0x6C, 0x6C, 0x72, 0x72, 0xFF, 0x10, 0xD0, 0xD0, 0xD3, 0xD3, 0xD0, 0xD0, 0xD6, 0xD6, 0xFF, 
   0x1A, 0x7D, 0x7D, 0x80, 0x80, 0x83, 0x83, 0xFF, 0x24, 0xA1, 0xA3, 0xA5, 0xA7, 0xA9, 0xFF, 0x2C, 
   0x8C, 0x8E, 0x90, 0xFF, 0x33, 0xB4, 0xB8, 0xBC, 0xFF, 0x38, 0x92, 0x93, 0x94, 0x95, 0xFF, 0x3D, 
   0x20, 0x82, 0x04, 0x52, 0x51, 0x3C, 0x50, 0x20, 0xA0, 0x06, 0x41, 0x57, 0x56, 0x55, 0x47, 0x54, 
   0x20, 0xC0, 0x06, 0x46, 0x5C, 0x5B, 0x5A, 0x4C, 0x59, 0x20, 0xE0, 0x04, 0x49, 0x61, 0x49, 0x5F, 
   0x20, 0x9A, 0x04, 0x39, 0x3C, 0x3A, 0x3B, 0x20, 0xBA, 0x06, 0x3D, 0x47, 0x3E, 0x3F, 0x40, 0x41, 
   0x20, 0xDA, 0x06, 0x42, 0x4C, 0x43, 0x44, 0x45, 0x46, 0x20, 0xFC, 0x04, 0x48, 0x49, 0x4A, 0x4B, 
   0x22, 0xE0, 0x04, 0x41, 0x41, 0x41, 0x57, 0x23, 0x00, 0x04, 0x46, 0x46, 0x46, 0x5C, 0x23, 0x20, 
   0x04, 0x4B, 0x4B, 0x4B, 0x61, 0x22, 0xFC, 0x04, 0x40, 0x41, 0x41, 0x41, 0x23, 0x1C, 0x04, 0x45, 
   0x46, 0x46, 0x46, 0x23, 0x3C, 0x04, 0x4A, 0x4B, 0x4B, 0x4B, 0x00, 0x22, 0x24, 0x24, 0x24, 0x24, 
   0x22, 0xFE, 0xFF, 0x90, 0x91, 0x22, 0xFC, 0xFD, 0x8E, 0x8F, 0x22, 0xFA, 0xFB, 0x8C, 0x8D, 0x2D, 
   0x21, 0xF7, 0x21, 0x03, 0x22, 0xAB, 0x22, 0x32, 0x21, 0xE8, 0x21, 0x1C, 0x22, 0xB4, 0x22, 0xD5, 
   0xF5, 0xEE, 0xF5, 0x58, 0x06, 0x52, 0x06, 0xD5, 0xF5, 0x0E, 0xF6, 0xD0, 0x03, 0x6C, 0x03, 0xD9, 
   0x04, 0xE4, 0xF5, 0x2C, 0xF6, 0xE0, 0x04, 0x7D, 0x03, 0x33, 0xF7, 0x00, 0x00, 0xE8, 0x04, 0x0C, 
   0xF7, 0x00, 0x00, 0x46, 0x07, 0xFD, 0xFD, 0xFE, 0xFE, 0xFE, 0xFE, 0xFF, 0xFF, 0x00, 0xFF, 0x00, 
   0xFF, 0x00, 0x00, 0x99, 0xFD, 0xFE, 0xFE, 0xFF, 0xFF, 0xFF, 0x00, 0xFF, 0x00, 0x99, 0x58, 0x35, 
   0x5A, 0x35, 0x58, 0x35, 0x5A, 0x28, 0x58, 0x28, 0x5A, 0x1A, 0x58, 0x1A, 0x5A, 0x1A, 0x58, 0x1A, 
   0x5A, 0x14, 0x58, 0x0D, 0x00, 0x5A, 0x0E, 0x58, 0x0E, 0x5A, 0x08, 0x58, 0x08, 0xFF, 0xD9, 0x35, 
   0xDC, 0x35, 0xD9, 0x35, 0xDC, 0x28, 0xD9, 0x28, 0xDC, 0x1A, 0xD9, 0x1A, 0xDC, 0x1A, 0xD9, 0x14, 
   0xDC, 0x0D, 0x00, 0xD9, 0x0E, 0xDC, 0x08, 0xD9, 0x08, 0xDC, 0x08, 0xFF, 0xE0, 0x50, 0xE3, 0x35, 
   0xE0, 0x28, 0xE3, 0x1A, 0xE0, 0x1A, 0xE3, 0x14, 0xE0, 0x14, 0xE3, 0x0E, 0xE0, 0x0E, 0x00, 0xE3, 
   0x08, 0xE0, 0x08, 0xE3, 0x08, 0xE0, 0x08, 0xE3, 0x04, 0xFF, 0xE6, 0xE6, 0xE6, 0xE6, 0x01, 0xE6, 
   0xE6, 0xE6, 0xFF, 0x75, 0x75, 0x75, 0x75, 0x01, 0x75, 0x75, 0x75, 0xFF, 0x01, 0x02, 0x03, 0xFF, 
   0x02, 0x01, 0x03, 0xFF, 0x00, 0x03, 0xFF, 0xFB, 0xFB, 0xFD, 0xFE, 0xFE, 0xFF, 0xFF, 0xFF, 0xFF, 
   0xAA, 0xF7, 0xF8, 0xFA, 0xFB, 0xFC, 0xFD, 0xFE, 0xFE, 0xFE, 0xFE, 0xFE, 0xFF, 0xFF, 0x00, 0xFF, 
   0x00, 0x00, 0xFF, 0xAA, 0x20, 0x63, 0x01, 0x2A, 0x20, 0x6B, 0x03, 0x2B, 0x2C, 0x2D, 0x00, 0x20, 
   0x75, 0x02, 0x29, 0x2A, 0x00, 0xF4, 0xDF, 0x00, 0x40, 0xF4, 0xDF, 0x00, 0x4C, 0xF4, 0xDF, 0x00, 
   0x58, 0xF4, 0xDF, 0x01, 0xA8, 0xF4, 0xDF, 0x01, 0xB4, 0xF4, 0xDF, 0x01, 0xC0, 0xF4, 0xEE, 0x00, 
   0x38, 0x20, 0x6E, 0x06, 0x00, 0x20, 0x64, 0x06, 0x00, 0x20, 0x77, 0x06, 0x00, 0x10, 0xCD, 0x03, 
   0x6C, 0x10, 0xCD, 0x43, 0x73, 0x10, 0xCD, 0x03, 0x84, 0x10, 0xCD, 0x43, 0x8B, 0xFD, 0xFE, 0xFE, 
   0xFE, 0xFF, 0xFF, 0x00, 0xFF, 0x00, 0xFF, 0x00, 0xFF, 0x00, 0x00, 0x00, 0x00, 0x00, 0x00, 0x01, 
   0x00, 0x01, 0x00, 0x01, 0x00, 0x01, 0x01, 0x02, 0x02, 0x02, 0x03, 0xAA, 0x01, 0x00, 0x02, 0x00, 
   0x2C, 0x05, 0xA1, 0x22, 0x00, 0x00, 0x00, 0x00, 0x70, 0xF6, 0x00, 0x40, 0x00, 0x01, 0x00, 0x0A, 
   0x02, 0x01, 0x00, 0x00, 0x00, 0x00, 0x00, 0x00, 0x00, 0x00, 0x04, 0x03, 0xFE, 0xFE, 0xFE, 0xFF, 
   0xDD, 0x47, 0xFF, 0xFF, 0xFF, 0x00, 0xDD, 0x48, 0xFF, 0xFF, 0x00, 0xFF, 0xCC, 0x01, 0xDD, 0x49, 
   0x00, 0x00, 0x00, 0x00, 0x00, 0x00, 0xCC, 0x05, 0xDD, 0x4D, 0x00, 0x00, 0x00, 0x00, 0x00, 0x00, 
   0x00, 0x00, 0xEE, 0xFE, 0xFE, 0xFE, 0xFF, 0xDD, 0xEB, 0xFF, 0xFF, 0xFF, 0x00, 0xDD, 0xF0, 0x00, 
   0x00, 0x00, 0x00, 0x00, 0x00, 0xEE, 0x22, 0x4C, 0x08, 0x19, 0x11, 0x0A, 0x1C, 0x0E, 0x24, 0x24, 
   0x24, 0x23, 0x41, 0x04, 0x19, 0x2E, 0x24, 0x24, 0x00, 0x21, 0x89, 0x0F, 0x1D, 0x0E, 0x1C, 0x1D, 
   0x24, 0x22, 0x18, 0x1E, 0x1B, 0x24, 0x1C, 0x14, 0x12, 0x15, 0x15, 0x20, 0x8D, 0x06, 0x30, 0x31, 
   0x31, 0x31, 0x31, 0x32, 0x20, 0xAD, 0x06, 0x33, 0x02, 0x00, 0x66, 0x00, 0x34, 0x20, 0xCD, 0x06, 
   0x35, 0x36, 0x36, 0x36, 0x36, 0x37, 0x00, 0x21, 0xEE, 0x44, 0x97, 0x23, 0xDB, 0x02, 0x20, 0x80, 
   0x00, 0x21, 0xEC, 0x42, 0x97, 0x21, 0xF2, 0x42, 0x97, 0x23, 0xDB, 0x02, 0x00, 0x00, 0x00, 0x21, 
   0xEA, 0x42, 0x97, 0x21, 0xF4, 0x42, 0x97, 0x23, 0xDA, 0x04, 0x20, 0x00, 0x00, 0x80, 0x00, 0x21, 
   0xE8, 0x42, 0x97, 0x21, 0xF6, 0x42, 0x97, 0x23, 0xDA, 0x04, 0x00, 0x00, 0x00, 0x00, 0x00, 0x22, 
   0xA4, 0x44, 0x97, 0x23, 0xE9, 0x01, 0x50, 0x00, 0x22, 0xA2, 0x42, 0x97, 0x22, 0xA8, 0x42, 0x97, 
   0x23, 0xE8, 0x03, 0x52, 0x00, 0x08, 0x00, 0x22, 0xA0, 0x42, 0x97, 0x22, 0xAA, 0x42, 0x97, 0x23, 
   0xE8, 0x03, 0x50, 0x00, 0x00, 0x00, 0x22, 0xB8, 0x44, 0x97, 0x23, 0xEE, 0x01, 0x50, 0x00, 0x22, 
   0xB6, 0x42, 0x97, 0x22, 0xBC, 0x42, 0x97, 0x23, 0xED, 0x03, 0x02, 0x00, 0x58, 0x00, 0x22, 0xB4, 
   0x42, 0x97, 0x22, 0xBE, 0x42, 0x97, 0x23, 0xED, 0x03, 0x00, 0x00, 0x50, 0x00, 0x00, 0x03, 0xFF, 
   0x03, 0x00, 0x03, 0x00, 0x03, 0xFF, 0x03, 0x01, 0x03, 0x01, 0x03, 0x00, 0x03, 0x01, 0x03, 0x02, 
   0x03, 0x02, 0x03, 0x02, 0x02, 0x02, 0x02, 0x03, 0x02, 0x03, 0x02, 0x03, 0x02, 0x03, 0x01, 0x03, 
   0x01, 0x03, 0x01, 0x03, 0x01, 0x04, 0x00, 0x04, 0x01, 0x04, 0x00, 0x04, 0x01, 0x04, 0x01, 0xAA, 
   0x00, 0x01, 0x02, 0x02, 0x01, 0x00, 0xAA, 0x00, 0x70, 0x01, 0x38, 0x00, 0x10, 0x02, 0x18, 0x82, 
   0x01, 0x01, 0x38, 0x80, 0x60, 0x80, 0x48, 0x02, 0x0E, 0x82, 0x40, 0x00, 0x10, 0x01, 0x10, 0x81, 
   0x58, 0x00, 0x40, 0x80, 0x30, 0x80, 0x20, 0x01, 0x20, 0x02, 0x88, 0x01, 0x20, 0x80, 0x40, 0x02, 
   0x60, 0x82, 0x30, 0x01, 0x50, 0x81, 0x80, 0xAA, 0x00, 0xA0, 0x02, 0x38, 0x01, 0x20, 0x81, 0x40, 
   0x00, 0x20, 0x02, 0x10, 0x82, 0x39, 0x82, 0x20, 0x00, 0x30, 0x02, 0x08, 0x82, 0x40, 0x80, 0x90, 
   0x02, 0x20, 0x01, 0x30, 0x81, 0x50, 0x00, 0x50, 0x01, 0xB8, 0x81, 0x80, 0x00, 0x50, 0x01, 0xFF, 
   0xFF, 0xFF, 0xFF, 0xFF, 0xFF, 0xFF, 0xFF, 0xEA, 0xEA, 0xEA, 0xEA, 0xEA, 0xEA, 0xEA, 0xA9, 0xC0, 
   0x8D, 0x17, 0x40, 0x20, 0x91, 0xFA, 0xA9, 0x00, 0x85, 0xFF, 0x85, 0xFE, 0x85, 0xFD, 0x8D, 0x11, 
   0x40, 0x60, 0xA2, 0x90, 0xD0, 0x05, 0xA0, 0x7F, 0x8C, 0x01, 0x40, 0x8E, 0x00, 0x40, 0x60, 0x86, 
   0xF1, 0x84, 0xF0, 0xD0, 0x03, 0x20, 0xC8, 0xF8, 0xA2, 0x00, 0xA8, 0xB9, 0x01, 0xF9, 0xF0, 0x0B, 
   0x9D, 0x02, 0x40, 0xB9, 0x00, 0xF9, 0x09, 0x08, 0x9D, 0x03, 0x40, 0x60, 0x20, 0x6D, 0xF9, 0xA2, 
   0x04, 0xD0, 0xE7, 0x8A, 0x29, 0x3E, 0xA2, 0x08, 0xD0, 0xE0, 0x85, 0x85, 0x85, 0x8D, 0x8D, 0x8D, 
   0x01, 0xC4, 0x00, 0x00, 0x00, 0x69, 0x00, 0xD4, 0x00, 0xC8, 0x00, 0xBD, 0x00, 0xB2, 0x00, 0xA8, 
   0x00, 0x9F, 0x00, 0x8D, 0x00, 0x85, 0x00, 0x7E, 0x00, 0x76, 0x00, 0x70, 0x01, 0xAB, 0x01, 0x7C, 
   0x01, 0x67, 0x01, 0x52, 0x01, 0x3F, 0x01, 0x1C, 0x01, 0x0C, 0x00, 0xFD, 0x00, 0xEE, 0x00, 0xE1, 
   0x03, 0x57, 0x02, 0xF9, 0x02, 0xA6, 0x02, 0x80, 0x02, 0x3A, 0x02, 0x1A, 0x01, 0xFC, 0x01, 0xDF, 
   0x06, 0xAE, 0x05, 0xF3, 0x05, 0x4D, 0x05, 0x01, 0x04, 0x75, 0x03, 0x89, 0x00, 0x53, 0x03, 0x07, 
   0x0E, 0x1C, 0x38, 0x15, 0x2A, 0x04, 0x08, 0x10, 0x20, 0x40, 0x18, 0x30, 0x06, 0x05, 0x0A, 0x14, 
   0x28, 0x50, 0x1E, 0x3C, 0x04, 0x0B, 0x16, 0x2C, 0x58, 0x21, 0x07, 0xA0, 0x7F, 0x8E, 0x04, 0x40, 
   0x8C, 0x05, 0x40, 0x60, 0x98, 0x4A, 0x4A, 0x4A, 0x4A, 0x4A, 0x85, 0x00, 0x98, 0x38, 0xE5, 0x00, 
   0x60, 0xAA, 0x6A, 0x8A, 0x2A, 0x2A, 0x2A, 0x29, 0x07, 0x18, 0x6D, 0x8D, 0x06, 0xA8, 0xB9, 0x4E, 
   0xF9, 0x60, 0x8C, 0x84, 0x83, 0x8D, 0x8D, 0x83, 0x83, 0x8B, 0x8C, 0x83, 0x8B, 0x8C, 0x8A, 0x8A, 
   0x8B, 0x8B, 0x84, 0xF0, 0xA9, 0x85, 0x85, 0xF1, 0xA9, 0xFE, 0x85, 0xF2, 0xA2, 0x84, 0xA0, 0x8A, 
   0xA9, 0x2A, 0x20, 0xD5, 0xF8, 0xC6, 0xF1, 0xA5, 0xF1, 0xD0, 0x03, 0x4C, 0xEF, 0xFA, 0xC9, 0x40, 
   0xF0, 0x1B, 0x90, 0x1F, 0xC9, 0x78, 0x90, 0x10, 0x4A, 0xB0, 0x50, 0xA5, 0xF2, 0xA8, 0x20, 0x78, 
   0xF9, 0x85, 0xF2, 0x8D, 0x02, 0x40, 0xD0, 0x43, 0x20, 0xC2, 0xF8, 0xD0, 0x3E, 0xA9, 0x35, 0x85, 
   0xF2, 0xD0, 0x0F, 0xA2, 0x9C, 0xC9, 0x18, 0xB0, 0x04, 0x4A, 0x09, 0x90, 0xAA, 0xCE, 0xB7, 0x06, 
   0xD0, 0x1F, 0xA9, 0x04, 0x8D, 0xB7, 0x06, 0xA5, 0xF2, 0x4A, 0x4A, 0x4A, 0x4A, 0x38, 0x65, 0xF2, 
   0x85, 0xF2, 0x0A, 0x0A, 0x8D, 0x02, 0x40, 0xA5, 0xF2, 0x2A, 0x2A, 0x2A, 0x29, 0x03, 0x8D, 0x03, 
   0x40, 0xAC, 0xB7, 0x06, 0xB9, 0x9D, 0xF9, 0xA8, 0x20, 0xC8, 0xF8, 0x4C, 0x27, 0xFD, 0x84, 0xF0, 
   0xA9, 0x14, 0x85, 0xF1, 0xA2, 0x85, 0xA0, 0x85, 0xA9, 0x30, 0x20, 0xD5, 0xF8, 0xA5, 0xF1, 0xC9, 
   0x0D, 0xD0, 0x05, 0xA9, 0x30, 0x20, 0xD8, 0xF8, 0x4C, 0xEB, 0xFA, 0xA2, 0x6E, 0xA9, 0x12, 0x20, 
   0xCF, 0xF8, 0xD0, 0x17, 0xA5, 0xF1, 0xC9, 0x50, 0xB0, 0x15, 0xC9, 0x46, 0xB0, 0x23, 0xC9, 0x37, 
   0xB0, 0x0D, 0x90, 0x1D, 0xA2, 0x1E, 0xA9, 0x06, 0x20, 0xCF, 0xF8, 0xA9, 0x06, 0x85, 0xF2, 0xA6, 
   0xF2, 0xBC, 0x91, 0xF9, 0xD0, 0x10, 0xA2, 0x10, 0xA9, 0x22, 0x20, 0xCF, 0xF8, 0xA9, 0x06, 0x85, 
   0xF2, 0xA6, 0xF2, 0xBC, 0x97, 0xF9, 0xC6, 0xF2, 0xD0, 0x04, 0xA9, 0x06, 0x85, 0xF2, 0xA2, 0x9A, 
   0xA5, 0xF1, 0xC9, 0x0A, 0xB0, 0x62, 0x90, 0x5D, 0x4C, 0xA2, 0xF9, 0x4C, 0xB5, 0xF9, 0x4C, 0x1E, 
   0xFA, 0xA5, 0xFA, 0xD0, 0x3C, 0xA4, 0xFF, 0xA5, 0xF0, 0x4A, 0xB0, 0xEF, 0x46, 0xFF, 0xB0, 0xE8, 
   0x4A, 0xB0, 0x8A, 0x46, 0xFF, 0xB0, 0xE7, 0x4A, 0xB0, 0x9A, 0x46, 0xFF, 0xB0, 0x8D, 0x46, 0xFF, 
   0xB0, 0xA2, 0x4A, 0xB0, 0xAA, 0x4A, 0xB0, 0xB9, 0x46, 0xFF, 0xB0, 0xAA, 0x4A, 0xB0, 0x1C, 0x46, 
   0xFF, 0xB0, 0x11, 0x4A, 0xB0, 0x39, 0x46, 0xFF, 0xB0, 0x2E, 0x4A, 0xB0, 0x57, 0x46, 0xFF, 0xB0, 
   0x3E, 0x4C, 0xC9, 0xFC, 0xA2, 0x11, 0xA9, 0x34, 0x20, 0xCF, 0xF8, 0xA5, 0xF1, 0xA0, 0x8C, 0xC9, 
   0x08, 0x90, 0x02, 0xA9, 0x08, 0x09, 0x90, 0xAA, 0x20, 0xC8, 0xF8, 0xC6, 0xF1, 0xD0, 0xE2, 0x20, 
   0xC2, 0xF8, 0xA9, 0x00, 0x85, 0xF0, 0xF0, 0xD9, 0xA2, 0x09, 0xA9, 0x04, 0x20, 0xCF, 0xF8, 0xA0, 
   0x84, 0xA5, 0xF1, 0xC9, 0x04, 0xF0, 0xE8, 0xC9, 0x08, 0xB0, 0xDA, 0xA0, 0x8B, 0xD0, 0xD6, 0x84, 
   0xF0, 0xA9, 0x05, 0x85, 0xF1, 0xEE, 0xF0, 0x06, 0xAD, 0xF0, 0x06, 0x29, 0x07, 0xA8, 0xB9, 0x32, 
   0xFB, 0x20, 0xD8, 0xF8, 0xA5, 0xF1, 0xA0, 0x7F, 0xA2, 0x90, 0xC9, 0x04, 0xB0, 0xB7, 0xA9, 0x04, 
   0x90, 0xB6, 0x26, 0x22, 0x26, 0x22, 0x26, 0x22, 0x1C, 0x22, 0x83, 0x84, 0x82, 0x8E, 0x84, 0xFB, 
   0xA9, 0x60, 0x85, 0xF3, 0xA9, 0x19, 0x85, 0xF4, 0xA5, 0xF3, 0x29, 0x07, 0xD0, 0x1E, 0xA5, 0xF4, 
   0x2D, 0x00, 0x05, 0x4A, 0x4A, 0x18, 0x65, 0xF4, 0xB0, 0x02, 0x85, 0xF4, 0xA5, 0xF4, 0x2A, 0x2A, 
   0x2A, 0x8D, 0x06, 0x40, 0x2A, 0x29, 0x07, 0x09, 0x08, 0x8D, 0x07, 0x40, 0xAD, 0x00, 0x05, 0x29, 
   0x03, 0xB9, 0x3A, 0xFB, 0x8D, 0x05, 0x40, 0x4C, 0xA7, 0xFC, 0x84, 0xFB, 0xA9, 0x28, 0x85, 0xF3, 
   0xA9, 0xFE, 0x85, 0xF4, 0x20, 0x6B, 0xF9, 0xA4, 0xF4, 0xA5, 0xF3, 0x29, 0x03, 0xF0, 0x0B, 0xC9, 
   0x03, 0xF0, 0x0D, 0x98, 0x20, 0x79, 0xF9, 0xA8, 0xD0, 0x06, 0x98, 0x20, 0x78, 0xF9, 0x85, 0xF4, 
   0x98, 0x18, 0x2A, 0x2A, 0x8D, 0x06, 0x40, 0x2A, 0x8D, 0x07, 0x40, 0x4C, 0xA7, 0xFC, 0x84, 0xFB, 
   0xA9, 0x1D, 0x85, 0xF3, 0xA9, 0x08, 0x85, 0xF4, 0xA9, 0x1A, 0xD0, 0x08, 0xA5, 0xF3, 0xC9, 0x1A, 
   0xD0, 0x05, 0xA9, 0x4C, 0x20, 0xEF, 0xF8, 0xA2, 0x86, 0xC6, 0xF4, 0xD0, 0x06, 0xA9, 0x04, 0x85, 
   0xF4, 0xA2, 0x46, 0x20, 0x6B, 0xF9, 0xD0, 0x60, 0x84, 0xFB, 0xA9, 0x20, 0x85, 0xF3, 0xA2, 0x46, 
   0xA0, 0xBE, 0xA9, 0x10, 0xD0, 0x4F, 0x4C, 0x3E, 0xFB, 0x4C, 0x48, 0xFB, 0xA4, 0xFE, 0xA5, 0xFB, 
   0x4A, 0xB0, 0x94, 0x46, 0xFE, 0xB0, 0x83, 0x46, 0xFE, 0xB0, 0xB3, 0x4A, 0xB0, 0xBE, 0x4A, 0xB0, 
   0xE8, 0x46, 0xFE, 0xB0, 0xE1, 0x46, 0xFE, 0xB0, 0xCF, 0x4A, 0xB0, 0x2C, 0x46, 0xFE, 0xB0, 0x19, 
   0x4A, 0xB0, 0x25, 0x46, 0xFE, 0xB0, 0x2F, 0x4A, 0xB0, 0x1E, 0x46, 0xFE, 0xB0, 0x36, 0x4A, 0xB0, 
   0x3B, 0x46, 0xFE, 0xB0, 0x54, 0x4A, 0xB0, 0x60, 0x60, 0x84, 0xFB, 0xA9, 0x18, 0x85, 0xF3, 0xA2, 
   0x44, 0xA0, 0x86, 0xA9, 0x2A, 0x20, 0xEC, 0xF8, 0xC6, 0xF3, 0xD0, 0xEC, 0xA9, 0x00, 0x85, 0xFB, 
   0xA9, 0x10, 0x8D, 0x04, 0x40, 0x60, 0x84, 0xFB, 0xA9, 0x14, 0x85, 0xF3, 0xA2, 0xA0, 0xA0, 0x9D, 
   0xA9, 0x34, 0xD0, 0xE1, 0x84, 0xFB, 0xA9, 0x2A, 0x85, 0xF3, 0xD0, 0x04, 0xC6, 0xF4, 0xD0, 0x09, 
   0xA9, 0x04, 0x20, 0xEF, 0xF8, 0xA9, 0x06, 0x85, 0xF4, 0xA4, 0xF4, 0xB9, 0xF9, 0xF8, 0xA8, 0xA2, 
   0x88, 0x8E, 0x04, 0x40, 0x20, 0x6D, 0xF9, 0xD0, 0xBF, 0x84, 0xFB, 0xA9, 0x1C, 0x85, 0xF3, 0xA9, 
   0x1C, 0xA2, 0x95, 0xA0, 0x95, 0x20, 0xEC, 0xF8, 0xA5, 0xF3, 0xC9, 0x17, 0x90, 0x07, 0xD0, 0xA8, 
   0xA9, 0x26, 0x20, 0xEF, 0xF8, 0xA0, 0x97, 0xA5, 0xF3, 0xC9, 0x0E, 0xB0, 0x04, 0x4A, 0x09, 0x90, 
   0xA8, 0x8C, 0x04, 0x40, 0x4C, 0x38, 0xFC, 0xA0, 0x9A, 0xA5, 0xF3, 0xC9, 0x14, 0xB0, 0xF2, 0x90, 
   0xEC, 0xA9, 0x08, 0x85, 0xF5, 0xA9, 0x08, 0x8D, 0x08, 0x40, 0xA9, 0x34, 0x8D, 0x0A, 0x40, 0xA9, 
   0x08, 0x8D, 0x0B, 0x40, 0xC6, 0xF5, 0x4C, 0x27, 0xFD, 0xA5, 0xF9, 0xD0, 0x5A, 0xA5, 0xFC, 0x4A, 
   0x4A, 0xA6, 0xF5, 0xD0, 0xEF, 0x4A, 0xB0, 0xD9, 0x4A, 0xB0, 0x08, 0xAE, 0xC0, 0x06, 0xD0, 0x13, 
   0x4C, 0x27, 0xFD, 0xA9, 0x0E, 0x8D, 0xC0, 0x06, 0xA9, 0xFE, 0x85, 0xF6, 0xA9, 0x08, 0x8D, 0x08, 
   0x40, 0xD0, 0x18, 0xCE, 0xC0, 0x06, 0xAD, 0xC0, 0x06, 0xC9, 0x08, 0xB0, 0x0E, 0xA4, 0xF6, 0x20, 
   0x74, 0xF9, 0x85, 0xF6, 0xAD, 0xC0, 0x06, 0x29, 0x03, 0xF0, 0x0F, 0xAD, 0x00, 0x05, 0x4A, 0x90, 
   0x09, 0xA5, 0xF6, 0x18, 0x2A, 0x8D, 0x0A, 0x40, 0xD0, 0x07, 0xA5, 0xF6, 0x2A, 0x2A, 0x8D, 0x0A, 
   0x40, 0x2A, 0x29, 0x03, 0x8D, 0x0B, 0x40, 0xA5, 0xFD, 0xD0, 0x08, 0xAD, 0xA2, 0x06, 0xD0, 0x48, 
   0x4C, 0xEC, 0xFB, 0xA0, 0x07, 0x0A, 0xB0, 0x03, 0x88, 0xD0, 0xFA, 0xEE, 0xA2, 0x06, 0x8C, 0xF2, 
   0x06, 0xB9, 0x64, 0xFE, 0xA8, 0xB9, 0x64, 0xFE, 0x8D, 0x8D, 0x06, 0xB9, 0x65, 0xFE, 0x85, 0xF7, 
   0xB9, 0x66, 0xFE, 0x85, 0xF8, 0xB9, 0x67, 0xFE, 0x85, 0xF9, 0xB9, 0x68, 0xFE, 0x85, 0xFA, 0xB9, 
   0x69, 0xFE, 0x8D, 0x86, 0x06, 0xA9, 0x01, 0x8D, 0x95, 0x06, 0x8D, 0x96, 0x06, 0x8D, 0x98, 0x06, 
   0x8D, 0x9A, 0x06, 0xA0, 0x00, 0x8C, 0x82, 0x06, 0xA4, 0xFA, 0xF0, 0x33, 0xCE, 0x96, 0x06, 0xD0, 
   0x2E, 0xE6, 0xFA, 0xB1, 0xF7, 0xF0, 0x37, 0x10, 0x0C, 0x20, 0x87, 0xF9, 0x8D, 0x91, 0x06, 0xA4, 
   0xFA, 0xE6, 0xFA, 0xB1, 0xF7, 0x20, 0xD8, 0xF8, 0xD0, 0x04, 0xA2, 0x10, 0xD0, 0x08, 0xA2, 0x06, 
   0xA5, 0xF9, 0xD0, 0x02, 0xA2, 0x86, 0x20, 0xC6, 0xF8, 0xAD, 0x91, 0x06, 0x8D, 0x96, 0x06, 0xCE, 
   0x95, 0x06, 0xD0, 0x4E, 0xAC, 0x82, 0x06, 0xEE, 0x82, 0x06, 0xB1, 0xF7, 0xD0, 0x1C, 0x20, 0xC2, 
   0xF8, 0xA9, 0x00, 0x85, 0xFA, 0x85, 0xF9, 0x85, 0xF0, 0x85, 0xFB, 0x8D, 0xA2, 0x06, 0x8D, 0xC0, 
   0x06, 0x8D, 0x08, 0x40, 0xA9, 0x10, 0x8D, 0x04, 0x40, 0x60, 0x20, 0x81, 0xF9, 0x8D, 0x95, 0x06, 
   0x8A, 0x29, 0x3E, 0x20, 0xEF, 0xF8, 0xF0, 0x1A, 0xA2, 0x9F, 0xAD, 0xF2, 0x06, 0xF0, 0x0B, 0xA2, 
   0x87, 0xAD, 0x95, 0x06, 0xC9, 0x10, 0xB0, 0x02, 0xA2, 0x84, 0x8E, 0x04, 0x40, 0xA9, 0x7F, 0x8D, 
   0x05, 0x40, 0xA4, 0xF9, 0xF0, 0x27, 0xCE, 0x98, 0x06, 0xD0, 0x22, 0xE6, 0xF9, 0xB1, 0xF7, 0x20, 
   0x81, 0xF9, 0x8D, 0x98, 0x06, 0x18, 0x69, 0xFE, 0x0A, 0x0A, 0xC9, 0x38, 0x90, 0x02, 0xA9, 0x38, 
   0xAC, 0xF2, 0x06, 0xD0, 0x02, 0xA9, 0xFF, 0x8D, 0x08, 0x40, 0x20, 0xF3, 0xF8, 0xAD, 0xF2, 0x06, 
   0xC9, 0x07, 0xD0, 0x2F, 0xCE, 0x9A, 0x06, 0xD0, 0x2A, 0xAC, 0x86, 0x06, 0xEE, 0x86, 0x06, 0xB1, 
   0xF7, 0x20, 0x81, 0xF9, 0x8D, 0x9A, 0x06, 0x8A, 0x29, 0x3E, 0xD0, 0x08, 0xA9, 0x00, 0xA2, 0x02, 
   0xA0, 0x08, 0xD0, 0x06, 0xA9, 0x02, 0xA2, 0x00, 0xA0, 0x28, 0x8D, 0x0C, 0x40, 0x8E, 0x0E, 0x40, 
   0x8C, 0x0F, 0x40, 0x60, 0x08, 0x0D, 0x12, 0x17, 0x1C, 0x21, 0x26, 0x2B, 0x0F, 0x95, 0xFE, 0x30, 
   0x00, 0x00, 0xD1, 0xFE, 0x00, 0x08, 0x00, 0xE6, 0xFE, 0x0A, 0x00, 0x0F, 0xF3, 0xFE, 0x00, 0x00, 
   0x07, 0xFC, 0xFE, 0x03, 0x00, 0x00, 0x0B, 0xFF, 0x00, 0x00, 0x07, 0x0D, 0xFF, 0x18, 0x00, 0x16, 
   0x44, 0xFF, 0x1F, 0x38, 0x7E, 0x5D, 0x78, 0x5D, 0x78, 0x5C, 0x78, 0x5C, 0x62, 0xE6, 0x65, 0x5E, 
   0x65, 0x5E, 0x64, 0x5E, 0x40, 0x5E, 0xF8, 0x00, 0x85, 0x06, 0x81, 0x26, 0x85, 0x06, 0x81, 0x26, 
   0x06, 0x26, 0x06, 0x0E, 0x83, 0x12, 0x85, 0x10, 0x81, 0x0A, 0x85, 0x10, 0x81, 0x0A, 0x10, 0x0A, 
   0x2E, 0x0A, 0x83, 0x26, 0x00, 0x5D, 0x78, 0x5D, 0x78, 0x1D, 0x5F, 0x40, 0x5F, 0x40, 0x9E, 0x80, 
   0xF8, 0x6E, 0x6A, 0xA6, 0xA6, 0xA6, 0xAE, 0x07, 0x00, 0x82, 0x46, 0x38, 0x32, 0x4A, 0x48, 0x81, 
   0x40, 0x42, 0x44, 0x48, 0x84, 0x30, 0x66, 0x6E, 0x4A, 0x50, 0x52, 0x50, 0x4A, 0x6E, 0x27, 0x00, 
   0xE6, 0xDE, 0x39, 0x04, 0x12, 0x04, 0x12, 0x04, 0x12, 0x04, 0xD2, 0x00, 0x83, 0x83, 0x00, 0x46, 
   0x46, 0x4E, 0x52, 0x42, 0x4E, 0x12, 0x14, 0x16, 0x18, 0x1A, 0x05, 0xE6, 0x00, 0x2E, 0x46, 0x02, 
   0xAE, 0x6A, 0x67, 0x28, 0x6A, 0x02, 0xA6, 0x64, 0x63, 0x9E, 0xA4, 0x6A, 0x47, 0x08, 0x4B, 0x02, 
   0x0C, 0x4F, 0x02, 0x07, 0x00, 0x86, 0xA6, 0xA2, 0x9C, 0xAA, 0xA2, 0x9C, 0xBC, 0x9E, 0xBC, 0xB6, 
   0xB2, 0x26, 0x24, 0x26, 0x24, 0xA6, 0x22, 0x1E, 0x22, 0x1E, 0xA2, 0x1C, 0x00, 0x1C, 0x00, 0x1C, 
   0x00, 0x1C, 0x00, 0x1D, 0x47, 0xEA, 0x42, 0x66, 0xAA, 0xAC, 0x6A, 0xA6, 0x47, 0xEA, 0x42, 0x66, 
   0xAA, 0xAC, 0x6A, 0xA6, 0x6A, 0xAC, 0x86, 0x6C, 0xAA, 0x6C, 0x86, 0x8A, 0x46, 0x4A, 0x4E, 0xD0, 
   0xD2, 0x11, 0x00, 0x77, 0x76, 0xF6, 0x5D, 0x5C, 0xDC, 0x77, 0x76, 0xF6, 0x5D, 0x5C, 0xDC, 0x65, 
   0x64, 0xE4, 0x7F, 0x7E, 0xFE, 0xBE, 0xB6, 0x9C, 0xB8, 0xA4, 0x9C, 0xF6, 0x82, 0x2A, 0x81, 0x36, 
   0x82, 0x24, 0x81, 0x1C, 0x1E, 0x20, 0x22, 0x24, 0x1C, 0x26, 0x1C, 0x24, 0x1C, 0x22, 0x82, 0x2A, 
   0x81, 0x36, 0x82, 0x24, 0x81, 0x1C, 0x1E, 0x24, 0x22, 0x24, 0x1C, 0x26, 0x1C, 0x24, 0x22, 0x1C, 
   0x24, 0x26, 0x1C, 0x2A, 0x24, 0x26, 0x1C, 0x24, 0x26, 0x2A, 0x24, 0x2C, 0x1E, 0x2A, 0x24, 0x2C, 
   0x0A, 0x2C, 0x06, 0x0A, 0x0E, 0x06, 0x0A, 0x0E, 0x80, 0x2E, 0x86, 0x06, 0x82, 0x3A, 0x81, 0x3C, 
   0x84, 0x36, 0x40, 0x44, 0x44, 0x44, 0x40, 0x44, 0x40, 0x44, 0x40, 0x44, 0x44, 0x44, 0x40, 0x44, 
   0x40, 0x44, 0x40, 0x44, 0x44, 0x44, 0x40, 0x44, 0x40, 0x44, 0x40, 0x44, 0x44, 0x44, 0x40, 0x44, 
   0x40, 0x44, 0x40, 0x44, 0x44, 0x44, 0x40, 0x44, 0x44, 0x44, 0x40, 0x44, 0x44, 0x44, 0x40, 0x44, 
   0x44, 0x84, 0x84, 0x84, 0x84, 0x84, 0x44, 0x44, 0x44, 0x05, 0x7D, 0xC0, 0x00, 0xC0, 0x00, 0xC0, 
   0x00, 0x00, 0x00, 0x03, 0x03, 0x0F, 0x00, 0x02, 0x00, 0x00, 0x00, 0x00, 0x00, 0x00, 0x03, 0x1F, 
   0x00, 0x00, 0x00, 0x80, 0xE0, 0xF0, 0xF0, 0x48, 0x00, 0x00, 0x00, 0x00, 0x00, 0x00, 0xF0, 0xF8, 
   0x04, 0x1E, 0x00, 0x00, 0x01, 0x03, 0x0F, 0x1F, 0x3F, 0x1F, 0x0F, 0x07, 0x20, 0x70, 0x70, 0x20, 
   0x48, 0x9C, 0x08, 0x00, 0xF0, 0xFC, 0xFC, 0xF8, 0xF8, 0xFC, 0xF8, 0xE0, 0x10, 0x10, 0x32, 0x26, 
   0x0F, 0x07, 0x2F, 0x3F, 0x1F, 0x08, 0x00, 0x00, 0x00, 0x04, 0x0F, 0x0F, 0x07, 0x00, 0x00, 0x00, 
   0xF8, 0xF8, 0xF8, 0xF8, 0xFE, 0x7E, 0x06, 0x0C, 0x7C, 0xF8, 0xF8, 0xF8, 0xFC, 0x78, 0x00, 0x00, 
   0x00, 0x00, 0x00, 0x00, 0x07, 0x07, 0x1F, 0x01, 0x00, 0x00, 0x00, 0x00, 0x00, 0x00, 0x00, 0x07, 
   0x00, 0x00, 0x00, 0x00, 0x00, 0xC0, 0xE0, 0xE0, 0x00, 0x00, 0x00, 0x00, 0x00, 0x00, 0x00, 0xE0, 
   0x04, 0x08, 0x3D, 0x00, 0x00, 0x07, 0x0F, 0x1F, 0x3F, 0x7F, 0x3F, 0x1F, 0x0F, 0x01, 0xC2, 0xC2, 
   0x90, 0x90, 0x38, 0x10, 0x00, 0xE0, 0xF0, 0xF8, 0xF0, 0xF0, 0xF8, 0xF0, 0xC0, 0x00, 0x00, 0x00, 
   0x3F, 0x7B, 0x1F, 0x1F, 0x0F, 0x0F, 0x07, 0x0F, 0xC6, 0x07, 0x1F, 0x1F, 0x0F, 0x0F, 0x00, 0x00, 
   0xF0, 0xE0, 0xE0, 0xF4, 0xFE, 0x7A, 0x00, 0x00, 0x0C, 0x1C, 0xFC, 0xF8, 0xF8, 0x78, 0x00, 0x00, 
   0x00, 0x00, 0x00, 0x03, 0x03, 0x0F, 0x00, 0x02, 0x00, 0x00, 0x00, 0x00, 0x00, 0x00, 0x03, 0x1F, 
   0x00, 0x00, 0x00, 0x80, 0xE0, 0xF0, 0xF0, 0x48, 0x00, 0x00, 0x00, 0x00, 0x00, 0x00, 0xF0, 0xF8, 
   0x04, 0x1E, 0x00, 0x00, 0x03, 0x07, 0x0F, 0x0F, 0x3F, 0x1F, 0x0F, 0x07, 0x00, 0x01, 0x01, 0x33, 
   0x48, 0x9C, 0x08, 0x00, 0xE0, 0xF0, 0xF8, 0xF8, 0xF8, 0xFC, 0xF8, 0xE0, 0x80, 0x00, 0x00, 0xC0, 
   0x0D, 0x0D, 0x0B, 0x07, 0x07, 0x0F, 0x00, 0x00, 0x3F, 0x3F, 0x0F, 0x07, 0x00, 0x00, 0x00, 0x00, 
   0xF8, 0x30, 0x10, 0x30, 0xF0, 0xE0, 0xE0, 0xE0, 0x80, 0xC0, 0xF0, 0xF0, 0xF0, 0xE0, 0x00, 0x00, 
   0x00, 0x00, 0x00, 0x03, 0x03, 0x0F, 0x00, 0x02, 0x00, 0x00, 0x00, 0x00, 0x00, 0x00, 0x03, 0x1F, 
   0x00, 0x00, 0x00, 0x80, 0xE0, 0xF0, 0xF0, 0x48, 0x00, 0x00, 0x00, 0x00, 0x00, 0x00, 0xF0, 0xF8, 
   0x04, 0x1E, 0x00, 0x00, 0x07, 0x0F, 0x3F, 0x7F, 0x3F, 0x1F, 0x0F, 0x07, 0x04, 0x08, 0x08, 0x08, 
   0x88, 0x1C, 0x08, 0x00, 0xF0, 0xFC, 0xFE, 0xFE, 0xF8, 0xFC, 0xF8, 0xE0, 0x60, 0x60, 0xC0, 0x81, 
   0x34, 0x1F, 0x1F, 0x1F, 0x3F, 0x3C, 0x38, 0x78, 0xDF, 0xFF, 0x5F, 0x1F, 0x3F, 0x3C, 0x00, 0x00, 
   0xF4, 0xF0, 0xF0, 0xF8, 0xFC, 0x3C, 0x1C, 0x1E, 0xF3, 0xF7, 0xF2, 0xF8, 0xFC, 0x3C, 0x00, 0x00, 
   0x00, 0x00, 0x00, 0x10, 0x18, 0x3B, 0x38, 0x38, 0x00, 0x1C, 0x1E, 0x0E, 0x04, 0x00, 0x00, 0x07, 
   0x00, 0x00, 0x00, 0xE0, 0xF8, 0xFC, 0x3C, 0x92, 0x00, 0x00, 0x00, 0x00, 0x00, 0x00, 0xFC, 0xFE, 
   0x31, 0x3F, 0x1C, 0x1E, 0x0F, 0x0F, 0x4F, 0x4F, 0x0F, 0x07, 0x03, 0x03, 0x06, 0x0C, 0x09, 0x0F, 
   0x12, 0xA7, 0x02, 0x00, 0xFC, 0xFE, 0xFC, 0xF0, 0xFE, 0xFF, 0xFE, 0xF8, 0x60, 0xC0, 0x83, 0x87, 
   0x7E, 0x7F, 0x7F, 0x07, 0x00, 0x00, 0x00, 0x00, 0x1F, 0x1F, 0x1F, 0x07, 0x00, 0x00, 0x00, 0x00, 
   0xF0, 0xF8, 0xFC, 0xFE, 0xF2, 0x60, 0x00, 0x00, 0xD2, 0xF0, 0xE0, 0xF0, 0xF0, 0x60, 0x00, 0x00, 
   0x03, 0x0F, 0x00, 0x02, 0x04, 0x1E, 0x00, 0x7F, 0x00, 0x00, 0x03, 0x1F, 0x3F, 0x1F, 0x0F, 0x04, 
   0xE0, 0xF0, 0xF0, 0x48, 0x48, 0x9C, 0x08, 0xFE, 0x00, 0x00, 0xF0, 0xF8, 0xF8, 0xFC, 0xF8, 0x40, 
   0xFF, 0x37, 0x1F, 0x1F, 0x3F, 0x3F, 0x3C, 0x78, 0x08, 0xDF, 0xDF, 0x1F, 0x3F, 0x3F, 0x3C, 0x00, 
   0xFF, 0x78, 0xF8, 0xF8, 0xFC, 0xFC, 0x3C, 0x1E, 0x80, 0xE7, 0xFB, 0xF8, 0xFC, 0xFC, 0x3C, 0x00, 
   0x00, 0x00, 0x00, 0x03, 0x0F, 0x02, 0x04, 0x1E, 0x00, 0x00, 0x00, 0x00, 0x00, 0x1F, 0x3F, 0x1F, 
   0x00, 0x00, 0x00, 0xE0, 0xF0, 0x78, 0x24, 0x46, 0x00, 0x00, 0x00, 0x00, 0x00, 0xF8, 0xFC, 0xFE, 
   0x00, 0x7F, 0xFF, 0x37, 0x1F, 0x3F, 0x3F, 0x78, 0x0F, 0x0C, 0x08, 0xDF, 0xDF, 0x3F, 0x3F, 0x00, 
   0x08, 0xFC, 0xFF, 0x7C, 0xF8, 0xFC, 0xFC, 0x1E, 0xF8, 0x60, 0xC0, 0xC3, 0xFF, 0xFC, 0xFC, 0x00, 
   0x00, 0x00, 0x00, 0x00, 0x00, 0x03, 0x00, 0x00, 0x00, 0x00, 0x00, 0x00, 0x00, 0x00, 0x00, 0x07, 
   0x00, 0x00, 0x00, 0xE0, 0xF8, 0xFC, 0x1C, 0x92, 0x00, 0x00, 0x00, 0x00, 0x00, 0x00, 0xFC, 0xFE, 
   0x01, 0x07, 0x00, 0x00, 0x03, 0x07, 0x7F, 0x7F, 0x0F, 0x07, 0x03, 0x31, 0x78, 0x74, 0x09, 0x1B, 
   0x12, 0xE7, 0xC2, 0x00, 0xFC, 0xFE, 0xFF, 0xFF, 0xFE, 0xFF, 0xFE, 0xF8, 0x30, 0x40, 0x80, 0x80, 
   0x3D, 0x1F, 0x0F, 0x5F, 0x5F, 0x7F, 0x3C, 0x10, 0x3F, 0x1F, 0x0F, 0x1F, 0x1F, 0x0F, 0x04, 0x00, 
   0xF7, 0xF0, 0xF0, 0xE0, 0xC0, 0x00, 0x00, 0x00, 0x90, 0xDF, 0xF7, 0xE4, 0xC0, 0x00, 0x00, 0x00, 
   0x00, 0x00, 0x00, 0x00, 0x00, 0x03, 0x00, 0x00, 0x00, 0x00, 0x00, 0x00, 0x00, 0x00, 0x00, 0x07, 
   0x00, 0x00, 0x00, 0xE0, 0xF8, 0xFC, 0x1C, 0x92, 0x00, 0x00, 0x00, 0x00, 0x00, 0x00, 0xFC, 0xFE, 
   0x01, 0x07, 0x00, 0x00, 0x03, 0x07, 0x7F, 0x7F, 0x0F, 0x07, 0x03, 0x31, 0x78, 0x74, 0x09, 0x1B, 
   0x12, 0xE7, 0xC2, 0x00, 0xFC, 0xFE, 0xFF, 0xFF, 0xFE, 0xFF, 0xFE, 0xF8, 0x30, 0x40, 0x80, 0x80, 
   0x3D, 0x1F, 0x0F, 0x5F, 0x5F, 0x7F, 0x3C, 0x10, 0x3F, 0x1F, 0x0F, 0x1F, 0x1F, 0x0F, 0x04, 0x01, 
   0xF7, 0xF0, 0xF0, 0xE0, 0xC0, 0x00, 0x00, 0x00, 0x90, 0xDF, 0xFF, 0xE4, 0xC0, 0x10, 0x40, 0x00, 
   0x00, 0x02, 0x17, 0x0F, 0x01, 0x04, 0x04, 0x00, 0x00, 0x00, 0x00, 0x00, 0x06, 0x07, 0x0F, 0x3F, 
   0x00, 0x00, 0x00, 0x80, 0xC0, 0xE0, 0xE0, 0x90, 0x00, 0x00, 0x00, 0x00, 0x00, 0x00, 0xE0, 0xF0, 
   0x08, 0x3C, 0x00, 0x00, 0x3F, 0x3F, 0x3F, 0x1F, 0x7F, 0x3D, 0x01, 0x3F, 0xC8, 0xD0, 0xD1, 0x59, 
   0x10, 0x38, 0x10, 0x7C, 0xFC, 0xFC, 0xF0, 0xF8, 0xF0, 0xF8, 0xF0, 0x83, 0x83, 0x83, 0x82, 0x88, 
   0x16, 0x0F, 0x0F, 0x07, 0x03, 0x00, 0x00, 0x00, 0x1F, 0x0F, 0x0F, 0x07, 0x03, 0x00, 0x00, 0x00, 
   0xF8, 0xFE, 0xFF, 0xFF, 0xFF, 0xE2, 0x60, 0x00, 0xD8, 0xFC, 0xFC, 0xFC, 0xF8, 0x00, 0x00, 0x00, 
   0x00, 0x00, 0x00, 0x07, 0x0F, 0x10, 0x12, 0x02, 0x00, 0x00, 0x00, 0x01, 0x00, 0x1F, 0x5F, 0xDF, 
   0x00, 0x60, 0xF0, 0xF0, 0xF0, 0x10, 0x90, 0x80, 0x00, 0x60, 0x90, 0x00, 0x00, 0xF0, 0xF4, 0xF7, 
   0x28, 0x3C, 0x37, 0x30, 0x10, 0x18, 0x3C, 0x3F, 0xDF, 0x4F, 0x0F, 0x0F, 0x0C, 0x0C, 0x3B, 0x3C, 
   0x28, 0x7C, 0xD8, 0x18, 0x10, 0x30, 0x7C, 0xFC, 0xF7, 0xE0, 0xE0, 0xE0, 0x60, 0x60, 0xBC, 0x7C, 
   0xFB, 0xFF, 0xFF, 0x77, 0x33, 0x00, 0x00, 0x00, 0x3F, 0x1F, 0x1F, 0x07, 0x03, 0x00, 0x00, 0x00, 
   0xBF, 0xFF, 0xFF, 0xEE, 0xCC, 0x00, 0x00, 0x00, 0xFC, 0xF8, 0xF8, 0xE0, 0xC0, 0x00, 0x00, 0x00, 
   0x00, 0x07, 0x05, 0x01, 0x03, 0x06, 0x04, 0x07, 0x00, 0x00, 0x00, 0x00, 0x00, 0x00, 0x00, 0x00, 
   0x00, 0x07, 0x04, 0x04, 0x07, 0x01, 0x05, 0x07, 0x00, 0x00, 0x00, 0x00, 0x00, 0x00, 0x00, 0x00, 
   0x00, 0x07, 0x05, 0x05, 0x07, 0x05, 0x05, 0x07, 0x00, 0x00, 0x00, 0x00, 0x00, 0x00, 0x00, 0x00, 
   0x00, 0x27, 0x25, 0x25, 0x25, 0x25, 0x25, 0x27, 0x00, 0x00, 0x00, 0x00, 0x00, 0x00, 0x00, 0x00, 
   0x00, 0x27, 0x24, 0x24, 0x27, 0x25, 0x25, 0x27, 0x00, 0x00, 0x00, 0x00, 0x00, 0x00, 0x00, 0x00, 
   0x00, 0x75, 0x55, 0x15, 0x35, 0x67, 0x41, 0x71, 0x00, 0x00, 0x00, 0x00, 0x00, 0x00, 0x00, 0x00, 
   0x00, 0x77, 0x55, 0x11, 0x33, 0x16, 0x54, 0x77, 0x00, 0x00, 0x00, 0x00, 0x00, 0x00, 0x00, 0x00, 
   0x00, 0x77, 0x55, 0x55, 0x55, 0x55, 0x55, 0x77, 0x00, 0x00, 0x00, 0x00, 0x00, 0x00, 0x00, 0x00, 
   0x10, 0x38, 0x54, 0xFE, 0x54, 0x38, 0x10, 0x00, 0x00, 0x28, 0x6C, 0x00, 0x6C, 0x28, 0x00, 0x00, 
   0x38, 0x7C, 0xC6, 0xC6, 0xC6, 0x7C, 0x38, 0x00, 0x38, 0x6C, 0xFE, 0xBA, 0xFE, 0x6C, 0x38, 0x00, 
   0x10, 0x54, 0x28, 0xC6, 0x28, 0x54, 0x10, 0x00, 0x00, 0x10, 0x38, 0x7C, 0x38, 0x10, 0x00, 0x00, 
   0x00, 0x00, 0x01, 0x10, 0x00, 0x00, 0x01, 0x23, 0x00, 0x00, 0x00, 0x00, 0x00, 0x00, 0x01, 0x03, 
   0x00, 0x00, 0x00, 0x10, 0x00, 0x00, 0x00, 0x88, 0x00, 0x00, 0x00, 0x00, 0x00, 0x00, 0x00, 0x80, 
   0x01, 0x00, 0x00, 0x10, 0x01, 0x00, 0x00, 0x00, 0x01, 0x00, 0x00, 0x00, 0x00, 0x00, 0x00, 0x00, 
   0x00, 0x00, 0x00, 0x10, 0x00, 0x00, 0x00, 0x00, 0x00, 0x00, 0x00, 0x00, 0x00, 0x00, 0x00, 0x00, 
   0x00, 0x00, 0x00, 0x00, 0x00, 0x00, 0x00, 0x00, 0x00, 0x00, 0x00, 0x14, 0x3E, 0x55, 0x54, 0x3E, 
   0x00, 0x00, 0x00, 0x00, 0x00, 0x00, 0x00, 0x00, 0x15, 0x55, 0x3E, 0x14, 0x00, 0x00, 0x00, 0x00, 
   0xFF, 0xFF, 0xFF, 0xFF, 0xFF, 0xFF, 0xFF, 0xFF, 0xFF, 0xFF, 0xFF, 0xFF, 0xFF, 0xFF, 0xFF, 0xFF, 
   0x00, 0x00, 0x00, 0x00, 0x00, 0x00, 0x00, 0x00, 0x00, 0x00, 0x00, 0x00, 0x00, 0x00, 0x00, 0x00, 
   0x00, 0x00, 0x00, 0x00, 0x00, 0x00, 0x00, 0x00, 0x00, 0x00, 0x00, 0x00, 0x00, 0x00, 0x00, 0x00, 
   0x38, 0x18, 0x18, 0x30, 0x00, 0x00, 0x00, 0x00, 0x00, 0x04, 0x46, 0x4E, 0xFE, 0xFE, 0xEC, 0x5C, 
   0x1C, 0x26, 0x5B, 0xA5, 0xDB, 0x66, 0x3C, 0x00, 0xF8, 0xE4, 0xDA, 0xA5, 0xDB, 0x66, 0x7E, 0xE7, 
   0x1C, 0x0C, 0x0C, 0x18, 0x00, 0x00, 0x00, 0x00, 0x00, 0x22, 0x63, 0xE7, 0xFF, 0x4F, 0x0E, 0x1C, 
   0x1C, 0x26, 0x5B, 0xA5, 0xDB, 0x7C, 0x00, 0x00, 0xF8, 0xE4, 0xDA, 0xA5, 0xDB, 0x7E, 0x47, 0xE0, 
   0x1C, 0x0C, 0x0C, 0x18, 0x00, 0x00, 0x00, 0x00, 0x00, 0x02, 0x23, 0x67, 0x7F, 0x7F, 0x26, 0x0E, 
   0x1C, 0x26, 0x5B, 0xA5, 0xDB, 0x3E, 0x00, 0x00, 0x78, 0x64, 0xDA, 0xA5, 0xDB, 0x7E, 0xE2, 0x07, 
   0x18, 0x30, 0x30, 0x38, 0x10, 0x00, 0x00, 0x00, 0x04, 0x06, 0x47, 0x47, 0x6D, 0x7C, 0x3E, 0x1C, 
   0x20, 0x70, 0xA8, 0xDC, 0xAA, 0x77, 0x2B, 0x1E, 0xEC, 0xF8, 0xA9, 0xDF, 0xAA, 0x77, 0x2A, 0x18, 
   0x18, 0x30, 0x30, 0x38, 0x10, 0x00, 0x00, 0x00, 0x26, 0x47, 0x45, 0x40, 0x68, 0x78, 0x3E, 0x1C, 
   0x20, 0x70, 0xA8, 0xDC, 0xAA, 0x77, 0x2B, 0x1E, 0xF0, 0xF8, 0xAB, 0xDE, 0xAA, 0x77, 0x2A, 0x18, 
   0x00, 0x00, 0x00, 0x00, 0x00, 0x00, 0x00, 0x00, 0x07, 0x03, 0x01, 0x00, 0x00, 0x00, 0x00, 0x00, 
   0x00, 0x00, 0x6A, 0xDB, 0xA5, 0xDB, 0x66, 0x3C, 0xA2, 0xD6, 0xFE, 0xDB, 0xA5, 0xDA, 0x64, 0x38, 
   0x00, 0x00, 0x5C, 0xDB, 0xA5, 0xDB, 0x62, 0x3C, 0x00, 0x00, 0x5C, 0xDB, 0xA5, 0xDA, 0x60, 0x38, 
   0x00, 0x00, 0x6E, 0xDB, 0xA5, 0xDB, 0x62, 0x3C, 0x00, 0x00, 0x6E, 0xDB, 0xA5, 0xDA, 0x60, 0x38, 
   0x00, 0x00, 0x00, 0x00, 0x00, 0x00, 0x00, 0x00, 0x00, 0x00, 0x00, 0x00, 0x00, 0x00, 0x00, 0x00, 
   0x00, 0x00, 0x00, 0x00, 0x00, 0x00, 0x00, 0x00, 0x00, 0x00, 0x00, 0x00, 0x00, 0x00, 0x00, 0x00, 
   0x00, 0x00, 0x00, 0x00, 0x00, 0x00, 0x00, 0x00, 0x00, 0x00, 0x00, 0x00, 0x00, 0x00, 0x00, 0x00, 
   0x00, 0x00, 0x00, 0x00, 0x00, 0x00, 0x00, 0x00, 0x00, 0x00, 0x00, 0x00, 0x00, 0x00, 0x00, 0x00, 
   0x00, 0x00, 0x00, 0x00, 0x00, 0x00, 0x00, 0x00, 0x00, 0x00, 0x00, 0x00, 0x00, 0x00, 0x00, 0x00, 
   0x00, 0x00, 0x00, 0x00, 0x00, 0x00, 0x00, 0x00, 0x00, 0x00, 0x00, 0x00, 0x00, 0x00, 0x00, 0x00, 
   0x00, 0x00, 0x00, 0x00, 0x00, 0x00, 0x00, 0x00, 0x00, 0x00, 0x00, 0x00, 0x00, 0x00, 0x00, 0x00, 
   0x00, 0x00, 0x00, 0x00, 0x00, 0x00, 0x00, 0x00, 0x00, 0x00, 0x00, 0x00, 0x00, 0x00, 0x00, 0x00, 
   0x08, 0x1D, 0x12, 0x20, 0x01, 0x00, 0x00, 0x00, 0x07, 0x02, 0x00, 0x00, 0x00, 0x00, 0x00, 0x00, 
   0x0C, 0xA6, 0xD0, 0x98, 0x04, 0x00, 0x00, 0x00, 0xF0, 0x50, 0x00, 0x00, 0x00, 0x00, 0x00, 0x00, 
   0x33, 0x71, 0x28, 0x3F, 0x71, 0x40, 0x80, 0x01, 0x0F, 0x0F, 0x17, 0x00, 0x00, 0x00, 0x00, 0x00, 
   0xE4, 0x06, 0x6D, 0x68, 0x96, 0x8D, 0x80, 0x00, 0xF8, 0xF8, 0x90, 0x90, 0x08, 0x00, 0x00, 0x00, 
   0x00, 0x26, 0x56, 0x54, 0xF4, 0xF6, 0x62, 0x3A, 0x30, 0x60, 0xD0, 0xD0, 0xF0, 0xF0, 0x62, 0x3A, 
   0x00, 0xC8, 0xD4, 0x5A, 0x5F, 0xCF, 0x86, 0x9C, 0x00, 0x0C, 0x16, 0x1B, 0x1F, 0x0F, 0x86, 0x9C, 
   0xFF, 0x56, 0x7E, 0x7E, 0x3C, 0xA5, 0xA5, 0xA5, 0xFB, 0x54, 0x7E, 0x7E, 0xBD, 0xA5, 0xA5, 0xA5, 
   0x00, 0x06, 0x16, 0x24, 0x2C, 0x7E, 0x72, 0x1A, 0x00, 0x18, 0x30, 0x60, 0x68, 0x78, 0x72, 0x1A, 
   0x08, 0xC6, 0xE6, 0x73, 0x5B, 0xDF, 0x8E, 0x9C, 0x0C, 0x04, 0x27, 0x33, 0x1B, 0x1F, 0x8E, 0x9C, 
   0xFF, 0x56, 0x7E, 0x7E, 0x3C, 0x95, 0x5A, 0x50, 0xFB, 0x54, 0x7E, 0x7F, 0xBC, 0x95, 0x5A, 0x50, 
   0x06, 0x36, 0x24, 0x6C, 0x7E, 0x7A, 0x32, 0x1F, 0x38, 0x70, 0x60, 0x68, 0x78, 0x7A, 0x32, 0x1F, 
   0xD8, 0xCC, 0x64, 0x76, 0xDE, 0x8C, 0x98, 0xF0, 0x1C, 0x0E, 0x26, 0x36, 0x1E, 0x8C, 0x98, 0xB0, 
   0xD7, 0x7E, 0x7E, 0x7E, 0x95, 0x95, 0x49, 0x02, 0xD5, 0x7E, 0x7E, 0xFF, 0x95, 0x95, 0x49, 0x02, 
   0x14, 0x34, 0x34, 0x36, 0x3E, 0x3E, 0x1C, 0x08, 0x14, 0x36, 0x36, 0x36, 0x3E, 0x3E, 0x1C, 0x08, 
   0x0C, 0x1C, 0x34, 0x3C, 0x7D, 0x41, 0x41, 0x22, 0x18, 0x3C, 0x34, 0x3E, 0x3D, 0x41, 0x41, 0x22, 
   0x00, 0x00, 0x00, 0x00, 0x00, 0x00, 0x00, 0x00, 0x00, 0x00, 0x00, 0x00, 0x00, 0x00, 0x00, 0x00, 
   0xFF, 0xFF, 0xFF, 0xFF, 0xFF, 0xFF, 0xFF, 0xFF, 0xFF, 0xFF, 0xFF, 0xFF, 0xFF, 0xFF, 0xFF, 0xFF, 
   0xFF, 0xFF, 0xFF, 0xFF, 0xFF, 0xFF, 0xFF, 0xFF, 0xFF, 0xFF, 0xFF, 0xFF, 0xFF, 0xFF, 0xFF, 0xFF, 
   0xFF, 0xFF, 0xFF, 0xFF, 0xFF, 0xFF, 0xFF, 0xFF, 0xFF, 0xFF, 0xFF, 0xFF, 0xFF, 0xFF, 0xFF, 0xFF, 
   0xFF, 0xFF, 0xFF, 0xFF, 0xFF, 0xFF, 0xFF, 0xFF, 0xFF, 0xFF, 0xFF, 0xFF, 0xFF, 0xFF, 0xFF, 0xFF, 
   0xFF, 0xFF, 0xFF, 0xFF, 0xFF, 0xFF, 0xFF, 0xFF, 0xFF, 0xFF, 0xFF, 0xFF, 0xFF, 0xFF, 0xFF, 0xFF, 
   0x00, 0x00, 0x18, 0x05, 0x03, 0x05, 0x07, 0x07, 0x0C, 0x1F, 0x07, 0x1A, 0x0F, 0x07, 0x07, 0x06, 
   0x00, 0x00, 0x0C, 0xD0, 0xE0, 0xD0, 0xF0, 0x70, 0x38, 0x7C, 0x70, 0x2C, 0x78, 0x70, 0x70, 0xB0, 
   0x14, 0x55, 0xBD, 0x3C, 0x3C, 0x18, 0xC3, 0x00, 0x2A, 0x2A, 0x3C, 0x00, 0x7E, 0x5A, 0xC3, 0x00, 
   0x00, 0x00, 0x18, 0x05, 0x03, 0x05, 0x07, 0x07, 0x00, 0x30, 0x64, 0x6A, 0x7B, 0x3F, 0x1F, 0x06, 
   0x00, 0x00, 0x0C, 0xD0, 0xE0, 0xD0, 0xF0, 0x70, 0x00, 0x0E, 0x13, 0x2B, 0x6F, 0x7E, 0x7C, 0xB0, 
   0x94, 0x55, 0x3E, 0x3C, 0x3C, 0xD8, 0x00, 0x03, 0x2A, 0x2A, 0x3C, 0x40, 0x7C, 0xDE, 0x02, 0x03, 
   0x00, 0x00, 0x00, 0x00, 0x03, 0x05, 0x07, 0x07, 0x00, 0x00, 0x00, 0x30, 0x3B, 0x6F, 0x7F, 0x3E, 
   0x00, 0x00, 0x00, 0x00, 0xE0, 0xD0, 0xF0, 0x70, 0x00, 0x00, 0x00, 0x06, 0x6F, 0x7B, 0x7F, 0xBC, 
   0x14, 0x55, 0xBF, 0x3C, 0x3C, 0x18, 0x03, 0xC0, 0xEB, 0x2A, 0x3E, 0x00, 0x3E, 0x7A, 0x43, 0xC0, 
   0x00, 0x00, 0x00, 0x00, 0x00, 0x00, 0x00, 0x00, 0x00, 0x00, 0x00, 0x00, 0x00, 0x00, 0x00, 0x00, 
   0x00, 0x00, 0x00, 0x00, 0x00, 0x00, 0x00, 0x00, 0x00, 0x00, 0x00, 0x00, 0x00, 0x00, 0x00, 0x00, 
   0xFF, 0xFF, 0xFF, 0xFF, 0xFF, 0xFF, 0xFF, 0xFF, 0xFF, 0xFF, 0xFF, 0xFF, 0xFF, 0xFF, 0xFF, 0xFF, 
   0xFF, 0xFF, 0xFF, 0xFF, 0xFF, 0xFF, 0xFF, 0xFF, 0xFF, 0xFF, 0xFF, 0xFF, 0xFF, 0xFF, 0xFF, 0xFF, 
   0xFF, 0x1F, 0x03, 0x0F, 0x01, 0x1F, 0x07, 0x02, 0x00, 0x00, 0x00, 0x00, 0x00, 0x00, 0x00, 0x00, 
   0xFF, 0xFF, 0xFE, 0xEC, 0xCC, 0x44, 0x04, 0x00, 0x00, 0x00, 0x01, 0x13, 0x33, 0xBB, 0xFB, 0xFF, 
   0x08, 0x08, 0x28, 0x3A, 0x3E, 0x7E, 0x7E, 0x7E, 0x00, 0x00, 0x00, 0x00, 0x00, 0x00, 0x28, 0x28, 
   0x7E, 0xFF, 0xFF, 0xFF, 0xFF, 0x81, 0xFF, 0x7E, 0x28, 0x00, 0x28, 0x54, 0x00, 0x7E, 0x00, 0x00, 
   0x08, 0x08, 0x28, 0x3A, 0x36, 0x22, 0x2A, 0x28, 0x00, 0x00, 0x00, 0x00, 0x08, 0x5C, 0x7C, 0x7E, 
   0x28, 0x03, 0xAF, 0xFF, 0xFF, 0x81, 0xFF, 0x7E, 0x7E, 0xFC, 0x78, 0x54, 0x00, 0x7E, 0x00, 0x00, 
   0x08, 0x08, 0x28, 0x3A, 0x36, 0x22, 0x2A, 0x28, 0x00, 0x00, 0x00, 0x00, 0x08, 0x5C, 0x7C, 0x7E, 
   0x28, 0x00, 0x28, 0x54, 0x00, 0x00, 0x00, 0x00, 0x7E, 0xFF, 0xFF, 0xFF, 0xFF, 0xFF, 0xFF, 0x7E, 
   0x1C, 0x36, 0x3B, 0x33, 0x1B, 0x0E, 0x0C, 0x58, 0x1C, 0x3E, 0x37, 0x3F, 0x1F, 0x0E, 0x0C, 0x58, 
   0x38, 0x7C, 0xC6, 0xAE, 0xBB, 0xF1, 0x60, 0x02, 0x38, 0x7C, 0xFE, 0xDE, 0xFB, 0xF1, 0x60, 0x02, 
   0x34, 0x60, 0xE0, 0xF8, 0xDC, 0xD6, 0x66, 0x3C, 0x34, 0x60, 0xE0, 0xF8, 0xFC, 0xEE, 0x7E, 0x3C, 
   0x40, 0x06, 0x8F, 0xDD, 0x75, 0x63, 0x3E, 0x1C, 0x40, 0x06, 0x8F, 0xDF, 0x7B, 0x7F, 0x3E, 0x1C, 
   0x00, 0x00, 0x00, 0x00, 0x07, 0x07, 0x1F, 0x06, 0x00, 0x00, 0x00, 0x00, 0x00, 0x00, 0x00, 0x07, 
   0x00, 0x00, 0x00, 0x00, 0x00, 0xC0, 0xE0, 0x00, 0x00, 0x00, 0x00, 0x00, 0x00, 0x00, 0x00, 0xE0, 
   0x3B, 0x77, 0x02, 0x1F, 0x0F, 0x06, 0xCD, 0xDD, 0x3F, 0x7F, 0x3F, 0x1F, 0x0F, 0x01, 0xC2, 0xC2, 
   0x60, 0x60, 0xC0, 0xE0, 0xC0, 0xE0, 0xF0, 0xF8, 0xF0, 0xF0, 0xF8, 0xF0, 0xC0, 0x00, 0x00, 0x00, 
   0xF9, 0x7C, 0x00, 0x00, 0x00, 0x00, 0x07, 0x0F, 0xC6, 0x07, 0x1F, 0x1F, 0x0F, 0x0F, 0x00, 0x00, 
   0x00, 0x00, 0x18, 0x14, 0x0C, 0x04, 0x08, 0x00, 0x00, 0x00, 0x18, 0x1C, 0x0C, 0x04, 0x08, 0x00, 
   0x00, 0x00, 0x10, 0x28, 0x10, 0x00, 0x00, 0x00, 0x00, 0x00, 0x10, 0x28, 0x10, 0x00, 0x00, 0x00, 
   0x00, 0x10, 0x00, 0x54, 0x00, 0x10, 0x00, 0x00, 0x00, 0x10, 0x00, 0x54, 0x00, 0x10, 0x00, 0x00, 
   0x10, 0x44, 0x10, 0xAA, 0x10, 0x44, 0x10, 0x00, 0x10, 0x44, 0x10, 0xAA, 0x10, 0x44, 0x10, 0x00, 
   0x10, 0x44, 0x00, 0x82, 0x00, 0x44, 0x10, 0x00, 0x10, 0x44, 0x00, 0x82, 0x00, 0x44, 0x10, 0x00, 
   0x00, 0x00, 0x00, 0x00, 0x00, 0x00, 0x00, 0x00, 0x00, 0x00, 0x00, 0x00, 0x00, 0x00, 0x00, 0x02, 
   0x00, 0x00, 0x00, 0x00, 0x08, 0x08, 0x08, 0x08, 0x00, 0x00, 0x00, 0x00, 0x08, 0x08, 0x00, 0x08, 
   0x08, 0x08, 0x08, 0x08, 0x08, 0x08, 0x08, 0x00, 0x08, 0x08, 0x08, 0x08, 0x08, 0x08, 0x08, 0x00, 
   0x00, 0x00, 0x00, 0x00, 0x10, 0x20, 0x20, 0x20, 0x00, 0x00, 0x00, 0x00, 0x18, 0x3C, 0x1C, 0x3C, 
   0x20, 0x20, 0x20, 0x20, 0x20, 0x20, 0x10, 0x00, 0x3C, 0x3C, 0x3C, 0x3C, 0x3C, 0x3C, 0x18, 0x00, 
   0x00, 0x00, 0x00, 0x00, 0x20, 0x40, 0x80, 0x94, 0x00, 0x00, 0x00, 0x00, 0x3C, 0x7E, 0x7F, 0xFB, 
   0x94, 0x94, 0x94, 0x94, 0x48, 0x40, 0x20, 0x00, 0xFB, 0xFB, 0xFB, 0xFB, 0x7E, 0x7E, 0x3C, 0x00, 
   0x00, 0x00, 0x00, 0x00, 0x38, 0x7E, 0xFE, 0xFE, 0x00, 0x00, 0x00, 0x00, 0x3C, 0x7C, 0xFC, 0xFF, 
   0xFE, 0xFE, 0xFE, 0xFE, 0x7E, 0x7E, 0x3C, 0x00, 0xFF, 0xFF, 0xFF, 0xFF, 0x7E, 0x7E, 0x3C, 0x00, 
   0x00, 0x00, 0x00, 0x00, 0x08, 0x1C, 0x1E, 0x1E, 0x00, 0x00, 0x00, 0x00, 0x0C, 0x1E, 0x1C, 0x1C, 
   0x1C, 0x1C, 0x1C, 0x1C, 0x1C, 0x18, 0x08, 0x00, 0x1E, 0x1E, 0x1E, 0x1E, 0x1E, 0x1E, 0x0C, 0x00, 
   0x30, 0x3E, 0x1E, 0x0E, 0x0E, 0x06, 0x02, 0x00, 0xCE, 0xC2, 0xE6, 0xEE, 0x8E, 0x46, 0x32, 0x0E, 
   0x00, 0x00, 0x00, 0x00, 0x02, 0x06, 0x0E, 0x3E, 0x00, 0x00, 0x00, 0x02, 0x06, 0x0A, 0x36, 0xC6, 
   0x00, 0x00, 0x3C, 0x7E, 0x1E, 0x0E, 0x06, 0x02, 0x00, 0x3C, 0xC2, 0x86, 0xEE, 0xEE, 0xC6, 0xC2, 
   0x00, 0x00, 0x00, 0x00, 0x40, 0x20, 0x30, 0x1C, 0x00, 0x00, 0x00, 0xC0, 0xA0, 0xD0, 0xCC, 0xE2, 
   0x7E, 0x0E, 0x00, 0x00, 0x00, 0x00, 0x00, 0x00, 0x8E, 0xEE, 0xE2, 0xC4, 0xC8, 0xB0, 0xC0, 0x00, 
   0x02, 0x00, 0x00, 0x00, 0x00, 0x00, 0x00, 0x00, 0xBE, 0xC2, 0x00, 0x00, 0x00, 0x00, 0x00, 0x00, 
   0x1E, 0x0E, 0x0E, 0x06, 0x02, 0x02, 0x00, 0x00, 0xE6, 0x8E, 0xCE, 0x26, 0x12, 0x0E, 0x02, 0x00, 
   0x00, 0x00, 0x00, 0x3C, 0x7E, 0xC3, 0x81, 0x00, 0x3C, 0x7E, 0xFF, 0xC3, 0x81, 0x3C, 0x7E, 0xFF, 
   0x00, 0x81, 0xC3, 0xFF, 0xFF, 0x7E, 0x3C, 0x00, 0xFF, 0xFF, 0xFF, 0xFF, 0xFF, 0xFF, 0x7E, 0x3C, 
   0x00, 0x00, 0x00, 0x00, 0x00, 0x00, 0x00, 0x00, 0x00, 0x00, 0x00, 0x00, 0x00, 0x00, 0x00, 0x00, 
   0x00, 0x00, 0x00, 0x00, 0x00, 0x00, 0x00, 0x80, 0x00, 0x00, 0x00, 0x00, 0x00, 0x00, 0x00, 0x00, 
   0x01, 0x01, 0x03, 0x06, 0x06, 0x0C, 0x09, 0x19, 0x00, 0x00, 0x00, 0x01, 0x01, 0x03, 0x06, 0x06, 
   0x80, 0x40, 0xE0, 0xE0, 0xA0, 0xB0, 0x80, 0xD0, 0x00, 0x80, 0x00, 0x00, 0x40, 0x40, 0x60, 0x20, 
   0x08, 0x1C, 0x3E, 0x1F, 0x25, 0x00, 0x02, 0x02, 0x04, 0x02, 0x01, 0x00, 0x0A, 0x03, 0x01, 0x01, 
   0x00, 0x70, 0x7C, 0xF8, 0xA0, 0x40, 0xC0, 0xC0, 0x70, 0x88, 0x80, 0x00, 0x54, 0x80, 0x00, 0x00, 
   0x03, 0x06, 0x06, 0x04, 0x0D, 0x09, 0x19, 0x33, 0x00, 0x01, 0x01, 0x03, 0x02, 0x06, 0x06, 0x0C, 
   0xC0, 0xC0, 0xE0, 0xE0, 0xA0, 0xB0, 0x90, 0x48, 0x00, 0x00, 0x00, 0x00, 0x40, 0x40, 0x60, 0xB0, 
   0x00, 0x00, 0x30, 0x60, 0x00, 0x00, 0x20, 0x00, 0x00, 0x30, 0x48, 0x80, 0x81, 0x00, 0x00, 0x00, 
   0x00, 0x00, 0x4C, 0x00, 0x02, 0x00, 0x00, 0x00, 0x00, 0x0C, 0x12, 0x02, 0x01, 0x01, 0x00, 0x02, 
   0x01, 0x03, 0x02, 0x07, 0x06, 0x0C, 0x19, 0x33, 0x00, 0x00, 0x01, 0x00, 0x01, 0x03, 0x06, 0x0C, 
   0x40, 0xC0, 0xC0, 0xC0, 0xE0, 0xA0, 0x50, 0x4C, 0x00, 0x00, 0x00, 0x00, 0x00, 0x40, 0xA0, 0xB0, 
   0xDB, 0x7E, 0x5A, 0x66, 0x34, 0x66, 0x3C, 0x18, 0xBD, 0xBD, 0xBD, 0x99, 0x5A, 0x5A, 0x42, 0x24, 
   0x18, 0x3C, 0x00, 0x48, 0x42, 0xE7, 0x42, 0x40, 0x24, 0x24, 0x18, 0x18, 0x00, 0x00, 0x00, 0x00, 
   0x00, 0x00, 0x00, 0x00, 0x00, 0x00, 0x00, 0x00, 0x00, 0xE3, 0x94, 0x94, 0xE4, 0x94, 0x94, 0xE3, 
   0x00, 0x00, 0x00, 0x00, 0x00, 0x00, 0x00, 0x00, 0x00, 0x25, 0xB5, 0xB5, 0xAD, 0xAD, 0xAD, 0x24, 
   0x00, 0x00, 0x00, 0x00, 0x00, 0x00, 0x00, 0x00, 0x00, 0x26, 0x29, 0x28, 0x26, 0x21, 0x29, 0xC6, 
   0x00, 0x00, 0x20, 0x40, 0xFE, 0x40, 0x20, 0x00, 0x00, 0x00, 0x20, 0x40, 0xFE, 0x40, 0x20, 0x00, 
   0x00, 0x00, 0x00, 0x00, 0x00, 0x00, 0x00, 0x00, 0x00, 0x63, 0x94, 0x84, 0x84, 0x84, 0x94, 0x63, 
   0x00, 0x00, 0x00, 0x00, 0x00, 0x00, 0x00, 0x00, 0x00, 0x29, 0xAD, 0xAD, 0xAB, 0xAB, 0xAB, 0x29, 
   0xFF, 0xFF, 0xFF, 0xFF, 0xFF, 0xFF, 0xFF, 0xFF, 0xFF, 0xFF, 0xFF, 0xFF, 0xFF, 0xFF, 0xFF, 0xFF, 
   0x34, 0x10, 0x00, 0x00, 0x00, 0x00, 0x00, 0x00, 0x4E, 0x2C, 0x18, 0x00, 0x00, 0x00, 0x00, 0x00, 
   0x78, 0x30, 0x10, 0x30, 0x78, 0x7C, 0x78, 0x20, 0x0E, 0x0C, 0x08, 0x0C, 0x06, 0x06, 0x46, 0x3C, 
   0xFF, 0xFF, 0xFF, 0xFF, 0xFF, 0xFF, 0xFF, 0xFF, 0xFF, 0xFF, 0xFF, 0xFF, 0xFF, 0xFF, 0xFF, 0xFF, 
   0xFF, 0xFF, 0xFF, 0xFF, 0xFF, 0xFF, 0xFF, 0xFF, 0xFF, 0xFF, 0xFF, 0xFF, 0xFF, 0xFF, 0xFF, 0xFF, 
   0xEE, 0xEE, 0xEE, 0xEE, 0x00, 0x00, 0x00, 0x00, 0x00, 0x00, 0xFF, 0xFF, 0xEE, 0xEE, 0x00, 0x00, 
   0xEE, 0xEE, 0xEE, 0x00, 0x00, 0x00, 0x00, 0x00, 0x00, 0x00, 0xFF, 0xEE, 0x00, 0x00, 0x00, 0x00, 
   0xEE, 0x00, 0x00, 0x00, 0x00, 0x00, 0x00, 0x00, 0x11, 0xEE, 0x00, 0x00, 0x00, 0x00, 0x00, 0x00, 
   0x08, 0x04, 0x17, 0x27, 0x55, 0xD6, 0x72, 0x3F, 0x08, 0x04, 0x33, 0x61, 0xD0, 0xD0, 0x72, 0x3F, 
   0x20, 0x40, 0xD0, 0xC8, 0x54, 0xD6, 0x9E, 0xFC, 0x20, 0x40, 0x98, 0x0C, 0x16, 0x16, 0x9E, 0xBC, 
   0xD7, 0x7E, 0xD6, 0xD6, 0xD7, 0x24, 0xA5, 0xA5, 0xD5, 0x7E, 0xC6, 0x82, 0x01, 0xA5, 0xA5, 0xA5, 
   0x08, 0x04, 0x27, 0x17, 0x55, 0xF6, 0x62, 0x3F, 0x08, 0x24, 0x63, 0xD1, 0xD0, 0xF0, 0x62, 0x3F, 
   0x20, 0x48, 0xC4, 0xCA, 0x4B, 0xCF, 0x9C, 0xF0, 0x20, 0x4C, 0x86, 0x0B, 0x0B, 0x0F, 0x9C, 0xB0, 
   0xD6, 0x7E, 0xD6, 0xD7, 0x56, 0x95, 0x5A, 0x50, 0xD4, 0x7E, 0xC6, 0x83, 0x81, 0x95, 0x5A, 0x50, 
   0x28, 0x44, 0x57, 0x57, 0xF5, 0x66, 0x32, 0x1F, 0x68, 0xC4, 0xD3, 0xD1, 0xF0, 0x60, 0x32, 0x1F, 
   0x24, 0x42, 0xD2, 0xD6, 0x5E, 0xCC, 0x98, 0xF0, 0x26, 0x43, 0x93, 0x17, 0x1E, 0x0C, 0x98, 0xB0, 
   0xD6, 0x7E, 0xD6, 0xD7, 0x56, 0x95, 0x55, 0x08, 0xD4, 0x7E, 0xC6, 0x83, 0x81, 0x95, 0x55, 0x08, 
   0x08, 0x24, 0x4A, 0x10, 0xA8, 0xAA, 0xFE, 0xBA, 0x08, 0x24, 0x4A, 0x90, 0xAA, 0xAA, 0xFA, 0xB8, 
   0x6C, 0x5F, 0xCF, 0xE7, 0x7E, 0x4E, 0x20, 0x0E, 0x6C, 0x5F, 0xCF, 0xE7, 0x70, 0x40, 0x64, 0x60, 
   0x6C, 0xDA, 0xC7, 0xCF, 0xEB, 0xEB, 0x06, 0xE0, 0x6E, 0xFB, 0xE7, 0xCF, 0x0B, 0x0B, 0x46, 0x0C, 
   0x00, 0x00, 0x00, 0x4A, 0x91, 0x14, 0xFE, 0xBA, 0x00, 0x00, 0x00, 0x4A, 0x91, 0x55, 0xFA, 0xB8, 
   0x6C, 0x5F, 0xCF, 0xE7, 0x7E, 0x4E, 0x20, 0x0E, 0x6C, 0x5F, 0xCF, 0xE7, 0x70, 0x40, 0x64, 0x60, 
   0x6C, 0xDA, 0xC7, 0xCF, 0xEB, 0xEB, 0x06, 0xE0, 0x6E, 0xFB, 0xE7, 0xCF, 0x0B, 0x0B, 0x46, 0x0C, 
   0x00, 0x00, 0x1C, 0x7E, 0x06, 0x25, 0x73, 0x02, 0x00, 0x00, 0x00, 0x00, 0x2E, 0xFF, 0x7F, 0x3E, 
   0x00, 0x00, 0x00, 0x00, 0xC3, 0x00, 0x18, 0x3C, 0x00, 0x00, 0x00, 0x00, 0xC3, 0x42, 0x7E, 0x3C, 
   0x03, 0x13, 0x0A, 0x02, 0x0E, 0x4F, 0x3B, 0x07, 0x00, 0x03, 0x35, 0x75, 0xFD, 0xBE, 0x4E, 0x36, 
   0xC0, 0xD0, 0xA0, 0x80, 0xE0, 0xE4, 0xB8, 0xC0, 0x00, 0xC0, 0x5C, 0x5E, 0x7F, 0xFB, 0xE6, 0xD8, 
   0x00, 0x00, 0x24, 0x24, 0x00, 0x00, 0x18, 0x3C, 0x00, 0x00, 0x24, 0x66, 0x42, 0x42, 0x7E, 0x3C, 
   0x03, 0x07, 0x0A, 0x02, 0x0E, 0x4F, 0x3B, 0x07, 0x38, 0x7B, 0xE5, 0xFD, 0xDD, 0x3E, 0x0E, 0x06, 
   0xC0, 0xE0, 0x90, 0x80, 0xE0, 0xE4, 0xB8, 0xC0, 0x1C, 0xDE, 0x47, 0x7F, 0x7A, 0xF8, 0xE0, 0xC0, 
   0x38, 0x30, 0x30, 0x30, 0x00, 0x00, 0x00, 0x00, 0x00, 0x46, 0xC6, 0xCF, 0xFF, 0xF7, 0x72, 0x3C, 
   0x44, 0x6E, 0xFF, 0xFF, 0xFF, 0xFF, 0x3C, 0x00, 0x7C, 0x7E, 0xFF, 0xFF, 0xE7, 0xC3, 0x42, 0xC3, 
   0x00, 0x00, 0x22, 0x36, 0x64, 0x8B, 0x82, 0xC0, 0x08, 0x08, 0x08, 0x08, 0x1C, 0x38, 0x55, 0x47, 
   0x0E, 0x10, 0x00, 0x00, 0x18, 0x10, 0x18, 0x0C, 0x06, 0x0C, 0x19, 0x03, 0x07, 0x0F, 0x0E, 0x04, 
   0x00, 0x00, 0x00, 0x20, 0x58, 0x08, 0x18, 0x30, 0x30, 0x98, 0xD8, 0xA0, 0x60, 0x70, 0xE0, 0xC0, 
   0x00, 0x54, 0x60, 0xC4, 0x15, 0x29, 0x80, 0x00, 0x08, 0x08, 0x00, 0x00, 0x08, 0x1B, 0x12, 0x40, 
   0x14, 0x40, 0x00, 0x81, 0x32, 0x40, 0x30, 0x00, 0x0C, 0x08, 0x00, 0x00, 0x11, 0x3A, 0x08, 0x00, 
   0x24, 0x16, 0x00, 0x20, 0x04, 0x02, 0x44, 0x08, 0x00, 0x00, 0x00, 0x00, 0x04, 0x04, 0x68, 0xC0, 
   0x92, 0x54, 0x38, 0xFE, 0x38, 0x54, 0x92, 0x00, 0x00, 0x00, 0x00, 0x00, 0x00, 0x00, 0x00, 0x00, 
   0xFF, 0xFF, 0xFF, 0xFF, 0xFF, 0xFF, 0xFF, 0xFF, 0xFF, 0xFF, 0xFF, 0xFF, 0xFF, 0xFF, 0xFF, 0xFF, 
   0x00, 0x98, 0x40, 0x02, 0x00, 0x08, 0x00, 0x80, 0x08, 0x80, 0x00, 0x01, 0x02, 0x48, 0x00, 0x00, 
   0x00, 0x00, 0x20, 0x04, 0x00, 0x01, 0x40, 0x00, 0x10, 0x00, 0xA0, 0x00, 0x00, 0x00, 0x02, 0x20, 
   0x00, 0x02, 0x10, 0x00, 0x00, 0x20, 0x02, 0x00, 0x00, 0x01, 0x01, 0x00, 0x00, 0x00, 0x02, 0x04, 
   0x26, 0x26, 0x0E, 0x0C, 0x1C, 0x78, 0xF0, 0xC0, 0xDE, 0xDE, 0xFE, 0xFC, 0xFC, 0xF8, 0xF0, 0xC0, 
   0x03, 0x0F, 0x1D, 0x39, 0x33, 0x63, 0x61, 0x60, 0x03, 0x0F, 0x1F, 0x3F, 0x3F, 0x7F, 0x7F, 0x7F, 
   0xC0, 0xF0, 0x80, 0x04, 0x01, 0xE0, 0xF2, 0x38, 0xC0, 0xF0, 0x80, 0x04, 0x01, 0xE0, 0xF2, 0xF8, 
   0x64, 0x67, 0x63, 0x31, 0x30, 0x18, 0x1F, 0x0F, 0x7B, 0x78, 0x7C, 0x3E, 0x3F, 0x1F, 0x1F, 0x0F, 
   0x1C, 0xCC, 0xCC, 0x8C, 0x18, 0x38, 0xF0, 0xC0, 0xFC, 0x3C, 0x3C, 0x7C, 0xF8, 0xF8, 0xF0, 0xC0, 
   0xFF, 0xFF, 0xFF, 0xFF, 0xFF, 0xFF, 0xFF, 0xFF, 0xFF, 0xFF, 0xFF, 0xFF, 0xFF, 0xFF, 0xFF, 0xFF, 
   0xFF, 0xFF, 0xFF, 0xFF, 0xFF, 0xFF, 0xFF, 0xFF, 0xFF, 0xFF, 0xFF, 0xFF, 0xFF, 0xFF, 0xFF, 0xFF, 
   0xFF, 0xFF, 0xFF, 0xFF, 0xFF, 0xFF, 0xFF, 0xFF, 0xFF, 0xFF, 0xFF, 0xFF, 0xFF, 0xFF, 0xFF, 0xFF, 
   0xFF, 0xFF, 0xFF, 0xFF, 0xFF, 0xFF, 0xFF, 0xFF, 0xFF, 0xFF, 0xFF, 0xFF, 0xFF, 0xFF, 0xFF, 0xFF, 
   0xFF, 0xFF, 0xFF, 0xFF, 0xFF, 0xFF, 0xFF, 0xFF, 0xFF, 0xFF, 0xFF, 0xFF, 0xFF, 0xFF, 0xFF, 0xFF, 
   0xFF, 0xFF, 0xFF, 0xFF, 0xFF, 0xFF, 0xFF, 0xFF, 0xFF, 0xFF, 0xFF, 0xFF, 0xFF, 0xFF, 0xFF, 0xFF, 
   0xFF, 0xFF, 0xFF, 0xFF, 0xFF, 0xFF, 0xFF, 0xFF, 0xFF, 0xFF, 0xFF, 0xFF, 0xFF, 0xFF, 0xFF, 0xFF, 
   0xFF, 0xFF, 0xFF, 0xFF, 0xFF, 0xFF, 0xFF, 0xFF, 0xFF, 0xFF, 0xFF, 0xFF, 0xFF, 0xFF, 0xFF, 0xFF, 
   0x38, 0x4C, 0xC6, 0xC6, 0xC6, 0x64, 0x38, 0x00, 0x00, 0x00, 0x00, 0x00, 0x00, 0x00, 0x00, 0x00, 
   0x18, 0x38, 0x18, 0x18, 0x18, 0x18, 0x7E, 0x00, 0x00, 0x00, 0x00, 0x00, 0x00, 0x00, 0x00, 0x00, 
   0x7C, 0xC6, 0x0E, 0x3C, 0x78, 0xE0, 0xFE, 0x00, 0x00, 0x00, 0x00, 0x00, 0x00, 0x00, 0x00, 0x00, 
   0x7E, 0x0C, 0x18, 0x3C, 0x06, 0xC6, 0x7C, 0x00, 0x00, 0x00, 0x00, 0x00, 0x00, 0x00, 0x00, 0x00, 
   0x1C, 0x3C, 0x6C, 0xCC, 0xFE, 0x0C, 0x0C, 0x00, 0x00, 0x00, 0x00, 0x00, 0x00, 0x00, 0x00, 0x00, 
   0xFC, 0xC0, 0xFC, 0x06, 0x06, 0xC6, 0x7C, 0x00, 0x00, 0x00, 0x00, 0x00, 0x00, 0x00, 0x00, 0x00, 
   0x3C, 0x60, 0xC0, 0xFC, 0xC6, 0xC6, 0x7C, 0x00, 0x00, 0x00, 0x00, 0x00, 0x00, 0x00, 0x00, 0x00, 
   0xFE, 0xC6, 0x0C, 0x18, 0x30, 0x30, 0x30, 0x00, 0x00, 0x00, 0x00, 0x00, 0x00, 0x00, 0x00, 0x00, 
   0x78, 0xC4, 0xE4, 0x78, 0x86, 0x86, 0x7C, 0x00, 0x00, 0x00, 0x00, 0x00, 0x00, 0x00, 0x00, 0x00, 
   0x7C, 0xC6, 0xC6, 0x7E, 0x06, 0x0C, 0x78, 0x00, 0x00, 0x00, 0x00, 0x00, 0x00, 0x00, 0x00, 0x00, 
   0x38, 0x6C, 0xC6, 0xC6, 0xFE, 0xC6, 0xC6, 0x00, 0x00, 0x00, 0x00, 0x00, 0x00, 0x00, 0x00, 0x00, 
   0xFC, 0xC6, 0xC6, 0xFC, 0xC6, 0xC6, 0xFC, 0x00, 0x00, 0x00, 0x00, 0x00, 0x00, 0x00, 0x00, 0x00, 
   0x3C, 0x66, 0xC0, 0xC0, 0xC0, 0x66, 0x3C, 0x00, 0x00, 0x00, 0x00, 0x00, 0x00, 0x00, 0x00, 0x00, 
   0xF8, 0xCC, 0xC6, 0xC6, 0xC6, 0xCC, 0xF8, 0x00, 0x00, 0x00, 0x00, 0x00, 0x00, 0x00, 0x00, 0x00, 
   0xFE, 0xC0, 0xC0, 0xFC, 0xC0, 0xC0, 0xFE, 0x00, 0x00, 0x00, 0x00, 0x00, 0x00, 0x00, 0x00, 0x00, 
   0xFE, 0xC0, 0xC0, 0xFC, 0xC0, 0xC0, 0xC0, 0x00, 0x00, 0x00, 0x00, 0x00, 0x00, 0x00, 0x00, 0x00, 
   0x3E, 0x60, 0xC0, 0xCE, 0xC6, 0x66, 0x3E, 0x00, 0x00, 0x00, 0x00, 0x00, 0x00, 0x00, 0x00, 0x00, 
   0xC6, 0xC6, 0xC6, 0xFE, 0xC6, 0xC6, 0xC6, 0x00, 0x00, 0x00, 0x00, 0x00, 0x00, 0x00, 0x00, 0x00, 
   0x7E, 0x18, 0x18, 0x18, 0x18, 0x18, 0x7E, 0x00, 0x00, 0x00, 0x00, 0x00, 0x00, 0x00, 0x00, 0x00, 
   0x1E, 0x06, 0x06, 0x06, 0xC6, 0xC6, 0x7C, 0x00, 0x00, 0x00, 0x00, 0x00, 0x00, 0x00, 0x00, 0x00, 
   0xC6, 0xCC, 0xD8, 0xF0, 0xF8, 0xDC, 0xCE, 0x00, 0x00, 0x00, 0x00, 0x00, 0x00, 0x00, 0x00, 0x00, 
   0x60, 0x60, 0x60, 0x60, 0x60, 0x60, 0x7E, 0x00, 0x00, 0x00, 0x00, 0x00, 0x00, 0x00, 0x00, 0x00, 
   0xC6, 0xEE, 0xFE, 0xFE, 0xD6, 0xC6, 0xC6, 0x00, 0x00, 0x00, 0x00, 0x00, 0x00, 0x00, 0x00, 0x00, 
   0xC6, 0xE6, 0xF6, 0xFE, 0xDE, 0xCE, 0xC6, 0x00, 0x00, 0x00, 0x00, 0x00, 0x00, 0x00, 0x00, 0x00, 
   0x7C, 0xC6, 0xC6, 0xC6, 0xC6, 0xC6, 0x7C, 0x00, 0x00, 0x00, 0x00, 0x00, 0x00, 0x00, 0x00, 0x00, 
   0xFC, 0xC6, 0xC6, 0xC6, 0xFC, 0xC0, 0xC0, 0x00, 0x00, 0x00, 0x00, 0x00, 0x00, 0x00, 0x00, 0x00, 
   0x7C, 0xC6, 0xC6, 0xC6, 0xDE, 0xCC, 0x7A, 0x00, 0x00, 0x00, 0x00, 0x00, 0x00, 0x00, 0x00, 0x00, 
   0xFC, 0xC6, 0xC6, 0xCE, 0xF8, 0xDC, 0xCE, 0x00, 0x00, 0x00, 0x00, 0x00, 0x00, 0x00, 0x00, 0x00, 
   0x78, 0xCC, 0xC0, 0x7C, 0x06, 0xC6, 0x7C, 0x00, 0x00, 0x00, 0x00, 0x00, 0x00, 0x00, 0x00, 0x00, 
   0x7E, 0x18, 0x18, 0x18, 0x18, 0x18, 0x18, 0x00, 0x00, 0x00, 0x00, 0x00, 0x00, 0x00, 0x00, 0x00, 
   0xC6, 0xC6, 0xC6, 0xC6, 0xC6, 0xC6, 0x7C, 0x00, 0x00, 0x00, 0x00, 0x00, 0x00, 0x00, 0x00, 0x00, 
   0xC6, 0xC6, 0xC6, 0xEE, 0x7C, 0x38, 0x10, 0x00, 0x00, 0x00, 0x00, 0x00, 0x00, 0x00, 0x00, 0x00, 
   0xC6, 0xC6, 0xD6, 0xFE, 0xFE, 0xEE, 0xC6, 0x00, 0x00, 0x00, 0x00, 0x00, 0x00, 0x00, 0x00, 0x00, 
   0xC6, 0xEE, 0x7C, 0x38, 0x7C, 0xEE, 0xC6, 0x00, 0x00, 0x00, 0x00, 0x00, 0x00, 0x00, 0x00, 0x00, 
   0x66, 0x66, 0x66, 0x3C, 0x18, 0x18, 0x18, 0x00, 0x00, 0x00, 0x00, 0x00, 0x00, 0x00, 0x00, 0x00, 
   0xFE, 0x0E, 0x1C, 0x38, 0x70, 0xE0, 0xFE, 0x00, 0x00, 0x00, 0x00, 0x00, 0x00, 0x00, 0x00, 0x00, 
   0x00, 0x00, 0x00, 0x00, 0x00, 0x00, 0x00, 0x00, 0x00, 0x00, 0x00, 0x00, 0x00, 0x00, 0x00, 0x00, 
   0x3C, 0x42, 0x99, 0xA1, 0xA1, 0x99, 0x42, 0x3C, 0x00, 0x00, 0x00, 0x00, 0x00, 0x00, 0x00, 0x00, 
   0x00, 0x00, 0x00, 0x00, 0x60, 0x60, 0x00, 0x00, 0x00, 0x00, 0x00, 0x00, 0x00, 0x00, 0x00, 0x00, 
   0x00, 0x00, 0x00, 0x00, 0x18, 0x18, 0x10, 0x00, 0x00, 0x00, 0x00, 0x00, 0x00, 0x00, 0x00, 0x00, 
   0x00, 0x00, 0x00, 0x00, 0x6C, 0x6C, 0x08, 0x00, 0x00, 0x00, 0x00, 0x00, 0x00, 0x00, 0x00, 0x00, 
   0x00, 0x00, 0x00, 0x00, 0x00, 0x00, 0x00, 0x00, 0x0F, 0x06, 0x06, 0x06, 0x06, 0x06, 0x0F, 0x00, 
   0x00, 0x00, 0x00, 0x00, 0x00, 0x00, 0x00, 0x00, 0xF0, 0x60, 0x60, 0x66, 0x66, 0x60, 0xF0, 0x00, 
   0x00, 0x00, 0x00, 0x00, 0x00, 0x00, 0x00, 0x00, 0x1F, 0x06, 0x06, 0x06, 0x06, 0x06, 0x06, 0x00, 
   0x00, 0x00, 0x00, 0x00, 0x00, 0x00, 0x00, 0x00, 0x39, 0x65, 0x65, 0x65, 0x65, 0x65, 0x39, 0x00, 
   0x00, 0x00, 0x00, 0x00, 0x00, 0x00, 0x00, 0x00, 0xE0, 0xB0, 0xB0, 0xB6, 0xE6, 0x80, 0x80, 0x00, 
   0x00, 0x3C, 0x3C, 0x00, 0x00, 0x3C, 0x3C, 0x00, 0x00, 0x00, 0x00, 0x00, 0x00, 0x00, 0x00, 0x00, 
   0x3E, 0x63, 0x63, 0x03, 0x0E, 0x18, 0x00, 0x18, 0x00, 0x00, 0x00, 0x00, 0x00, 0x00, 0x00, 0x00, 
   0x00, 0x00, 0x1F, 0x30, 0x27, 0x2C, 0x28, 0x28, 0x00, 0x00, 0x00, 0x00, 0x07, 0x0C, 0x08, 0x08, 
   0x00, 0x00, 0xFF, 0x00, 0xFF, 0x00, 0x00, 0x00, 0x00, 0x00, 0x00, 0x00, 0xFF, 0x00, 0x00, 0x00, 
   0x00, 0x00, 0xF8, 0x0C, 0xE4, 0x34, 0x14, 0x14, 0x00, 0x00, 0x00, 0x00, 0xE0, 0x30, 0x10, 0x10, 
   0x28, 0x28, 0x28, 0x28, 0x28, 0x28, 0x28, 0x28, 0x08, 0x08, 0x08, 0x08, 0x08, 0x08, 0x08, 0x08, 
   0x14, 0x14, 0x14, 0x14, 0x14, 0x14, 0x14, 0x14, 0x10, 0x10, 0x10, 0x10, 0x10, 0x10, 0x10, 0x10, 
   0x28, 0x28, 0x2C, 0x27, 0x30, 0x1F, 0x00, 0x00, 0x08, 0x08, 0x0C, 0x07, 0x00, 0x00, 0x00, 0x00, 
   0x00, 0x00, 0x00, 0xFF, 0x00, 0xFF, 0x00, 0x00, 0x00, 0x00, 0x00, 0xFF, 0x00, 0x00, 0x00, 0x00, 
   0x14, 0x14, 0x34, 0xE4, 0x0C, 0xF8, 0x00, 0x00, 0x10, 0x10, 0x30, 0xE0, 0x00, 0x00, 0x00, 0x00, 
   0xFF, 0xFF, 0xFF, 0xFF, 0xFF, 0xFF, 0xFF, 0xFF, 0xFF, 0xFF, 0xFF, 0xFF, 0xFF, 0xFF, 0xFF, 0xFF, 
   0x00, 0x00, 0x80, 0x80, 0x88, 0x88, 0xF8, 0xFF, 0x00, 0x00, 0x70, 0x70, 0x7F, 0x7F, 0x0F, 0x08, 
   0x00, 0x00, 0x00, 0x00, 0x00, 0x00, 0x00, 0xFE, 0x00, 0x00, 0x00, 0x00, 0xFF, 0xFF, 0xFF, 0x01, 
   0x00, 0x00, 0x00, 0x00, 0x00, 0x00, 0x00, 0x00, 0x00, 0x00, 0x00, 0x00, 0x00, 0xC0, 0xE0, 0xF0, 
   0x00, 0x00, 0x00, 0x00, 0x00, 0x00, 0x00, 0xFF, 0x00, 0x00, 0x00, 0x00, 0xFF, 0xFF, 0xFF, 0x00, 
   0x8F, 0x88, 0x88, 0x88, 0x88, 0x88, 0x88, 0x8F, 0x78, 0x7F, 0x7F, 0x7F, 0x7F, 0x7F, 0x7F, 0x7F, 
   0xFF, 0x03, 0x01, 0x00, 0x00, 0x00, 0x00, 0xE0, 0x00, 0xFC, 0xFE, 0xFF, 0xFF, 0xFF, 0xFF, 0xFF, 
   0x00, 0x80, 0xC0, 0xC0, 0xC0, 0xC0, 0xC0, 0xC0, 0xF0, 0x78, 0x38, 0x38, 0x38, 0x38, 0x3C, 0x3F, 
   0x00, 0x00, 0x00, 0x00, 0x00, 0x00, 0x80, 0x88, 0x00, 0x00, 0x00, 0x00, 0x00, 0x00, 0x70, 0x7F, 
   0x00, 0x00, 0x00, 0x00, 0x00, 0x00, 0x00, 0x00, 0x00, 0x00, 0x00, 0x00, 0x00, 0x00, 0x00, 0xFF, 
   0x6F, 0x6F, 0x6F, 0x68, 0x60, 0x00, 0x00, 0x00, 0xFF, 0xFF, 0xFF, 0xFF, 0xF0, 0xF0, 0x00, 0x00, 
   0xF0, 0xF8, 0xF8, 0xF8, 0x78, 0x38, 0x38, 0x3C, 0xFF, 0xFF, 0xFF, 0xFF, 0xFF, 0x7F, 0x7F, 0x7F, 
   0xC0, 0xE0, 0x7F, 0x3F, 0x00, 0x00, 0x00, 0x00, 0x3F, 0x1F, 0x80, 0xC0, 0xFF, 0xFF, 0xFF, 0xFF, 
   0x88, 0xF8, 0xFF, 0x8F, 0x88, 0x88, 0x88, 0x88, 0x7F, 0x0F, 0x08, 0x78, 0x7F, 0x7F, 0x7F, 0x7F, 
   0x00, 0x00, 0xFF, 0xFF, 0x00, 0x00, 0x00, 0x00, 0xFF, 0xFF, 0x00, 0x00, 0xFF, 0xFF, 0xFF, 0xFF, 
   0xFF, 0x00, 0x00, 0x00, 0x00, 0x00, 0x00, 0xFF, 0x00, 0xFF, 0xFF, 0xFF, 0xFF, 0xFF, 0xFF, 0xFF, 
   0x3C, 0x3E, 0x3F, 0x1F, 0x1F, 0x0F, 0x00, 0x00, 0x7F, 0x7F, 0x7F, 0x3F, 0x3F, 0x1F, 0x0F, 0x00, 
   0x00, 0x00, 0xFF, 0xFF, 0xFF, 0xFF, 0x00, 0x00, 0xFF, 0xFF, 0xFF, 0xFF, 0xFF, 0xFF, 0xFF, 0x00, 
   0x88, 0x88, 0x8F, 0x6F, 0x6F, 0x6F, 0x68, 0x00, 0x7F, 0x7F, 0x7F, 0xFF, 0xFF, 0xFF, 0xFF, 0xF0, 
   0x00, 0x00, 0xFF, 0xFF, 0xFF, 0xFF, 0x00, 0x00, 0xFF, 0xFF, 0xFF, 0xFF, 0xFF, 0xFF, 0xFF, 0x00, 
   0xFF, 0xFF, 0xFF, 0x00, 0x00, 0x00, 0x00, 0x00, 0xFF, 0xFF, 0xFF, 0xFF, 0x00, 0x00, 0x00, 0x00, 
   0x00, 0x00, 0x00, 0x00, 0x00, 0x00, 0x00, 0x00, 0x00, 0x00, 0x00, 0x00, 0x00, 0x00, 0xF0, 0xF0, 
   0xF0, 0x00, 0x00, 0x00, 0x00, 0x00, 0x00, 0x00, 0xF0, 0xF0, 0x00, 0x00, 0x00, 0x00, 0x00, 0x00, 
   0xFF, 0xFF, 0xFF, 0xFF, 0xFF, 0xFF, 0xFF, 0xFF, 0xFF, 0xFF, 0xFF, 0xFF, 0xFF, 0xFF, 0xFF, 0xFF, 
   0x00, 0x00, 0x01, 0x01, 0x11, 0x11, 0x1F, 0xFF, 0x00, 0x00, 0x0E, 0x0E, 0xFE, 0xFE, 0xF0, 0x10, 
   0x00, 0x00, 0x00, 0x00, 0x00, 0x00, 0x00, 0x7F, 0x00, 0x00, 0x00, 0x00, 0xFF, 0xFF, 0xFF, 0x80, 
   0x00, 0x00, 0x00, 0x00, 0x00, 0x00, 0x00, 0x00, 0x00, 0x00, 0x00, 0x00, 0x00, 0x03, 0x07, 0x0F, 
   0x00, 0x00, 0x00, 0x00, 0x00, 0x00, 0x00, 0x00, 0x00, 0x00, 0x00, 0x00, 0x00, 0x00, 0x00, 0x00, 
   0xF1, 0x11, 0x11, 0x11, 0x11, 0x11, 0x11, 0xF1, 0x1E, 0xFE, 0xFE, 0xFE, 0xFE, 0xFE, 0xFE, 0xFE, 
   0xFF, 0xC0, 0x80, 0x00, 0x00, 0x00, 0x00, 0x07, 0x00, 0x3F, 0x7F, 0xFF, 0xFF, 0xFF, 0xFF, 0xFF, 
   0x00, 0x01, 0x03, 0x03, 0x03, 0x03, 0x03, 0x03, 0x0F, 0x1E, 0x1C, 0x1C, 0x1C, 0x1C, 0x3C, 0xFC, 
   0x00, 0x00, 0x00, 0x00, 0x00, 0x00, 0x01, 0x11, 0x00, 0x00, 0x00, 0x00, 0x00, 0x00, 0x0E, 0xFE, 
   0x00, 0x00, 0x00, 0x00, 0x00, 0x00, 0x00, 0x00, 0x00, 0x00, 0x00, 0x00, 0x00, 0x00, 0x00, 0xFF, 
   0xF6, 0xF6, 0xF6, 0x16, 0x06, 0x00, 0x00, 0x00, 0xFF, 0xFF, 0xFF, 0xFF, 0x0F, 0x0F, 0x00, 0x00, 
   0x0F, 0x1F, 0x1F, 0x1F, 0x1E, 0x1C, 0x1C, 0x3C, 0xFF, 0xFF, 0xFF, 0xFF, 0xFF, 0xFE, 0xFE, 0xFE, 
   0x03, 0x07, 0xFE, 0xFC, 0x00, 0x00, 0x00, 0x00, 0xFC, 0xF8, 0x01, 0x03, 0xFF, 0xFF, 0xFF, 0xFF, 
   0x11, 0x1F, 0xFF, 0xF1, 0x11, 0x11, 0x11, 0x11, 0xFE, 0xF0, 0x10, 0x1E, 0xFE, 0xFE, 0xFE, 0xFE, 
   0x00, 0x00, 0x00, 0xFF, 0xFF, 0x00, 0x00, 0x00, 0xFF, 0xFF, 0xFF, 0x00, 0x00, 0xFF, 0xFF, 0xFF, 
   0x00, 0x00, 0x00, 0x00, 0x00, 0x00, 0x00, 0x00, 0x00, 0x00, 0x00, 0x00, 0x00, 0x00, 0x00, 0x00, 
   0x3C, 0x7C, 0xFC, 0xF8, 0xF8, 0xF0, 0x00, 0x00, 0xFE, 0xFE, 0xFE, 0xFC, 0xFC, 0xF8, 0xF0, 0x00, 
   0x00, 0x00, 0xFF, 0xFF, 0xFF, 0xFF, 0x00, 0x00, 0xFF, 0xFF, 0xFF, 0xFF, 0xFF, 0xFF, 0xFF, 0x00, 
   0x11, 0x11, 0xF1, 0xF6, 0xF6, 0xF6, 0x16, 0x00, 0xFE, 0xFE, 0xFE, 0xFF, 0xFF, 0xFF, 0xFF, 0x0F, 
   0x00, 0x00, 0xFF, 0xFF, 0xFF, 0xFF, 0x00, 0x00, 0xFF, 0xFF, 0xFF, 0xFF, 0xFF, 0xFF, 0xFF, 0x00, 
   0x00, 0x00, 0xFF, 0xFF, 0xFF, 0x00, 0x00, 0x00, 0xFF, 0xFF, 0xFF, 0xFF, 0xFF, 0xFF, 0x00, 0x00, 
   0x00, 0x00, 0x00, 0x00, 0x00, 0x00, 0x00, 0x00, 0x00, 0x00, 0x00, 0x00, 0x00, 0x00, 0x0F, 0x0F, 
   0x00, 0x30, 0x30, 0x10, 0x20, 0x00, 0x00, 0x00, 0x00, 0x00, 0x00, 0x00, 0x00, 0x00, 0x00, 0x00, 
   0x00, 0x00, 0x00, 0x00, 0x00, 0x18, 0x18, 0x00, 0x00, 0x00, 0x00, 0x00, 0x00, 0x00, 0x00, 0x00, 
   0x66, 0x66, 0x66, 0x66, 0x22, 0x00, 0x66, 0x66, 0x00, 0x00, 0x00, 0x00, 0x00, 0x00, 0x00, 0x00, 
   0x7F, 0x7F, 0x7F, 0x7F, 0x7F, 0x7F, 0x7F, 0x7F, 0x00, 0x00, 0x00, 0x00, 0x00, 0x00, 0x00, 0x00, 
   0x60, 0x78, 0x7C, 0x7E, 0x7E, 0x7F, 0x7F, 0x7F, 0x00, 0x00, 0x00, 0x00, 0x00, 0x00, 0x00, 0x00, 
   0x3F, 0x3F, 0x3F, 0x3F, 0x3F, 0x3F, 0x3F, 0x3F, 0x00, 0x00, 0x00, 0x00, 0x00, 0x00, 0x00, 0x00, 
   0x03, 0x0F, 0x1F, 0x3F, 0x3F, 0x7F, 0x7F, 0x7F, 0x00, 0x00, 0x00, 0x00, 0x00, 0x00, 0x00, 0x00, 
   0xFF, 0xFF, 0xFF, 0xFF, 0xFF, 0xFF, 0xFF, 0xFF, 0x00, 0x00, 0x00, 0x00, 0x00, 0x00, 0x00, 0x00, 
   0x7F, 0x7F, 0x7E, 0x7C, 0x7E, 0x7F, 0x7F, 0x7F, 0x00, 0x00, 0x00, 0x00, 0x00, 0x00, 0x00, 0x00, 
   0x7E, 0x7E, 0x7E, 0x7E, 0x7E, 0x7E, 0x7E, 0x7E, 0x00, 0x00, 0x00, 0x00, 0x00, 0x00, 0x00, 0x00, 
   0x7F, 0x7F, 0x7F, 0x3F, 0x3F, 0x1F, 0x0F, 0x03, 0x00, 0x00, 0x00, 0x00, 0x00, 0x00, 0x00, 0x00, 
   0x7F, 0x7F, 0x7F, 0x7E, 0x7E, 0x7C, 0x78, 0x60, 0x00, 0x00, 0x00, 0x00, 0x00, 0x00, 0x00, 0x00, 
   0x3F, 0x3F, 0x3F, 0x3F, 0x00, 0x00, 0x00, 0x00, 0x00, 0x00, 0x00, 0x00, 0x00, 0x00, 0x00, 0x00, 
   0x00, 0x00, 0x00, 0x00, 0x7E, 0x7E, 0x7E, 0x7E, 0x00, 0x00, 0x00, 0x00, 0x00, 0x00, 0x00, 0x00, 
   0x00, 0x00, 0x00, 0x78, 0x78, 0x78, 0x78, 0x78, 0x00, 0x00, 0x00, 0x00, 0x00, 0x00, 0x00, 0x00, 
   0x00, 0x00, 0x00, 0x00, 0x00, 0x00, 0x00, 0x00, 0x00, 0x00, 0x00, 0x00, 0x00, 0x00, 0x00, 0x00, 
   0x00, 0x00, 0x00, 0x00, 0x00, 0x00, 0x00, 0x00, 0x00, 0x00, 0x00, 0x00, 0x00, 0x00, 0x00, 0x00, 
   0x03, 0x0F, 0x1E, 0x38, 0x70, 0x60, 0xE0, 0xC0, 0x03, 0x0F, 0x1E, 0x38, 0x73, 0x67, 0xEE, 0xCC, 
   0xC1, 0xC1, 0xC3, 0xC3, 0xC3, 0xC3, 0xC3, 0xC3, 0xDC, 0xD8, 0xD8, 0xD8, 0xD8, 0xD8, 0xD8, 0xD8, 
   0xC3, 0xC3, 0xC3, 0xC3, 0xC3, 0xC3, 0xC3, 0xC3, 0xD8, 0xD8, 0xD8, 0xD8, 0xD8, 0xD8, 0xD8, 0xD8, 
   0xE0, 0x80, 0x80, 0x00, 0x00, 0x00, 0x00, 0x00, 0x00, 0x00, 0x00, 0x00, 0x00, 0x00, 0x00, 0x00, 
   0xFF, 0xFF, 0x00, 0x00, 0x00, 0x00, 0x3F, 0xFF, 0xFF, 0xFF, 0x00, 0xFF, 0xFF, 0x80, 0x00, 0x00, 
   0xFF, 0xFF, 0x00, 0x00, 0x00, 0x00, 0xFF, 0xFF, 0xFF, 0xFF, 0x00, 0xFF, 0xFF, 0x00, 0x00, 0x00, 
   0xFF, 0xFF, 0x00, 0x00, 0x00, 0x00, 0xFC, 0xFF, 0xFF, 0xFF, 0x00, 0xFF, 0xFF, 0x01, 0x00, 0x00, 
   0x07, 0x01, 0x01, 0x00, 0x00, 0x00, 0x00, 0x00, 0x00, 0x00, 0x00, 0x00, 0x00, 0x00, 0x00, 0x00, 
   0xC0, 0xF0, 0x78, 0x1C, 0x0E, 0x06, 0x07, 0x03, 0xC0, 0xF0, 0x78, 0x1C, 0xCE, 0xE6, 0x77, 0x33, 
   0x83, 0x83, 0xC3, 0xC3, 0xC3, 0xC3, 0xC3, 0xC3, 0x3B, 0x1B, 0x1B, 0x1B, 0x1B, 0x1B, 0x1B, 0x1B, 
   0xC3, 0xC3, 0xC3, 0xC3, 0xC3, 0xC3, 0xC1, 0xC1, 0xD8, 0xD8, 0xD8, 0xD8, 0xD8, 0xD8, 0xD8, 0xDC, 
   0xC0, 0xE0, 0x60, 0x70, 0x38, 0x1E, 0x0F, 0x03, 0xCC, 0xEE, 0x67, 0x73, 0x38, 0x1E, 0x0F, 0x03, 
   0x00, 0x00, 0x00, 0x00, 0x00, 0x80, 0x80, 0xE0, 0x00, 0x00, 0x00, 0x00, 0x00, 0x00, 0x00, 0x00, 
   0xFF, 0x3F, 0x00, 0x00, 0x00, 0x00, 0xFF, 0xFF, 0x00, 0x00, 0x80, 0xFF, 0xFF, 0x00, 0xFF, 0xFF, 
   0x00, 0x00, 0x00, 0x00, 0x00, 0x01, 0x01, 0x07, 0x00, 0x00, 0x00, 0x00, 0x00, 0x00, 0x00, 0x00, 
   0xFF, 0xFC, 0x00, 0x00, 0x00, 0x00, 0xFF, 0xFF, 0x00, 0x00, 0x01, 0xFF, 0xFF, 0x00, 0xFF, 0xFF, 
   0xC3, 0xC3, 0xC3, 0xC3, 0xC3, 0xC3, 0x83, 0x83, 0x1B, 0x1B, 0x1B, 0x1B, 0x1B, 0x1B, 0x1B, 0x3B, 
   0x03, 0x07, 0x06, 0x0E, 0x1C, 0x78, 0xF0, 0xC0, 0x33, 0x77, 0xE6, 0xCE, 0x1C, 0x78, 0xF0, 0xC0, 
   0xC3, 0xC3, 0xC3, 0xC3, 0xC3, 0xC3, 0xC3, 0xC3, 0x1B, 0x1B, 0x1B, 0x1B, 0x1B, 0x1B, 0x1B, 0x1B, 
   0xFF, 0xFF, 0x00, 0x00, 0x00, 0x00, 0xFF, 0xFF, 0x00, 0x00, 0x00, 0xFF, 0xFF, 0x00, 0xFF, 0xFF, 
   0x38, 0x6C, 0xC6, 0xC6, 0xFE, 0xC6, 0xC6, 0x00, 0xFF, 0xFF, 0xFF, 0xFF, 0xFF, 0xFF, 0xFF, 0xFF, 
   0xFC, 0xC6, 0xC6, 0xFC, 0xC6, 0xC6, 0xFC, 0x00, 0xFF, 0xFF, 0xFF, 0xFF, 0xFF, 0xFF, 0xFF, 0xFF, 
   0xCB, 0xF3, 0xC3, 0xC1, 0x00, 0x7F, 0x7F, 0x00, 0x00, 0x00, 0x00, 0x00, 0x00, 0xFF, 0xFF, 0x7F, 
   0x55, 0x55, 0x5F, 0x9B, 0x00, 0xFE, 0xFE, 0x00, 0x00, 0x00, 0x00, 0x00, 0x00, 0xFF, 0xFF, 0xFE, 
   0xC1, 0x00, 0x7F, 0x7F, 0x00, 0x00, 0x00, 0x00, 0x00, 0x00, 0xFF, 0xFF, 0x7F, 0x00, 0x00, 0x00, 
   0x9B, 0x00, 0xFE, 0xFE, 0x00, 0x00, 0x00, 0x00, 0x00, 0x00, 0xFF, 0xFF, 0xFE, 0x00, 0x00, 0x00, 
   0x00, 0x00, 0x00, 0x00, 0x00, 0x00, 0x00, 0x00, 0x7F, 0x00, 0x00, 0x00, 0x00, 0x00, 0x00, 0x00, 
   0x00, 0x00, 0x00, 0x00, 0x00, 0x00, 0x00, 0x00, 0xFE, 0x00, 0x00, 0x00, 0x00, 0x00, 0x00, 0x00, 
   0x0F, 0xCF, 0xEF, 0x00, 0xF0, 0xFC, 0xFE, 0x00, 0xEF, 0xEF, 0xEF, 0x00, 0xFE, 0xFE, 0xFE, 0x00, 
   0x00, 0x7E, 0x3E, 0x1E, 0x0E, 0x06, 0x02, 0x00, 0xFE, 0x82, 0xC6, 0xEE, 0xEE, 0xC6, 0x82, 0xFE, 
   0xEE, 0xEE, 0x00, 0x11, 0x11, 0x00, 0xEE, 0xEE, 0x00, 0x00, 0xEE, 0xFF, 0xFF, 0xEE, 0xEE, 0xEE, 
   0x00, 0xFF, 0xFF, 0xC3, 0xC3, 0xC3, 0x81, 0x00, 0xFF, 0x81, 0xC3, 0xFF, 0xFF, 0xC3, 0x81, 0xFF, 
   0x00, 0xFF, 0xFF, 0x00, 0x00, 0xFF, 0xFF, 0x00, 0xFF, 0x00, 0x00, 0xFF, 0x00, 0xFF, 0xFF, 0xFF, 
   0xF7, 0xBB, 0xFE, 0xED, 0xDD, 0xDD, 0xFF, 0xFF, 0x08, 0x44, 0x01, 0x13, 0xB3, 0xBB, 0xBB, 0xFB, 
   0x7C, 0xC6, 0xC6, 0xC6, 0xC6, 0xC6, 0x7C, 0x00, 0xFC, 0x0E, 0x09, 0xFF, 0x01, 0xFF, 0xFE, 0xFC, 
   0xFC, 0xC6, 0xC6, 0xC6, 0xFC, 0xC0, 0xC0, 0x00, 0x00, 0x00, 0x00, 0x11, 0x33, 0xBB, 0xBF, 0xBF, 
   0x7C, 0xC6, 0xC6, 0xC6, 0xDE, 0xCC, 0x7A, 0x00, 0x08, 0x44, 0x01, 0x13, 0xB3, 0xBB, 0xBB, 0xFF, 
   0xFC, 0xC6, 0xC6, 0xCE, 0xF8, 0xDC, 0xCE, 0x00, 0x00, 0x00, 0x00, 0x00, 0x99, 0xB9, 0xFD, 0xFD, 
   0x08, 0x1D, 0x12, 0x20, 0x01, 0x00, 0x00, 0x00, 0x07, 0x02, 0x00, 0x00, 0x00, 0x00, 0x00, 0x00, 
   0x0C, 0xA6, 0xD0, 0x98, 0x04, 0x00, 0x00, 0x00, 0xF0, 0x50, 0x00, 0x00, 0x00, 0x00, 0x00, 0x00, 
   0x33, 0x71, 0x28, 0x3F, 0x71, 0x40, 0x80, 0x01, 0x0F, 0x0F, 0x17, 0x00, 0x00, 0x00, 0x00, 0x00, 
   0xE4, 0x06, 0x6D, 0x68, 0x96, 0x8D, 0x80, 0x00, 0xF8, 0xF8, 0x90, 0x90, 0x08, 0x00, 0x00, 0x00, 
   0x00, 0x00, 0x00, 0x00, 0x00, 0x00, 0x00, 0x00, 0x00, 0x00, 0x00, 0x00, 0x00, 0x00, 0x00, 0x02, 
   0x00, 0x00, 0x00, 0x00, 0x00, 0x00, 0x3E, 0x7E, 0x00, 0x00, 0x00, 0x00, 0x00, 0x3C, 0xC2, 0x86, 
   0x00, 0x00, 0x00, 0x00, 0x00, 0x00, 0x00, 0x00, 0x00, 0x00, 0x00, 0x00, 0x00, 0x00, 0x00, 0xC0, 
   0x02, 0x7E, 0x3E, 0x1E, 0x06, 0x02, 0x00, 0x00, 0xFE, 0x86, 0xCE, 0xEE, 0xE6, 0xC2, 0x82, 0xFC, 
   0x1E, 0x0E, 0x06, 0x02, 0x02, 0x00, 0x00, 0x00, 0xEE, 0xEE, 0xC6, 0xC2, 0xBE, 0xC2, 0x00, 0x00, 
   0x40, 0x3E, 0x1E, 0x1E, 0x0E, 0x06, 0x02, 0x00, 0xBE, 0xC2, 0xE6, 0xEE, 0xCE, 0x86, 0xC2, 0x3E, 
   0x00, 0x00, 0x00, 0x00, 0x00, 0x00, 0x00, 0x02, 0x00, 0x00, 0x00, 0x00, 0x00, 0x00, 0x02, 0x0E, 
   0x00, 0x00, 0x00, 0x00, 0x3C, 0x7E, 0x1E, 0x0E, 0x00, 0x00, 0x00, 0x3C, 0xC2, 0x86, 0xEE, 0xEE, 
   0x00, 0x00, 0x00, 0x00, 0x00, 0x00, 0x00, 0x40, 0x00, 0x00, 0x00, 0x00, 0x00, 0x80, 0xC0, 0xB0, 
   0x0E, 0x7E, 0x3E, 0x0E, 0x06, 0x00, 0x00, 0x00, 0xF2, 0x86, 0xCE, 0xEE, 0xE6, 0xC2, 0x8C, 0xF0, 
   0x06, 0x02, 0x02, 0x00, 0x00, 0x00, 0x00, 0x00, 0xC6, 0xC2, 0xBE, 0xC2, 0x00, 0x00, 0x00, 0x00, 
   0x30, 0x3E, 0x1E, 0x0E, 0x0E, 0x06, 0x02, 0x00, 0xCE, 0xC2, 0xE6, 0xEE, 0x8E, 0x46, 0x32, 0x0E, 
   0x00, 0x00, 0x00, 0x00, 0x02, 0x06, 0x0E, 0x3E, 0x00, 0x00, 0x00, 0x02, 0x06, 0x0A, 0x36, 0xC6, 
   0x00, 0x00, 0x3C, 0x7E, 0x1E, 0x0E, 0x06, 0x02, 0x00, 0x3C, 0xC2, 0x86, 0xEE, 0xEE, 0xC6, 0xC2, 
   0x00, 0x00, 0x00, 0x00, 0x40, 0x20, 0x30, 0x1C, 0x00, 0x00, 0x00, 0xC0, 0xA0, 0xD0, 0xCC, 0xE2, 
   0x7E, 0x0E, 0x00, 0x00, 0x00, 0x00, 0x00, 0x00, 0x8E, 0xEE, 0xE2, 0xC4, 0xC8, 0xB0, 0xC0, 0x00, 
   0x02, 0x00, 0x00, 0x00, 0x00, 0x00, 0x00, 0x00, 0xBE, 0xC2, 0x00, 0x00, 0x00, 0x00, 0x00, 0x00, 
   0x1E, 0x0E, 0x0E, 0x06, 0x02, 0x02, 0x00, 0x00, 0xE6, 0x8E, 0xCE, 0x26, 0x12, 0x0E, 0x02, 0x00, 
   0x00, 0x00, 0x00, 0x00, 0x00, 0x00, 0x00, 0x0E, 0x00, 0x00, 0x00, 0x00, 0x00, 0x00, 0x00, 0x00, 
   0x00, 0x00, 0x00, 0x00, 0x00, 0x00, 0xEE, 0xEE, 0x00, 0x00, 0x00, 0x00, 0x00, 0x00, 0x00, 0x00, 
   0x00, 0x00, 0x00, 0x00, 0x00, 0x00, 0x00, 0xE0, 0x00, 0x00, 0x00, 0x00, 0x00, 0x00, 0x00, 0x00, 
   0xEE, 0xE0, 0x01, 0x11, 0x10, 0x0E, 0xEE, 0xE0, 0x00, 0x0E, 0xEF, 0xFF, 0xFE, 0xEE, 0xEE, 0xE0, 
   0x00, 0x10, 0x11, 0x01, 0xEE, 0xEE, 0x00, 0x00, 0xEE, 0xFE, 0xFF, 0xEF, 0xEE, 0xEE, 0x00, 0x00, 
   0xEE, 0x0E, 0x00, 0x11, 0x11, 0xE0, 0xEE, 0x0E, 0x00, 0xE0, 0xEE, 0xFF, 0xFF, 0xEE, 0xEE, 0x0E, 
   0x00, 0x00, 0x00, 0x00, 0x00, 0x00, 0x0E, 0x0E, 0x00, 0x00, 0x00, 0x00, 0x00, 0x00, 0x00, 0x00, 
   0x00, 0x00, 0x00, 0xEE, 0xEE, 0x00, 0x10, 0x10, 0x00, 0x00, 0x00, 0x00, 0x00, 0xEE, 0xFE, 0xFE, 
   0x00, 0x00, 0x00, 0x00, 0x00, 0x00, 0xE0, 0xE0, 0x00, 0x00, 0x00, 0x00, 0x00, 0x00, 0x00, 0x00, 
   0xE1, 0xE1, 0x00, 0x10, 0x1E, 0x0E, 0xE0, 0xE0, 0x0F, 0x0F, 0xEE, 0xFE, 0xFE, 0xEE, 0xE0, 0xE0, 
   0x01, 0xEF, 0xEE, 0x00, 0x00, 0x00, 0x00, 0x00, 0xEF, 0xEF, 0xEE, 0x00, 0x00, 0x00, 0x00, 0x00, 
   0x0E, 0x0E, 0x00, 0x11, 0xF1, 0xE0, 0x0E, 0x0E, 0xE0, 0xE0, 0xEE, 0xFF, 0xFF, 0xEE, 0x0E, 0x0E, 
   0x00, 0x00, 0x00, 0x00, 0x0E, 0x0E, 0xE1, 0xE1, 0x00, 0x00, 0x00, 0x00, 0x00, 0x00, 0x0F, 0x0F, 
   0x00, 0xEE, 0xEE, 0x00, 0x10, 0x10, 0x01, 0xEF, 0x00, 0x00, 0x00, 0xEE, 0xFE, 0xFE, 0xEF, 0xEF, 
   0x00, 0x00, 0x00, 0x00, 0xE0, 0xE0, 0x0E, 0x0E, 0x00, 0x00, 0x00, 0x00, 0x00, 0x00, 0xE0, 0xE0, 
   0x00, 0x10, 0x1E, 0x0E, 0xE0, 0xE0, 0x00, 0x00, 0xEE, 0xFE, 0xFE, 0xEE, 0xE0, 0xE0, 0x00, 0x00, 
   0xEE, 0x00, 0x00, 0x00, 0x00, 0x00, 0x00, 0x00, 0xEE, 0x00, 0x00, 0x00, 0x00, 0x00, 0x00, 0x00, 
   0x00, 0x10, 0xF0, 0xE1, 0x0F, 0x0E, 0x00, 0x00, 0xEE, 0xFE, 0xFE, 0xEF, 0x0F, 0x0E, 0x00, 0x00, 
   0x00, 0x00, 0x00, 0x00, 0x00, 0x00, 0x00, 0x00, 0x00, 0x00, 0x00, 0x00, 0x00, 0x00, 0x00, 0x03, 
   0x00, 0x00, 0x00, 0x00, 0x00, 0x00, 0x3C, 0xFF, 0x00, 0x00, 0x00, 0x00, 0x00, 0x3C, 0xC3, 0x81, 
   0x00, 0x00, 0x00, 0x00, 0x00, 0x00, 0x00, 0x00, 0x00, 0x00, 0x00, 0x00, 0x00, 0x00, 0x00, 0xC0, 
   0x03, 0xFF, 0xFF, 0xC3, 0xC3, 0xC1, 0x80, 0x00, 0xFD, 0x83, 0xC3, 0xFF, 0xFF, 0xC1, 0x83, 0xFC, 
   0xC3, 0xC3, 0xC3, 0xC3, 0x81, 0x00, 0x00, 0x00, 0xFF, 0xFF, 0xC3, 0xC3, 0xBD, 0xC3, 0x00, 0x00, 
   0xC0, 0xFF, 0xFF, 0xC3, 0xC3, 0x83, 0x01, 0x00, 0xBF, 0xC1, 0xC3, 0xFF, 0xFF, 0x83, 0xC1, 0x3F, 
   0x00, 0x00, 0x00, 0x00, 0x00, 0x00, 0x01, 0x03, 0x00, 0x00, 0x00, 0x00, 0x00, 0x01, 0x03, 0x0D, 
   0x00, 0x00, 0x00, 0x00, 0x3C, 0xFF, 0xC3, 0xC3, 0x00, 0x00, 0x00, 0x3C, 0xC3, 0x81, 0xFF, 0xFF, 
   0x00, 0x00, 0x00, 0x00, 0x00, 0x00, 0x80, 0xC0, 0x00, 0x00, 0x00, 0x00, 0x00, 0x80, 0xC0, 0xF0, 
   0x0F, 0xFF, 0xF3, 0xC3, 0xC0, 0xC0, 0x80, 0x00, 0xF3, 0x83, 0xCF, 0xFF, 0xF1, 0xC2, 0x8C, 0xF0, 
   0xC3, 0xC3, 0x81, 0x00, 0x00, 0x00, 0x00, 0x00, 0xC3, 0xC3, 0xBD, 0xC3, 0x00, 0x00, 0x00, 0x00, 
   0xF0, 0xFF, 0xCF, 0x83, 0x03, 0x03, 0x01, 0x00, 0xCF, 0xC1, 0xF3, 0xFF, 0x8F, 0x43, 0x31, 0x0F, 
   0x00, 0x00, 0x00, 0x00, 0x01, 0x07, 0x0F, 0x3B, 0x00, 0x00, 0x00, 0x03, 0x07, 0x0B, 0x33, 0xC7, 
   0x00, 0x00, 0x3C, 0xFF, 0xC3, 0xC3, 0xC3, 0xC3, 0x00, 0x3C, 0xC3, 0x81, 0xFF, 0xFF, 0xC3, 0xC3, 
   0x00, 0x00, 0x00, 0x00, 0xC0, 0xE0, 0xF0, 0xDC, 0x00, 0x00, 0x00, 0xC0, 0xA0, 0xD0, 0xCC, 0xE3, 
   0xF3, 0xC1, 0xC0, 0xC0, 0xC0, 0x80, 0x00, 0x00, 0x8F, 0xF9, 0xF3, 0xC4, 0xC8, 0xB0, 0xC0, 0x00, 
   0x81, 0x00, 0x00, 0x00, 0x00, 0x00, 0x00, 0x00, 0xBD, 0xC3, 0x00, 0x00, 0x00, 0x00, 0x00, 0x00, 
   0xCF, 0x83, 0x03, 0x03, 0x03, 0x01, 0x00, 0x00, 0xF1, 0x9F, 0xCF, 0x23, 0x13, 0x0D, 0x03, 0x00, 
   0x00, 0x00, 0x00, 0x00, 0x00, 0x00, 0x00, 0x00, 0x00, 0x00, 0x00, 0x00, 0x00, 0x00, 0x00, 0x03, 
   0x00, 0x00, 0x00, 0x00, 0x00, 0x00, 0x3C, 0xFF, 0x00, 0x00, 0x00, 0x00, 0x00, 0x3C, 0xC3, 0x00, 
   0x00, 0x00, 0x00, 0x00, 0x00, 0x00, 0x00, 0x00, 0x00, 0x00, 0x00, 0x00, 0x00, 0x00, 0x00, 0xC0, 
   0x03, 0xFF, 0xFC, 0x00, 0x03, 0xFF, 0xFC, 0x00, 0xFC, 0x00, 0x03, 0xFC, 0x03, 0xFF, 0xFF, 0xFC, 
   0xC3, 0x00, 0x3C, 0xFF, 0xC3, 0x00, 0x00, 0x00, 0x3C, 0xC3, 0x3C, 0xFF, 0xFF, 0xC3, 0x00, 0x00, 
   0xC0, 0xFF, 0x3F, 0x00, 0xC0, 0xFF, 0x3F, 0x00, 0x3F, 0x00, 0xC0, 0x3F, 0xC0, 0xFF, 0xFF, 0x3F, 
   0x00, 0x00, 0x00, 0x00, 0x00, 0x00, 0x01, 0x03, 0x00, 0x00, 0x00, 0x00, 0x00, 0x01, 0x02, 0x0C, 
   0x00, 0x00, 0x00, 0x00, 0x3C, 0xFF, 0xC3, 0x00, 0x00, 0x00, 0x00, 0x3C, 0xC3, 0x00, 0x3C, 0xC3, 
   0x00, 0x00, 0x00, 0x00, 0x00, 0x00, 0x80, 0xC0, 0x00, 0x00, 0x00, 0x00, 0x00, 0x80, 0x40, 0x30, 
   0x0E, 0xFC, 0xF1, 0x03, 0x0E, 0xFC, 0xF0, 0x00, 0xF1, 0x02, 0x0D, 0xF3, 0x0F, 0xFE, 0xFC, 0xF0, 
   0x3C, 0xFF, 0xC3, 0x00, 0x00, 0x00, 0x00, 0x00, 0x3C, 0xFF, 0xFF, 0xC3, 0x00, 0x00, 0x00, 0x00, 
   0x70, 0x3F, 0x8F, 0xC0, 0x70, 0x3F, 0x0F, 0x00, 0x8F, 0x40, 0xB0, 0xCF, 0xF0, 0x7F, 0x3F, 0x0F, 
   0x00, 0x00, 0x00, 0x00, 0x03, 0x07, 0x0C, 0x38, 0x00, 0x00, 0x00, 0x03, 0x04, 0x08, 0x33, 0xC4, 
   0x00, 0x00, 0x3C, 0xFF, 0xC3, 0x00, 0x3C, 0xFF, 0x00, 0x3C, 0xC3, 0x00, 0x3C, 0xC3, 0x3C, 0xFF, 
   0x00, 0x00, 0x00, 0x00, 0xC0, 0xE0, 0x30, 0x1C, 0x00, 0x00, 0x00, 0xC0, 0x20, 0x10, 0xCC, 0x23, 
   0xF3, 0xC7, 0x0C, 0x38, 0xF0, 0xC0, 0x00, 0x00, 0x0B, 0x37, 0xCF, 0x3C, 0xF8, 0xF0, 0xC0, 0x00, 
   0xC3, 0x00, 0x00, 0x00, 0x00, 0x00, 0x00, 0x00, 0xFF, 0xC3, 0x00, 0x00, 0x00, 0x00, 0x00, 0x00, 
   0xCF, 0xE3, 0x30, 0x1C, 0x0F, 0x03, 0x00, 0x00, 0xD0, 0xEC, 0xF3, 0x3C, 0x1F, 0x0F, 0x03, 0x00, 
   0x00, 0x00, 0x00, 0x00, 0x00, 0x00, 0x00, 0xF7, 0x00, 0x00, 0x00, 0x00, 0x00, 0x00, 0x00, 0x08, 
   0x00, 0x00, 0x00, 0x00, 0x00, 0xF7, 0xBB, 0xFE, 0x00, 0x00, 0x00, 0x00, 0x00, 0x08, 0x44, 0x01, 
   0x00, 0x00, 0x00, 0x00, 0x00, 0x00, 0x00, 0xF7, 0x00, 0x00, 0x00, 0x00, 0x00, 0x00, 0x00, 0x08, 
   0xBB, 0xFE, 0xED, 0xDD, 0xDD, 0xFF, 0xFF, 0x00, 0x44, 0x01, 0x13, 0xB3, 0xBB, 0xBB, 0xFB, 0x00, 
   0xED, 0xDD, 0xDD, 0xFF, 0xFF, 0x00, 0x00, 0x00, 0x13, 0xB3, 0xBB, 0xBB, 0xFB, 0x00, 0x00, 0x00, 
   0xBB, 0xFE, 0xED, 0xDD, 0xDD, 0xFF, 0xFF, 0x00, 0x44, 0x01, 0x13, 0xB3, 0xBB, 0xBB, 0xFB, 0x00, 
   0x00, 0x00, 0x00, 0x00, 0x00, 0x00, 0xF7, 0xBB, 0x00, 0x00, 0x00, 0x00, 0x00, 0x00, 0x08, 0x44, 
   0x00, 0x00, 0x00, 0xF7, 0xBB, 0xFE, 0xED, 0xDD, 0x00, 0x00, 0x00, 0x08, 0x44, 0x01, 0x13, 0x33, 
   0x00, 0x00, 0x00, 0x00, 0x00, 0x00, 0xF7, 0xBB, 0x00, 0x00, 0x00, 0x00, 0x00, 0x00, 0x08, 0x44, 
   0xFE, 0xED, 0xDD, 0xDD, 0xFF, 0xFF, 0x00, 0x00, 0x01, 0x13, 0xB3, 0xBB, 0xBB, 0xFB, 0x00, 0x00, 
   0xDD, 0xFF, 0xFF, 0x00, 0x00, 0x00, 0x00, 0x00, 0xBB, 0xBB, 0xFB, 0x00, 0x00, 0x00, 0x00, 0x00, 
   0xFE, 0xED, 0xDD, 0xDD, 0xFF, 0xFF, 0x00, 0x00, 0x01, 0x13, 0xB3, 0xBB, 0xBB, 0xFB, 0x00, 0x00, 
   0x00, 0x00, 0x00, 0x00, 0x00, 0xF7, 0xBB, 0xFE, 0x00, 0x00, 0x00, 0x00, 0x00, 0x08, 0x44, 0x01, 
   0x00, 0xF7, 0xBB, 0xFE, 0xED, 0xDD, 0xDD, 0xFF, 0x00, 0x08, 0x44, 0x01, 0x13, 0xB3, 0xBB, 0xBB, 
   0x00, 0x00, 0x00, 0x00, 0x00, 0xF7, 0xBB, 0xFE, 0x00, 0x00, 0x00, 0x00, 0x00, 0x08, 0x44, 0x01, 
   0xFD, 0xDD, 0xDD, 0xFF, 0xFF, 0x00, 0x00, 0x00, 0x13, 0xB3, 0xBB, 0xBB, 0xFB, 0x00, 0x00, 0x00, 
   0xFF, 0x00, 0x00, 0x00, 0x00, 0x00, 0x00, 0x00, 0xFB, 0x00, 0x00, 0x00, 0x00, 0x00, 0x00, 0x00, 
   0xED, 0xDD, 0xDD, 0xFF, 0xFF, 0x00, 0x00, 0x00, 0x13, 0xB3, 0xBB, 0xBB, 0xFB, 0x00, 0x00, 0x00, 
   0x00, 0x7F, 0x7F, 0x00, 0xF1, 0xCB, 0xCB, 0xCB, 0x7F, 0xFF, 0xFF, 0x00, 0x00, 0x00, 0x00, 0x00, 
   0x00, 0xFE, 0xFE, 0x00, 0x95, 0x55, 0x55, 0x55, 0xFE, 0xFF, 0xFF, 0x00, 0x00, 0x00, 0x00, 0x00, 
   0x00, 0x7F, 0x7F, 0x00, 0xF1, 0xCB, 0xCB, 0xF3, 0x7F, 0xFF, 0xFF, 0x00, 0x00, 0x00, 0x00, 0x00, 
   0x00, 0xFE, 0xFE, 0x00, 0x95, 0x55, 0x55, 0x5F, 0xFE, 0xFF, 0xFF, 0x00, 0x00, 0x00, 0x00, 0x00, 
   0x00, 0x7F, 0x7F, 0xFB, 0xCB, 0xF3, 0x7F, 0x7F, 0x7F, 0xFF, 0xFF, 0x00, 0x00, 0x00, 0xFF, 0xFF, 
   0x00, 0xFE, 0xFE, 0xD5, 0x55, 0xDF, 0xFE, 0xFE, 0xFE, 0xFF, 0xFF, 0x00, 0x00, 0x00, 0xFF, 0xFF, 
};
static const uint32_t rom_mariobros_size = 24592;

#endif

